version 1
nodes
0 "NPC_423" -1
1 "Bip001" 0
2 "Bip001 Pelvis" 1
3 "Bip001 Spine" 2
4 "Bip001 Spine1" 3
5 "Bip001 Neck" 4
6 "Bip001 L Clavicle" 5
7 "Bip001 L UpperArm" 6
8 "Bip001 L Forearm" 7
9 "Bip001 L Hand" 8
10 "Bip001 L Finger0" 9
11 "Bip001 L Finger01" 10
12 "Bip001 L Finger1" 9
13 "Bip001 L Finger11" 12
14 "Bone001" 6
15 "Bip001 R Clavicle" 5
16 "Bip001 R UpperArm" 15
17 "Bip001 R Forearm" 16
18 "Bip001 R Hand" 17
19 "Bip001 R Finger0" 18
20 "Bip001 R Finger01" 19
21 "Bip001 R Finger1" 18
22 "Bip001 R Finger11" 21
23 "Bip001 Head" 5
24 "Bip001 L Thigh" 3
25 "Bip001 L Calf" 24
26 "Bip001 L Foot" 25
27 "Bip001 L Toe0" 26
28 "Bip001 R Thigh" 3
29 "Bip001 R Calf" 28
30 "Bip001 R Foot" 29
31 "Bip001 R Toe0" 30
32 "Bone002(mirrored)" 2
33 "Bone003(mirrored)" 32
34 "Bone002" 2
35 "Bone003" 34
36 "Bone008" 2
37 "Bone009" 36
38 "Bone005" 2
39 "Bone006" 38
end
skeleton
time 0
0 0.000000 0.000000 0.000000 1.570796 -0.000000 0.000000
1 0.000001 93.107216 -3.217057 1.694275 -1.290678 2.934519
2 -0.000000 -0.000000 0.000003 -1.570795 -1.570796 0.000000
3 18.064596 1.612345 0.000837 -0.054424 0.025048 -0.020431
4 18.776325 -0.019842 0.001516 -0.076489 0.085090 0.006146
5 30.403128 -4.923403 0.000001 0.000000 -0.000001 0.320624
6 -6.370774 3.851235 9.388217 -0.762471 -1.445167 -2.704493
7 15.294983 0.000000 -0.000002 0.949332 1.108121 0.495707
8 31.848379 -0.000006 -0.000004 0.000000 -0.000000 -0.420572
9 25.199862 -0.000002 -0.000001 -1.865779 0.159973 -0.016499
10 4.981271 5.314323 -5.471675 1.725575 0.733419 0.506503
11 7.043931 -0.000007 0.000000 -0.000000 -0.000000 0.708841
12 15.014610 -0.003020 -1.047788 0.095200 0.014153 1.453530
13 7.827642 0.000004 -0.000001 0.000000 -0.000000 1.657048
14 12.673380 2.128983 4.586261 1.579381 -0.410632 -0.089723
15 -6.370774 3.851290 -9.388222 1.038529 1.392739 -2.431479
16 15.294988 0.000001 -0.000005 -0.612705 -1.073456 0.776321
17 31.848379 0.000001 -0.000000 0.000000 -0.000000 -0.408647
18 25.199865 -0.000002 -0.000003 1.991396 -0.000000 -0.000000
19 4.981266 5.314328 5.471678 -2.030175 -0.709233 0.733253
20 7.043930 -0.000008 -0.000003 0.000000 -0.000000 0.708841
21 15.014608 -0.003021 1.047784 -0.096232 -0.001483 1.585306
22 7.827641 -0.000003 -0.000006 -0.000000 -0.000000 1.574982
23 6.497872 -0.000004 0.000000 0.368370 -0.023698 -0.143779
24 -18.458382 -2.921738 16.628126 3.025710 -0.324127 3.018442
25 44.544304 -0.000006 0.000007 0.000000 -0.000000 -0.510504
26 36.285263 0.000001 0.000003 -0.155937 -0.245490 0.257049
27 13.798660 17.869457 0.000000 -0.001537 0.005821 1.582702
28 -17.579021 -1.043508 -17.767601 -2.401790 0.070792 -2.918082
29 44.544300 0.000000 0.000002 0.000000 -0.000000 -0.185566
30 36.285267 0.000001 0.000002 -0.266716 0.166604 0.197752
31 13.798658 17.869459 -0.000003 -0.000031 -0.000036 1.570506
32 9.473439 1.433091 22.460855 1.528880 -0.706816 -3.129286
33 23.080151 -0.000008 0.000014 0.000001 -0.000000 0.015792
34 9.473495 1.432967 -22.461212 1.609472 0.379185 -3.016076
35 23.080168 0.000005 0.000003 0.000000 -0.000000 -0.015792
36 9.771009 22.181156 -0.000036 -3.116478 -0.142464 2.908576
37 23.541599 0.000006 0.000002 -0.000001 0.030597 -0.029432
38 6.820171 -16.874147 0.000058 -3.090785 -0.063830 -2.772509
39 19.889784 -0.000001 -0.000001 -0.000000 -0.026328 0.123273
end
triangles
KMUA_NPC_423.jpg
2 -11.8592 19.0005 104.1852 -0.3860 0.8896 -0.2444 0.9106 0.7550
2 -10.1622 20.3661 115.2019 -0.2611 0.8442 0.4682 0.9106 0.7156
2 5.5670 20.0853 102.4893 0.2166 0.8757 -0.4315 0.8116 0.7550
KMUA_NPC_423.jpg
2 -24.4342 8.4420 105.3748 -0.9243 0.2563 -0.2829 0.9954 0.7550
2 -22.5482 10.2407 116.7221 -0.7731 0.3310 0.5411 0.9954 0.7156
2 -11.8592 19.0005 104.1852 -0.3860 0.8896 -0.2444 0.9106 0.7550
KMUA_NPC_423.jpg
2 -24.4342 8.4420 105.3748 -0.9243 0.2563 -0.2829 0.9954 0.7550
2 -11.8592 19.0005 104.1852 -0.3860 0.8896 -0.2444 0.9106 0.7550
2 -22.7628 8.2513 103.7503 -0.9242 0.3535 -0.1444 0.9954 0.7652
KMUA_NPC_423.jpg
2 -11.6724 18.1560 102.4818 -0.3774 0.9243 0.0574 0.9106 0.7652
2 -22.7628 8.2513 103.7503 -0.9242 0.3535 -0.1444 0.9954 0.7652
2 -11.8592 19.0005 104.1852 -0.3860 0.8896 -0.2444 0.9106 0.7550
KMUA_NPC_423.jpg
2 -11.6724 18.1560 102.4818 -0.3774 0.9243 0.0574 0.9106 0.7652
2 -11.8592 19.0005 104.1852 -0.3860 0.8896 -0.2444 0.9106 0.7550
2 4.9619 18.4110 100.8913 0.2644 0.9569 -0.1203 0.8116 0.7652
KMUA_NPC_423.jpg
2 5.5670 20.0853 102.4893 0.2166 0.8757 -0.4315 0.8116 0.7550
2 4.9619 18.4110 100.8913 0.2644 0.9569 -0.1203 0.8116 0.7652
2 -11.8592 19.0005 104.1852 -0.3860 0.8896 -0.2444 0.9106 0.7550
KMUA_NPC_423.jpg
2 19.8457 9.9266 101.6868 0.7561 0.5627 -0.3343 0.7126 0.7550
2 5.5670 20.0853 102.4893 0.2166 0.8757 -0.4315 0.8116 0.7550
2 21.1513 10.4995 113.2759 0.7473 0.5261 0.4059 0.7126 0.7156
KMUA_NPC_423.jpg
2 5.5670 20.0853 102.4893 0.2166 0.8757 -0.4315 0.8116 0.7550
2 19.8457 9.9266 101.6868 0.7561 0.5627 -0.3343 0.7126 0.7550
2 4.9619 18.4110 100.8913 0.2644 0.9569 -0.1203 0.8116 0.7652
KMUA_NPC_423.jpg
2 25.0020 -5.7066 101.4791 0.8684 -0.2568 -0.4242 0.6277 0.7550
2 19.8457 9.9266 101.6868 0.7561 0.5627 -0.3343 0.7126 0.7550
2 25.6011 -4.9307 113.7606 0.8781 -0.1893 0.4394 0.6277 0.7156
KMUA_NPC_423.jpg
2 25.0020 -5.7066 101.4791 0.8684 -0.2568 -0.4242 0.6277 0.7550
2 23.2658 -4.9221 100.1232 0.9396 -0.1799 -0.2912 0.6277 0.7652
2 19.8457 9.9266 101.6868 0.7561 0.5627 -0.3343 0.7126 0.7550
KMUA_NPC_423.jpg
2 18.9983 9.3781 100.0649 0.8108 0.5842 -0.0363 0.7126 0.7652
2 19.8457 9.9266 101.6868 0.7561 0.5627 -0.3343 0.7126 0.7550
2 23.2658 -4.9221 100.1232 0.9396 -0.1799 -0.2912 0.6277 0.7652
KMUA_NPC_423.jpg
2 18.9983 9.3781 100.0649 0.8108 0.5842 -0.0363 0.7126 0.7652
2 4.9619 18.4110 100.8913 0.2644 0.9569 -0.1203 0.8116 0.7652
2 19.8457 9.9266 101.6868 0.7561 0.5627 -0.3343 0.7126 0.7550
KMUA_NPC_423.jpg
4 -10.4019 34.4134 140.4596 0.2110 0.9693 -0.1265 0.6170 0.1382
4 11.9213 26.7121 138.7752 0.3885 0.8883 -0.2450 0.7064 0.1452
4 -8.5451 24.9648 129.6216 -0.0704 0.7667 -0.6381 0.6160 0.2094
KMUA_NPC_423.jpg
4 -10.4019 34.4134 140.4596 0.2110 0.9693 -0.1265 0.6170 0.1382
4 -8.5451 24.9648 129.6216 -0.0704 0.7667 -0.6381 0.6160 0.2094
16 -9.6833 33.1798 136.1917 0.5826 0.7786 -0.2331 0.6031 0.1550
KMUA_NPC_423.jpg
4 -10.4019 34.4134 140.4596 0.2110 0.9693 -0.1265 0.6170 0.1382
4 -8.1786 32.6474 151.7201 0.0720 0.9332 0.3522 0.6347 0.0682
4 11.9213 26.7121 138.7752 0.3885 0.8883 -0.2450 0.7064 0.1452
KMUA_NPC_423.jpg
4 -5.7977 -14.7583 141.4255 -0.3926 -0.9151 0.0916 0.3970 0.1432
4 -19.1396 -3.0482 141.9402 -0.8301 -0.5556 0.0459 0.4669 0.1356
4 -4.8923 -15.7850 131.1121 -0.3577 -0.9334 0.0272 0.3979 0.2070
KMUA_NPC_423.jpg
4 -5.7977 -14.7583 141.4255 -0.3926 -0.9151 0.0916 0.3970 0.1432
4 -5.7310 -13.8572 148.0198 -0.3924 -0.9099 0.1342 0.3961 0.0686
4 -19.1396 -3.0482 141.9402 -0.8301 -0.5556 0.0459 0.4669 0.1356
KMUA_NPC_423.jpg
4 -15.4190 -4.7330 151.3707 -0.7625 -0.5998 0.2426 0.4641 0.0686
4 -19.1396 -3.0482 141.9402 -0.8301 -0.5556 0.0459 0.4669 0.1356
4 -5.7310 -13.8572 148.0198 -0.3924 -0.9099 0.1342 0.3961 0.0686
KMUA_NPC_423.jpg
4 -8.1786 32.6474 151.7201 0.0720 0.9332 0.3522 0.6347 0.0682
4 -5.1389 25.6888 160.4663 -0.0511 0.8302 0.5552 0.6581 0.0051
4 9.7834 27.6321 151.1452 0.2935 0.9401 0.1733 0.7046 0.0731
KMUA_NPC_423.jpg
4 -10.4019 34.4134 140.4596 0.2110 0.9693 -0.1265 0.6170 0.1382
16 -17.7451 34.0978 146.9557 -0.0720 0.9093 0.4098 0.6053 0.1032
4 -8.1786 32.6474 151.7201 0.0720 0.9332 0.3522 0.6347 0.0682
KMUA_NPC_423.jpg
15 -17.6600 18.9143 163.0872 -0.5012 0.1938 0.8433 0.5536 0.0051
16 -26.4598 17.1757 153.4326 -0.8736 -0.2087 0.4397 0.5347 0.0832
15 -18.4181 9.6283 157.4815 -0.7576 -0.4039 0.5127 0.4963 0.0686
KMUA_NPC_423.jpg
15 -18.4181 9.6283 157.4815 -0.7576 -0.4039 0.5127 0.4963 0.0686
4 -25.1122 9.7645 145.4183 -0.8616 -0.5062 0.0371 0.5150 0.1274
4 -15.4190 -4.7330 151.3707 -0.7625 -0.5998 0.2426 0.4641 0.0686
KMUA_NPC_423.jpg
4 -15.4190 -4.7330 151.3707 -0.7625 -0.5998 0.2426 0.4641 0.0686
4 -25.1122 9.7645 145.4183 -0.8616 -0.5062 0.0371 0.5150 0.1274
4 -19.1396 -3.0482 141.9402 -0.8301 -0.5556 0.0459 0.4669 0.1356
KMUA_NPC_423.jpg
2 -24.4342 8.4420 105.3748 -0.9243 0.2563 -0.2829 0.9982 0.8286
2 -20.3608 -7.8403 104.7856 -0.8132 -0.5452 0.2037 0.9183 0.8412
2 -22.5482 10.2407 116.7221 -0.7731 0.3310 0.5411 0.9982 0.7778
KMUA_NPC_423.jpg
2 -24.4342 8.4420 105.3748 -0.9243 0.2563 -0.2829 0.9982 0.8286
2 -22.7628 8.2513 103.7503 -0.9242 0.3535 -0.1444 0.9982 0.8412
2 -20.3608 -7.8403 104.7856 -0.8132 -0.5452 0.2037 0.9183 0.8412
KMUA_NPC_423.jpg
2 -22.7628 8.2513 103.7503 -0.9242 0.3535 -0.1444 0.9982 0.8412
34 -25.3170 10.1753 98.3302 -0.8458 0.3107 0.4336 0.9982 0.8914
2 -20.3608 -7.8403 104.7856 -0.8132 -0.5452 0.2037 0.9183 0.8412
KMUA_NPC_423.jpg
2 -5.1791 -17.8032 103.7272 -0.2776 -0.9600 -0.0358 0.8141 0.8412
2 -20.3608 -7.8403 104.7856 -0.8132 -0.5452 0.2037 0.9183 0.8412
36 -5.2257 -20.1528 96.2440 -0.2670 -0.9171 0.2961 0.8141 0.8914
KMUA_NPC_423.jpg
34 -25.3170 10.1753 98.3302 -0.8458 0.3107 0.4336 0.9982 0.8914
35 -30.7424 12.6765 83.8702 -0.8823 0.2877 0.3725 0.9982 0.9386
36 -21.9275 -9.4554 96.4805 -0.7816 -0.5586 0.2777 0.9183 0.8914
KMUA_NPC_423.jpg
36 -5.2257 -20.1528 96.2440 -0.2670 -0.9171 0.2961 0.8141 0.8914
36 -21.9275 -9.4554 96.4805 -0.7816 -0.5586 0.2777 0.9183 0.8914
37 -5.3910 -24.6353 81.5565 -0.2681 -0.9203 0.2849 0.8141 0.9386
KMUA_NPC_423.jpg
2 -20.3608 -7.8403 104.7856 -0.8132 -0.5452 0.2037 0.9183 0.8412
2 -5.1791 -17.8032 103.7272 -0.2776 -0.9600 -0.0358 0.8141 0.8412
2 -5.6492 -19.3663 111.5326 -0.2924 -0.9495 0.1140 0.8141 0.8136
KMUA_NPC_423.jpg
35 -35.9127 15.4293 69.9189 -0.8428 0.3016 0.4457 0.9982 0.9952
37 -30.8767 -11.6825 65.7806 -0.7658 -0.5630 0.3106 0.9183 0.9952
35 -30.7424 12.6765 83.8702 -0.8823 0.2877 0.3725 0.9982 0.9386
KMUA_NPC_423.jpg
2 -5.1791 -17.8032 103.7272 -0.2776 -0.9600 -0.0358 0.8141 0.8412
2 12.9379 -17.3703 102.1616 0.4242 -0.8993 0.1062 0.7098 0.8412
2 -5.6492 -19.3663 111.5326 -0.2924 -0.9495 0.1140 0.8141 0.8136
KMUA_NPC_423.jpg
2 -5.1791 -17.8032 103.7272 -0.2776 -0.9600 -0.0358 0.8141 0.8412
36 -5.2257 -20.1528 96.2440 -0.2670 -0.9171 0.2961 0.8141 0.8914
2 12.9379 -17.3703 102.1616 0.4242 -0.8993 0.1062 0.7098 0.8412
KMUA_NPC_423.jpg
36 -5.2257 -20.1528 96.2440 -0.2670 -0.9171 0.2961 0.8141 0.8914
37 -5.3910 -24.6353 81.5565 -0.2681 -0.9203 0.2849 0.8141 0.9386
32 14.3306 -19.8760 96.7417 0.3342 -0.8481 0.4111 0.7098 0.8914
KMUA_NPC_423.jpg
2 23.2658 -4.9221 100.1232 0.9396 -0.1799 -0.2912 0.6302 0.8412
2 12.9379 -17.3703 102.1616 0.4242 -0.8993 0.1062 0.7098 0.8412
32 27.3224 -5.5540 95.8026 0.8173 -0.0981 0.5678 0.6302 0.8914
KMUA_NPC_423.jpg
2 23.2658 -4.9221 100.1232 0.9396 -0.1799 -0.2912 0.6302 0.8412
2 25.0020 -5.7066 101.4791 0.8684 -0.2568 -0.4242 0.6302 0.8286
2 12.9379 -17.3703 102.1616 0.4242 -0.8993 0.1062 0.7098 0.8412
KMUA_NPC_423.jpg
2 25.0020 -5.7066 101.4791 0.8684 -0.2568 -0.4242 0.6302 0.8286
2 25.6011 -4.9307 113.7606 0.8781 -0.1893 0.4394 0.6302 0.7778
2 12.9379 -17.3703 102.1616 0.4242 -0.8993 0.1062 0.7098 0.8412
KMUA_NPC_423.jpg
2 12.9379 -17.3703 102.1616 0.4242 -0.8993 0.1062 0.7098 0.8412
2 12.7151 -16.4508 115.8491 0.4303 -0.8814 0.1949 0.7098 0.7697
2 -5.6492 -19.3663 111.5326 -0.2924 -0.9495 0.1140 0.8141 0.8136
KMUA_NPC_423.jpg
37 -5.0062 -28.7902 67.0862 -0.2678 -0.9242 0.2724 0.8141 0.9952
33 25.2580 -29.1413 68.7661 0.3053 -0.8342 0.4593 0.7098 0.9952
37 -5.3910 -24.6353 81.5565 -0.2681 -0.9203 0.2849 0.8141 0.9386
KMUA_NPC_423.jpg
32 27.3224 -5.5540 95.8026 0.8173 -0.0981 0.5678 0.6302 0.8914
32 14.3306 -19.8760 96.7417 0.3342 -0.8481 0.4111 0.7098 0.8914
33 35.1735 -8.5001 82.5941 0.8315 -0.1532 0.5339 0.6302 0.9386
KMUA_NPC_423.jpg
35 -35.9127 15.4293 69.9189 -0.8428 0.3016 0.4457 0.9982 0.9956
35 -30.7424 12.6765 83.8702 -0.8823 0.2877 0.3725 0.9982 0.9387
39 -18.7285 31.1620 67.4311 -0.2654 0.9099 0.3188 0.9183 0.9956
KMUA_NPC_423.jpg
2 -22.7628 8.2513 103.7503 -0.9242 0.3535 -0.1444 0.9982 0.8412
2 -11.6724 18.1560 102.4818 -0.3774 0.9243 0.0574 0.9183 0.8482
34 -25.3170 10.1753 98.3302 -0.8458 0.3107 0.4336 0.9982 0.8914
KMUA_NPC_423.jpg
38 5.8758 21.9476 95.3563 0.3247 0.8642 0.3843 0.8143 0.8942
39 6.7709 25.9547 79.0947 0.3390 0.9184 0.2040 0.8143 0.9387
38 -12.0679 22.0688 97.3898 -0.2521 0.8579 0.4477 0.9183 0.8942
KMUA_NPC_423.jpg
2 4.9619 18.4110 100.8913 0.2644 0.9569 -0.1203 0.8143 0.8715
38 5.8758 21.9476 95.3563 0.3247 0.8642 0.3843 0.8143 0.8942
2 -11.6724 18.1560 102.4818 -0.3774 0.9243 0.0574 0.9183 0.8482
KMUA_NPC_423.jpg
2 4.9619 18.4110 100.8913 0.2644 0.9569 -0.1203 0.8143 0.8715
2 18.9983 9.3781 100.0649 0.8108 0.5842 -0.0363 0.7098 0.8482
38 5.8758 21.9476 95.3563 0.3247 0.8642 0.3843 0.8143 0.8942
KMUA_NPC_423.jpg
2 23.2658 -4.9221 100.1232 0.9396 -0.1799 -0.2912 0.6302 0.8412
32 27.3224 -5.5540 95.8026 0.8173 -0.0981 0.5678 0.6302 0.8914
2 18.9983 9.3781 100.0649 0.8108 0.5842 -0.0363 0.7098 0.8482
KMUA_NPC_423.jpg
32 27.3224 -5.5540 95.8026 0.8173 -0.0981 0.5678 0.6302 0.8914
33 35.1735 -8.5001 82.5941 0.8315 -0.1532 0.5339 0.6302 0.9387
32 21.2281 10.8888 93.9176 0.6967 0.5785 0.4242 0.7098 0.8942
KMUA_NPC_423.jpg
39 6.6295 28.3850 62.2652 0.3393 0.9243 0.1749 0.8143 0.9956
39 -18.7285 31.1620 67.4311 -0.2654 0.9099 0.3188 0.9183 0.9956
39 6.7709 25.9547 79.0947 0.3390 0.9184 0.2040 0.8143 0.9387
KMUA_NPC_423.jpg
4 32.7526 16.1067 142.5242 0.5599 0.8212 -0.1098 0.7776 0.1313
4 25.0526 12.0800 129.5898 0.5639 0.5235 -0.6388 0.7721 0.2048
4 11.9213 26.7121 138.7752 0.3885 0.8883 -0.2450 0.7064 0.1452
KMUA_NPC_423.jpg
4 32.7526 16.1067 142.5242 0.5599 0.8212 -0.1098 0.7776 0.1313
4 11.9213 26.7121 138.7752 0.3885 0.8883 -0.2450 0.7064 0.1452
6 29.0439 16.8768 153.4824 0.5919 0.7132 0.3755 0.7722 0.0655
KMUA_NPC_423.jpg
6 29.0439 16.8768 153.4824 0.5919 0.7132 0.3755 0.7722 0.0655
6 35.0925 -1.9896 158.3459 0.6576 -0.2850 0.6974 0.8298 0.0391
7 40.4663 4.2063 149.7612 0.8748 0.1706 0.4534 0.8128 0.1031
KMUA_NPC_423.jpg
6 29.0439 16.8768 153.4824 0.5919 0.7132 0.3755 0.7722 0.0655
4 9.7834 27.6321 151.1452 0.2935 0.9401 0.1733 0.7046 0.0731
4 19.0844 19.3952 161.7177 0.4043 0.7096 0.5771 0.7627 0.0051
KMUA_NPC_423.jpg
6 29.0439 16.8768 153.4824 0.5919 0.7132 0.3755 0.7722 0.0655
4 19.0844 19.3952 161.7177 0.4043 0.7096 0.5771 0.7627 0.0051
6 35.0925 -1.9896 158.3459 0.6576 -0.2850 0.6974 0.8298 0.0391
KMUA_NPC_423.jpg
4 -5.7977 -14.7583 141.4255 -0.3926 -0.9151 0.0916 0.3970 0.1432
4 11.7928 -16.1701 143.4201 0.1717 -0.9807 0.0939 0.3305 0.1415
4 -5.7310 -13.8572 148.0198 -0.3924 -0.9099 0.1342 0.3961 0.0686
KMUA_NPC_423.jpg
4 -5.7977 -14.7583 141.4255 -0.3926 -0.9151 0.0916 0.3970 0.1432
4 -4.8923 -15.7850 131.1121 -0.3577 -0.9334 0.0272 0.3979 0.2070
4 11.7928 -16.1701 143.4201 0.1717 -0.9807 0.0939 0.3305 0.1415
KMUA_NPC_423.jpg
4 7.2469 -14.3482 152.4552 0.0773 -0.9561 0.2828 0.3365 0.0686
4 -5.7310 -13.8572 148.0198 -0.3924 -0.9099 0.1342 0.3961 0.0686
4 11.7928 -16.1701 143.4201 0.1717 -0.9807 0.0939 0.3305 0.1415
KMUA_NPC_423.jpg
4 11.7928 -16.1701 143.4201 0.1717 -0.9807 0.0939 0.3305 0.1415
4 24.2750 -8.7258 139.6145 0.3027 -0.8777 -0.3716 0.2646 0.1851
4 23.3044 -10.7871 147.4627 0.0955 -0.9945 0.0435 0.2671 0.1347
KMUA_NPC_423.jpg
6 24.4734 0.0516 165.1853 0.3986 -0.2248 0.8892 0.2332 0.0664
6 27.5888 -8.3725 155.7116 0.1338 -0.8805 0.4548 0.2369 0.1047
6 35.0925 -1.9896 158.3459 0.6576 -0.2850 0.6974 0.2067 0.0835
KMUA_NPC_423.jpg
14 24.9310 -7.8581 172.9953 -0.2712 -0.6397 0.7192 0.9171 0.1005
14 26.8120 -14.5795 161.1100 -0.2155 -0.9157 0.3393 0.8561 0.1705
14 29.8060 -14.7217 167.1067 -0.2066 -0.8928 0.4002 0.8913 0.1643
KMUA_NPC_423.jpg
14 26.8120 -14.5795 161.1100 -0.2155 -0.9157 0.3393 0.8561 0.1705
14 36.9838 -16.1584 163.9200 0.0968 -0.8871 0.4513 0.9033 0.2136
14 29.8060 -14.7217 167.1067 -0.2066 -0.8928 0.4002 0.8913 0.1643
KMUA_NPC_423.jpg
14 35.2697 -10.9199 168.8275 0.2169 -0.8331 0.5088 0.9257 0.1799
14 29.8060 -14.7217 167.1067 -0.2066 -0.8928 0.4002 0.8913 0.1643
14 36.9838 -16.1584 163.9200 0.0968 -0.8871 0.4513 0.9033 0.2136
KMUA_NPC_423.jpg
14 29.8060 -14.7217 167.1067 -0.2066 -0.8928 0.4002 0.8913 0.1643
14 29.4326 -11.3095 173.0303 -0.1959 -0.7844 0.5885 0.9199 0.1351
14 24.9310 -7.8581 172.9953 -0.2712 -0.6397 0.7192 0.9171 0.1005
KMUA_NPC_423.jpg
14 29.4326 -11.3095 173.0303 -0.1959 -0.7844 0.5885 0.9199 0.1351
14 29.8060 -14.7217 167.1067 -0.2066 -0.8928 0.4002 0.8913 0.1643
14 35.2697 -10.9199 168.8275 0.2169 -0.8331 0.5088 0.9257 0.1799
KMUA_NPC_423.jpg
14 33.5756 -9.3609 175.8693 -0.0055 -0.6695 0.7428 0.9452 0.1426
14 24.9310 -7.8581 172.9953 -0.2712 -0.6397 0.7192 0.9171 0.1005
14 29.4326 -11.3095 173.0303 -0.1959 -0.7844 0.5885 0.9199 0.1351
KMUA_NPC_423.jpg
14 29.4326 -11.3095 173.0303 -0.1959 -0.7844 0.5885 0.9199 0.1351
14 35.2697 -10.9199 168.8275 0.2169 -0.8331 0.5088 0.9257 0.1799
14 33.5756 -9.3609 175.8693 -0.0055 -0.6695 0.7428 0.9452 0.1426
KMUA_NPC_423.jpg
14 33.5756 -9.3609 175.8693 -0.0055 -0.6695 0.7428 0.9452 0.1426
14 37.8045 -0.7610 179.8561 0.1521 0.0118 0.9883 0.9975 0.1348
14 24.9310 -7.8581 172.9953 -0.2712 -0.6397 0.7192 0.9171 0.1005
KMUA_NPC_423.jpg
14 31.6762 1.6965 177.7341 -0.0655 0.1052 0.9923 0.9975 0.1000
14 24.9310 -7.8581 172.9953 -0.2712 -0.6397 0.7192 0.9171 0.1005
14 37.8045 -0.7610 179.8561 0.1521 0.0118 0.9883 0.9975 0.1348
KMUA_NPC_423.jpg
14 37.8045 -0.7610 179.8561 0.1521 0.0118 0.9883 0.9975 0.1348
14 33.5756 -9.3609 175.8693 -0.0055 -0.6695 0.7428 0.9452 0.1426
14 42.4185 -2.9868 176.6253 0.6532 -0.2232 0.7236 0.9975 0.1643
KMUA_NPC_423.jpg
14 33.5756 -9.3609 175.8693 -0.0055 -0.6695 0.7428 0.9452 0.1426
14 35.2697 -10.9199 168.8275 0.2169 -0.8331 0.5088 0.9257 0.1799
14 37.7339 -9.5512 173.6170 0.3535 -0.8171 0.4554 0.9514 0.1666
KMUA_NPC_423.jpg
14 37.7339 -9.5512 173.6170 0.3535 -0.8171 0.4554 0.9514 0.1666
14 42.4185 -2.9868 176.6253 0.6532 -0.2232 0.7236 0.9975 0.1643
14 33.5756 -9.3609 175.8693 -0.0055 -0.6695 0.7428 0.9452 0.1426
KMUA_NPC_423.jpg
14 40.6367 -10.0234 168.6018 0.2761 -0.7452 0.6070 0.9499 0.1995
14 35.2697 -10.9199 168.8275 0.2169 -0.8331 0.5088 0.9257 0.1799
14 36.9838 -16.1584 163.9200 0.0968 -0.8871 0.4513 0.9033 0.2136
KMUA_NPC_423.jpg
14 37.7339 -9.5512 173.6170 0.3535 -0.8171 0.4554 0.9514 0.1666
14 40.6367 -10.0234 168.6018 0.2761 -0.7452 0.6070 0.9499 0.1995
14 42.4185 -2.9868 176.6253 0.6532 -0.2232 0.7236 0.9975 0.1643
KMUA_NPC_423.jpg
14 37.7339 -9.5512 173.6170 0.3535 -0.8171 0.4554 0.9514 0.1666
14 35.2697 -10.9199 168.8275 0.2169 -0.8331 0.5088 0.9257 0.1799
14 40.6367 -10.0234 168.6018 0.2761 -0.7452 0.6070 0.9499 0.1995
KMUA_NPC_423.jpg
14 46.7885 -11.3251 165.7379 0.3001 -0.7526 0.5862 0.9624 0.2366
14 40.6367 -10.0234 168.6018 0.2761 -0.7452 0.6070 0.9499 0.1995
14 36.9838 -16.1584 163.9200 0.0968 -0.8871 0.4513 0.9033 0.2136
KMUA_NPC_423.jpg
14 46.7885 -11.3251 165.7379 0.3001 -0.7526 0.5862 0.9624 0.2366
14 47.3926 -5.5951 170.4574 0.5902 -0.1916 0.7842 0.9975 0.2103
14 40.6367 -10.0234 168.6018 0.2761 -0.7452 0.6070 0.9499 0.1995
KMUA_NPC_423.jpg
14 47.3926 -5.5951 170.4574 0.5902 -0.1916 0.7842 0.9975 0.2103
14 42.4185 -2.9868 176.6253 0.6532 -0.2232 0.7236 0.9975 0.1643
14 40.6367 -10.0234 168.6018 0.2761 -0.7452 0.6070 0.9499 0.1995
KMUA_NPC_423.jpg
14 18.9035 -13.4952 160.9997 -0.0725 -0.8861 0.4579 0.8314 0.1265
14 26.8120 -14.5795 161.1100 -0.2155 -0.9157 0.3393 0.8561 0.1705
14 24.9310 -7.8581 172.9953 -0.2712 -0.6397 0.7192 0.9171 0.1005
KMUA_NPC_423.jpg
14 31.8126 -18.8160 151.7339 -0.0291 -0.9062 0.4220 0.8351 0.2487
14 36.9838 -16.1584 163.9200 0.0968 -0.8871 0.4513 0.9033 0.2136
14 26.8120 -14.5795 161.1100 -0.2155 -0.9157 0.3393 0.8561 0.1705
KMUA_NPC_423.jpg
14 46.7933 -15.6436 157.8310 0.2155 -0.9041 0.3690 0.9314 0.2801
14 46.7885 -11.3251 165.7379 0.3001 -0.7526 0.5862 0.9624 0.2366
14 36.9838 -16.1584 163.9200 0.0968 -0.8871 0.4513 0.9033 0.2136
KMUA_NPC_423.jpg
14 36.9838 -16.1584 163.9200 0.0968 -0.8871 0.4513 0.9033 0.2136
14 31.8126 -18.8160 151.7339 -0.0291 -0.9062 0.4220 0.8351 0.2487
14 46.7933 -15.6436 157.8310 0.2155 -0.9041 0.3690 0.9314 0.2801
KMUA_NPC_423.jpg
14 44.0822 -18.0062 149.6989 0.1677 -0.8973 0.4083 0.8910 0.3151
14 46.7933 -15.6436 157.8310 0.2155 -0.9041 0.3690 0.9314 0.2801
14 31.8126 -18.8160 151.7339 -0.0291 -0.9062 0.4220 0.8351 0.2487
KMUA_NPC_423.jpg
14 46.7933 -15.6436 157.8310 0.2155 -0.9041 0.3690 0.9314 0.2801
14 53.4752 -8.7365 163.5349 0.8266 -0.3176 0.4646 0.9975 0.2626
14 46.7885 -11.3251 165.7379 0.3001 -0.7526 0.5862 0.9624 0.2366
KMUA_NPC_423.jpg
14 53.4270 -8.4803 166.5645 0.8225 -0.3151 0.4735 0.9975 0.2539
14 46.7885 -11.3251 165.7379 0.3001 -0.7526 0.5862 0.9624 0.2366
14 53.4752 -8.7365 163.5349 0.8266 -0.3176 0.4646 0.9975 0.2626
KMUA_NPC_423.jpg
14 53.4270 -8.4803 166.5645 0.8225 -0.3151 0.4735 0.9975 0.2539
14 47.3926 -5.5951 170.4574 0.5902 -0.1916 0.7842 0.9975 0.2103
14 46.7885 -11.3251 165.7379 0.3001 -0.7526 0.5862 0.9624 0.2366
KMUA_NPC_423.jpg
14 56.4920 -15.5480 154.3785 0.3323 -0.8838 0.3294 0.9701 0.3278
14 46.7933 -15.6436 157.8310 0.2155 -0.9041 0.3690 0.9314 0.2801
14 44.0822 -18.0062 149.6989 0.1677 -0.8973 0.4083 0.8910 0.3151
KMUA_NPC_423.jpg
14 56.4920 -15.5480 154.3785 0.3323 -0.8838 0.3294 0.9701 0.3278
14 53.4752 -8.7365 163.5349 0.8266 -0.3176 0.4646 0.9975 0.2626
14 46.7933 -15.6436 157.8310 0.2155 -0.9041 0.3690 0.9314 0.2801
KMUA_NPC_423.jpg
14 53.0554 -17.4885 145.6257 0.3391 -0.8432 0.4172 0.9368 0.3703
14 56.4920 -15.5480 154.3785 0.3323 -0.8838 0.3294 0.9701 0.3278
14 44.0822 -18.0062 149.6989 0.1677 -0.8973 0.4083 0.8910 0.3151
KMUA_NPC_423.jpg
14 60.5414 -13.2271 144.6776 0.8720 -0.3463 0.3459 0.9975 0.3917
14 56.4920 -15.5480 154.3785 0.3323 -0.8838 0.3294 0.9701 0.3278
14 53.0554 -17.4885 145.6257 0.3391 -0.8432 0.4172 0.9368 0.3703
KMUA_NPC_423.jpg
14 60.5414 -13.2271 144.6776 0.8720 -0.3463 0.3459 0.9975 0.3917
14 61.4942 -13.0336 152.4082 0.9194 -0.3890 0.0574 0.9975 0.3459
14 56.4920 -15.5480 154.3785 0.3323 -0.8838 0.3294 0.9701 0.3278
KMUA_NPC_423.jpg
14 60.6645 -12.4234 155.6887 0.7995 -0.3017 0.5194 0.9975 0.3298
14 53.4752 -8.7365 163.5349 0.8266 -0.3176 0.4646 0.9975 0.2626
14 56.4920 -15.5480 154.3785 0.3323 -0.8838 0.3294 0.9701 0.3278
KMUA_NPC_423.jpg
14 61.4942 -13.0336 152.4082 0.9194 -0.3890 0.0574 0.9975 0.3459
14 60.6645 -12.4234 155.6887 0.7995 -0.3017 0.5194 0.9975 0.3298
14 56.4920 -15.5480 154.3785 0.3323 -0.8838 0.3294 0.9701 0.3278
KMUA_NPC_423.jpg
14 24.9310 -7.8581 172.9953 -0.2712 -0.6397 0.7192 0.9171 0.1005
14 14.3542 -2.6426 176.5331 -0.1387 -0.5663 0.8124 0.9173 0.0225
14 18.9035 -13.4952 160.9997 -0.0725 -0.8861 0.4579 0.8314 0.1265
KMUA_NPC_423.jpg
14 24.9310 -7.8581 172.9953 -0.2712 -0.6397 0.7192 0.9171 0.1005
14 26.1848 4.1339 178.8584 0.3074 -0.0577 0.9498 0.9975 0.0658
14 14.3542 -2.6426 176.5331 -0.1387 -0.5663 0.8124 0.9173 0.0225
KMUA_NPC_423.jpg
14 31.6762 1.6965 177.7341 -0.0655 0.1052 0.9923 0.9975 0.1000
14 26.1848 4.1339 178.8584 0.3074 -0.0577 0.9498 0.9975 0.0658
14 24.9310 -7.8581 172.9953 -0.2712 -0.6397 0.7192 0.9171 0.1005
KMUA_NPC_423.jpg
14 26.1848 4.1339 178.8584 0.3074 -0.0577 0.9498 0.9975 0.0658
14 20.6731 6.7357 181.9850 -0.1795 0.1524 0.9719 0.9975 0.0277
14 14.3542 -2.6426 176.5331 -0.1387 -0.5663 0.8124 0.9173 0.0225
KMUA_NPC_423.jpg
14 14.3542 -2.6426 176.5331 -0.1387 -0.5663 0.8124 0.9173 0.0225
14 20.6731 6.7357 181.9850 -0.1795 0.1524 0.9719 0.9975 0.0277
14 18.9368 7.1579 177.8599 -0.8348 0.3876 0.3910 0.9975 0.0042
KMUA_NPC_423.jpg
14 28.4851 -29.6061 138.7355 -0.0666 -0.9311 0.3587 0.8894 0.3553
14 27.3764 -28.4083 139.1104 -0.6453 0.1093 0.7560 0.8885 0.3642
14 22.4304 -28.9305 135.6873 -0.9140 -0.0343 -0.4042 0.9244 0.3649
KMUA_NPC_423.jpg
14 28.3742 -29.5141 137.2269 0.2924 -0.5847 -0.7567 0.8923 0.3470
14 28.4851 -29.6061 138.7355 -0.0666 -0.9311 0.3587 0.8894 0.3553
14 22.4304 -28.9305 135.6873 -0.9140 -0.0343 -0.4042 0.9244 0.3649
KMUA_NPC_423.jpg
14 28.4851 -29.6061 138.7355 -0.0666 -0.9311 0.3587 0.8894 0.3553
14 37.4290 -26.6703 144.9745 0.0807 -0.8171 0.5708 0.8236 0.3413
14 27.3764 -28.4083 139.1104 -0.6453 0.1093 0.7560 0.8885 0.3642
KMUA_NPC_423.jpg
14 35.9370 -23.2514 145.5071 -0.7108 0.2487 0.6580 0.8218 0.3629
14 27.3764 -28.4083 139.1104 -0.6453 0.1093 0.7560 0.8885 0.3642
14 37.4290 -26.6703 144.9745 0.0807 -0.8171 0.5708 0.8236 0.3413
KMUA_NPC_423.jpg
14 35.9370 -23.2514 145.5071 -0.7108 0.2487 0.6580 0.8218 0.3629
14 37.4290 -26.6703 144.9745 0.0807 -0.8171 0.5708 0.8236 0.3413
14 45.8992 -13.8048 153.6679 -0.6051 0.0032 0.7961 0.7122 0.3703
KMUA_NPC_423.jpg
14 48.8060 -16.4902 152.4443 0.1950 -0.7172 0.6690 0.7197 0.3315
14 45.8992 -13.8048 153.6679 -0.6051 0.0032 0.7961 0.7122 0.3703
14 37.4290 -26.6703 144.9745 0.0807 -0.8171 0.5708 0.8236 0.3413
KMUA_NPC_423.jpg
14 37.4290 -26.6703 144.9745 0.0807 -0.8171 0.5708 0.8236 0.3413
14 28.4851 -29.6061 138.7355 -0.0666 -0.9311 0.3587 0.8894 0.3553
14 38.8418 -26.0001 142.1314 0.6226 -0.4672 -0.6278 0.8295 0.3205
KMUA_NPC_423.jpg
14 28.3742 -29.5141 137.2269 0.2924 -0.5847 -0.7567 0.8923 0.3470
14 38.8418 -26.0001 142.1314 0.6226 -0.4672 -0.6278 0.8295 0.3205
14 28.4851 -29.6061 138.7355 -0.0666 -0.9311 0.3587 0.8894 0.3553
KMUA_NPC_423.jpg
14 37.4290 -26.6703 144.9745 0.0807 -0.8171 0.5708 0.8236 0.3413
14 38.8418 -26.0001 142.1314 0.6226 -0.4672 -0.6278 0.8295 0.3205
14 48.8060 -16.4902 152.4443 0.1950 -0.7172 0.6690 0.7197 0.3315
KMUA_NPC_423.jpg
14 49.1580 -17.1494 148.3367 0.7126 -0.4579 -0.5315 0.7159 0.2995
14 48.8060 -16.4902 152.4443 0.1950 -0.7172 0.6690 0.7197 0.3315
14 38.8418 -26.0001 142.1314 0.6226 -0.4672 -0.6278 0.8295 0.3205
KMUA_NPC_423.jpg
14 27.3764 -28.4083 139.1104 -0.6453 0.1093 0.7560 0.8885 0.3642
14 27.4862 -27.8005 137.5618 -0.0944 0.8577 -0.5053 0.8894 0.3553
14 22.4304 -28.9305 135.6873 -0.9140 -0.0343 -0.4042 0.9244 0.3649
KMUA_NPC_423.jpg
14 27.4862 -27.8005 137.5618 -0.0944 0.8577 -0.5053 0.8894 0.3553
14 28.3742 -29.5141 137.2269 0.2924 -0.5847 -0.7567 0.8923 0.3470
14 22.4304 -28.9305 135.6873 -0.9140 -0.0343 -0.4042 0.9244 0.3649
KMUA_NPC_423.jpg
14 28.3742 -29.5141 137.2269 0.2924 -0.5847 -0.7567 0.8923 0.3470
14 27.4862 -27.8005 137.5618 -0.0944 0.8577 -0.5053 0.8894 0.3553
14 38.8418 -26.0001 142.1314 0.6226 -0.4672 -0.6278 0.8295 0.3205
KMUA_NPC_423.jpg
14 35.9370 -23.2514 145.5071 -0.7108 0.2487 0.6580 0.8218 0.3629
14 36.5023 -22.2791 142.6292 -0.2321 0.7723 -0.5913 0.8236 0.3413
14 27.3764 -28.4083 139.1104 -0.6453 0.1093 0.7560 0.8885 0.3642
KMUA_NPC_423.jpg
14 35.9370 -23.2514 145.5071 -0.7108 0.2487 0.6580 0.8218 0.3629
14 45.8992 -13.8048 153.6679 -0.6051 0.0032 0.7961 0.7122 0.3703
14 36.5023 -22.2791 142.6292 -0.2321 0.7723 -0.5913 0.8236 0.3413
KMUA_NPC_423.jpg
14 27.4862 -27.8005 137.5618 -0.0944 0.8577 -0.5053 0.8894 0.3553
14 27.3764 -28.4083 139.1104 -0.6453 0.1093 0.7560 0.8885 0.3642
14 36.5023 -22.2791 142.6292 -0.2321 0.7723 -0.5913 0.8236 0.3413
KMUA_NPC_423.jpg
14 36.5023 -22.2791 142.6292 -0.2321 0.7723 -0.5913 0.8236 0.3413
14 38.8418 -26.0001 142.1314 0.6226 -0.4672 -0.6278 0.8295 0.3205
14 27.4862 -27.8005 137.5618 -0.0944 0.8577 -0.5053 0.8894 0.3553
KMUA_NPC_423.jpg
14 36.5023 -22.2791 142.6292 -0.2321 0.7723 -0.5913 0.8236 0.3413
14 45.6288 -12.5802 149.3077 -0.5336 0.7502 -0.3904 0.7197 0.3315
14 38.8418 -26.0001 142.1314 0.6226 -0.4672 -0.6278 0.8295 0.3205
KMUA_NPC_423.jpg
14 45.6288 -12.5802 149.3077 -0.5336 0.7502 -0.3904 0.7197 0.3315
14 36.5023 -22.2791 142.6292 -0.2321 0.7723 -0.5913 0.8236 0.3413
14 45.8992 -13.8048 153.6679 -0.6051 0.0032 0.7961 0.7122 0.3703
KMUA_NPC_423.jpg
14 49.1580 -17.1494 148.3367 0.7126 -0.4579 -0.5315 0.7159 0.2995
14 38.8418 -26.0001 142.1314 0.6226 -0.4672 -0.6278 0.8295 0.3205
14 45.6288 -12.5802 149.3077 -0.5336 0.7502 -0.3904 0.7197 0.3315
KMUA_NPC_423.jpg
14 39.0936 14.1201 158.8777 0.5289 0.8238 0.2041 0.8561 0.1705
14 33.6198 12.4458 171.4161 0.3130 0.7254 0.6130 0.9171 0.1005
14 41.6035 12.8468 164.9624 0.5220 0.8098 0.2678 0.8913 0.1643
KMUA_NPC_423.jpg
14 47.4262 8.2435 162.0220 0.7307 0.5943 0.3361 0.9033 0.2136
14 39.0936 14.1201 158.8777 0.5289 0.8238 0.2041 0.8561 0.1705
14 41.6035 12.8468 164.9624 0.5220 0.8098 0.2678 0.8913 0.1643
KMUA_NPC_423.jpg
14 41.6035 12.8468 164.9624 0.5220 0.8098 0.2678 0.8913 0.1643
14 42.7446 6.5473 167.4689 0.7782 0.4784 0.4068 0.9257 0.1799
14 47.4262 8.2435 162.0220 0.7307 0.5943 0.3361 0.9033 0.2136
KMUA_NPC_423.jpg
14 39.2209 11.5638 171.2512 0.4619 0.7528 0.4689 0.9199 0.1351
14 41.6035 12.8468 164.9624 0.5220 0.8098 0.2678 0.8913 0.1643
14 33.6198 12.4458 171.4161 0.3130 0.7254 0.6130 0.9171 0.1005
KMUA_NPC_423.jpg
14 41.6035 12.8468 164.9624 0.5220 0.8098 0.2678 0.8913 0.1643
14 39.2209 11.5638 171.2512 0.4619 0.7528 0.4689 0.9199 0.1351
14 42.7446 6.5473 167.4689 0.7782 0.4784 0.4068 0.9257 0.1799
KMUA_NPC_423.jpg
14 33.6198 12.4458 171.4161 0.3130 0.7254 0.6130 0.9171 0.1005
14 40.8444 7.6248 174.5481 0.5196 0.5576 0.6473 0.9452 0.1426
14 39.2209 11.5638 171.2512 0.4619 0.7528 0.4689 0.9199 0.1351
KMUA_NPC_423.jpg
14 42.7446 6.5473 167.4689 0.7782 0.4784 0.4068 0.9257 0.1799
14 39.2209 11.5638 171.2512 0.4619 0.7528 0.4689 0.9199 0.1351
14 40.8444 7.6248 174.5481 0.5196 0.5576 0.6473 0.9452 0.1426
KMUA_NPC_423.jpg
14 40.8444 7.6248 174.5481 0.5196 0.5576 0.6473 0.9452 0.1426
14 33.6198 12.4458 171.4161 0.3130 0.7254 0.6130 0.9171 0.1005
14 37.8045 -0.7610 179.8561 0.1521 0.0118 0.9883 0.9975 0.1348
KMUA_NPC_423.jpg
14 31.6762 1.6965 177.7341 -0.0655 0.1052 0.9923 0.9975 0.1000
14 37.8045 -0.7610 179.8561 0.1521 0.0118 0.9883 0.9975 0.1348
14 33.6198 12.4458 171.4161 0.3130 0.7254 0.6130 0.9171 0.1005
KMUA_NPC_423.jpg
14 37.8045 -0.7610 179.8561 0.1521 0.0118 0.9883 0.9975 0.1348
14 42.4185 -2.9868 176.6253 0.6532 -0.2232 0.7236 0.9975 0.1643
14 40.8444 7.6248 174.5481 0.5196 0.5576 0.6473 0.9452 0.1426
KMUA_NPC_423.jpg
14 42.7446 6.5473 167.4689 0.7782 0.4784 0.4068 0.9257 0.1799
14 40.8444 7.6248 174.5481 0.5196 0.5576 0.6473 0.9452 0.1426
14 43.7329 4.4671 172.5267 0.8582 0.3623 0.3637 0.9514 0.1666
KMUA_NPC_423.jpg
14 43.7329 4.4671 172.5267 0.8582 0.3623 0.3637 0.9514 0.1666
14 40.8444 7.6248 174.5481 0.5196 0.5576 0.6473 0.9452 0.1426
14 42.4185 -2.9868 176.6253 0.6532 -0.2232 0.7236 0.9975 0.1643
KMUA_NPC_423.jpg
14 42.7446 6.5473 167.4689 0.7782 0.4784 0.4068 0.9257 0.1799
14 45.8007 2.0438 167.6632 0.7614 0.3888 0.5188 0.9499 0.1995
14 47.4262 8.2435 162.0220 0.7307 0.5943 0.3361 0.9033 0.2136
KMUA_NPC_423.jpg
14 43.7329 4.4671 172.5267 0.8582 0.3623 0.3637 0.9514 0.1666
14 42.4185 -2.9868 176.6253 0.6532 -0.2232 0.7236 0.9975 0.1643
14 45.8007 2.0438 167.6632 0.7614 0.3888 0.5188 0.9499 0.1995
KMUA_NPC_423.jpg
14 42.7446 6.5473 167.4689 0.7782 0.4784 0.4068 0.9257 0.1799
14 43.7329 4.4671 172.5267 0.8582 0.3623 0.3637 0.9514 0.1666
14 45.8007 2.0438 167.6632 0.7614 0.3888 0.5188 0.9499 0.1995
KMUA_NPC_423.jpg
14 45.8007 2.0438 167.6632 0.7614 0.3888 0.5188 0.9499 0.1995
14 50.8343 -1.8708 165.0025 0.7821 0.3738 0.4986 0.9624 0.2366
14 47.4262 8.2435 162.0220 0.7307 0.5943 0.3361 0.9033 0.2136
KMUA_NPC_423.jpg
14 47.3926 -5.5951 170.4574 0.5902 -0.1916 0.7842 0.9975 0.2103
14 50.8343 -1.8708 165.0025 0.7821 0.3738 0.4986 0.9624 0.2366
14 45.8007 2.0438 167.6632 0.7614 0.3888 0.5188 0.9499 0.1995
KMUA_NPC_423.jpg
14 47.3926 -5.5951 170.4574 0.5902 -0.1916 0.7842 0.9975 0.2103
14 45.8007 2.0438 167.6632 0.7614 0.3888 0.5188 0.9499 0.1995
14 42.4185 -2.9868 176.6253 0.6532 -0.2232 0.7236 0.9975 0.1643
KMUA_NPC_423.jpg
14 39.0936 14.1201 158.8777 0.5289 0.8238 0.2041 0.8561 0.1705
14 32.8343 19.0583 158.4677 0.6132 0.7162 0.3333 0.8314 0.1265
14 33.6198 12.4458 171.4161 0.3130 0.7254 0.6130 0.9171 0.1005
KMUA_NPC_423.jpg
14 47.4262 8.2435 162.0220 0.7307 0.5943 0.3361 0.9033 0.2136
14 45.0782 12.1832 149.3228 0.6557 0.6940 0.2975 0.8351 0.2487
14 39.0936 14.1201 158.8777 0.5289 0.8238 0.2041 0.8561 0.1705
KMUA_NPC_423.jpg
14 50.8343 -1.8708 165.0025 0.7821 0.3738 0.4986 0.9624 0.2366
14 53.5031 0.0359 156.6114 0.8205 0.5096 0.2590 0.9314 0.2801
14 47.4262 8.2435 162.0220 0.7307 0.5943 0.3361 0.9033 0.2136
KMUA_NPC_423.jpg
14 47.4262 8.2435 162.0220 0.7307 0.5943 0.3361 0.9033 0.2136
14 53.5031 0.0359 156.6114 0.8205 0.5096 0.2590 0.9314 0.2801
14 45.0782 12.1832 149.3228 0.6557 0.6940 0.2975 0.8351 0.2487
KMUA_NPC_423.jpg
14 52.8722 2.5342 148.1012 0.7847 0.5445 0.2961 0.8910 0.3151
14 45.0782 12.1832 149.3228 0.6557 0.6940 0.2975 0.8351 0.2487
14 53.5031 0.0359 156.6114 0.8205 0.5096 0.2590 0.9314 0.2801
KMUA_NPC_423.jpg
14 53.4752 -8.7365 163.5349 0.8266 -0.3176 0.4646 0.9975 0.2626
14 53.5031 0.0359 156.6114 0.8205 0.5096 0.2590 0.9314 0.2801
14 50.8343 -1.8708 165.0025 0.7821 0.3738 0.4986 0.9624 0.2366
KMUA_NPC_423.jpg
14 47.3926 -5.5951 170.4574 0.5902 -0.1916 0.7842 0.9975 0.2103
14 53.4270 -8.4803 166.5645 0.8225 -0.3151 0.4735 0.9975 0.2539
14 50.8343 -1.8708 165.0025 0.7821 0.3738 0.4986 0.9624 0.2366
KMUA_NPC_423.jpg
14 50.8343 -1.8708 165.0025 0.7821 0.3738 0.4986 0.9624 0.2366
14 53.4270 -8.4803 166.5645 0.8225 -0.3151 0.4735 0.9975 0.2539
14 53.4752 -8.7365 163.5349 0.8266 -0.3176 0.4646 0.9975 0.2626
KMUA_NPC_423.jpg
14 53.4752 -8.7365 163.5349 0.8266 -0.3176 0.4646 0.9975 0.2626
14 59.9526 -7.4612 153.7495 0.8845 0.4065 0.2290 0.9701 0.3278
14 53.5031 0.0359 156.6114 0.8205 0.5096 0.2590 0.9314 0.2801
KMUA_NPC_423.jpg
14 53.5031 0.0359 156.6114 0.8205 0.5096 0.2590 0.9314 0.2801
14 59.9526 -7.4612 153.7495 0.8845 0.4065 0.2290 0.9701 0.3278
14 52.8722 2.5342 148.1012 0.7847 0.5445 0.2961 0.8910 0.3151
KMUA_NPC_423.jpg
14 59.9526 -7.4612 153.7495 0.8845 0.4065 0.2290 0.9701 0.3278
14 58.4811 -4.8097 144.6396 0.8649 0.3854 0.3217 0.9368 0.3703
14 52.8722 2.5342 148.1012 0.7847 0.5445 0.2961 0.8910 0.3151
KMUA_NPC_423.jpg
14 59.9526 -7.4612 153.7495 0.8845 0.4065 0.2290 0.9701 0.3278
14 60.5414 -13.2271 144.6776 0.8720 -0.3463 0.3459 0.9975 0.3917
14 58.4811 -4.8097 144.6396 0.8649 0.3854 0.3217 0.9368 0.3703
KMUA_NPC_423.jpg
14 61.4942 -13.0336 152.4082 0.9194 -0.3890 0.0574 0.9975 0.3459
14 60.5414 -13.2271 144.6776 0.8720 -0.3463 0.3459 0.9975 0.3917
14 59.9526 -7.4612 153.7495 0.8845 0.4065 0.2290 0.9701 0.3278
KMUA_NPC_423.jpg
14 53.4752 -8.7365 163.5349 0.8266 -0.3176 0.4646 0.9975 0.2626
14 60.6645 -12.4234 155.6887 0.7995 -0.3017 0.5194 0.9975 0.3298
14 59.9526 -7.4612 153.7495 0.8845 0.4065 0.2290 0.9701 0.3278
KMUA_NPC_423.jpg
14 60.6645 -12.4234 155.6887 0.7995 -0.3017 0.5194 0.9975 0.3298
14 61.4942 -13.0336 152.4082 0.9194 -0.3890 0.0574 0.9975 0.3459
14 59.9526 -7.4612 153.7495 0.8845 0.4065 0.2290 0.9701 0.3278
KMUA_NPC_423.jpg
14 20.6731 6.7357 181.9850 -0.1795 0.1524 0.9719 0.9975 0.0277
14 22.7449 16.9648 175.0080 0.4220 0.5974 0.6819 0.9173 0.0225
14 18.9368 7.1579 177.8599 -0.8348 0.3876 0.3910 0.9975 0.0042
KMUA_NPC_423.jpg
14 22.7449 16.9648 175.0080 0.4220 0.5974 0.6819 0.9173 0.0225
14 33.6198 12.4458 171.4161 0.3130 0.7254 0.6130 0.9171 0.1005
14 32.8343 19.0583 158.4677 0.6132 0.7162 0.3333 0.8314 0.1265
KMUA_NPC_423.jpg
14 20.6731 6.7357 181.9850 -0.1795 0.1524 0.9719 0.9975 0.0277
14 26.1848 4.1339 178.8584 0.3074 -0.0577 0.9498 0.9975 0.0658
14 22.7449 16.9648 175.0080 0.4220 0.5974 0.6819 0.9173 0.0225
KMUA_NPC_423.jpg
14 26.1848 4.1339 178.8584 0.3074 -0.0577 0.9498 0.9975 0.0658
14 31.6762 1.6965 177.7341 -0.0655 0.1052 0.9923 0.9975 0.1000
14 33.6198 12.4458 171.4161 0.3130 0.7254 0.6130 0.9171 0.1005
KMUA_NPC_423.jpg
14 26.1848 4.1339 178.8584 0.3074 -0.0577 0.9498 0.9975 0.0658
14 33.6198 12.4458 171.4161 0.3130 0.7254 0.6130 0.9171 0.1005
14 22.7449 16.9648 175.0080 0.4220 0.5974 0.6819 0.9173 0.0225
KMUA_NPC_423.jpg
14 48.2054 20.2651 135.3246 -0.4830 0.4888 0.7265 0.8885 0.3642
14 49.8138 20.2348 134.8589 0.6441 0.7297 0.2295 0.8894 0.3553
14 44.9670 23.7330 131.5911 -0.6305 0.6284 -0.4557 0.9244 0.3649
KMUA_NPC_423.jpg
14 49.8138 20.2348 134.8589 0.6441 0.7297 0.2295 0.8894 0.3553
14 49.5864 20.0545 133.3714 0.5808 0.0893 -0.8091 0.8923 0.3470
14 44.9670 23.7330 131.5911 -0.6305 0.6284 -0.4557 0.9244 0.3649
KMUA_NPC_423.jpg
14 49.8138 20.2348 134.8589 0.6441 0.7297 0.2295 0.8894 0.3553
14 48.2054 20.2651 135.3246 -0.4830 0.4888 0.7265 0.8885 0.3642
14 54.2393 12.6121 141.9191 0.6759 0.5737 0.4626 0.8236 0.3413
KMUA_NPC_423.jpg
14 50.7761 11.4244 142.8100 -0.6340 0.4281 0.6440 0.8218 0.3629
14 54.2393 12.6121 141.9191 0.6759 0.5737 0.4626 0.8236 0.3413
14 48.2054 20.2651 135.3246 -0.4830 0.4888 0.7265 0.8885 0.3642
KMUA_NPC_423.jpg
14 50.7761 11.4244 142.8100 -0.6340 0.4281 0.6440 0.8218 0.3629
14 51.3279 -1.1190 152.6812 -0.3765 0.5375 0.7546 0.7122 0.3703
14 54.2393 12.6121 141.9191 0.6759 0.5737 0.4626 0.8236 0.3413
KMUA_NPC_423.jpg
14 55.2037 -1.5401 151.2815 0.6885 0.4362 0.5793 0.7197 0.3315
14 54.2393 12.6121 141.9191 0.6759 0.5737 0.4626 0.8236 0.3413
14 51.3279 -1.1190 152.6812 -0.3765 0.5375 0.7546 0.7122 0.3703
KMUA_NPC_423.jpg
14 49.5864 20.0545 133.3714 0.5808 0.0893 -0.8091 0.8923 0.3470
14 49.8138 20.2348 134.8589 0.6441 0.7297 0.2295 0.8894 0.3553
14 54.5755 10.7664 139.2717 0.7319 -0.2117 -0.6477 0.8295 0.3205
KMUA_NPC_423.jpg
14 54.2393 12.6121 141.9191 0.6759 0.5737 0.4626 0.8236 0.3413
14 55.2037 -1.5401 151.2815 0.6885 0.4362 0.5793 0.7197 0.3315
14 54.5755 10.7664 139.2717 0.7319 -0.2117 -0.6477 0.8295 0.3205
KMUA_NPC_423.jpg
14 54.2393 12.6121 141.9191 0.6759 0.5737 0.4626 0.8236 0.3413
14 54.5755 10.7664 139.2717 0.7319 -0.2117 -0.6477 0.8295 0.3205
14 49.8138 20.2348 134.8589 0.6441 0.7297 0.2295 0.8894 0.3553
KMUA_NPC_423.jpg
14 55.6918 -1.8813 147.1492 0.7929 -0.2702 -0.5461 0.7159 0.2995
14 54.5755 10.7664 139.2717 0.7319 -0.2117 -0.6477 0.8295 0.3205
14 55.2037 -1.5401 151.2815 0.6885 0.4362 0.5793 0.7197 0.3315
KMUA_NPC_423.jpg
14 49.5864 20.0545 133.3714 0.5808 0.0893 -0.8091 0.8923 0.3470
14 47.7573 19.5689 133.8773 -0.7109 -0.5830 -0.3933 0.8894 0.3553
14 44.9670 23.7330 131.5911 -0.6305 0.6284 -0.4557 0.9244 0.3649
KMUA_NPC_423.jpg
14 47.7573 19.5689 133.8773 -0.7109 -0.5830 -0.3933 0.8894 0.3553
14 48.2054 20.2651 135.3246 -0.4830 0.4888 0.7265 0.8885 0.3642
14 44.9670 23.7330 131.5911 -0.6305 0.6284 -0.4557 0.9244 0.3649
KMUA_NPC_423.jpg
14 49.5864 20.0545 133.3714 0.5808 0.0893 -0.8091 0.8923 0.3470
14 54.5755 10.7664 139.2717 0.7319 -0.2117 -0.6477 0.8295 0.3205
14 47.7573 19.5689 133.8773 -0.7109 -0.5830 -0.3933 0.8894 0.3553
KMUA_NPC_423.jpg
14 47.7573 19.5689 133.8773 -0.7109 -0.5830 -0.3933 0.8894 0.3553
14 50.3064 9.9782 140.1202 -0.7496 -0.4369 -0.4972 0.8236 0.3413
14 48.2054 20.2651 135.3246 -0.4830 0.4888 0.7265 0.8885 0.3642
KMUA_NPC_423.jpg
14 50.7761 11.4244 142.8100 -0.6340 0.4281 0.6440 0.8218 0.3629
14 48.2054 20.2651 135.3246 -0.4830 0.4888 0.7265 0.8885 0.3642
14 50.3064 9.9782 140.1202 -0.7496 -0.4369 -0.4972 0.8236 0.3413
KMUA_NPC_423.jpg
14 50.7761 11.4244 142.8100 -0.6340 0.4281 0.6440 0.8218 0.3629
14 50.3064 9.9782 140.1202 -0.7496 -0.4369 -0.4972 0.8236 0.3413
14 51.3279 -1.1190 152.6812 -0.3765 0.5375 0.7546 0.7122 0.3703
KMUA_NPC_423.jpg
14 50.3064 9.9782 140.1202 -0.7496 -0.4369 -0.4972 0.8236 0.3413
14 47.7573 19.5689 133.8773 -0.7109 -0.5830 -0.3933 0.8894 0.3553
14 54.5755 10.7664 139.2717 0.7319 -0.2117 -0.6477 0.8295 0.3205
KMUA_NPC_423.jpg
14 50.3064 9.9782 140.1202 -0.7496 -0.4369 -0.4972 0.8236 0.3413
14 54.5755 10.7664 139.2717 0.7319 -0.2117 -0.6477 0.8295 0.3205
14 50.0153 -2.3297 148.5104 -0.9311 -0.1786 -0.3182 0.7197 0.3315
KMUA_NPC_423.jpg
14 50.0153 -2.3297 148.5104 -0.9311 -0.1786 -0.3182 0.7197 0.3315
14 51.3279 -1.1190 152.6812 -0.3765 0.5375 0.7546 0.7122 0.3703
14 50.3064 9.9782 140.1202 -0.7496 -0.4369 -0.4972 0.8236 0.3413
KMUA_NPC_423.jpg
14 55.6918 -1.8813 147.1492 0.7929 -0.2702 -0.5461 0.7159 0.2995
14 50.0153 -2.3297 148.5104 -0.9311 -0.1786 -0.3182 0.7197 0.3315
14 54.5755 10.7664 139.2717 0.7319 -0.2117 -0.6477 0.8295 0.3205
KMUA_NPC_423.jpg
14 53.0554 -17.4885 145.6257 -0.3174 0.1345 -0.9387 0.1602 0.0252
14 50.9344 -8.8905 147.5753 -0.3547 0.0793 -0.9316 0.1884 0.0067
14 60.5414 -13.2271 144.6776 -0.2714 0.0414 -0.9616 0.1417 0.0067
KMUA_NPC_423.jpg
14 44.0822 -18.0062 149.6989 -0.3227 0.1223 -0.9386 0.1963 0.0411
14 50.9344 -8.8905 147.5753 -0.3547 0.0793 -0.9316 0.1884 0.0067
14 53.0554 -17.4885 145.6257 -0.3174 0.1345 -0.9387 0.1602 0.0252
KMUA_NPC_423.jpg
14 50.9344 -8.8905 147.5753 -0.3547 0.0793 -0.9316 0.1884 0.0067
14 44.0822 -18.0062 149.6989 -0.3227 0.1223 -0.9386 0.1963 0.0411
14 32.1643 -0.2239 155.7293 -0.5723 0.1827 -0.7994 0.2835 0.0067
KMUA_NPC_423.jpg
14 31.8126 -18.8160 151.7339 -0.4852 0.1924 -0.8530 0.2409 0.0620
14 32.1643 -0.2239 155.7293 -0.5723 0.1827 -0.7994 0.2835 0.0067
14 44.0822 -18.0062 149.6989 -0.3227 0.1223 -0.9386 0.1963 0.0411
KMUA_NPC_423.jpg
14 26.8120 -14.5795 161.1100 -0.4730 -0.1491 -0.8684 0.2898 0.0636
14 32.1643 -0.2239 155.7293 -0.5723 0.1827 -0.7994 0.2835 0.0067
14 31.8126 -18.8160 151.7339 -0.4852 0.1924 -0.8530 0.2409 0.0620
KMUA_NPC_423.jpg
14 18.9035 -13.4952 160.9997 -0.5295 0.2019 -0.8239 0.3236 0.0647
14 32.1643 -0.2239 155.7293 -0.5723 0.1827 -0.7994 0.2835 0.0067
14 26.8120 -14.5795 161.1100 -0.4730 -0.1491 -0.8684 0.2898 0.0636
KMUA_NPC_423.jpg
14 18.9035 -13.4952 160.9997 -0.5295 0.2019 -0.8239 0.3236 0.0647
14 14.3542 -2.6426 176.5331 -0.7077 0.4370 -0.5551 0.3969 0.0353
14 32.1643 -0.2239 155.7293 -0.5723 0.1827 -0.7994 0.2835 0.0067
KMUA_NPC_423.jpg
14 14.3542 -2.6426 176.5331 -0.7077 0.4370 -0.5551 0.3969 0.0353
14 18.9368 7.1579 177.8599 -0.7763 0.2886 -0.5603 0.3980 0.0067
14 32.1643 -0.2239 155.7293 -0.5723 0.1827 -0.7994 0.2835 0.0067
KMUA_NPC_423.jpg
14 50.9344 -8.8905 147.5753 -0.3547 0.0793 -0.9316 0.1884 0.0067
14 58.4811 -4.8097 144.6396 -0.3690 0.0139 -0.9293 0.1602 0.0252
14 60.5414 -13.2271 144.6776 -0.2714 0.0414 -0.9616 0.1417 0.0067
KMUA_NPC_423.jpg
14 50.9344 -8.8905 147.5753 -0.3547 0.0793 -0.9316 0.1884 0.0067
14 52.8722 2.5342 148.1012 -0.3639 0.0262 -0.9311 0.1963 0.0411
14 58.4811 -4.8097 144.6396 -0.3690 0.0139 -0.9293 0.1602 0.0252
KMUA_NPC_423.jpg
14 50.9344 -8.8905 147.5753 -0.3547 0.0793 -0.9316 0.1884 0.0067
14 32.1643 -0.2239 155.7293 -0.5723 0.1827 -0.7994 0.2835 0.0067
14 52.8722 2.5342 148.1012 -0.3639 0.0262 -0.9311 0.1963 0.0411
KMUA_NPC_423.jpg
14 45.0782 12.1832 149.3228 -0.5220 0.1064 -0.8463 0.2409 0.0620
14 52.8722 2.5342 148.1012 -0.3639 0.0262 -0.9311 0.1963 0.0411
14 32.1643 -0.2239 155.7293 -0.5723 0.1827 -0.7994 0.2835 0.0067
KMUA_NPC_423.jpg
14 32.1643 -0.2239 155.7293 -0.5723 0.1827 -0.7994 0.2835 0.0067
14 39.0936 14.1201 158.8777 -0.2686 0.3285 -0.9055 0.2898 0.0636
14 45.0782 12.1832 149.3228 -0.5220 0.1064 -0.8463 0.2409 0.0620
KMUA_NPC_423.jpg
14 32.1643 -0.2239 155.7293 -0.5723 0.1827 -0.7994 0.2835 0.0067
14 32.8343 19.0583 158.4677 -0.5578 0.1357 -0.8188 0.3236 0.0647
14 39.0936 14.1201 158.8777 -0.2686 0.3285 -0.9055 0.2898 0.0636
KMUA_NPC_423.jpg
14 18.9368 7.1579 177.8599 -0.7763 0.2886 -0.5603 0.3980 0.0067
14 22.7449 16.9648 175.0080 -0.8375 -0.0200 -0.5461 0.3969 0.0353
14 32.1643 -0.2239 155.7293 -0.5723 0.1827 -0.7994 0.2835 0.0067
KMUA_NPC_423.jpg
14 22.7449 16.9648 175.0080 -0.8375 -0.0200 -0.5461 0.3969 0.0353
14 32.8343 19.0583 158.4677 -0.5578 0.1357 -0.8188 0.3236 0.0647
14 32.1643 -0.2239 155.7293 -0.5723 0.1827 -0.7994 0.2835 0.0067
KMUA_NPC_423.jpg
23 2.0716 14.4135 188.7360 -0.0323 0.5208 0.8531 0.6034 0.7157
23 2.6220 20.2743 182.3938 -0.0026 0.8538 0.5206 0.6496 0.6895
23 -5.8350 15.2732 181.0058 -0.7160 0.5780 0.3914 0.6111 0.6526
KMUA_NPC_423.jpg
23 -4.0922 9.6883 187.6724 -0.5960 0.2087 0.7754 0.5766 0.6851
23 2.0716 14.4135 188.7360 -0.0323 0.5208 0.8531 0.6034 0.7157
23 -5.8350 15.2732 181.0058 -0.7160 0.5780 0.3914 0.6111 0.6526
KMUA_NPC_423.jpg
23 1.6437 3.3334 190.0402 -0.0641 -0.2980 0.9524 0.5385 0.7154
23 2.0716 14.4135 188.7360 -0.0323 0.5208 0.8531 0.6034 0.7157
23 -4.0922 9.6883 187.6724 -0.5960 0.2087 0.7754 0.5766 0.6851
KMUA_NPC_423.jpg
23 -5.0051 4.8063 186.2180 -0.6814 -0.2474 0.6888 0.5521 0.6752
23 1.6437 3.3334 190.0402 -0.0641 -0.2980 0.9524 0.5385 0.7154
23 -4.0922 9.6883 187.6724 -0.5960 0.2087 0.7754 0.5766 0.6851
KMUA_NPC_423.jpg
23 -5.8350 15.2732 181.0058 -0.7160 0.5780 0.3914 0.6111 0.6526
23 -8.8391 7.3992 181.4948 -0.9338 -0.0143 0.3575 0.5674 0.6432
23 -4.0922 9.6883 187.6724 -0.5960 0.2087 0.7754 0.5766 0.6851
KMUA_NPC_423.jpg
23 -4.0922 9.6883 187.6724 -0.5960 0.2087 0.7754 0.5766 0.6851
23 -8.8391 7.3992 181.4948 -0.9338 -0.0143 0.3575 0.5674 0.6432
23 -5.0051 4.8063 186.2180 -0.6814 -0.2474 0.6888 0.5521 0.6752
KMUA_NPC_423.jpg
23 -9.8980 9.9839 173.4293 -0.9494 0.1534 0.2741 0.5856 0.6012
23 -8.8391 7.3992 181.4948 -0.9338 -0.0143 0.3575 0.5674 0.6432
23 -5.8350 15.2732 181.0058 -0.7160 0.5780 0.3914 0.6111 0.6526
KMUA_NPC_423.jpg
23 1.6437 3.3334 190.0402 -0.0641 -0.2980 0.9524 0.5385 0.7154
23 -5.0051 4.8063 186.2180 -0.6814 -0.2474 0.6888 0.5521 0.6752
23 1.6860 -2.9393 185.8150 -0.0650 -0.3758 0.9244 0.5000 0.6966
KMUA_NPC_423.jpg
23 -3.4938 -1.7771 184.2501 -0.6360 -0.4967 0.5906 0.5160 0.6708
23 1.6860 -2.9393 185.8150 -0.0650 -0.3758 0.9244 0.5000 0.6966
23 -5.0051 4.8063 186.2180 -0.6814 -0.2474 0.6888 0.5521 0.6752
KMUA_NPC_423.jpg
23 -5.0051 4.8063 186.2180 -0.6814 -0.2474 0.6888 0.5521 0.6752
23 -8.8391 7.3992 181.4948 -0.9338 -0.0143 0.3575 0.5674 0.6432
23 -3.4938 -1.7771 184.2501 -0.6360 -0.4967 0.5906 0.5160 0.6708
KMUA_NPC_423.jpg
23 -6.8748 1.0131 178.8988 -0.8661 -0.4605 0.1947 0.5303 0.6341
23 -3.4938 -1.7771 184.2501 -0.6360 -0.4967 0.5906 0.5160 0.6708
23 -8.8391 7.3992 181.4948 -0.9338 -0.0143 0.3575 0.5674 0.6432
KMUA_NPC_423.jpg
23 -9.8980 9.9839 173.4293 -0.9494 0.1534 0.2741 0.5856 0.6012
23 -8.6353 2.7882 171.8125 -0.8804 -0.4214 0.2174 0.5388 0.5925
23 -8.8391 7.3992 181.4948 -0.9338 -0.0143 0.3575 0.5674 0.6432
KMUA_NPC_423.jpg
23 -8.6353 2.7882 171.8125 -0.8804 -0.4214 0.2174 0.5388 0.5925
23 -6.8748 1.0131 178.8988 -0.8661 -0.4605 0.1947 0.5303 0.6341
23 -8.8391 7.3992 181.4948 -0.9338 -0.0143 0.3575 0.5674 0.6432
KMUA_NPC_423.jpg
23 -8.6353 2.7882 171.8125 -0.8804 -0.4214 0.2174 0.5388 0.5925
23 -9.8980 9.9839 173.4293 -0.9494 0.1534 0.2741 0.5856 0.6012
23 -12.2016 6.6373 165.3018 -0.7619 -0.3840 0.5216 0.5451 0.5503
KMUA_NPC_423.jpg
23 1.6597 -4.7637 185.2607 -0.0620 -0.7397 0.6701 0.4901 0.6919
23 1.6860 -2.9393 185.8150 -0.0650 -0.3758 0.9244 0.5000 0.6966
23 -3.4938 -1.7771 184.2501 -0.6360 -0.4967 0.5906 0.5160 0.6708
KMUA_NPC_423.jpg
23 -3.4938 -1.7771 184.2501 -0.6360 -0.4967 0.5906 0.5160 0.6708
23 -6.8748 1.0131 178.8988 -0.8661 -0.4605 0.1947 0.5303 0.6341
23 -2.4607 -4.0632 182.0811 -0.3749 -0.9084 -0.1849 0.5018 0.6645
KMUA_NPC_423.jpg
23 -2.4607 -4.0632 182.0811 -0.3749 -0.9084 -0.1849 0.5018 0.6645
23 1.6597 -4.7637 185.2607 -0.0620 -0.7397 0.6701 0.4901 0.6919
23 -3.4938 -1.7771 184.2501 -0.6360 -0.4967 0.5906 0.5160 0.6708
KMUA_NPC_423.jpg
23 -6.8748 1.0131 178.8988 -0.8661 -0.4605 0.1947 0.5303 0.6341
23 -8.6353 2.7882 171.8125 -0.8804 -0.4214 0.2174 0.5388 0.5925
23 -5.3276 -1.6516 177.0916 -0.2186 -0.9411 -0.2578 0.5110 0.6286
KMUA_NPC_423.jpg
23 -5.3276 -1.6516 177.0916 -0.2186 -0.9411 -0.2578 0.5110 0.6286
23 -2.4607 -4.0632 182.0811 -0.3749 -0.9084 -0.1849 0.5018 0.6645
23 -6.8748 1.0131 178.8988 -0.8661 -0.4605 0.1947 0.5303 0.6341
KMUA_NPC_423.jpg
23 -8.6353 2.7882 171.8125 -0.8804 -0.4214 0.2174 0.5388 0.5925
23 -12.2016 6.6373 165.3018 -0.7619 -0.3840 0.5216 0.5451 0.5503
23 -6.7433 -0.3197 169.9700 -0.0188 -0.9996 0.0223 0.5116 0.5850
KMUA_NPC_423.jpg
23 -6.7433 -0.3197 169.9700 -0.0188 -0.9996 0.0223 0.5116 0.5850
23 -5.3276 -1.6516 177.0916 -0.2186 -0.9411 -0.2578 0.5110 0.6286
23 -8.6353 2.7882 171.8125 -0.8804 -0.4214 0.2174 0.5388 0.5925
KMUA_NPC_423.jpg
23 -5.8350 15.2732 181.0058 -0.7160 0.5780 0.3914 0.6111 0.6526
23 -5.1826 19.8086 169.2726 -0.5320 0.7524 0.3883 0.6470 0.5958
23 -9.8980 9.9839 173.4293 -0.9494 0.1534 0.2741 0.5856 0.6012
KMUA_NPC_423.jpg
23 -2.4607 -4.0632 182.0811 -0.3749 -0.9084 -0.1849 0.5018 0.6645
23 -5.3276 -1.6516 177.0916 -0.2186 -0.9411 -0.2578 0.5110 0.6286
23 -0.4841 -0.1525 180.2069 0.3406 -0.5490 -0.7632 0.4833 0.6494
KMUA_NPC_423.jpg
23 -0.4841 -0.1525 180.2069 0.3406 -0.5490 -0.7632 0.4833 0.6494
23 1.9948 -2.0350 180.9324 0.0332 -0.5068 -0.8614 0.4751 0.6646
23 -2.4607 -4.0632 182.0811 -0.3749 -0.9084 -0.1849 0.5018 0.6645
KMUA_NPC_423.jpg
23 1.7620 -5.1419 183.2660 -0.0145 -0.9598 -0.2803 0.4841 0.6831
23 -2.4607 -4.0632 182.0811 -0.3749 -0.9084 -0.1849 0.5018 0.6645
23 1.9948 -2.0350 180.9324 0.0332 -0.5068 -0.8614 0.4751 0.6646
KMUA_NPC_423.jpg
23 1.7620 -5.1419 183.2660 -0.0145 -0.9598 -0.2803 0.4841 0.6831
23 1.6597 -4.7637 185.2607 -0.0620 -0.7397 0.6701 0.4901 0.6919
23 -2.4607 -4.0632 182.0811 -0.3749 -0.9084 -0.1849 0.5018 0.6645
KMUA_NPC_423.jpg
23 -5.3276 -1.6516 177.0916 -0.2186 -0.9411 -0.2578 0.5110 0.6286
23 -6.7433 -0.3197 169.9700 -0.0188 -0.9996 0.0223 0.5116 0.5850
23 -3.1999 2.0020 175.3322 0.6939 -0.6208 -0.3650 0.4885 0.6179
KMUA_NPC_423.jpg
23 -3.1999 2.0020 175.3322 0.6939 -0.6208 -0.3650 0.4885 0.6179
23 -0.4841 -0.1525 180.2069 0.3406 -0.5490 -0.7632 0.4833 0.6494
23 -5.3276 -1.6516 177.0916 -0.2186 -0.9411 -0.2578 0.5110 0.6286
KMUA_NPC_423.jpg
23 -3.9103 2.7782 169.2234 0.6529 -0.7540 -0.0719 0.4843 0.5864
23 -3.1999 2.0020 175.3322 0.6939 -0.6208 -0.3650 0.4885 0.6179
23 -6.7433 -0.3197 169.9700 -0.0188 -0.9996 0.0223 0.5116 0.5850
KMUA_NPC_423.jpg
23 -6.7433 -0.3197 169.9700 -0.0188 -0.9996 0.0223 0.5116 0.5850
23 -10.4430 1.6947 162.6313 -0.4609 -0.7194 0.5197 0.5122 0.5364
23 -3.9103 2.7782 169.2234 0.6529 -0.7540 -0.0719 0.4843 0.5864
KMUA_NPC_423.jpg
4 -8.1301 0.1703 158.4604 -0.2519 -0.6853 0.6833 0.4753 0.5156
23 -7.0221 1.3022 163.7596 -0.2599 -0.7988 0.5425 0.4917 0.5460
23 -10.4430 1.6947 162.6313 -0.4609 -0.7194 0.5197 0.5122 0.5364
KMUA_NPC_423.jpg
23 2.6220 20.2743 182.3938 -0.0026 0.8538 0.5206 0.6496 0.6895
23 3.2153 23.7610 173.9835 0.0251 0.9931 0.1142 0.6810 0.6507
23 -5.8350 15.2732 181.0058 -0.7160 0.5780 0.3914 0.6111 0.6526
KMUA_NPC_423.jpg
23 -5.8350 15.2732 181.0058 -0.7160 0.5780 0.3914 0.6111 0.6526
23 3.2153 23.7610 173.9835 0.0251 0.9931 0.1142 0.6810 0.6507
23 -5.1826 19.8086 169.2726 -0.5320 0.7524 0.3883 0.6470 0.5958
KMUA_NPC_423.jpg
23 2.6220 20.2743 182.3938 -0.0026 0.8538 0.5206 0.6496 0.6895
23 2.0716 14.4135 188.7360 -0.0323 0.5208 0.8531 0.6034 0.7157
23 10.8476 14.7415 181.9622 0.7019 0.5328 0.4727 0.6111 0.6526
KMUA_NPC_423.jpg
23 2.6220 20.2743 182.3938 -0.0026 0.8538 0.5206 0.6496 0.6895
23 10.8476 14.7415 181.9622 0.7019 0.5328 0.4727 0.6111 0.6526
23 3.2153 23.7610 173.9835 0.0251 0.9931 0.1142 0.6810 0.6507
KMUA_NPC_423.jpg
23 2.0716 14.4135 188.7360 -0.0323 0.5208 0.8531 0.6034 0.7157
23 8.0042 9.3027 188.3659 0.5156 0.1732 0.8391 0.5766 0.6851
23 10.8476 14.7415 181.9622 0.7019 0.5328 0.4727 0.6111 0.6526
KMUA_NPC_423.jpg
23 2.0716 14.4135 188.7360 -0.0323 0.5208 0.8531 0.6034 0.7157
23 1.6437 3.3334 190.0402 -0.0641 -0.2980 0.9524 0.5385 0.7154
23 8.0042 9.3027 188.3659 0.5156 0.1732 0.8391 0.5766 0.6851
KMUA_NPC_423.jpg
23 1.6437 3.3334 190.0402 -0.0641 -0.2980 0.9524 0.5385 0.7154
23 1.6860 -2.9393 185.8150 -0.0650 -0.3758 0.9244 0.5000 0.6966
23 8.7654 4.3674 187.0075 0.5812 -0.2877 0.7612 0.5521 0.6752
KMUA_NPC_423.jpg
23 1.6437 3.3334 190.0402 -0.0641 -0.2980 0.9524 0.5385 0.7154
23 8.7654 4.3674 187.0075 0.5812 -0.2877 0.7612 0.5521 0.6752
23 8.0042 9.3027 188.3659 0.5156 0.1732 0.8391 0.5766 0.6851
KMUA_NPC_423.jpg
23 13.2704 6.6946 182.7623 0.8841 -0.0723 0.4617 0.5674 0.6432
23 10.8476 14.7415 181.9622 0.7019 0.5328 0.4727 0.6111 0.6526
23 8.0042 9.3027 188.3659 0.5156 0.1732 0.8391 0.5766 0.6851
KMUA_NPC_423.jpg
23 13.2704 6.6946 182.7623 0.8841 -0.0723 0.4617 0.5674 0.6432
23 8.0042 9.3027 188.3659 0.5156 0.1732 0.8391 0.5766 0.6851
23 8.7654 4.3674 187.0075 0.5812 -0.2877 0.7612 0.5521 0.6752
KMUA_NPC_423.jpg
23 13.2704 6.6946 182.7623 0.8841 -0.0723 0.4617 0.5674 0.6432
23 15.4051 9.1775 174.8799 0.9201 0.0888 0.3816 0.5856 0.6012
23 10.8476 14.7415 181.9622 0.7019 0.5328 0.4727 0.6111 0.6526
KMUA_NPC_423.jpg
23 7.0739 -2.1139 184.8559 0.5316 -0.5339 0.6575 0.5160 0.6708
23 8.7654 4.3674 187.0075 0.5812 -0.2877 0.7612 0.5521 0.6752
23 1.6860 -2.9393 185.8150 -0.0650 -0.3758 0.9244 0.5000 0.6966
KMUA_NPC_423.jpg
23 8.7654 4.3674 187.0075 0.5812 -0.2877 0.7612 0.5521 0.6752
23 7.0739 -2.1139 184.8559 0.5316 -0.5339 0.6575 0.5160 0.6708
23 13.2704 6.6946 182.7623 0.8841 -0.0723 0.4617 0.5674 0.6432
KMUA_NPC_423.jpg
23 1.6860 -2.9393 185.8150 -0.0650 -0.3758 0.9244 0.5000 0.6966
23 1.6597 -4.7637 185.2607 -0.0620 -0.7397 0.6701 0.4901 0.6919
23 7.0739 -2.1139 184.8559 0.5316 -0.5339 0.6575 0.5160 0.6708
KMUA_NPC_423.jpg
23 11.2140 0.4366 179.9358 0.8072 -0.5138 0.2906 0.5303 0.6341
23 13.2704 6.6946 182.7623 0.8841 -0.0723 0.4617 0.5674 0.6432
23 7.0739 -2.1139 184.8559 0.5316 -0.5339 0.6575 0.5160 0.6708
KMUA_NPC_423.jpg
23 13.8811 2.0706 173.1034 0.8263 -0.4751 0.3026 0.5388 0.5925
23 15.4051 9.1775 174.8799 0.9201 0.0888 0.3816 0.5856 0.6012
23 13.2704 6.6946 182.7623 0.8841 -0.0723 0.4617 0.5674 0.6432
KMUA_NPC_423.jpg
23 11.2140 0.4366 179.9358 0.8072 -0.5138 0.2906 0.5303 0.6341
23 13.8811 2.0706 173.1034 0.8263 -0.4751 0.3026 0.5388 0.5925
23 13.2704 6.6946 182.7623 0.8841 -0.0723 0.4617 0.5674 0.6432
KMUA_NPC_423.jpg
23 13.8811 2.0706 173.1034 0.8263 -0.4751 0.3026 0.5388 0.5925
23 17.1222 1.6847 166.7439 0.5291 -0.5936 0.6065 0.5451 0.5503
23 15.4051 9.1775 174.8799 0.9201 0.0888 0.3816 0.5856 0.6012
KMUA_NPC_423.jpg
23 7.0739 -2.1139 184.8559 0.5316 -0.5339 0.6575 0.5160 0.6708
23 6.1522 -4.3378 182.5749 0.3352 -0.9311 -0.1442 0.5018 0.6645
23 11.2140 0.4366 179.9358 0.8072 -0.5138 0.2906 0.5303 0.6341
KMUA_NPC_423.jpg
23 1.6597 -4.7637 185.2607 -0.0620 -0.7397 0.6701 0.4901 0.6919
23 6.1522 -4.3378 182.5749 0.3352 -0.9311 -0.1442 0.5018 0.6645
23 7.0739 -2.1139 184.8559 0.5316 -0.5339 0.6575 0.5160 0.6708
KMUA_NPC_423.jpg
23 1.7620 -5.1419 183.2660 -0.0145 -0.9598 -0.2803 0.4841 0.6831
23 1.9948 -2.0350 180.9324 0.0332 -0.5068 -0.8614 0.4751 0.6646
23 6.1522 -4.3378 182.5749 0.3352 -0.9311 -0.1442 0.5018 0.6645
KMUA_NPC_423.jpg
23 1.6597 -4.7637 185.2607 -0.0620 -0.7397 0.6701 0.4901 0.6919
23 1.7620 -5.1419 183.2660 -0.0145 -0.9598 -0.2803 0.4841 0.6831
23 6.1522 -4.3378 182.5749 0.3352 -0.9311 -0.1442 0.5018 0.6645
KMUA_NPC_423.jpg
23 11.2140 0.4366 179.9358 0.8072 -0.5138 0.2906 0.5303 0.6341
23 9.7173 -2.1311 177.9541 0.1864 -0.9541 -0.2346 0.5110 0.6286
23 13.8811 2.0706 173.1034 0.8263 -0.4751 0.3026 0.5388 0.5925
KMUA_NPC_423.jpg
23 9.7173 -2.1311 177.9541 0.1864 -0.9541 -0.2346 0.5110 0.6286
23 11.2140 0.4366 179.9358 0.8072 -0.5138 0.2906 0.5303 0.6341
23 6.1522 -4.3378 182.5749 0.3352 -0.9311 -0.1442 0.5018 0.6645
KMUA_NPC_423.jpg
23 13.8811 2.0706 173.1034 0.8263 -0.4751 0.3026 0.5388 0.5925
23 12.0185 -0.9177 171.0456 -0.0369 -0.9993 0.0106 0.5116 0.5850
23 17.1222 1.6847 166.7439 0.5291 -0.5936 0.6065 0.5451 0.5503
KMUA_NPC_423.jpg
23 12.0185 -0.9177 171.0456 -0.0369 -0.9993 0.0106 0.5116 0.5850
23 13.8811 2.0706 173.1034 0.8263 -0.4751 0.3026 0.5388 0.5925
23 9.7173 -2.1311 177.9541 0.1864 -0.9541 -0.2346 0.5110 0.6286
KMUA_NPC_423.jpg
23 3.2153 23.7610 173.9835 0.0251 0.9931 0.1142 0.6810 0.6507
23 13.7380 17.4633 170.3526 0.6636 0.6013 0.4450 0.6470 0.5958
23 4.8115 22.3083 168.1935 0.1040 0.9512 0.2905 0.7016 0.6254
KMUA_NPC_423.jpg
23 10.8476 14.7415 181.9622 0.7019 0.5328 0.4727 0.6111 0.6526
23 13.7380 17.4633 170.3526 0.6636 0.6013 0.4450 0.6470 0.5958
23 3.2153 23.7610 173.9835 0.0251 0.9931 0.1142 0.6810 0.6507
KMUA_NPC_423.jpg
23 6.1522 -4.3378 182.5749 0.3352 -0.9311 -0.1442 0.5018 0.6645
23 4.6547 -0.3163 180.5015 -0.2854 -0.5291 -0.7991 0.4833 0.6494
23 9.7173 -2.1311 177.9541 0.1864 -0.9541 -0.2346 0.5110 0.6286
KMUA_NPC_423.jpg
23 4.6547 -0.3163 180.5015 -0.2854 -0.5291 -0.7991 0.4833 0.6494
23 6.1522 -4.3378 182.5749 0.3352 -0.9311 -0.1442 0.5018 0.6645
23 1.9948 -2.0350 180.9324 0.0332 -0.5068 -0.8614 0.4751 0.6646
KMUA_NPC_423.jpg
23 9.7173 -2.1311 177.9541 0.1864 -0.9541 -0.2346 0.5110 0.6286
23 8.0405 1.6438 175.9766 -0.6856 -0.5768 -0.4441 0.4885 0.6179
23 12.0185 -0.9177 171.0456 -0.0369 -0.9993 0.0106 0.5116 0.5850
KMUA_NPC_423.jpg
23 8.0405 1.6438 175.9766 -0.6856 -0.5768 -0.4441 0.4885 0.6179
23 9.7173 -2.1311 177.9541 0.1864 -0.9541 -0.2346 0.5110 0.6286
23 4.6547 -0.3163 180.5015 -0.2854 -0.5291 -0.7991 0.4833 0.6494
KMUA_NPC_423.jpg
23 9.4916 2.3510 169.9918 -0.6841 -0.7138 -0.1502 0.4843 0.5864
23 12.0185 -0.9177 171.0456 -0.0369 -0.9993 0.0106 0.5116 0.5850
23 8.0405 1.6438 175.9766 -0.6856 -0.5768 -0.4441 0.4885 0.6179
KMUA_NPC_423.jpg
23 12.0185 -0.9177 171.0456 -0.0369 -0.9993 0.0106 0.5116 0.5850
23 9.4916 2.3510 169.9918 -0.6841 -0.7138 -0.1502 0.4843 0.5864
23 14.2150 -2.7701 163.6872 0.1325 -0.8211 0.5552 0.5122 0.5364
KMUA_NPC_423.jpg
15 -18.4181 9.6283 157.4815 -0.6177 -0.3824 0.6872 0.1520 0.5599
23 -10.4430 1.6947 162.6313 -0.4609 -0.7194 0.5197 0.2036 0.5269
23 -12.2016 6.6373 165.3018 -0.7619 -0.3840 0.5216 0.1721 0.4977
KMUA_NPC_423.jpg
15 -18.4181 9.6283 157.4815 -0.6177 -0.3824 0.6872 0.1520 0.5599
4 -15.4609 -4.8308 151.3782 -0.5325 -0.6516 0.5403 0.2334 0.6266
23 -10.4430 1.6947 162.6313 -0.4609 -0.7194 0.5197 0.2036 0.5269
KMUA_NPC_423.jpg
4 -8.1301 0.1703 158.4604 -0.2519 -0.6853 0.6833 0.2505 0.5504
23 -10.4430 1.6947 162.6313 -0.4609 -0.7194 0.5197 0.2036 0.5269
4 -15.4609 -4.8308 151.3782 -0.5325 -0.6516 0.5403 0.2334 0.6266
KMUA_NPC_423.jpg
4 -8.1301 0.1703 158.4604 -0.2519 -0.6853 0.6833 0.2505 0.5504
4 -15.4609 -4.8308 151.3782 -0.5325 -0.6516 0.5403 0.2334 0.6266
4 -2.1625 -4.5068 157.8843 -0.2939 -0.6107 0.7353 0.3045 0.5514
KMUA_NPC_423.jpg
4 -5.7310 -13.8572 148.0198 -0.3533 -0.8225 0.4457 0.3263 0.6445
4 -2.1625 -4.5068 157.8843 -0.2939 -0.6107 0.7353 0.3045 0.5514
4 -15.4609 -4.8308 151.3782 -0.5325 -0.6516 0.5403 0.2334 0.6266
KMUA_NPC_423.jpg
4 -5.7310 -13.8572 148.0198 -0.3533 -0.8225 0.4457 0.3263 0.6445
4 7.2051 -14.4459 152.4629 -0.0696 -0.8453 0.5297 0.4011 0.5881
4 -2.1625 -4.5068 157.8843 -0.2939 -0.6107 0.7353 0.3045 0.5514
KMUA_NPC_423.jpg
4 5.2510 -5.5062 159.1007 -0.3715 -0.6343 0.6780 0.3528 0.5267
4 -2.1625 -4.5068 157.8843 -0.2939 -0.6107 0.7353 0.3045 0.5514
4 7.2051 -14.4459 152.4629 -0.0696 -0.8453 0.5297 0.4011 0.5881
KMUA_NPC_423.jpg
15 -28.0335 10.9805 152.3812 -0.5485 -0.5156 0.6583 0.1000 0.6160
4 -15.4609 -4.8308 151.3782 -0.5325 -0.6516 0.5403 0.2334 0.6266
15 -18.4181 9.6283 157.4815 -0.6177 -0.3824 0.6872 0.1520 0.5599
KMUA_NPC_423.jpg
15 -18.4181 9.6283 157.4815 -0.6177 -0.3824 0.6872 0.1520 0.5599
23 -12.2016 6.6373 165.3018 -0.7619 -0.3840 0.5216 0.1721 0.4977
15 -17.6600 18.9143 163.0872 -0.4552 0.0559 0.8887 0.1062 0.5004
KMUA_NPC_423.jpg
15 -17.6600 18.9143 163.0872 -0.4552 0.0559 0.8887 0.1062 0.5004
15 -28.0335 10.9805 152.3812 -0.5485 -0.5156 0.6583 0.1000 0.6160
15 -18.4181 9.6283 157.4815 -0.6177 -0.3824 0.6872 0.1520 0.5599
KMUA_NPC_423.jpg
15 -28.1764 26.9905 159.7569 -0.1661 -0.0664 0.9839 0.0143 0.5285
15 -28.0335 10.9805 152.3812 -0.5485 -0.5156 0.6583 0.1000 0.6160
15 -17.6600 18.9143 163.0872 -0.4552 0.0559 0.8887 0.1062 0.5004
KMUA_NPC_423.jpg
4 5.2510 -5.5062 159.1007 -0.3715 -0.6343 0.6780 0.3528 0.5267
4 7.2051 -14.4459 152.4629 -0.0696 -0.8453 0.5297 0.4011 0.5881
23 14.2150 -2.7701 163.6872 0.1325 -0.8211 0.5552 0.3875 0.4851
KMUA_NPC_423.jpg
6 28.9336 13.6404 159.5331 0.4837 0.5622 0.6708 0.5180 0.0060
23 19.6302 15.7955 164.8497 0.5549 0.4209 0.7176 0.4949 0.0630
6 24.9986 -0.2099 165.2136 0.3990 -0.2689 0.8766 0.4043 0.0103
KMUA_NPC_423.jpg
15 -14.7934 34.1100 156.3216 0.1614 0.7565 0.6338 0.2980 0.3241
15 -28.1764 26.9905 159.7569 -0.1661 -0.0664 0.9839 0.4150 0.3534
15 -17.6600 18.9143 163.0872 -0.4552 0.0559 0.8887 0.3566 0.4412
KMUA_NPC_423.jpg
15 -17.6600 18.9143 163.0872 -0.4552 0.0559 0.8887 0.3566 0.4412
23 -12.5899 12.6880 166.9965 -0.6982 0.1558 0.6987 0.3185 0.4797
4 -8.5557 22.7766 163.4112 -0.3107 0.6206 0.7199 0.2530 0.4192
KMUA_NPC_423.jpg
15 -24.5278 22.3568 162.3022 -0.5532 -0.8326 -0.0269 0.4651 0.5542
15 -24.1044 23.9305 163.6566 -0.2327 0.1917 0.9535 0.4516 0.5510
15 -30.9189 27.2872 162.1782 -0.8913 0.4533 -0.0078 0.4678 0.4996
KMUA_NPC_423.jpg
15 -23.5945 23.4472 160.7434 0.0255 -0.0894 -0.9957 0.4789 0.5543
15 -24.5278 22.3568 162.3022 -0.5532 -0.8326 -0.0269 0.4651 0.5542
15 -30.9189 27.2872 162.1782 -0.8913 0.4533 -0.0078 0.4678 0.4996
KMUA_NPC_423.jpg
15 -24.1044 23.9305 163.6566 -0.2327 0.1917 0.9535 0.4516 0.5510
15 -24.5278 22.3568 162.3022 -0.5532 -0.8326 -0.0269 0.4651 0.5542
15 -17.9290 21.0057 166.5220 -0.4779 0.3065 0.8232 0.4378 0.5928
KMUA_NPC_423.jpg
15 -24.5278 22.3568 162.3022 -0.5532 -0.8326 -0.0269 0.4651 0.5542
15 -23.5945 23.4472 160.7434 0.0255 -0.0894 -0.9957 0.4789 0.5543
15 -18.1304 18.6064 164.9587 -0.4701 -0.8818 -0.0365 0.4571 0.5980
KMUA_NPC_423.jpg
15 -18.1304 18.6064 164.9587 -0.4701 -0.8818 -0.0365 0.4571 0.5980
15 -17.9290 21.0057 166.5220 -0.4779 0.3065 0.8232 0.4378 0.5928
15 -24.5278 22.3568 162.3022 -0.5532 -0.8326 -0.0269 0.4651 0.5542
KMUA_NPC_423.jpg
15 -16.4144 19.9723 163.1064 0.3686 -0.2563 -0.8936 0.4770 0.5999
15 -18.1304 18.6064 164.9587 -0.4701 -0.8818 -0.0365 0.4571 0.5980
15 -23.5945 23.4472 160.7434 0.0255 -0.0894 -0.9957 0.4789 0.5543
KMUA_NPC_423.jpg
15 -17.9290 21.0057 166.5220 -0.4779 0.3065 0.8232 0.4378 0.5928
15 -18.1304 18.6064 164.9587 -0.4701 -0.8818 -0.0365 0.4571 0.5980
15 -12.1590 18.5348 172.6113 0.0453 0.0535 0.9975 0.4161 0.6389
KMUA_NPC_423.jpg
15 -12.3223 15.4547 170.4397 0.0459 -0.9290 0.3673 0.4460 0.6450
15 -12.1590 18.5348 172.6113 0.0453 0.0535 0.9975 0.4161 0.6389
15 -18.1304 18.6064 164.9587 -0.4701 -0.8818 -0.0365 0.4571 0.5980
KMUA_NPC_423.jpg
15 -18.1304 18.6064 164.9587 -0.4701 -0.8818 -0.0365 0.4571 0.5980
15 -16.4144 19.9723 163.1064 0.3686 -0.2563 -0.8936 0.4770 0.5999
15 -12.3223 15.4547 170.4397 0.0459 -0.9290 0.3673 0.4460 0.6450
KMUA_NPC_423.jpg
15 -10.2085 17.1841 167.9550 0.8017 -0.4393 -0.4052 0.4693 0.6541
15 -12.3223 15.4547 170.4397 0.0459 -0.9290 0.3673 0.4460 0.6450
15 -16.4144 19.9723 163.1064 0.3686 -0.2563 -0.8936 0.4770 0.5999
KMUA_NPC_423.jpg
15 -9.9101 20.1915 170.0762 0.7976 0.5471 0.2540 0.3117 0.4904
15 -12.1590 18.5348 172.6113 0.0453 0.0535 0.9975 0.2562 0.4494
15 -10.2085 17.1841 167.9550 0.8017 -0.4393 -0.4052 0.2705 0.5440
KMUA_NPC_423.jpg
15 -12.3223 15.4547 170.4397 0.0459 -0.9290 0.3673 0.2152 0.5050
15 -10.2085 17.1841 167.9550 0.8017 -0.4393 -0.4052 0.2705 0.5440
15 -12.1590 18.5348 172.6113 0.0453 0.0535 0.9975 0.2562 0.4494
KMUA_NPC_423.jpg
15 -24.1044 23.9305 163.6566 -0.2327 0.1917 0.9535 0.4516 0.5510
15 -23.1711 25.0209 162.0978 0.3421 0.9256 -0.1619 0.4651 0.5542
15 -30.9189 27.2872 162.1782 -0.8913 0.4533 -0.0078 0.4678 0.4996
KMUA_NPC_423.jpg
15 -23.1711 25.0209 162.0978 0.3421 0.9256 -0.1619 0.4651 0.5542
15 -23.5945 23.4472 160.7434 0.0255 -0.0894 -0.9957 0.4789 0.5543
15 -30.9189 27.2872 162.1782 -0.8913 0.4533 -0.0078 0.4678 0.4996
KMUA_NPC_423.jpg
15 -24.1044 23.9305 163.6566 -0.2327 0.1917 0.9535 0.4516 0.5510
15 -17.9290 21.0057 166.5220 -0.4779 0.3065 0.8232 0.4378 0.5928
15 -23.1711 25.0209 162.0978 0.3421 0.9256 -0.1619 0.4651 0.5542
KMUA_NPC_423.jpg
15 -23.1711 25.0209 162.0978 0.3421 0.9256 -0.1619 0.4651 0.5542
15 -16.2130 22.3716 164.6697 0.4303 0.8861 -0.1722 0.4571 0.5980
15 -23.5945 23.4472 160.7434 0.0255 -0.0894 -0.9957 0.4789 0.5543
KMUA_NPC_423.jpg
15 -16.4144 19.9723 163.1064 0.3686 -0.2563 -0.8936 0.4770 0.5999
15 -23.5945 23.4472 160.7434 0.0255 -0.0894 -0.9957 0.4789 0.5543
15 -16.2130 22.3716 164.6697 0.4303 0.8861 -0.1722 0.4571 0.5980
KMUA_NPC_423.jpg
15 -17.9290 21.0057 166.5220 -0.4779 0.3065 0.8232 0.4378 0.5928
15 -12.1590 18.5348 172.6113 0.0453 0.0535 0.9975 0.4161 0.6389
15 -16.2130 22.3716 164.6697 0.4303 0.8861 -0.1722 0.4571 0.5980
KMUA_NPC_423.jpg
15 -16.2130 22.3716 164.6697 0.4303 0.8861 -0.1722 0.4571 0.5980
15 -23.1711 25.0209 162.0978 0.3421 0.9256 -0.1619 0.4651 0.5542
15 -17.9290 21.0057 166.5220 -0.4779 0.3065 0.8232 0.4378 0.5928
KMUA_NPC_423.jpg
15 -9.9101 20.1915 170.0762 0.7976 0.5471 0.2540 0.4460 0.6450
15 -16.2130 22.3716 164.6697 0.4303 0.8861 -0.1722 0.4571 0.5980
15 -12.1590 18.5348 172.6113 0.0453 0.0535 0.9975 0.4161 0.6389
KMUA_NPC_423.jpg
15 -16.2130 22.3716 164.6697 0.4303 0.8861 -0.1722 0.4571 0.5980
15 -9.9101 20.1915 170.0762 0.7976 0.5471 0.2540 0.4460 0.6450
15 -16.4144 19.9723 163.1064 0.3686 -0.2563 -0.8936 0.4770 0.5999
KMUA_NPC_423.jpg
15 -10.2085 17.1841 167.9550 0.8017 -0.4393 -0.4052 0.4693 0.6541
15 -16.4144 19.9723 163.1064 0.3686 -0.2563 -0.8936 0.4770 0.5999
15 -9.9101 20.1915 170.0762 0.7976 0.5471 0.2540 0.4460 0.6450
KMUA_NPC_423.jpg
17 -14.2683 25.4839 105.8856 0.8041 -0.5332 -0.2629 0.0038 0.6298
17 -13.1096 39.7749 105.2447 0.8524 0.5022 -0.1458 0.0643 0.6298
17 -12.3335 21.7011 117.3332 0.6472 -0.6786 -0.3472 0.0038 0.7131
KMUA_NPC_423.jpg
17 -13.1096 39.7749 105.2447 0.8524 0.5022 -0.1458 0.0643 0.6298
17 -20.8374 44.1784 108.0876 0.0537 0.9882 0.1436 0.1086 0.6298
17 -7.6190 35.9951 120.1504 0.9080 0.3801 -0.1761 0.0677 0.7081
KMUA_NPC_423.jpg
17 -20.8374 44.1784 108.0876 0.0537 0.9882 0.1436 0.1086 0.6298
17 -29.7691 38.1286 110.7275 -0.7599 0.6067 0.2334 0.1576 0.6298
17 -18.8925 41.3301 124.3833 -0.2229 0.7186 -0.6588 0.1196 0.7213
KMUA_NPC_423.jpg
17 -26.9650 19.8200 108.7799 -0.2662 -0.9623 0.0560 0.0643 0.6298
17 -14.2683 25.4839 105.8856 0.8041 -0.5332 -0.2629 0.0038 0.6298
17 -24.6940 19.0797 119.0337 -0.4272 -0.9012 -0.0739 0.0675 0.7081
KMUA_NPC_423.jpg
17 -29.7691 38.1286 110.7275 -0.7599 0.6067 0.2334 0.1576 0.6298
17 -32.5748 27.4495 110.9923 -0.9150 -0.2604 0.3083 0.1086 0.6298
17 -26.9386 36.0797 124.9039 -0.6199 0.5176 -0.5898 0.1576 0.7233
KMUA_NPC_423.jpg
17 -32.5748 27.4495 110.9923 -0.9150 -0.2604 0.3083 0.1086 0.6298
17 -26.9650 19.8200 108.7799 -0.2662 -0.9623 0.0560 0.0643 0.6298
17 -28.3812 28.4442 123.1757 -0.8148 0.1332 -0.5643 0.1196 0.7213
KMUA_NPC_423.jpg
17 -30.9671 40.4169 116.2999 -0.7690 0.5955 -0.2324 0.0053 0.9946
17 -19.2527 47.0951 114.3438 -0.0345 0.9760 -0.2149 0.0528 0.9941
17 -29.7691 38.1286 110.7275 -0.8241 0.5482 -0.1427 0.0053 0.9562
KMUA_NPC_423.jpg
17 -20.8374 44.1784 108.0876 -0.0632 0.9739 -0.2178 0.0539 0.9516
17 -29.7691 38.1286 110.7275 -0.8241 0.5482 -0.1427 0.0053 0.9562
17 -19.2527 47.0951 114.3438 -0.0345 0.9760 -0.2149 0.0528 0.9941
KMUA_NPC_423.jpg
17 -19.2527 47.0951 114.3438 -0.0345 0.9760 -0.2149 0.0528 0.9941
17 -8.2039 40.1523 109.8905 0.7823 0.4524 -0.4281 0.0989 0.9900
17 -20.8374 44.1784 108.0876 -0.0632 0.9739 -0.2178 0.0539 0.9516
KMUA_NPC_423.jpg
17 -13.1096 39.7749 105.2447 0.6810 0.4929 -0.5415 0.0973 0.9499
17 -20.8374 44.1784 108.0876 -0.0632 0.9739 -0.2178 0.0539 0.9516
17 -8.2039 40.1523 109.8905 0.7823 0.4524 -0.4281 0.0989 0.9900
KMUA_NPC_423.jpg
17 -13.1096 39.7749 105.2447 0.6810 0.4929 -0.5415 0.0973 0.9499
17 -15.3391 39.2869 100.1933 0.8619 0.4965 -0.1027 0.0989 0.9127
17 -20.8374 44.1784 108.0876 -0.0632 0.9739 -0.2178 0.0539 0.9516
KMUA_NPC_423.jpg
17 -13.1096 39.7749 105.2447 0.6810 0.4929 -0.5415 0.0973 0.9499
17 -8.2039 40.1523 109.8905 0.7823 0.4524 -0.4281 0.0989 0.9900
17 -14.2683 25.4839 105.8856 0.6684 -0.5623 -0.4869 0.1574 0.9562
KMUA_NPC_423.jpg
17 -13.1096 39.7749 105.2447 0.6810 0.4929 -0.5415 0.0973 0.9499
17 -14.2683 25.4839 105.8856 0.6684 -0.5623 -0.4869 0.1574 0.9562
17 -15.3391 39.2869 100.1933 0.8619 0.4965 -0.1027 0.0989 0.9127
KMUA_NPC_423.jpg
17 -15.0977 26.4300 101.5903 0.8535 -0.5211 -0.0032 0.1574 0.9167
17 -15.3391 39.2869 100.1933 0.8619 0.4965 -0.1027 0.0989 0.9127
17 -14.2683 25.4839 105.8856 0.6684 -0.5623 -0.4869 0.1574 0.9562
KMUA_NPC_423.jpg
17 -15.3391 39.2869 100.1933 0.8619 0.4965 -0.1027 0.0989 0.9127
17 -15.0977 26.4300 101.5903 0.8535 -0.5211 -0.0032 0.1574 0.9167
18 -14.2354 38.4102 96.0914 0.9346 0.3502 -0.0617 0.0992 0.8852
KMUA_NPC_423.jpg
17 -20.8374 44.1784 108.0876 -0.0632 0.9739 -0.2178 0.0539 0.9516
17 -23.9711 44.2554 102.6628 -0.0692 0.9804 0.1845 0.0501 0.9135
17 -29.7691 38.1286 110.7275 -0.8241 0.5482 -0.1427 0.0053 0.9562
KMUA_NPC_423.jpg
17 -23.9711 44.2554 102.6628 -0.0692 0.9804 0.1845 0.0501 0.9135
17 -20.8374 44.1784 108.0876 -0.0632 0.9739 -0.2178 0.0539 0.9516
17 -15.3391 39.2869 100.1933 0.8619 0.4965 -0.1027 0.0989 0.9127
KMUA_NPC_423.jpg
17 -12.8748 24.0052 108.5991 0.5111 -0.5193 -0.6849 0.1574 0.9946
17 -14.2683 25.4839 105.8856 0.6684 -0.5623 -0.4869 0.1574 0.9562
17 -8.2039 40.1523 109.8905 0.7823 0.4524 -0.4281 0.0989 0.9900
KMUA_NPC_423.jpg
17 -23.9711 44.2554 102.6628 -0.0692 0.9804 0.1845 0.0501 0.9135
17 -15.3391 39.2869 100.1933 0.8619 0.4965 -0.1027 0.0989 0.9127
18 -23.4919 45.5477 96.8002 0.1644 0.9661 0.1990 0.0504 0.8801
KMUA_NPC_423.jpg
17 -23.9711 44.2554 102.6628 -0.0692 0.9804 0.1845 0.0501 0.9135
18 -23.4919 45.5477 96.8002 0.1644 0.9661 0.1990 0.0504 0.8801
17 -30.2134 38.2264 105.7879 -0.7415 0.5592 0.3708 0.0053 0.9167
KMUA_NPC_423.jpg
17 -30.2134 38.2264 105.7879 -0.7415 0.5592 0.3708 0.0053 0.9167
17 -29.7691 38.1286 110.7275 -0.8241 0.5482 -0.1427 0.0053 0.9562
17 -23.9711 44.2554 102.6628 -0.0692 0.9804 0.1845 0.0501 0.9135
KMUA_NPC_423.jpg
17 -14.2683 25.4839 105.8856 0.6684 -0.5623 -0.4869 0.1574 0.9562
17 -26.9650 19.8200 108.7799 -0.2957 -0.8889 -0.3500 0.0973 0.9499
17 -15.0977 26.4300 101.5903 0.8535 -0.5211 -0.0032 0.1574 0.9167
KMUA_NPC_423.jpg
17 -12.8748 24.0052 108.5991 0.5111 -0.5193 -0.6849 0.1574 0.9946
17 -27.2336 17.6046 112.8158 -0.3497 -0.8655 -0.3587 0.0989 0.9900
17 -14.2683 25.4839 105.8856 0.6684 -0.5623 -0.4869 0.1574 0.9562
KMUA_NPC_423.jpg
17 -26.9650 19.8200 108.7799 -0.2957 -0.8889 -0.3500 0.0973 0.9499
17 -14.2683 25.4839 105.8856 0.6684 -0.5623 -0.4869 0.1574 0.9562
17 -27.2336 17.6046 112.8158 -0.3497 -0.8655 -0.3587 0.0989 0.9900
KMUA_NPC_423.jpg
17 -26.9650 19.8200 108.7799 -0.2957 -0.8889 -0.3500 0.0973 0.9499
17 -27.2336 17.6046 112.8158 -0.3497 -0.8655 -0.3587 0.0989 0.9900
17 -32.5748 27.4495 110.9923 -0.9633 -0.1871 -0.1923 0.0539 0.9516
KMUA_NPC_423.jpg
17 -29.7691 38.1286 110.7275 -0.8241 0.5482 -0.1427 0.0053 0.9562
17 -30.2134 38.2264 105.7879 -0.7415 0.5592 0.3708 0.0053 0.9167
17 -32.5748 27.4495 110.9923 -0.9633 -0.1871 -0.1923 0.0539 0.9516
KMUA_NPC_423.jpg
17 -34.8414 26.7319 115.7852 -0.9707 -0.1408 -0.1947 0.0528 0.9941
17 -32.5748 27.4495 110.9923 -0.9633 -0.1871 -0.1923 0.0539 0.9516
17 -27.2336 17.6046 112.8158 -0.3497 -0.8655 -0.3587 0.0989 0.9900
KMUA_NPC_423.jpg
17 -30.9671 40.4169 116.2999 -0.7690 0.5955 -0.2324 0.0053 0.9946
17 -29.7691 38.1286 110.7275 -0.8241 0.5482 -0.1427 0.0053 0.9562
17 -34.8414 26.7319 115.7852 -0.9707 -0.1408 -0.1947 0.0528 0.9941
KMUA_NPC_423.jpg
17 -32.5748 27.4495 110.9923 -0.9633 -0.1871 -0.1923 0.0539 0.9516
17 -34.8414 26.7319 115.7852 -0.9707 -0.1408 -0.1947 0.0528 0.9941
17 -29.7691 38.1286 110.7275 -0.8241 0.5482 -0.1427 0.0053 0.9562
KMUA_NPC_423.jpg
17 -33.7100 28.4587 106.0184 -0.8873 -0.1795 0.4249 0.0501 0.9135
17 -32.5748 27.4495 110.9923 -0.9633 -0.1871 -0.1923 0.0539 0.9516
17 -30.2134 38.2264 105.7879 -0.7415 0.5592 0.3708 0.0053 0.9167
KMUA_NPC_423.jpg
17 -33.7100 28.4587 106.0184 -0.8873 -0.1795 0.4249 0.0501 0.9135
17 -30.2134 38.2264 105.7879 -0.7415 0.5592 0.3708 0.0053 0.9167
18 -37.6279 30.6019 101.3762 -0.8501 -0.0658 0.5225 0.0504 0.8801
KMUA_NPC_423.jpg
17 -26.9650 19.8200 108.7799 -0.2957 -0.8889 -0.3500 0.0973 0.9499
17 -32.5748 27.4495 110.9923 -0.9633 -0.1871 -0.1923 0.0539 0.9516
17 -27.6819 20.9369 104.1129 -0.2133 -0.9723 0.0958 0.0989 0.9127
KMUA_NPC_423.jpg
17 -33.7100 28.4587 106.0184 -0.8873 -0.1795 0.4249 0.0501 0.9135
17 -27.6819 20.9369 104.1129 -0.2133 -0.9723 0.0958 0.0989 0.9127
17 -32.5748 27.4495 110.9923 -0.9633 -0.1871 -0.1923 0.0539 0.9516
KMUA_NPC_423.jpg
17 -27.6819 20.9369 104.1129 -0.2133 -0.9723 0.0958 0.0989 0.9127
17 -15.0977 26.4300 101.5903 0.8535 -0.5211 -0.0032 0.1574 0.9167
17 -26.9650 19.8200 108.7799 -0.2957 -0.8889 -0.3500 0.0973 0.9499
KMUA_NPC_423.jpg
17 -33.7100 28.4587 106.0184 -0.8873 -0.1795 0.4249 0.0501 0.9135
18 -37.6279 30.6019 101.3762 -0.8501 -0.0658 0.5225 0.0504 0.8801
17 -27.6819 20.9369 104.1129 -0.2133 -0.9723 0.0958 0.0989 0.9127
KMUA_NPC_423.jpg
17 -27.6819 20.9369 104.1129 -0.2133 -0.9723 0.0958 0.0989 0.9127
18 -30.5833 20.3571 99.9580 -0.2736 -0.9534 0.1269 0.0992 0.8852
17 -15.0977 26.4300 101.5903 0.8535 -0.5211 -0.0032 0.1574 0.9167
KMUA_NPC_423.jpg
8 45.3400 -10.7181 125.2978 0.5488 -0.8170 0.1771 0.1673 0.9448
8 51.5444 0.2269 126.0051 0.9495 -0.0486 0.3100 0.2064 0.9429
8 44.2783 -9.6954 129.7260 0.5613 -0.5355 -0.6311 0.1673 0.9197
KMUA_NPC_423.jpg
8 44.9928 -11.3665 117.8760 0.5066 -0.8606 0.0515 0.1673 0.9922
8 51.5444 0.2269 126.0051 0.9495 -0.0486 0.3100 0.2064 0.9429
8 45.3400 -10.7181 125.2978 0.5488 -0.8170 0.1771 0.1673 0.9448
KMUA_NPC_423.jpg
8 44.2908 12.5167 122.0020 0.3167 0.9476 -0.0426 0.2648 0.9374
8 42.3579 13.4126 128.1846 0.3016 0.9534 0.0120 0.2648 0.9183
8 51.5444 0.2269 126.0051 0.9495 -0.0486 0.3100 0.2064 0.9429
KMUA_NPC_423.jpg
8 28.8693 8.9375 119.7407 -0.6747 0.7218 -0.1544 0.3212 0.9386
8 28.1338 8.3392 122.5663 -0.2543 0.4664 -0.8472 0.3212 0.9183
8 44.2908 12.5167 122.0020 0.3167 0.9476 -0.0426 0.2648 0.9374
KMUA_NPC_423.jpg
8 30.5318 8.1605 113.9320 -0.6510 0.7053 -0.2807 0.3212 0.9701
8 28.8693 8.9375 119.7407 -0.6747 0.7218 -0.1544 0.3212 0.9386
8 44.2908 12.5167 122.0020 0.3167 0.9476 -0.0426 0.2648 0.9374
KMUA_NPC_423.jpg
8 28.8693 8.9375 119.7407 -0.6747 0.7218 -0.1544 0.3212 0.9386
8 25.5651 -5.4272 120.3073 -0.9415 -0.3231 -0.0957 0.2648 0.9374
8 28.1338 8.3392 122.5663 -0.2543 0.4664 -0.8472 0.3212 0.9183
KMUA_NPC_423.jpg
8 30.5318 8.1605 113.9320 -0.6510 0.7053 -0.2807 0.3212 0.9701
8 25.5651 -5.4272 120.3073 -0.9415 -0.3231 -0.0957 0.2648 0.9374
8 28.8693 8.9375 119.7407 -0.6747 0.7218 -0.1544 0.3212 0.9386
KMUA_NPC_423.jpg
8 34.9979 -12.1393 123.0087 -0.2081 -0.9659 0.1543 0.2064 0.9429
8 34.5085 -11.3676 127.0715 -0.0363 -0.9351 -0.3524 0.2047 0.9209
8 25.5651 -5.4272 120.3073 -0.9415 -0.3231 -0.0957 0.2648 0.9374
KMUA_NPC_423.jpg
8 45.3400 -10.7181 125.2978 0.5488 -0.8170 0.1771 0.1673 0.9448
8 34.9979 -12.1393 123.0087 -0.2081 -0.9659 0.1543 0.2064 0.9429
8 44.9928 -11.3665 117.8760 0.5066 -0.8606 0.0515 0.1673 0.9922
KMUA_NPC_423.jpg
8 44.1074 8.5810 116.5559 0.4779 0.8247 -0.3023 0.9242 0.6413
8 49.1957 -3.4766 119.1939 0.9758 -0.2047 0.0769 0.9243 0.5817
8 44.4059 6.1141 111.6865 0.3313 0.8144 0.4764 0.8871 0.6413
KMUA_NPC_423.jpg
8 44.1074 8.5810 116.5559 0.4779 0.8247 -0.3023 0.9242 0.6413
8 44.4059 6.1141 111.6865 0.3313 0.8144 0.4764 0.8871 0.6413
8 32.8046 5.5599 115.3960 -0.5979 0.6549 -0.4622 0.9355 0.6980
KMUA_NPC_423.jpg
8 49.1957 -3.4766 119.1939 0.9758 -0.2047 0.0769 0.9243 0.5817
8 44.1074 8.5810 116.5559 0.4779 0.8247 -0.3023 0.9242 0.6413
8 49.0267 -2.8327 122.2928 0.9800 -0.1574 0.1220 0.9439 0.5817
KMUA_NPC_423.jpg
8 49.1957 -3.4766 119.1939 0.9758 -0.2047 0.0769 0.9243 0.5817
8 49.0267 -2.8327 122.2928 0.9800 -0.1574 0.1220 0.9439 0.5817
8 42.7643 -9.8564 120.5456 0.4640 -0.8811 0.0918 0.9355 0.5375
KMUA_NPC_423.jpg
8 42.7643 -9.8564 120.5456 0.4640 -0.8811 0.0918 0.9355 0.5375
8 49.0267 -2.8327 122.2928 0.9800 -0.1574 0.1220 0.9439 0.5817
8 40.7302 -9.9329 129.3071 0.4276 -0.8926 0.1428 0.9960 0.5375
KMUA_NPC_423.jpg
8 49.0267 -2.8327 122.2928 0.9800 -0.1574 0.1220 0.9439 0.5817
8 43.5736 9.9197 120.0943 0.4212 0.8995 -0.1158 0.9462 0.6413
8 47.5218 -1.2174 131.3764 0.9756 -0.0534 0.2131 0.9960 0.5817
KMUA_NPC_423.jpg
8 43.5736 9.9197 120.0943 0.4212 0.8995 -0.1158 0.9462 0.6413
8 49.0267 -2.8327 122.2928 0.9800 -0.1574 0.1220 0.9439 0.5817
8 44.1074 8.5810 116.5559 0.4779 0.8247 -0.3023 0.9242 0.6413
KMUA_NPC_423.jpg
8 44.1074 8.5810 116.5559 0.4779 0.8247 -0.3023 0.9242 0.6413
8 32.8046 5.5599 115.3960 -0.5979 0.6549 -0.4622 0.9355 0.6980
8 43.5736 9.9197 120.0943 0.4212 0.8995 -0.1158 0.9462 0.6413
KMUA_NPC_423.jpg
8 32.5593 6.2188 116.5739 -0.5872 0.7288 -0.3522 0.9355 0.6980
8 30.6692 6.8182 125.6449 -0.6477 0.7395 -0.1834 0.9960 0.6980
8 43.5736 9.9197 120.0943 0.4212 0.8995 -0.1158 0.9462 0.6413
KMUA_NPC_423.jpg
8 32.5593 6.2188 116.5739 -0.5872 0.7288 -0.3522 0.9355 0.6980
8 43.5736 9.9197 120.0943 0.4212 0.8995 -0.1158 0.9462 0.6413
8 32.8046 5.5599 115.3960 -0.5979 0.6549 -0.4622 0.9355 0.6980
KMUA_NPC_423.jpg
8 32.5593 6.2188 116.5739 -0.5872 0.7288 -0.3522 0.9355 0.6980
8 32.8046 5.5599 115.3960 -0.5979 0.6549 -0.4622 0.9355 0.6980
8 28.9181 -3.1496 116.9163 -0.9673 -0.1173 -0.2250 0.9355 0.6413
KMUA_NPC_423.jpg
8 32.5593 6.2188 116.5739 -0.5872 0.7288 -0.3522 0.9355 0.6980
8 28.9181 -3.1496 116.9163 -0.9673 -0.1173 -0.2250 0.9355 0.6413
8 30.6692 6.8182 125.6449 -0.6477 0.7395 -0.1834 0.9960 0.6980
KMUA_NPC_423.jpg
8 42.7643 -9.8564 120.5456 0.4640 -0.8811 0.0918 0.9355 0.5375
8 43.0998 -10.2001 113.1130 0.3669 -0.6369 0.6781 0.8871 0.5375
8 49.1957 -3.4766 119.1939 0.9758 -0.2047 0.0769 0.9243 0.5817
KMUA_NPC_423.jpg
8 42.7643 -9.8564 120.5456 0.4640 -0.8811 0.0918 0.9355 0.5375
8 40.7302 -9.9329 129.3071 0.4276 -0.8926 0.1428 0.9960 0.5375
8 34.4291 -10.8899 118.7966 -0.4197 -0.9054 0.0644 0.9355 0.5817
KMUA_NPC_423.jpg
8 34.4291 -10.8899 118.7966 -0.4197 -0.9054 0.0644 0.9355 0.5817
8 34.3539 -11.9175 112.5646 -0.3714 -0.6443 0.6685 0.8871 0.5817
8 42.7643 -9.8564 120.5456 0.4640 -0.8811 0.0918 0.9355 0.5375
KMUA_NPC_423.jpg
8 28.9181 -3.1496 116.9163 -0.9673 -0.1173 -0.2250 0.9355 0.6413
8 30.7461 -5.0817 111.3364 -0.9066 -0.0935 0.4114 0.8871 0.6413
8 34.4291 -10.8899 118.7966 -0.4197 -0.9054 0.0644 0.9355 0.5817
KMUA_NPC_423.jpg
8 28.9181 -3.1496 116.9163 -0.9673 -0.1173 -0.2250 0.9355 0.6413
8 32.8046 5.5599 115.3960 -0.5979 0.6549 -0.4622 0.9355 0.6980
8 30.7461 -5.0817 111.3364 -0.9066 -0.0935 0.4114 0.8871 0.6413
KMUA_NPC_423.jpg
8 34.4291 -10.8899 118.7966 -0.4197 -0.9054 0.0644 0.9355 0.5817
8 33.0429 -9.8106 126.8068 -0.4371 -0.8994 -0.0085 0.9960 0.5817
8 28.9181 -3.1496 116.9163 -0.9673 -0.1173 -0.2250 0.9355 0.6413
KMUA_NPC_423.jpg
13 28.0869 -7.4507 92.9615 -0.2044 0.8502 0.4852 0.6039 0.9328
13 27.1304 -7.7651 86.1664 -0.3778 0.8539 -0.3579 0.5882 0.9244
13 27.0654 -9.8061 93.6205 -0.6770 -0.1843 0.7125 0.5993 0.9441
KMUA_NPC_423.jpg
13 27.0654 -9.8061 93.6205 -0.6770 -0.1843 0.7125 0.5993 0.9441
13 25.9460 -10.6967 87.8216 -0.8499 -0.5267 0.0191 0.5826 0.9369
13 28.5287 -10.4036 93.5932 0.3304 -0.5867 0.7393 0.5965 0.9498
KMUA_NPC_423.jpg
13 30.3196 -7.1822 91.9260 -0.6030 -0.0995 0.7915 0.6157 0.8725
13 28.4397 -7.4068 85.1971 -0.9634 -0.2681 -0.0069 0.5932 0.8789
13 31.8488 -8.2738 91.4977 0.2793 -0.7488 0.6010 0.6172 0.8806
KMUA_NPC_423.jpg
13 32.6289 -2.7345 90.3008 -0.3768 0.6679 0.6418 0.6064 0.8537
13 32.4713 -2.8378 83.0483 -0.7178 0.6306 -0.2951 0.5808 0.8575
13 30.3196 -7.1822 91.9260 -0.6030 -0.0995 0.7915 0.6157 0.8725
KMUA_NPC_423.jpg
13 36.8117 0.5915 85.8785 -0.0419 0.9408 0.3365 0.5867 0.8337
13 37.0367 1.0962 80.1833 -0.1506 0.9613 -0.2307 0.5635 0.8372
13 32.6289 -2.7345 90.3008 -0.3768 0.6679 0.6418 0.6064 0.8537
KMUA_NPC_423.jpg
13 36.8117 0.5915 85.8785 -0.0419 0.9408 0.3365 0.5867 0.8337
13 32.6289 -2.7345 90.3008 -0.3768 0.6679 0.6418 0.6064 0.8537
13 38.3870 -0.1398 85.9607 0.8868 0.1838 0.4240 0.5909 0.8281
KMUA_NPC_423.jpg
13 34.1489 -3.7024 90.1512 0.7009 -0.0143 0.7131 0.6109 0.8492
13 38.3870 -0.1398 85.9607 0.8868 0.1838 0.4240 0.5909 0.8281
13 32.6289 -2.7345 90.3008 -0.3768 0.6679 0.6418 0.6064 0.8537
KMUA_NPC_423.jpg
13 32.6289 -2.7345 90.3008 -0.3768 0.6679 0.6418 0.6064 0.8537
13 30.3196 -7.1822 91.9260 -0.6030 -0.0995 0.7915 0.6157 0.8725
13 34.1489 -3.7024 90.1512 0.7009 -0.0143 0.7131 0.6109 0.8492
KMUA_NPC_423.jpg
13 36.8117 0.5915 85.8785 -0.0419 0.9408 0.3365 0.5867 0.8337
13 38.3870 -0.1398 85.9607 0.8868 0.1838 0.4240 0.5843 0.8240
13 37.0367 1.0962 80.1833 -0.1506 0.9613 -0.2307 0.5635 0.8372
KMUA_NPC_423.jpg
9 44.4554 -9.0085 91.5404 0.8349 -0.5455 0.0733 0.5041 0.8781
9 42.4694 -8.7832 81.4536 0.6931 -0.4308 -0.5780 0.5418 0.8711
9 47.3857 -0.8158 89.4635 0.9535 0.2803 -0.1111 0.5049 0.8437
KMUA_NPC_423.jpg
9 47.3857 -0.8158 89.4635 0.9535 0.2803 -0.1111 0.5049 0.8437
9 47.7040 -0.4933 94.5639 0.9471 0.3155 0.0593 0.4871 0.8429
9 44.4554 -9.0085 91.5404 0.8349 -0.5455 0.0733 0.5041 0.8781
KMUA_NPC_423.jpg
9 43.0824 1.7641 88.5619 -0.0662 0.9491 -0.3079 0.5095 0.8241
9 42.3603 3.5061 93.9074 -0.0176 0.9585 -0.2845 0.4865 0.8163
9 47.3857 -0.8158 89.4635 0.9535 0.2803 -0.1111 0.5049 0.8437
KMUA_NPC_423.jpg
9 43.0824 1.7641 88.5619 -0.0662 0.9491 -0.3079 0.5095 0.8241
9 47.3857 -0.8158 89.4635 0.9535 0.2803 -0.1111 0.5049 0.8437
9 43.3850 0.5844 83.9300 -0.0003 0.9871 -0.1600 0.5282 0.8284
KMUA_NPC_423.jpg
9 37.9354 -4.2592 88.7726 -0.7031 0.6190 -0.3500 0.5207 0.7944
9 43.0824 1.7641 88.5619 -0.0662 0.9491 -0.3079 0.5095 0.8241
9 38.2687 -5.3093 84.4938 -0.7491 0.6499 0.1283 0.5390 0.7994
KMUA_NPC_423.jpg
9 34.8803 -7.0554 89.0105 -0.5163 0.6165 -0.5945 0.5258 0.7786
9 37.9354 -4.2592 88.7726 -0.7031 0.6190 -0.3500 0.5207 0.7944
9 33.9030 -10.6803 85.6016 -0.8794 0.4746 0.0374 0.5443 0.7768
KMUA_NPC_423.jpg
9 34.8803 -7.0554 89.0105 -0.5163 0.6165 -0.5945 0.5258 0.7786
9 33.9030 -10.6803 85.6016 -0.8794 0.4746 0.0374 0.5443 0.7768
9 32.9373 -12.2040 88.6543 -0.7401 -0.2337 -0.6305 0.5412 0.7618
KMUA_NPC_423.jpg
13 29.2700 -8.1477 92.9922 0.7310 0.4108 0.5448 0.6074 0.7726
13 28.5287 -10.4036 93.5932 0.3304 -0.5867 0.7393 0.6073 0.7628
13 29.3521 -8.4183 87.1547 0.7709 0.6160 0.1620 0.5872 0.7768
KMUA_NPC_423.jpg
13 34.1489 -3.7024 90.1512 0.7009 -0.0143 0.7131 0.5989 0.7994
13 31.8488 -8.2738 91.4977 0.2793 -0.7488 0.6010 0.6019 0.7786
13 34.5494 -3.4951 84.1866 0.7425 -0.4185 0.5230 0.5751 0.8033
KMUA_NPC_423.jpg
13 38.3870 -0.1398 85.9607 0.8868 0.1838 0.4240 0.5843 0.8240
13 34.1489 -3.7024 90.1512 0.7009 -0.0143 0.7131 0.5989 0.7994
13 38.8259 0.6356 81.4321 0.8064 0.5013 0.3137 0.5637 0.8270
KMUA_NPC_423.jpg
9 37.9354 -4.2592 88.7726 -0.7031 0.6190 -0.3500 0.5207 0.7944
9 34.8803 -7.0554 89.0105 -0.5163 0.6165 -0.5945 0.5258 0.7786
9 35.5322 -1.0983 95.6189 -0.6583 0.7088 -0.2535 0.4872 0.7826
KMUA_NPC_423.jpg
9 37.9354 -4.2592 88.7726 -0.7031 0.6190 -0.3500 0.5207 0.7944
9 35.5322 -1.0983 95.6189 -0.6583 0.7088 -0.2535 0.4872 0.7826
9 43.0824 1.7641 88.5619 -0.0662 0.9491 -0.3079 0.5095 0.8241
KMUA_NPC_423.jpg
9 34.8803 -7.0554 89.0105 -0.5163 0.6165 -0.5945 0.5258 0.7786
10 29.6817 -5.5287 91.8659 -0.5374 0.7445 -0.3960 0.5095 0.7606
9 35.5322 -1.0983 95.6189 -0.6583 0.7088 -0.2535 0.4872 0.7826
KMUA_NPC_423.jpg
11 26.9079 -10.6564 85.0134 0.4726 0.6101 -0.6359 0.5406 0.7335
11 28.1321 -10.2213 88.0296 0.3816 0.7596 -0.5267 0.5313 0.7431
11 26.3041 -13.4439 83.9768 0.1878 -0.4662 -0.8645 0.5523 0.7353
KMUA_NPC_423.jpg
11 24.1707 -10.8124 85.2871 -0.7686 0.5072 -0.3900 0.5397 0.7290
11 25.1043 -10.0318 89.8709 -0.8349 0.5312 0.1443 0.5226 0.7365
11 26.9079 -10.6564 85.0134 0.4726 0.6101 -0.6359 0.5406 0.7335
KMUA_NPC_423.jpg
11 24.4185 -13.4530 85.2865 -0.7653 -0.5907 -0.2555 0.5120 0.9829
11 26.3041 -13.4439 83.9768 0.1878 -0.4662 -0.8645 0.5205 0.9798
11 26.4394 -13.9869 90.2283 -0.5714 -0.7863 0.2350 0.5008 0.9650
KMUA_NPC_423.jpg
11 24.4185 -13.4530 85.2865 -0.7653 -0.5907 -0.2555 0.5120 0.9829
11 26.4394 -13.9869 90.2283 -0.5714 -0.7863 0.2350 0.5008 0.9650
11 24.1707 -10.8124 85.2871 -0.7686 0.5072 -0.3900 0.5035 0.9897
KMUA_NPC_423.jpg
11 24.4185 -13.4530 85.2865 -0.7653 -0.5907 -0.2555 0.5120 0.9829
11 24.1707 -10.8124 85.2871 -0.7686 0.5072 -0.3900 0.5144 0.9930
11 26.3041 -13.4439 83.9768 0.1878 -0.4662 -0.8645 0.5205 0.9798
KMUA_NPC_423.jpg
11 26.9079 -10.6564 85.0134 0.4726 0.6101 -0.6359 0.5249 0.9908
11 26.3041 -13.4439 83.9768 0.1878 -0.4662 -0.8645 0.5205 0.9798
11 24.1707 -10.8124 85.2871 -0.7686 0.5072 -0.3900 0.5144 0.9930
KMUA_NPC_423.jpg
9 44.4554 -9.0085 91.5404 0.8349 -0.5455 0.0733 0.5041 0.8781
9 45.1697 -6.1358 97.3786 0.8453 -0.5187 0.1277 0.4792 0.8695
9 38.8608 -10.6331 100.0446 0.2250 -0.8893 0.3981 0.4728 0.9035
KMUA_NPC_423.jpg
9 44.4554 -9.0085 91.5404 0.8349 -0.5455 0.0733 0.5041 0.8781
9 38.8608 -10.6331 100.0446 0.2250 -0.8893 0.3981 0.4728 0.9035
9 36.3856 -16.0643 93.5913 0.1628 -0.9547 0.2491 0.5058 0.9206
KMUA_NPC_423.jpg
13 28.0869 -7.4507 92.9615 -0.2044 0.8502 0.4852 0.6039 0.9328
13 29.2700 -8.1477 92.9922 0.7310 0.4108 0.5448 0.6070 0.9265
13 27.1304 -7.7651 86.1664 -0.3778 0.8539 -0.3579 0.5882 0.9244
KMUA_NPC_423.jpg
13 27.0654 -9.8061 93.6205 -0.6770 -0.1843 0.7125 0.5993 0.9441
13 28.5287 -10.4036 93.5932 0.3304 -0.5867 0.7393 0.6052 0.9462
13 28.0869 -7.4507 92.9615 -0.2044 0.8502 0.4852 0.6039 0.9328
KMUA_NPC_423.jpg
13 29.2700 -8.1477 92.9922 0.7310 0.4108 0.5448 0.6080 0.9368
13 28.0869 -7.4507 92.9615 -0.2044 0.8502 0.4852 0.6039 0.9328
13 28.5287 -10.4036 93.5932 0.3304 -0.5867 0.7393 0.6052 0.9462
KMUA_NPC_423.jpg
13 31.8488 -8.2738 91.4977 0.2793 -0.7488 0.6010 0.6226 0.8684
13 34.1489 -3.7024 90.1512 0.7009 -0.0143 0.7131 0.6109 0.8492
13 30.3196 -7.1822 91.9260 -0.6030 -0.0995 0.7915 0.6157 0.8725
KMUA_NPC_423.jpg
22 -28.8854 20.1002 91.1166 0.8886 -0.2394 0.3912 0.6039 0.9328
22 -31.1914 19.1313 91.9936 -0.1312 -0.6875 0.7142 0.5993 0.9441
22 -29.8716 19.2822 84.4550 0.8017 -0.4036 -0.4409 0.5882 0.9244
KMUA_NPC_423.jpg
18 -37.2865 28.1301 92.0980 -0.9142 0.1673 0.3691 0.5058 0.9206
18 -30.0557 36.2000 89.7557 -0.4912 0.8496 0.1921 0.5041 0.8781
18 -39.8010 27.4733 83.6276 -0.9904 -0.0672 0.1206 0.5404 0.9193
KMUA_NPC_423.jpg
22 -31.1914 19.1313 91.9936 -0.1312 -0.6875 0.7142 0.5993 0.9441
22 -31.7435 20.6111 92.0566 -0.4979 0.3301 0.8020 0.5965 0.9498
22 -32.6610 18.1632 86.3889 -0.5385 -0.8407 0.0570 0.5826 0.9369
KMUA_NPC_423.jpg
22 -28.6558 22.3474 90.1032 -0.0366 -0.6178 0.7855 0.6157 0.8725
22 -29.7380 23.9162 89.8194 -0.6747 0.2868 0.6801 0.6172 0.8806
22 -29.5873 20.6081 83.4559 -0.2842 -0.9588 0.0055 0.5932 0.8789
KMUA_NPC_423.jpg
22 -24.3285 24.5658 88.0759 0.7181 -0.4101 0.5623 0.6064 0.8537
22 -28.6558 22.3474 90.1032 -0.0366 -0.6178 0.7855 0.6157 0.8725
22 -25.1556 24.5662 80.9063 0.5773 -0.7331 -0.3597 0.5808 0.8575
KMUA_NPC_423.jpg
22 -21.3447 28.7519 83.4189 0.9684 -0.0763 0.2373 0.5867 0.8337
22 -24.3285 24.5658 88.0759 0.7181 -0.4101 0.5623 0.6064 0.8537
22 -21.4230 29.0943 77.6961 0.9291 -0.1816 -0.3221 0.5635 0.8372
KMUA_NPC_423.jpg
22 -21.3447 28.7519 83.4189 0.9684 -0.0763 0.2373 0.5867 0.8337
22 -22.0153 30.3450 83.6067 0.2531 0.8714 0.4203 0.5909 0.8281
22 -24.3285 24.5658 88.0759 0.7181 -0.4101 0.5623 0.6064 0.8537
KMUA_NPC_423.jpg
22 -24.3285 24.5658 88.0759 0.7181 -0.4101 0.5623 0.6064 0.8537
22 -25.2597 26.1156 88.0565 0.0800 0.6846 0.7245 0.6109 0.8492
22 -28.6558 22.3474 90.1032 -0.0366 -0.6178 0.7855 0.6157 0.8725
KMUA_NPC_423.jpg
22 -25.2597 26.1156 88.0565 0.0800 0.6846 0.7245 0.6109 0.8492
22 -24.3285 24.5658 88.0759 0.7181 -0.4101 0.5623 0.6064 0.8537
22 -22.0153 30.3450 83.6067 0.2531 0.8714 0.4203 0.5909 0.8281
KMUA_NPC_423.jpg
22 -21.3447 28.7519 83.4189 0.9684 -0.0763 0.2373 0.5867 0.8337
22 -21.4230 29.0943 77.6961 0.9291 -0.1816 -0.3221 0.5635 0.8372
22 -22.0153 30.3450 83.6067 0.2531 0.8714 0.4203 0.5843 0.8240
KMUA_NPC_423.jpg
18 -30.0557 36.2000 89.7557 -0.4912 0.8496 0.1921 0.5041 0.8781
18 -31.1476 34.7727 79.5914 -0.4633 0.7325 -0.4987 0.5418 0.8711
18 -36.4272 31.2323 80.7169 -0.6931 0.5825 -0.4246 0.5491 0.8945
KMUA_NPC_423.jpg
18 -30.0557 36.2000 89.7557 -0.4912 0.8496 0.1921 0.5041 0.8781
18 -22.0563 38.9281 86.8254 0.3097 0.9467 -0.0890 0.5049 0.8437
18 -31.1476 34.7727 79.5914 -0.4633 0.7325 -0.4987 0.5418 0.8711
KMUA_NPC_423.jpg
18 -22.0563 38.9281 86.8254 0.3097 0.9467 -0.0890 0.5049 0.8437
18 -30.0557 36.2000 89.7557 -0.4912 0.8496 0.1921 0.5041 0.8781
18 -21.4607 39.0952 91.8546 0.2889 0.9555 0.0594 0.4871 0.8429
KMUA_NPC_423.jpg
18 -19.8196 34.5927 85.3462 0.8988 -0.0841 -0.4302 0.5095 0.8241
18 -22.0563 38.9281 86.8254 0.3097 0.9467 -0.0890 0.5049 0.8437
18 -17.3775 33.9240 90.7836 0.9342 0.0182 -0.3562 0.4865 0.8163
KMUA_NPC_423.jpg
18 -19.8196 34.5927 85.3462 0.8988 -0.0841 -0.4302 0.5095 0.8241
18 -21.5783 35.2783 80.9208 0.9593 -0.0242 -0.2812 0.5282 0.8284
18 -22.0563 38.9281 86.8254 0.3097 0.9467 -0.0890 0.5049 0.8437
KMUA_NPC_423.jpg
17 -15.2999 34.8281 100.8937 0.9328 0.2657 -0.2434 0.4503 0.8150
18 -17.3775 33.9240 90.7836 0.9342 0.0182 -0.3562 0.4865 0.8163
17 -20.7858 38.2461 102.2133 0.1487 0.9887 -0.0200 0.4503 0.8429
KMUA_NPC_423.jpg
18 -26.0097 29.6889 86.0192 0.5357 -0.7031 -0.4676 0.5207 0.7944
18 -27.5857 30.3799 81.9540 0.6273 -0.7787 0.0070 0.5390 0.7994
18 -19.8196 34.5927 85.3462 0.8988 -0.0841 -0.4302 0.5095 0.8241
KMUA_NPC_423.jpg
22 -29.5391 21.3016 91.2419 0.4864 0.7065 0.5141 0.6074 0.7726
22 -30.3840 21.5497 85.5453 0.6442 0.7560 0.1164 0.5872 0.7768
22 -31.7435 20.6111 92.0566 -0.4979 0.3301 0.8020 0.6073 0.7628
KMUA_NPC_423.jpg
18 -26.0097 29.6889 86.0192 0.5357 -0.7031 -0.4676 0.5207 0.7944
18 -19.8196 34.5927 85.3462 0.8988 -0.0841 -0.4302 0.5095 0.8241
18 -21.5943 26.9630 92.6669 0.7076 -0.6291 -0.3217 0.4872 0.7826
KMUA_NPC_423.jpg
17 -17.6284 26.5980 102.6992 0.6769 -0.6941 -0.2448 0.4503 0.7805
18 -21.5943 26.9630 92.6669 0.7076 -0.6291 -0.3217 0.4872 0.7826
17 -15.2999 34.8281 100.8937 0.9328 0.2657 -0.2434 0.4503 0.8150
KMUA_NPC_423.jpg
17 -24.5506 23.8065 105.1542 -0.3025 -0.9391 0.1634 0.4503 0.7502
18 -28.7469 23.5381 96.4466 -0.1055 -0.7797 0.6172 0.4781 0.7476
17 -17.6284 26.5980 102.6992 0.6769 -0.6941 -0.2448 0.4503 0.7805
KMUA_NPC_423.jpg
20 -32.8676 18.3861 82.7978 0.3749 0.5777 -0.7250 0.5406 0.7335
20 -35.6767 17.3345 82.3374 -0.6647 0.1183 -0.7377 0.5523 0.7353
20 -32.0011 19.6240 85.7137 0.5571 0.5118 -0.6540 0.5313 0.7431
KMUA_NPC_423.jpg
20 -32.5154 15.6585 82.9618 0.5296 -0.6663 -0.5249 0.5397 0.7290
20 -32.8676 18.3861 82.7978 0.3749 0.5777 -0.7250 0.5406 0.7335
20 -30.9333 16.6465 87.3222 0.6779 -0.7350 -0.0114 0.5226 0.7365
KMUA_NPC_423.jpg
20 -35.0993 15.4564 83.5248 -0.4996 -0.8505 -0.1642 0.5120 0.9829
20 -34.8830 17.2888 88.5632 -0.6144 -0.6993 0.3653 0.5008 0.9650
20 -35.6767 17.3345 82.3374 -0.6647 0.1183 -0.7377 0.5205 0.9798
KMUA_NPC_423.jpg
20 -35.0993 15.4564 83.5248 -0.4996 -0.8505 -0.1642 0.5120 0.9829
20 -32.5154 15.6585 82.9618 0.5296 -0.6663 -0.5249 0.5035 0.9897
20 -34.8830 17.2888 88.5632 -0.6144 -0.6993 0.3653 0.5008 0.9650
KMUA_NPC_423.jpg
20 -35.0993 15.4564 83.5248 -0.4996 -0.8505 -0.1642 0.5120 0.9829
20 -35.6767 17.3345 82.3374 -0.6647 0.1183 -0.7377 0.5205 0.9798
20 -32.5154 15.6585 82.9618 0.5296 -0.6663 -0.5249 0.5144 0.9930
KMUA_NPC_423.jpg
20 -32.8676 18.3861 82.7978 0.3749 0.5777 -0.7250 0.5249 0.9908
20 -32.5154 15.6585 82.9618 0.5296 -0.6663 -0.5249 0.5144 0.9930
20 -35.6767 17.3345 82.3374 -0.6647 0.1183 -0.7377 0.5205 0.9798
KMUA_NPC_423.jpg
18 -33.2211 26.7857 96.5159 -0.5607 -0.1338 0.8171 0.4815 0.9205
18 -37.2865 28.1301 92.0980 -0.9142 0.1673 0.3691 0.5058 0.9206
19 -33.8778 21.6630 94.0394 -0.4631 -0.5491 0.6958 0.4876 0.9418
KMUA_NPC_423.jpg
18 -33.2211 26.7857 96.5159 -0.5607 -0.1338 0.8171 0.4815 0.9205
18 -30.8191 29.8722 97.8605 -0.8626 0.1876 0.4699 0.4728 0.9035
18 -37.2865 28.1301 92.0980 -0.9142 0.1673 0.3691 0.5058 0.9206
KMUA_NPC_423.jpg
17 -28.0826 30.0381 106.0517 -0.9445 -0.1360 0.2989 0.4503 0.8968
18 -30.8191 29.8722 97.8605 -0.8626 0.1876 0.4699 0.4728 0.9035
17 -24.5506 23.8065 105.1542 -0.3025 -0.9391 0.1634 0.4503 0.9242
KMUA_NPC_423.jpg
17 -26.5219 37.6984 104.0129 -0.6712 0.7409 0.0206 0.4503 0.8665
17 -20.7858 38.2461 102.2133 0.1487 0.9887 -0.0200 0.4503 0.8429
18 -26.7617 36.3390 95.0177 -0.5339 0.8248 0.1860 0.4792 0.8695
KMUA_NPC_423.jpg
17 -28.0826 30.0381 106.0517 -0.9445 -0.1360 0.2989 0.4503 0.8968
17 -26.5219 37.6984 104.0129 -0.6712 0.7409 0.0206 0.4503 0.8665
18 -30.8191 29.8722 97.8605 -0.8626 0.1876 0.4699 0.4728 0.9035
KMUA_NPC_423.jpg
22 -28.8854 20.1002 91.1166 0.8886 -0.2394 0.3912 0.6039 0.9328
22 -29.8716 19.2822 84.4550 0.8017 -0.4036 -0.4409 0.5882 0.9244
22 -29.5391 21.3016 91.2419 0.4864 0.7065 0.5141 0.6070 0.9265
KMUA_NPC_423.jpg
22 -31.1914 19.1313 91.9936 -0.1312 -0.6875 0.7142 0.5993 0.9441
22 -28.8854 20.1002 91.1166 0.8886 -0.2394 0.3912 0.6039 0.9328
22 -31.7435 20.6111 92.0566 -0.4979 0.3301 0.8020 0.6052 0.9462
KMUA_NPC_423.jpg
22 -29.5391 21.3016 91.2419 0.4864 0.7065 0.5141 0.6080 0.9368
22 -31.7435 20.6111 92.0566 -0.4979 0.3301 0.8020 0.6052 0.9462
22 -28.8854 20.1002 91.1166 0.8886 -0.2394 0.3912 0.6039 0.9328
KMUA_NPC_423.jpg
22 -22.0153 30.3450 83.6067 0.2531 0.8714 0.4203 0.5843 0.8240
22 -21.7239 30.9140 79.0272 0.5439 0.7913 0.2792 0.5637 0.8270
22 -25.2597 26.1156 88.0565 0.0800 0.6846 0.7245 0.5989 0.7994
KMUA_NPC_423.jpg
22 -25.2597 26.1156 88.0565 0.0800 0.6846 0.7245 0.5989 0.7994
22 -25.6595 26.6867 82.1472 -0.3453 0.7479 0.5670 0.5751 0.8033
22 -29.7380 23.9162 89.8194 -0.6747 0.2868 0.6801 0.6019 0.7786
KMUA_NPC_423.jpg
22 -29.7380 23.9162 89.8194 -0.6747 0.2868 0.6801 0.6226 0.8684
22 -28.6558 22.3474 90.1032 -0.0366 -0.6178 0.7855 0.6157 0.8725
22 -25.2597 26.1156 88.0565 0.0800 0.6846 0.7245 0.6109 0.8492
KMUA_NPC_423.jpg
29 -37.5158 23.3750 40.4486 -0.6897 0.4287 -0.5835 0.3053 0.7330
29 -35.5670 10.7646 37.5650 -0.5837 -0.1417 -0.7995 0.3533 0.7305
29 -40.9824 21.5888 48.3421 -0.9421 0.3025 0.1449 0.3053 0.7061
KMUA_NPC_423.jpg
29 -23.2909 0.4258 35.5335 -0.1715 -0.5350 -0.8273 0.4071 0.7293
29 -24.3377 -4.8974 42.6154 -0.2025 -0.9516 -0.2310 0.4074 0.7023
29 -35.5670 10.7646 37.5650 -0.5837 -0.1417 -0.7995 0.3533 0.7305
KMUA_NPC_423.jpg
29 -37.5158 23.3750 40.4486 -0.6897 0.4287 -0.5835 0.3053 0.7330
29 -28.0799 24.8674 37.6335 -0.6028 0.5574 -0.5710 0.3293 0.7592
29 -35.5670 10.7646 37.5650 -0.5837 -0.1417 -0.7995 0.3533 0.7305
KMUA_NPC_423.jpg
29 -28.7618 15.5991 36.2351 -0.6329 -0.1185 -0.7651 0.3598 0.7573
29 -35.5670 10.7646 37.5650 -0.5837 -0.1417 -0.7995 0.3533 0.7305
29 -28.0799 24.8674 37.6335 -0.6028 0.5574 -0.5710 0.3293 0.7592
KMUA_NPC_423.jpg
29 -35.5670 10.7646 37.5650 -0.5837 -0.1417 -0.7995 0.3533 0.7305
29 -28.7618 15.5991 36.2351 -0.6329 -0.1185 -0.7651 0.3598 0.7573
29 -23.2909 0.4258 35.5335 -0.1715 -0.5350 -0.8273 0.4071 0.7293
KMUA_NPC_423.jpg
29 -28.7618 15.5991 36.2351 -0.6329 -0.1185 -0.7651 0.3598 0.7573
29 -28.0799 24.8674 37.6335 -0.6028 0.5574 -0.5710 0.3293 0.7592
29 -28.6861 17.5021 31.9803 -0.9181 -0.2680 -0.2920 0.3612 0.7747
KMUA_NPC_423.jpg
29 -27.3913 26.5870 32.7141 -0.7934 0.6084 -0.0207 0.3293 0.7748
29 -28.6861 17.5021 31.9803 -0.9181 -0.2680 -0.2920 0.3612 0.7747
29 -28.0799 24.8674 37.6335 -0.6028 0.5574 -0.5710 0.3293 0.7592
KMUA_NPC_423.jpg
29 -28.6861 17.5021 31.9803 -0.9181 -0.2680 -0.2920 0.3612 0.7747
29 -27.3913 26.5870 32.7141 -0.7934 0.6084 -0.0207 0.3293 0.7748
29 -25.7982 21.4780 23.5948 -0.9626 -0.2228 -0.1544 0.3606 0.8095
KMUA_NPC_423.jpg
29 -24.1186 28.1879 24.3779 -0.7758 0.6299 0.0383 0.3293 0.8088
29 -25.7982 21.4780 23.5948 -0.9626 -0.2228 -0.1544 0.3606 0.8095
29 -27.3913 26.5870 32.7141 -0.7934 0.6084 -0.0207 0.3293 0.7748
KMUA_NPC_423.jpg
29 -24.1186 28.1879 24.3779 -0.7758 0.6299 0.0383 0.3293 0.8088
29 -24.9089 30.4960 14.0607 -0.8331 0.4492 0.3228 0.3293 0.8416
29 -25.7982 21.4780 23.5948 -0.9626 -0.2228 -0.1544 0.3606 0.8095
KMUA_NPC_423.jpg
29 -19.3352 15.8908 22.2932 -0.2370 -0.9389 -0.2497 0.3992 0.8092
29 -25.7982 21.4780 23.5948 -0.9626 -0.2228 -0.1544 0.3606 0.8095
29 -21.3988 15.3021 13.8286 -0.2830 -0.9543 0.0956 0.3913 0.8416
KMUA_NPC_423.jpg
29 -11.6349 17.7825 21.6919 0.6589 -0.7388 -0.1416 0.4350 0.8088
29 -19.3352 15.8908 22.2932 -0.2370 -0.9389 -0.2497 0.3992 0.8092
29 -8.7248 17.7654 10.9867 0.6707 -0.7259 0.1527 0.4350 0.8416
KMUA_NPC_423.jpg
29 -19.3352 15.8908 22.2932 -0.2370 -0.9389 -0.2497 0.3992 0.8092
29 -21.0419 10.9205 30.3867 -0.2629 -0.8241 -0.5017 0.3987 0.7739
29 -25.7982 21.4780 23.5948 -0.9626 -0.2228 -0.1544 0.3606 0.8095
KMUA_NPC_423.jpg
29 -28.6861 17.5021 31.9803 -0.9181 -0.2680 -0.2920 0.3612 0.7747
29 -25.7982 21.4780 23.5948 -0.9626 -0.2228 -0.1544 0.3606 0.8095
29 -21.0419 10.9205 30.3867 -0.2629 -0.8241 -0.5017 0.3987 0.7739
KMUA_NPC_423.jpg
29 -11.6349 17.7825 21.6919 0.6589 -0.7388 -0.1416 0.4350 0.8088
29 -10.9373 12.6119 29.3101 0.6258 -0.7221 -0.2949 0.4350 0.7748
29 -19.3352 15.8908 22.2932 -0.2370 -0.9389 -0.2497 0.3992 0.8092
KMUA_NPC_423.jpg
29 -21.0419 10.9205 30.3867 -0.2629 -0.8241 -0.5017 0.3987 0.7739
29 -19.3352 15.8908 22.2932 -0.2370 -0.9389 -0.2497 0.3992 0.8092
29 -10.9373 12.6119 29.3101 0.6258 -0.7221 -0.2949 0.4350 0.7748
KMUA_NPC_423.jpg
29 -10.9373 12.6119 29.3101 0.6258 -0.7221 -0.2949 0.4350 0.7748
29 -12.0984 10.6932 34.6614 0.4610 -0.3724 -0.8055 0.4350 0.7592
29 -21.0419 10.9205 30.3867 -0.2629 -0.8241 -0.5017 0.3987 0.7739
KMUA_NPC_423.jpg
29 -21.0419 10.9205 30.3867 -0.2629 -0.8241 -0.5017 0.3987 0.7739
29 -22.0080 8.9013 34.3331 -0.2487 -0.4382 -0.8638 0.3993 0.7554
29 -28.6861 17.5021 31.9803 -0.9181 -0.2680 -0.2920 0.3612 0.7747
KMUA_NPC_423.jpg
29 -22.0080 8.9013 34.3331 -0.2487 -0.4382 -0.8638 0.3993 0.7554
29 -21.0419 10.9205 30.3867 -0.2629 -0.8241 -0.5017 0.3987 0.7739
29 -12.0984 10.6932 34.6614 0.4610 -0.3724 -0.8055 0.4350 0.7592
KMUA_NPC_423.jpg
29 -28.7618 15.5991 36.2351 -0.6329 -0.1185 -0.7651 0.3598 0.7573
29 -28.6861 17.5021 31.9803 -0.9181 -0.2680 -0.2920 0.3612 0.7747
29 -22.0080 8.9013 34.3331 -0.2487 -0.4382 -0.8638 0.3993 0.7554
KMUA_NPC_423.jpg
29 -12.0984 10.6932 34.6614 0.4610 -0.3724 -0.8055 0.4350 0.7592
29 -7.1230 5.0405 35.4371 0.5191 -0.3046 -0.7986 0.4646 0.7330
29 -22.0080 8.9013 34.3331 -0.2487 -0.4382 -0.8638 0.3993 0.7554
KMUA_NPC_423.jpg
29 -23.2909 0.4258 35.5335 -0.1715 -0.5350 -0.8273 0.4071 0.7293
29 -22.0080 8.9013 34.3331 -0.2487 -0.4382 -0.8638 0.3993 0.7554
29 -7.1230 5.0405 35.4371 0.5191 -0.3046 -0.7986 0.4646 0.7330
KMUA_NPC_423.jpg
29 -22.0080 8.9013 34.3331 -0.2487 -0.4382 -0.8638 0.3993 0.7554
29 -23.2909 0.4258 35.5335 -0.1715 -0.5350 -0.8273 0.4071 0.7293
29 -28.7618 15.5991 36.2351 -0.6329 -0.1185 -0.7651 0.3598 0.7573
KMUA_NPC_423.jpg
29 -28.0799 24.8674 37.6335 -0.6028 0.5574 -0.5710 0.3293 0.7592
29 -19.0213 28.4901 39.3627 -0.0076 0.8771 -0.4803 0.3598 0.7573
29 -27.3913 26.5870 32.7141 -0.7934 0.6084 -0.0207 0.3293 0.7748
KMUA_NPC_423.jpg
29 -19.0213 28.4901 39.3627 -0.0076 0.8771 -0.4803 0.3598 0.7573
29 -28.0799 24.8674 37.6335 -0.6028 0.5574 -0.5710 0.3293 0.7592
29 -21.1401 37.1705 43.2861 -0.0337 0.9188 -0.3932 0.3533 0.7305
KMUA_NPC_423.jpg
29 -27.3913 26.5870 32.7141 -0.7934 0.6084 -0.0207 0.3293 0.7748
29 -16.8850 31.6475 33.0338 0.0182 0.9598 0.2800 0.3612 0.7747
29 -24.1186 28.1879 24.3779 -0.7758 0.6299 0.0383 0.3293 0.8088
KMUA_NPC_423.jpg
29 -16.8850 31.6475 33.0338 0.0182 0.9598 0.2800 0.3612 0.7747
29 -27.3913 26.5870 32.7141 -0.7934 0.6084 -0.0207 0.3293 0.7748
29 -19.0213 28.4901 39.3627 -0.0076 0.8771 -0.4803 0.3598 0.7573
KMUA_NPC_423.jpg
29 -16.8850 31.6475 33.0338 0.0182 0.9598 0.2800 0.3612 0.7747
29 -19.0213 28.4901 39.3627 -0.0076 0.8771 -0.4803 0.3598 0.7573
29 -5.7904 25.8806 32.8072 0.9239 0.3356 0.1836 0.3987 0.7739
KMUA_NPC_423.jpg
29 -19.0213 28.4901 39.3627 -0.0076 0.8771 -0.4803 0.3598 0.7573
29 -21.1401 37.1705 43.2861 -0.0337 0.9188 -0.3932 0.3533 0.7305
29 -7.3412 23.6969 38.0938 0.8194 0.4222 -0.3878 0.3993 0.7554
KMUA_NPC_423.jpg
29 -7.3412 23.6969 38.0938 0.8194 0.4222 -0.3878 0.3993 0.7554
29 -5.7904 25.8806 32.8072 0.9239 0.3356 0.1836 0.3987 0.7739
29 -19.0213 28.4901 39.3627 -0.0076 0.8771 -0.4803 0.3598 0.7573
KMUA_NPC_423.jpg
29 -7.3412 23.6969 38.0938 0.8194 0.4222 -0.3878 0.3993 0.7554
29 -2.6032 23.4515 41.5765 0.6764 0.3853 -0.6277 0.4071 0.7293
29 -12.0984 10.6932 34.6614 0.4610 -0.3724 -0.8055 0.4350 0.7592
KMUA_NPC_423.jpg
29 -12.0984 10.6932 34.6614 0.4610 -0.3724 -0.8055 0.4350 0.7592
29 -10.9373 12.6119 29.3101 0.6258 -0.7221 -0.2949 0.4350 0.7748
29 -7.3412 23.6969 38.0938 0.8194 0.4222 -0.3878 0.3993 0.7554
KMUA_NPC_423.jpg
29 -5.7904 25.8806 32.8072 0.9239 0.3356 0.1836 0.3987 0.7739
29 -7.3412 23.6969 38.0938 0.8194 0.4222 -0.3878 0.3993 0.7554
29 -10.9373 12.6119 29.3101 0.6258 -0.7221 -0.2949 0.4350 0.7748
KMUA_NPC_423.jpg
29 -5.7904 25.8806 32.8072 0.9239 0.3356 0.1836 0.3987 0.7739
29 -10.9373 12.6119 29.3101 0.6258 -0.7221 -0.2949 0.4350 0.7748
29 -6.7509 27.6468 25.2235 0.9422 0.2898 0.1681 0.3992 0.8092
KMUA_NPC_423.jpg
29 -11.6349 17.7825 21.6919 0.6589 -0.7388 -0.1416 0.4350 0.8088
29 -6.7509 27.6468 25.2235 0.9422 0.2898 0.1681 0.3992 0.8092
29 -10.9373 12.6119 29.3101 0.6258 -0.7221 -0.2949 0.4350 0.7748
KMUA_NPC_423.jpg
29 -5.7904 25.8806 32.8072 0.9239 0.3356 0.1836 0.3987 0.7739
29 -6.7509 27.6468 25.2235 0.9422 0.2898 0.1681 0.3992 0.8092
29 -16.8850 31.6475 33.0338 0.0182 0.9598 0.2800 0.3612 0.7747
KMUA_NPC_423.jpg
29 -15.8624 32.6508 25.6315 -0.0257 0.9281 0.3715 0.3606 0.8095
29 -24.1186 28.1879 24.3779 -0.7758 0.6299 0.0383 0.3293 0.8088
29 -16.8850 31.6475 33.0338 0.0182 0.9598 0.2800 0.3612 0.7747
KMUA_NPC_423.jpg
29 -15.8624 32.6508 25.6315 -0.0257 0.9281 0.3715 0.3606 0.8095
29 -16.8850 31.6475 33.0338 0.0182 0.9598 0.2800 0.3612 0.7747
29 -6.7509 27.6468 25.2235 0.9422 0.2898 0.1681 0.3992 0.8092
KMUA_NPC_423.jpg
29 -24.1186 28.1879 24.3779 -0.7758 0.6299 0.0383 0.3293 0.8088
29 -15.8624 32.6508 25.6315 -0.0257 0.9281 0.3715 0.3606 0.8095
29 -24.9089 30.4960 14.0607 -0.8331 0.4492 0.3228 0.3293 0.8416
KMUA_NPC_423.jpg
29 -15.8624 32.6508 25.6315 -0.0257 0.9281 0.3715 0.3606 0.8095
29 -6.7509 27.6468 25.2235 0.9422 0.2898 0.1681 0.3992 0.8092
29 -4.8090 32.1817 16.6853 0.8456 0.2986 0.4426 0.3913 0.8416
KMUA_NPC_423.jpg
29 -11.6349 17.7825 21.6919 0.6589 -0.7388 -0.1416 0.4350 0.8088
29 -8.7248 17.7654 10.9867 0.6707 -0.7259 0.1527 0.4350 0.8416
29 -4.8090 32.1817 16.6853 0.8456 0.2986 0.4426 0.3913 0.8416
KMUA_NPC_423.jpg
29 -6.7509 27.6468 25.2235 0.9422 0.2898 0.1681 0.3992 0.8092
29 -11.6349 17.7825 21.6919 0.6589 -0.7388 -0.1416 0.4350 0.8088
29 -4.8090 32.1817 16.6853 0.8456 0.2986 0.4426 0.3913 0.8416
KMUA_NPC_423.jpg
30 -8.9225 33.6021 0.3923 0.5454 0.5812 -0.6040 0.3044 0.6952
30 -8.1190 33.3027 10.5252 0.6987 0.6939 0.1744 0.2728 0.6686
30 -7.4279 24.5098 0.3957 0.7470 -0.2006 -0.6338 0.2767 0.7238
KMUA_NPC_423.jpg
30 -15.3592 14.4775 -0.0535 0.5861 -0.4045 -0.7021 0.2503 0.7484
30 -7.4279 24.5098 0.3957 0.7470 -0.2006 -0.6338 0.2767 0.7238
30 -15.8010 14.7353 10.3350 0.5905 -0.7480 0.3030 0.2106 0.7314
KMUA_NPC_423.jpg
30 -15.3592 14.4775 -0.0535 0.5861 -0.4045 -0.7021 0.2503 0.7484
30 -15.8010 14.7353 10.3350 0.5905 -0.7480 0.3030 0.2106 0.7314
30 -21.3122 5.6533 -0.2850 0.5541 -0.5098 -0.6581 0.2297 0.7807
KMUA_NPC_423.jpg
31 -26.9597 1.6645 -0.4050 0.1652 -0.7571 -0.6320 0.2116 0.8101
30 -21.3122 5.6533 -0.2850 0.5541 -0.5098 -0.6581 0.2297 0.7807
31 -27.0130 1.5721 6.8496 0.1356 -0.8508 0.5077 0.1971 0.7921
KMUA_NPC_423.jpg
31 -27.0130 1.5721 6.8496 0.1356 -0.8508 0.5077 0.1971 0.7921
31 -32.2777 3.2536 7.7199 -0.3463 -0.6565 0.6702 0.1766 0.8020
31 -26.9597 1.6645 -0.4050 0.1652 -0.7571 -0.6320 0.2116 0.8101
KMUA_NPC_423.jpg
31 -32.7919 2.4569 -0.4187 -0.3579 -0.7099 -0.6066 0.1868 0.8280
31 -26.9597 1.6645 -0.4050 0.1652 -0.7571 -0.6320 0.2116 0.8101
31 -32.2777 3.2536 7.7199 -0.3463 -0.6565 0.6702 0.1766 0.8020
KMUA_NPC_423.jpg
31 -32.2777 3.2536 7.7199 -0.3463 -0.6565 0.6702 0.1766 0.8020
31 -27.0130 1.5721 6.8496 0.1356 -0.8508 0.5077 0.1971 0.7921
31 -29.7750 11.4565 9.0062 -0.3090 -0.1145 0.9441 0.1639 0.7703
KMUA_NPC_423.jpg
31 -32.2777 3.2536 7.7199 -0.3463 -0.6565 0.6702 0.1766 0.8020
31 -35.1927 6.1208 7.2049 -0.6327 -0.4374 0.6391 0.1639 0.8029
31 -32.7919 2.4569 -0.4187 -0.3579 -0.7099 -0.6066 0.1868 0.8280
KMUA_NPC_423.jpg
31 -35.7159 5.3845 -0.3712 -0.5894 -0.4786 -0.6508 0.1639 0.8338
31 -32.7919 2.4569 -0.4187 -0.3579 -0.7099 -0.6066 0.1868 0.8280
31 -35.1927 6.1208 7.2049 -0.6327 -0.4374 0.6391 0.1639 0.8029
KMUA_NPC_423.jpg
29 -18.6398 16.1919 23.0587 -0.1485 -0.9617 -0.2302 0.1793 0.6786
29 -24.7661 20.7831 23.7231 -0.9250 -0.3358 -0.1778 0.1639 0.6831
30 -16.9370 17.1336 17.5094 0.1142 -0.9907 0.0744 0.1982 0.7092
KMUA_NPC_423.jpg
29 -11.9106 18.3360 22.7094 0.5725 -0.7681 -0.2867 0.2016 0.6584
29 -18.6398 16.1919 23.0587 -0.1485 -0.9617 -0.2302 0.1793 0.6786
30 -9.4051 22.5163 18.4585 0.8890 -0.4389 0.1309 0.2258 0.6795
KMUA_NPC_423.jpg
29 -8.3343 27.5434 25.5552 0.9139 0.3916 0.1073 0.2265 0.6312
29 -11.9106 18.3360 22.7094 0.5725 -0.7681 -0.2867 0.2016 0.6584
30 -8.8753 29.3444 18.1445 0.8452 0.4843 0.2260 0.2475 0.6499
KMUA_NPC_423.jpg
30 -33.1249 21.6724 -0.0003 -0.5369 0.5350 -0.6524 0.2297 0.7807
31 -32.9412 20.7756 6.7435 -0.6439 0.4934 0.5848 0.2053 0.7665
30 -25.7048 28.7573 0.1979 -0.5056 0.5993 -0.6207 0.2503 0.7484
KMUA_NPC_423.jpg
30 -33.1249 21.6724 -0.0003 -0.5369 0.5350 -0.6524 0.2297 0.7807
31 -38.5665 15.4877 -0.1663 -0.7626 0.2745 -0.5858 0.2116 0.8101
31 -32.9412 20.7756 6.7435 -0.6439 0.4934 0.5848 0.2053 0.7665
KMUA_NPC_423.jpg
31 -37.6087 15.9148 5.5098 -0.7976 0.3531 0.4890 0.1971 0.7921
31 -32.9412 20.7756 6.7435 -0.6439 0.4934 0.5848 0.2053 0.7665
31 -38.5665 15.4877 -0.1663 -0.7626 0.2745 -0.5858 0.2116 0.8101
KMUA_NPC_423.jpg
31 -35.1927 6.1208 7.2049 -0.6327 -0.4374 0.6391 0.1639 0.8029
31 -37.6642 9.6896 6.7079 -0.7792 -0.1722 0.6027 0.1766 0.8020
31 -35.7159 5.3845 -0.3712 -0.5894 -0.4786 -0.6508 0.1639 0.8338
KMUA_NPC_423.jpg
31 -37.6087 15.9148 5.5098 -0.7976 0.3531 0.4890 0.1971 0.7921
31 -38.5665 15.4877 -0.1663 -0.7626 0.2745 -0.5858 0.2116 0.8101
31 -37.6642 9.6896 6.7079 -0.7792 -0.1722 0.6027 0.1766 0.8020
KMUA_NPC_423.jpg
31 -37.6087 15.9148 5.5098 -0.7976 0.3531 0.4890 0.1971 0.7921
31 -37.6642 9.6896 6.7079 -0.7792 -0.1722 0.6027 0.1766 0.8020
31 -32.9412 20.7756 6.7435 -0.6439 0.4934 0.5848 0.2053 0.7665
KMUA_NPC_423.jpg
31 -38.1964 9.0137 -0.3056 -0.7448 -0.2533 -0.6173 0.1868 0.8280
31 -35.7159 5.3845 -0.3712 -0.5894 -0.4786 -0.6508 0.1639 0.8338
31 -37.6642 9.6896 6.7079 -0.7792 -0.1722 0.6027 0.1766 0.8020
KMUA_NPC_423.jpg
31 -38.1964 9.0137 -0.3056 -0.7448 -0.2533 -0.6173 0.1868 0.8280
31 -37.6642 9.6896 6.7079 -0.7792 -0.1722 0.6027 0.1766 0.8020
31 -38.5665 15.4877 -0.1663 -0.7626 0.2745 -0.5858 0.2116 0.8101
KMUA_NPC_423.jpg
30 -25.7048 28.7573 0.1979 -0.5056 0.5993 -0.6207 0.2503 0.7484
30 -26.0857 25.5264 9.5444 -0.7896 0.5088 0.3430 0.2106 0.7314
30 -18.5725 35.0202 0.3722 -0.2617 0.7667 -0.5862 0.2767 0.7238
KMUA_NPC_423.jpg
30 -18.5725 35.0202 0.3722 -0.2617 0.7667 -0.5862 0.2767 0.7238
30 -17.5931 34.6726 10.1825 -0.2927 0.9403 0.1738 0.2486 0.6966
30 -8.9225 33.6021 0.3923 0.5454 0.5812 -0.6040 0.3044 0.6952
KMUA_NPC_423.jpg
29 -24.7661 20.7831 23.7231 -0.9250 -0.3358 -0.1778 0.1639 0.6831
29 -23.7265 26.8693 24.1640 -0.8767 0.4755 0.0723 0.1793 0.6786
30 -22.7999 20.4975 17.4125 -0.8094 -0.4932 0.3186 0.1639 0.7103
KMUA_NPC_423.jpg
29 -23.7265 26.8693 24.1640 -0.8767 0.4755 0.0723 0.1793 0.6786
29 -16.7368 31.4084 25.3605 -0.0710 0.9768 0.2022 0.2016 0.6584
30 -24.1638 27.5141 15.5244 -0.8604 0.4615 0.2163 0.1982 0.7092
KMUA_NPC_423.jpg
29 -16.7368 31.4084 25.3605 -0.0710 0.9768 0.2022 0.2016 0.6584
29 -8.3343 27.5434 25.5552 0.9139 0.3916 0.1073 0.2265 0.6312
30 -16.8011 32.5594 17.3489 -0.1623 0.9653 0.2045 0.2258 0.6795
KMUA_NPC_423.jpg
30 -7.4279 24.5098 0.3957 0.7470 -0.2006 -0.6338 0.2782 0.9922
30 -18.5725 35.0202 0.3722 -0.2617 0.7667 -0.5862 0.2800 0.9567
30 -8.9225 33.6021 0.3923 0.5454 0.5812 -0.6040 0.2920 0.9758
KMUA_NPC_423.jpg
30 -7.4279 24.5098 0.3957 0.7470 -0.2006 -0.6338 0.2782 0.9922
30 -25.7048 28.7573 0.1979 -0.5056 0.5993 -0.6207 0.2582 0.9536
30 -18.5725 35.0202 0.3722 -0.2617 0.7667 -0.5862 0.2800 0.9567
KMUA_NPC_423.jpg
30 -7.4279 24.5098 0.3957 0.7470 -0.2006 -0.6338 0.2782 0.9922
30 -15.3592 14.4775 -0.0535 0.5861 -0.4045 -0.7021 0.2486 0.9933
30 -25.7048 28.7573 0.1979 -0.5056 0.5993 -0.6207 0.2582 0.9536
KMUA_NPC_423.jpg
30 -15.3592 14.4775 -0.0535 0.5861 -0.4045 -0.7021 0.2486 0.9933
30 -33.1249 21.6724 -0.0003 -0.5369 0.5350 -0.6524 0.2345 0.9512
30 -25.7048 28.7573 0.1979 -0.5056 0.5993 -0.6207 0.2582 0.9536
KMUA_NPC_423.jpg
30 -33.1249 21.6724 -0.0003 -0.5369 0.5350 -0.6524 0.2345 0.9512
30 -15.3592 14.4775 -0.0535 0.5861 -0.4045 -0.7021 0.2486 0.9933
30 -21.3122 5.6533 -0.2850 0.5541 -0.5098 -0.6581 0.2240 0.9961
KMUA_NPC_423.jpg
30 -21.3122 5.6533 -0.2850 0.5541 -0.5098 -0.6581 0.2240 0.9961
31 -38.5665 15.4877 -0.1663 -0.7626 0.2745 -0.5858 0.2154 0.9509
30 -33.1249 21.6724 -0.0003 -0.5369 0.5350 -0.6524 0.2345 0.9512
KMUA_NPC_423.jpg
30 -21.3122 5.6533 -0.2850 0.5541 -0.5098 -0.6581 0.2240 0.9961
31 -26.9597 1.6645 -0.4050 0.1652 -0.7571 -0.6320 0.2085 0.9922
31 -38.5665 15.4877 -0.1663 -0.7626 0.2745 -0.5858 0.2154 0.9509
KMUA_NPC_423.jpg
31 -26.9597 1.6645 -0.4050 0.1652 -0.7571 -0.6320 0.2085 0.9922
31 -38.1964 9.0137 -0.3056 -0.7448 -0.2533 -0.6173 0.2045 0.9613
31 -38.5665 15.4877 -0.1663 -0.7626 0.2745 -0.5858 0.2154 0.9509
KMUA_NPC_423.jpg
31 -26.9597 1.6645 -0.4050 0.1652 -0.7571 -0.6320 0.2085 0.9922
31 -32.7919 2.4569 -0.4187 -0.3579 -0.7099 -0.6066 0.2011 0.9807
31 -38.1964 9.0137 -0.3056 -0.7448 -0.2533 -0.6173 0.2045 0.9613
KMUA_NPC_423.jpg
31 -35.7159 5.3845 -0.3712 -0.5894 -0.4786 -0.6508 0.2019 0.9712
31 -38.1964 9.0137 -0.3056 -0.7448 -0.2533 -0.6173 0.2045 0.9613
31 -32.7919 2.4569 -0.4187 -0.3579 -0.7099 -0.6066 0.2011 0.9807
KMUA_NPC_423.jpg
2 -11.1189 -10.1405 91.5536 -0.3332 -0.8791 -0.3409 0.7379 0.4141
2 -21.3709 -4.8432 95.8293 -0.8097 -0.5841 0.0558 0.7841 0.4141
28 -21.3314 -6.1498 74.6869 -0.2974 -0.9345 -0.1958 0.7379 0.4679
KMUA_NPC_423.jpg
2 -11.1189 -10.1405 91.5536 -0.3332 -0.8791 -0.3409 0.7379 0.4141
28 -21.3314 -6.1498 74.6869 -0.2974 -0.9345 -0.1958 0.7379 0.4679
28 -9.6402 -2.1266 72.2681 0.6179 -0.7413 -0.2619 0.6923 0.4679
KMUA_NPC_423.jpg
2 -11.1189 -10.1405 91.5536 -0.3332 -0.8791 -0.3409 0.7379 0.4141
2 -5.5142 -2.9475 82.8729 0.5328 -0.4622 -0.7089 0.6923 0.4402
2 -4.3355 -10.8873 87.9770 -0.2394 -0.6340 -0.7353 0.7169 0.4141
KMUA_NPC_423.jpg
2 -1.7935 -0.7055 83.2558 -0.0951 -0.0588 -0.9937 0.6923 0.4360
2 -4.3355 -10.8873 87.9770 -0.2394 -0.6340 -0.7353 0.7169 0.4141
2 -5.5142 -2.9475 82.8729 0.5328 -0.4622 -0.7089 0.6923 0.4402
KMUA_NPC_423.jpg
2 -21.3709 -4.8432 95.8293 -0.8097 -0.5841 0.0558 0.7841 0.4141
28 -27.7746 15.1983 79.1491 -0.7196 0.5719 0.3937 0.8319 0.4679
28 -29.0246 2.2955 77.3676 -0.9226 -0.3815 0.0568 0.7841 0.4679
KMUA_NPC_423.jpg
2 -21.3709 -4.8432 95.8293 -0.8097 -0.5841 0.0558 0.7841 0.4141
2 -11.1189 -10.1405 91.5536 -0.3332 -0.8791 -0.3409 0.7379 0.4141
2 -20.3608 -7.8403 104.7856 -0.7887 -0.6013 -0.1281 0.7841 0.3765
KMUA_NPC_423.jpg
2 -21.3709 -4.8432 95.8293 -0.8097 -0.5841 0.0558 0.7841 0.4141
2 -20.3608 -7.8403 104.7856 -0.7887 -0.6013 -0.1281 0.7841 0.3765
2 -22.7614 6.5944 96.9492 -0.9452 0.2671 0.1876 0.8319 0.4141
KMUA_NPC_423.jpg
2 -21.3709 -4.8432 95.8293 -0.8097 -0.5841 0.0558 0.7841 0.4141
2 -22.7614 6.5944 96.9492 -0.9452 0.2671 0.1876 0.8319 0.4141
28 -27.7746 15.1983 79.1491 -0.7196 0.5719 0.3937 0.8319 0.4679
KMUA_NPC_423.jpg
2 -22.7628 8.2513 103.7503 -0.9431 0.3308 -0.0342 0.8319 0.3765
2 -22.7614 6.5944 96.9492 -0.9452 0.2671 0.1876 0.8319 0.4141
2 -20.3608 -7.8403 104.7856 -0.7887 -0.6013 -0.1281 0.7841 0.3765
KMUA_NPC_423.jpg
2 -11.1189 -10.1405 91.5536 -0.3332 -0.8791 -0.3409 0.7379 0.4141
2 -4.3355 -10.8873 87.9770 -0.2394 -0.6340 -0.7353 0.7169 0.4141
2 -5.1791 -17.8032 103.7272 -0.2850 -0.9059 -0.3131 0.7379 0.3765
KMUA_NPC_423.jpg
2 -11.1189 -10.1405 91.5536 -0.3332 -0.8791 -0.3409 0.7379 0.4141
2 -5.1791 -17.8032 103.7272 -0.2850 -0.9059 -0.3131 0.7379 0.3765
2 -20.3608 -7.8403 104.7856 -0.7887 -0.6013 -0.1281 0.7841 0.3765
KMUA_NPC_423.jpg
2 -22.7614 6.5944 96.9492 -0.9452 0.2671 0.1876 0.8319 0.4141
2 -22.7628 8.2513 103.7503 -0.9431 0.3308 -0.0342 0.8319 0.3765
2 -12.6272 15.9233 95.1785 -0.2913 0.9559 0.0369 0.8813 0.4141
KMUA_NPC_423.jpg
2 -11.6724 18.1560 102.4818 -0.3962 0.9174 0.0373 0.8813 0.3765
2 -12.6272 15.9233 95.1785 -0.2913 0.9559 0.0369 0.8813 0.4141
2 -22.7628 8.2513 103.7503 -0.9431 0.3308 -0.0342 0.8319 0.3765
KMUA_NPC_423.jpg
2 -11.6724 18.1560 102.4818 -0.3962 0.9174 0.0373 0.8813 0.3765
2 -3.0410 19.8178 93.7656 -0.0407 0.9839 -0.1743 0.9218 0.4026
2 -12.6272 15.9233 95.1785 -0.2913 0.9559 0.0369 0.8813 0.4141
KMUA_NPC_423.jpg
2 -3.0410 19.8178 93.7656 -0.0407 0.9839 -0.1743 0.9218 0.4026
2 4.4625 18.2490 93.8044 0.2539 0.9439 -0.2111 0.9450 0.3937
28 -0.9599 11.3115 86.9731 0.5746 0.6458 -0.5028 0.9363 0.4223
KMUA_NPC_423.jpg
2 3.1746 15.5616 87.2218 0.1380 0.6803 -0.7198 0.9492 0.4084
28 -0.9599 11.3115 86.9731 0.5746 0.6458 -0.5028 0.9363 0.4223
2 4.4625 18.2490 93.8044 0.2539 0.9439 -0.2111 0.9450 0.3937
KMUA_NPC_423.jpg
2 3.1746 15.5616 87.2218 0.1380 0.6803 -0.7198 0.9492 0.4084
2 -1.7935 -0.7055 83.2558 -0.0951 -0.0588 -0.9937 0.9951 0.4271
28 -0.9599 11.3115 86.9731 0.5746 0.6458 -0.5028 0.9363 0.4223
KMUA_NPC_423.jpg
2 4.9619 18.4110 100.8913 0.2791 0.9576 0.0719 0.9387 0.3765
2 4.4625 18.2490 93.8044 0.2539 0.9439 -0.2111 0.9450 0.3937
2 -3.0410 19.8178 93.7656 -0.0407 0.9839 -0.1743 0.9218 0.4026
KMUA_NPC_423.jpg
2 -11.6724 18.1560 102.4818 -0.3962 0.9174 0.0373 0.8813 0.3765
2 4.9619 18.4110 100.8913 0.2791 0.9576 0.0719 0.9387 0.3765
2 -3.0410 19.8178 93.7656 -0.0407 0.9839 -0.1743 0.9218 0.4026
KMUA_NPC_423.jpg
25 39.9555 -27.2688 39.9888 0.6879 -0.4626 -0.5593 0.3053 0.7330
25 38.2755 -31.8446 50.3191 0.5931 -0.7615 0.2614 0.3053 0.7061
25 27.7230 -29.8394 36.1297 0.1341 -0.5582 -0.8188 0.3533 0.7305
KMUA_NPC_423.jpg
25 13.8163 -22.0059 33.4910 -0.3786 -0.3135 -0.8708 0.4071 0.7293
25 27.7230 -29.8394 36.1297 0.1341 -0.5582 -0.8188 0.3533 0.7305
25 8.0943 -25.6005 42.4873 -0.8284 -0.5194 -0.2097 0.4074 0.7023
KMUA_NPC_423.jpg
25 39.9555 -27.2688 39.9888 0.6879 -0.4626 -0.5593 0.3053 0.7330
25 27.7230 -29.8394 36.1297 0.1341 -0.5582 -0.8188 0.3533 0.7305
25 38.1314 -17.8060 37.4753 0.7753 -0.3359 -0.5348 0.3293 0.7592
KMUA_NPC_423.jpg
25 27.7230 -29.8394 36.1297 0.1341 -0.5582 -0.8188 0.3533 0.7305
25 13.8163 -22.0059 33.4910 -0.3786 -0.3135 -0.8708 0.4071 0.7293
25 29.8543 -21.6999 35.3192 0.1710 -0.5974 -0.7835 0.3598 0.7573
KMUA_NPC_423.jpg
25 29.8543 -21.6999 35.3192 0.1710 -0.5974 -0.7835 0.3598 0.7573
25 38.1314 -17.8060 37.4753 0.7753 -0.3359 -0.5348 0.3293 0.7592
25 27.7230 -29.8394 36.1297 0.1341 -0.5582 -0.8188 0.3533 0.7305
KMUA_NPC_423.jpg
25 29.8543 -21.6999 35.3192 0.1710 -0.5974 -0.7835 0.3598 0.7573
25 31.8903 -20.7510 31.2345 0.1023 -0.9386 -0.3294 0.3612 0.7747
25 38.1314 -17.8060 37.4753 0.7753 -0.3359 -0.5348 0.3293 0.7592
KMUA_NPC_423.jpg
25 39.8214 -16.3209 32.7245 0.8536 -0.5207 0.0142 0.3293 0.7748
25 38.1314 -17.8060 37.4753 0.7753 -0.3359 -0.5348 0.3293 0.7592
25 31.8903 -20.7510 31.2345 0.1023 -0.9386 -0.3294 0.3612 0.7747
KMUA_NPC_423.jpg
25 31.8903 -20.7510 31.2345 0.1023 -0.9386 -0.3294 0.3612 0.7747
25 35.1238 -16.2467 23.2520 0.1509 -0.9702 -0.1894 0.3606 0.8095
25 39.8214 -16.3209 32.7245 0.8536 -0.5207 0.0142 0.3293 0.7748
KMUA_NPC_423.jpg
25 40.7039 -12.3113 24.6060 0.8632 -0.4993 0.0751 0.3293 0.8088
25 39.8214 -16.3209 32.7245 0.8536 -0.5207 0.0142 0.3293 0.7748
25 35.1238 -16.2467 23.2520 0.1509 -0.9702 -0.1894 0.3606 0.8095
KMUA_NPC_423.jpg
25 40.7039 -12.3113 24.6060 0.8632 -0.4993 0.0751 0.3293 0.8088
25 35.1238 -16.2467 23.2520 0.1509 -0.9702 -0.1894 0.3606 0.8095
25 44.5818 -10.9711 14.4859 0.7629 -0.5503 0.3394 0.3293 0.8416
KMUA_NPC_423.jpg
25 27.6844 -12.1635 21.6199 -0.7704 -0.5461 -0.3291 0.3992 0.8092
25 29.2861 -14.7442 13.3744 -0.7261 -0.6866 0.0364 0.3913 0.8416
25 35.1238 -16.2467 23.2520 0.1509 -0.9702 -0.1894 0.3606 0.8095
KMUA_NPC_423.jpg
25 26.7055 -4.2779 21.3134 -0.9151 0.3561 -0.1890 0.4350 0.8088
25 25.8227 -2.0886 10.7690 -0.9575 0.2659 0.1115 0.4350 0.8416
25 27.6844 -12.1635 21.6199 -0.7704 -0.5461 -0.3291 0.3992 0.8092
KMUA_NPC_423.jpg
25 27.6844 -12.1635 21.6199 -0.7704 -0.5461 -0.3291 0.3992 0.8092
25 35.1238 -16.2467 23.2520 0.1509 -0.9702 -0.1894 0.3606 0.8095
25 23.1197 -15.9095 29.2522 -0.6369 -0.5175 -0.5714 0.3987 0.7739
KMUA_NPC_423.jpg
25 31.8903 -20.7510 31.2345 0.1023 -0.9386 -0.3294 0.3612 0.7747
25 23.1197 -15.9095 29.2522 -0.6369 -0.5175 -0.5714 0.3987 0.7739
25 35.1238 -16.2467 23.2520 0.1509 -0.9702 -0.1894 0.3606 0.8095
KMUA_NPC_423.jpg
25 26.7055 -4.2779 21.3134 -0.9151 0.3561 -0.1890 0.4350 0.8088
25 27.6844 -12.1635 21.6199 -0.7704 -0.5461 -0.3291 0.3992 0.8092
25 21.1196 -5.8322 28.4995 -0.8771 0.3382 -0.3410 0.4350 0.7748
KMUA_NPC_423.jpg
25 23.1197 -15.9095 29.2522 -0.6369 -0.5175 -0.5714 0.3987 0.7739
25 21.1196 -5.8322 28.4995 -0.8771 0.3382 -0.3410 0.4350 0.7748
25 27.6844 -12.1635 21.6199 -0.7704 -0.5461 -0.3291 0.3992 0.8092
KMUA_NPC_423.jpg
25 21.1196 -5.8322 28.4995 -0.8771 0.3382 -0.3410 0.4350 0.7748
25 23.1197 -15.9095 29.2522 -0.6369 -0.5175 -0.5714 0.3987 0.7739
25 19.3852 -7.8492 33.6559 -0.4572 0.3335 -0.8245 0.4350 0.7592
KMUA_NPC_423.jpg
25 29.8543 -21.6999 35.3192 0.1710 -0.5974 -0.7835 0.3598 0.7573
25 21.3185 -17.7160 33.0041 -0.2582 -0.3491 -0.9008 0.3993 0.7554
25 31.8903 -20.7510 31.2345 0.1023 -0.9386 -0.3294 0.3612 0.7747
KMUA_NPC_423.jpg
25 21.3185 -17.7160 33.0041 -0.2582 -0.3491 -0.9008 0.3993 0.7554
25 19.3852 -7.8492 33.6559 -0.4572 0.3335 -0.8245 0.4350 0.7592
25 23.1197 -15.9095 29.2522 -0.6369 -0.5175 -0.5714 0.3987 0.7739
KMUA_NPC_423.jpg
25 23.1197 -15.9095 29.2522 -0.6369 -0.5175 -0.5714 0.3987 0.7739
25 31.8903 -20.7510 31.2345 0.1023 -0.9386 -0.3294 0.3612 0.7747
25 21.3185 -17.7160 33.0041 -0.2582 -0.3491 -0.9008 0.3993 0.7554
KMUA_NPC_423.jpg
25 21.3185 -17.7160 33.0041 -0.2582 -0.3491 -0.9008 0.3993 0.7554
25 29.8543 -21.6999 35.3192 0.1710 -0.5974 -0.7835 0.3598 0.7573
25 13.8163 -22.0059 33.4910 -0.3786 -0.3135 -0.8708 0.4071 0.7293
KMUA_NPC_423.jpg
25 19.3852 -7.8492 33.6559 -0.4572 0.3335 -0.8245 0.4350 0.7592
25 21.3185 -17.7160 33.0041 -0.2582 -0.3491 -0.9008 0.3993 0.7554
25 12.2411 -5.7006 33.9579 -0.4195 0.3891 -0.8201 0.4646 0.7330
KMUA_NPC_423.jpg
25 13.8163 -22.0059 33.4910 -0.3786 -0.3135 -0.8708 0.4071 0.7293
25 12.2411 -5.7006 33.9579 -0.4195 0.3891 -0.8201 0.4646 0.7330
25 21.3185 -17.7160 33.0041 -0.2582 -0.3491 -0.9008 0.3993 0.7554
KMUA_NPC_423.jpg
25 38.1314 -17.8060 37.4753 0.7753 -0.3359 -0.5348 0.3293 0.7592
25 46.6720 -7.5934 44.0162 0.8964 0.2970 -0.3291 0.3533 0.7305
25 39.9555 -27.2688 39.9888 0.6879 -0.4626 -0.5593 0.3053 0.7330
KMUA_NPC_423.jpg
25 19.3852 -7.8492 33.6559 -0.4572 0.3335 -0.8245 0.4350 0.7592
25 29.5250 1.0898 38.2154 0.1237 0.9332 -0.3374 0.3993 0.7554
25 21.1196 -5.8322 28.4995 -0.8771 0.3382 -0.3410 0.4350 0.7748
KMUA_NPC_423.jpg
25 29.5250 1.0898 38.2154 0.1237 0.9332 -0.3374 0.3993 0.7554
25 19.3852 -7.8492 33.6559 -0.4572 0.3335 -0.8245 0.4350 0.7592
25 27.4191 4.8514 41.2237 0.1602 0.7780 -0.6074 0.4071 0.7293
KMUA_NPC_423.jpg
25 31.3606 3.5623 33.1519 -0.0341 0.9733 0.2269 0.3987 0.7739
25 21.1196 -5.8322 28.4995 -0.8771 0.3382 -0.3410 0.4350 0.7748
25 29.5250 1.0898 38.2154 0.1237 0.9332 -0.3374 0.3993 0.7554
KMUA_NPC_423.jpg
25 29.5250 1.0898 38.2154 0.1237 0.9332 -0.3374 0.3993 0.7554
25 38.1115 -8.1408 39.6560 0.8516 0.3294 -0.4078 0.3598 0.7573
25 31.3606 3.5623 33.1519 -0.0341 0.9733 0.2269 0.3987 0.7739
KMUA_NPC_423.jpg
25 38.1115 -8.1408 39.6560 0.8516 0.3294 -0.4078 0.3598 0.7573
25 29.5250 1.0898 38.2154 0.1237 0.9332 -0.3374 0.3993 0.7554
25 46.6720 -7.5934 44.0162 0.8964 0.2970 -0.3291 0.3533 0.7305
KMUA_NPC_423.jpg
25 38.1314 -17.8060 37.4753 0.7753 -0.3359 -0.5348 0.3293 0.7592
25 39.8214 -16.3209 32.7245 0.8536 -0.5207 0.0142 0.3293 0.7748
25 38.1115 -8.1408 39.6560 0.8516 0.3294 -0.4078 0.3598 0.7573
KMUA_NPC_423.jpg
25 38.1314 -17.8060 37.4753 0.7753 -0.3359 -0.5348 0.3293 0.7592
25 38.1115 -8.1408 39.6560 0.8516 0.3294 -0.4078 0.3598 0.7573
25 46.6720 -7.5934 44.0162 0.8964 0.2970 -0.3291 0.3533 0.7305
KMUA_NPC_423.jpg
25 39.8214 -16.3209 32.7245 0.8536 -0.5207 0.0142 0.3293 0.7748
25 40.7039 -12.3113 24.6060 0.8632 -0.4993 0.0751 0.3293 0.8088
25 40.7132 -4.7255 33.6433 0.8668 0.3482 0.3570 0.3612 0.7747
KMUA_NPC_423.jpg
25 40.7132 -4.7255 33.6433 0.8668 0.3482 0.3570 0.3612 0.7747
25 31.3606 3.5623 33.1519 -0.0341 0.9733 0.2269 0.3987 0.7739
25 38.1115 -8.1408 39.6560 0.8516 0.3294 -0.4078 0.3598 0.7573
KMUA_NPC_423.jpg
25 40.7132 -4.7255 33.6433 0.8668 0.3482 0.3570 0.3612 0.7747
25 38.1115 -8.1408 39.6560 0.8516 0.3294 -0.4078 0.3598 0.7573
25 39.8214 -16.3209 32.7245 0.8536 -0.5207 0.0142 0.3293 0.7748
KMUA_NPC_423.jpg
25 31.3606 3.5623 33.1519 -0.0341 0.9733 0.2269 0.3987 0.7739
25 33.8729 3.6494 25.7198 -0.0822 0.9746 0.2081 0.3992 0.8092
25 21.1196 -5.8322 28.4995 -0.8771 0.3382 -0.3410 0.4350 0.7748
KMUA_NPC_423.jpg
25 26.7055 -4.2779 21.3134 -0.9151 0.3561 -0.1890 0.4350 0.8088
25 21.1196 -5.8322 28.4995 -0.8771 0.3382 -0.3410 0.4350 0.7748
25 33.8729 3.6494 25.7198 -0.0822 0.9746 0.2081 0.3992 0.8092
KMUA_NPC_423.jpg
25 31.3606 3.5623 33.1519 -0.0341 0.9733 0.2269 0.3987 0.7739
25 40.7132 -4.7255 33.6433 0.8668 0.3482 0.3570 0.3612 0.7747
25 33.8729 3.6494 25.7198 -0.0822 0.9746 0.2081 0.3992 0.8092
KMUA_NPC_423.jpg
25 41.7877 -3.0711 26.3663 0.8468 0.2916 0.4448 0.3606 0.8095
25 33.8729 3.6494 25.7198 -0.0822 0.9746 0.2081 0.3992 0.8092
25 40.7132 -4.7255 33.6433 0.8668 0.3482 0.3570 0.3612 0.7747
KMUA_NPC_423.jpg
25 40.7039 -12.3113 24.6060 0.8632 -0.4993 0.0751 0.3293 0.8088
25 44.5818 -10.9711 14.4859 0.7629 -0.5503 0.3394 0.3293 0.8416
25 41.7877 -3.0711 26.3663 0.8468 0.2916 0.4448 0.3606 0.8095
KMUA_NPC_423.jpg
25 41.7877 -3.0711 26.3663 0.8468 0.2916 0.4448 0.3606 0.8095
25 40.7132 -4.7255 33.6433 0.8668 0.3482 0.3570 0.3612 0.7747
25 40.7039 -12.3113 24.6060 0.8632 -0.4993 0.0751 0.3293 0.8088
KMUA_NPC_423.jpg
25 33.8729 3.6494 25.7198 -0.0822 0.9746 0.2081 0.3992 0.8092
25 41.7877 -3.0711 26.3663 0.8468 0.2916 0.4448 0.3606 0.8095
25 36.6914 7.8891 17.3225 -0.1435 0.8774 0.4578 0.3913 0.8416
KMUA_NPC_423.jpg
25 26.7055 -4.2779 21.3134 -0.9151 0.3561 -0.1890 0.4350 0.8088
25 33.8729 3.6494 25.7198 -0.0822 0.9746 0.2081 0.3992 0.8092
25 36.6914 7.8891 17.3225 -0.1435 0.8774 0.4578 0.3913 0.8416
KMUA_NPC_423.jpg
25 41.7877 -3.0711 26.3663 0.8468 0.2916 0.4448 0.3606 0.8095
25 50.5681 0.3005 16.8369 0.7179 0.0912 0.6901 0.3616 0.8416
25 36.6914 7.8891 17.3225 -0.1435 0.8774 0.4578 0.3913 0.8416
KMUA_NPC_423.jpg
26 36.4779 5.5371 0.4430 0.0235 0.7923 -0.6096 0.3044 0.6952
26 28.9622 0.2075 0.5604 -0.6744 0.3859 -0.6294 0.2767 0.7238
26 36.3129 6.0309 10.6574 0.0408 0.9842 0.1721 0.2728 0.6686
KMUA_NPC_423.jpg
26 27.4005 -12.4888 0.2131 -0.7070 0.1276 -0.6956 0.2503 0.7484
26 27.9973 -12.5460 10.5855 -0.9438 -0.1042 0.3138 0.2106 0.7314
26 28.9622 0.2075 0.5604 -0.6744 0.3859 -0.6294 0.2767 0.7238
KMUA_NPC_423.jpg
26 27.4005 -12.4888 0.2131 -0.7070 0.1276 -0.6956 0.2503 0.7484
26 25.3092 -22.9274 0.0737 -0.7589 0.0312 -0.6505 0.2297 0.7807
26 27.9973 -12.5460 10.5855 -0.9438 -0.1042 0.3138 0.2106 0.7314
KMUA_NPC_423.jpg
27 26.4798 -29.8226 0.0847 -0.6595 -0.4304 -0.6163 0.2116 0.8101
27 26.5371 -29.7875 7.3398 -0.6914 -0.4959 0.5254 0.1971 0.7921
26 25.3092 -22.9274 0.0737 -0.7589 0.0312 -0.6505 0.2297 0.7807
KMUA_NPC_423.jpg
27 26.5371 -29.7875 7.3398 -0.6914 -0.4959 0.5254 0.1971 0.7921
27 26.4798 -29.8226 0.0847 -0.6595 -0.4304 -0.6163 0.2116 0.8101
27 31.4591 -32.3045 8.2006 -0.2114 -0.6962 0.6861 0.1766 0.8020
KMUA_NPC_423.jpg
27 31.1642 -33.3861 0.0840 -0.2559 -0.7665 -0.5891 0.1868 0.8280
27 31.4591 -32.3045 8.2006 -0.2114 -0.6962 0.6861 0.1766 0.8020
27 26.4798 -29.8226 0.0847 -0.6595 -0.4304 -0.6163 0.2116 0.8101
KMUA_NPC_423.jpg
27 31.4591 -32.3045 8.2006 -0.2114 -0.6962 0.6861 0.1766 0.8020
27 35.4928 -24.7547 9.2846 0.1472 -0.2874 0.9464 0.1639 0.7703
27 26.5371 -29.7875 7.3398 -0.6914 -0.4959 0.5254 0.1971 0.7921
KMUA_NPC_423.jpg
27 35.5414 -32.3483 7.6385 0.1457 -0.7443 0.6517 0.1639 0.8029
27 35.4928 -24.7547 9.2846 0.1472 -0.2874 0.9464 0.1639 0.7703
27 31.4591 -32.3045 8.2006 -0.2114 -0.6962 0.6861 0.1766 0.8020
KMUA_NPC_423.jpg
27 31.4591 -32.3045 8.2006 -0.2114 -0.6962 0.6861 0.1766 0.8020
27 31.1642 -33.3861 0.0840 -0.2559 -0.7665 -0.5891 0.1868 0.8280
27 35.5414 -32.3483 7.6385 0.1457 -0.7443 0.6517 0.1639 0.8029
KMUA_NPC_423.jpg
27 35.3022 -33.3829 0.0830 0.0709 -0.7674 -0.6372 0.1639 0.8338
27 35.5414 -32.3483 7.6385 0.1457 -0.7443 0.6517 0.1639 0.8029
27 31.1642 -33.3861 0.0840 -0.2559 -0.7665 -0.5891 0.1868 0.8280
KMUA_NPC_423.jpg
25 27.6606 -11.4424 22.4197 -0.8249 -0.4726 -0.3100 0.1793 0.6786
26 29.1999 -10.6421 17.3505 -0.8960 -0.4424 0.0372 0.1982 0.7092
25 34.0961 -15.5394 23.3423 0.0339 -0.9747 -0.2211 0.1639 0.6831
KMUA_NPC_423.jpg
25 27.2496 -4.3834 22.3672 -0.9013 0.2717 -0.3375 0.2016 0.6584
26 29.5767 -1.2482 18.5217 -0.8550 0.5058 0.1149 0.2258 0.6795
25 27.6606 -11.4424 22.4197 -0.8249 -0.4726 -0.3100 0.1793 0.6786
KMUA_NPC_423.jpg
25 34.3255 2.1207 26.0133 0.0269 0.9875 0.1552 0.2265 0.6312
26 35.1181 2.9753 18.4638 -0.0632 0.9683 0.2416 0.2475 0.6499
25 27.2496 -4.3834 22.3672 -0.9013 0.2717 -0.3375 0.2016 0.6584
KMUA_NPC_423.jpg
26 45.0076 -20.0633 0.1345 0.7511 -0.0100 -0.6602 0.2297 0.7807
26 44.8303 -9.8044 0.2653 0.7751 0.0577 -0.6292 0.2503 0.7484
27 44.3078 -20.4604 6.8668 0.8104 -0.1010 0.5771 0.2053 0.7665
KMUA_NPC_423.jpg
26 45.0076 -20.0633 0.1345 0.7511 -0.0100 -0.6602 0.2297 0.7807
27 44.3078 -20.4604 6.8668 0.8104 -0.1010 0.5771 0.2053 0.7665
27 44.4628 -28.2521 0.0830 0.7265 -0.3563 -0.5876 0.2116 0.8101
KMUA_NPC_423.jpg
27 44.1538 -27.1649 5.7434 0.8194 -0.3050 0.4854 0.1971 0.7921
27 44.4628 -28.2521 0.0830 0.7265 -0.3563 -0.5876 0.2116 0.8101
27 44.3078 -20.4604 6.8668 0.8104 -0.1010 0.5771 0.2053 0.7665
KMUA_NPC_423.jpg
27 39.8063 -31.5822 7.0769 0.4363 -0.6612 0.6103 0.1766 0.8020
27 35.4928 -24.7547 9.2846 0.1472 -0.2874 0.9464 0.1639 0.7703
27 35.5414 -32.3483 7.6385 0.1457 -0.7443 0.6517 0.1639 0.8029
KMUA_NPC_423.jpg
27 44.1538 -27.1649 5.7434 0.8194 -0.3050 0.4854 0.1971 0.7921
27 44.3078 -20.4604 6.8668 0.8104 -0.1010 0.5771 0.2053 0.7665
27 39.8063 -31.5822 7.0769 0.4363 -0.6612 0.6103 0.1766 0.8020
KMUA_NPC_423.jpg
27 35.5414 -32.3483 7.6385 0.1457 -0.7443 0.6517 0.1639 0.8029
27 35.3022 -33.3829 0.0830 0.0709 -0.7674 -0.6372 0.1639 0.8338
27 39.8063 -31.5822 7.0769 0.4363 -0.6612 0.6103 0.1766 0.8020
KMUA_NPC_423.jpg
27 44.1538 -27.1649 5.7434 0.8194 -0.3050 0.4854 0.1971 0.7921
27 39.8063 -31.5822 7.0769 0.4363 -0.6612 0.6103 0.1766 0.8020
27 44.4628 -28.2521 0.0830 0.7265 -0.3563 -0.5876 0.2116 0.8101
KMUA_NPC_423.jpg
27 39.6227 -32.5698 0.0826 0.3404 -0.7174 -0.6078 0.1868 0.8280
27 39.8063 -31.5822 7.0769 0.4363 -0.6612 0.6103 0.1766 0.8020
27 35.3022 -33.3829 0.0830 0.0709 -0.7674 -0.6372 0.1639 0.8338
KMUA_NPC_423.jpg
27 39.6227 -32.5698 0.0826 0.3404 -0.7174 -0.6078 0.1868 0.8280
27 44.4628 -28.2521 0.0830 0.7265 -0.3563 -0.5876 0.2116 0.8101
27 39.8063 -31.5822 7.0769 0.4363 -0.6612 0.6103 0.1766 0.8020
KMUA_NPC_423.jpg
26 44.8303 -9.8044 0.2653 0.7751 0.0577 -0.6292 0.2503 0.7484
26 44.2707 -0.3283 0.3814 0.7231 0.3490 -0.5961 0.2767 0.7238
26 42.8927 -12.2704 9.6360 0.9207 -0.2005 0.3350 0.2106 0.7314
KMUA_NPC_423.jpg
26 44.2707 -0.3283 0.3814 0.7231 0.3490 -0.5961 0.2767 0.7238
26 36.4779 5.5371 0.4430 0.0235 0.7923 -0.6096 0.3044 0.6952
26 43.7608 -0.0891 10.3006 0.8925 0.4178 0.1700 0.2486 0.6966
KMUA_NPC_423.jpg
25 34.0961 -15.5394 23.3423 0.0339 -0.9747 -0.2211 0.1639 0.6831
26 35.3250 -13.8004 17.3580 0.0162 -0.9563 0.2920 0.1639 0.7103
25 39.3507 -12.4086 24.2932 0.7537 -0.6503 0.0946 0.1793 0.6786
KMUA_NPC_423.jpg
25 40.9666 -4.3193 25.9797 0.9201 0.2746 0.2793 0.2016 0.6584
26 42.2868 -2.0174 17.7627 0.8927 0.3843 0.2354 0.2258 0.6795
25 34.3255 2.1207 26.0133 0.0269 0.9875 0.1552 0.2265 0.6312
KMUA_NPC_423.jpg
25 39.3507 -12.4086 24.2932 0.7537 -0.6503 0.0946 0.1793 0.6786
26 42.1366 -11.0653 15.7328 0.8491 -0.4775 0.2258 0.1982 0.7092
25 40.9666 -4.3193 25.9797 0.9201 0.2746 0.2793 0.2016 0.6584
KMUA_NPC_423.jpg
26 44.2707 -0.3283 0.3814 0.7231 0.3490 -0.5961 0.2800 0.9567
26 28.9622 0.2075 0.5604 -0.6744 0.3859 -0.6294 0.2782 0.9922
26 36.4779 5.5371 0.4430 0.0235 0.7923 -0.6096 0.2920 0.9758
KMUA_NPC_423.jpg
26 44.8303 -9.8044 0.2653 0.7751 0.0577 -0.6292 0.2582 0.9536
26 28.9622 0.2075 0.5604 -0.6744 0.3859 -0.6294 0.2782 0.9922
26 44.2707 -0.3283 0.3814 0.7231 0.3490 -0.5961 0.2800 0.9567
KMUA_NPC_423.jpg
26 27.4005 -12.4888 0.2131 -0.7070 0.1276 -0.6956 0.2486 0.9933
26 28.9622 0.2075 0.5604 -0.6744 0.3859 -0.6294 0.2782 0.9922
26 44.8303 -9.8044 0.2653 0.7751 0.0577 -0.6292 0.2582 0.9536
KMUA_NPC_423.jpg
26 45.0076 -20.0633 0.1345 0.7511 -0.0100 -0.6602 0.2345 0.9512
26 27.4005 -12.4888 0.2131 -0.7070 0.1276 -0.6956 0.2486 0.9933
26 44.8303 -9.8044 0.2653 0.7751 0.0577 -0.6292 0.2582 0.9536
KMUA_NPC_423.jpg
26 27.4005 -12.4888 0.2131 -0.7070 0.1276 -0.6956 0.2486 0.9933
26 45.0076 -20.0633 0.1345 0.7511 -0.0100 -0.6602 0.2345 0.9512
26 25.3092 -22.9274 0.0737 -0.7589 0.0312 -0.6505 0.2240 0.9961
KMUA_NPC_423.jpg
27 44.4628 -28.2521 0.0830 0.7265 -0.3563 -0.5876 0.2154 0.9509
26 25.3092 -22.9274 0.0737 -0.7589 0.0312 -0.6505 0.2240 0.9961
26 45.0076 -20.0633 0.1345 0.7511 -0.0100 -0.6602 0.2345 0.9512
KMUA_NPC_423.jpg
27 26.4798 -29.8226 0.0847 -0.6595 -0.4304 -0.6163 0.2085 0.9922
26 25.3092 -22.9274 0.0737 -0.7589 0.0312 -0.6505 0.2240 0.9961
27 44.4628 -28.2521 0.0830 0.7265 -0.3563 -0.5876 0.2154 0.9509
KMUA_NPC_423.jpg
27 39.6227 -32.5698 0.0826 0.3404 -0.7174 -0.6078 0.2045 0.9613
27 26.4798 -29.8226 0.0847 -0.6595 -0.4304 -0.6163 0.2085 0.9922
27 44.4628 -28.2521 0.0830 0.7265 -0.3563 -0.5876 0.2154 0.9509
KMUA_NPC_423.jpg
27 26.4798 -29.8226 0.0847 -0.6595 -0.4304 -0.6163 0.2085 0.9922
27 39.6227 -32.5698 0.0826 0.3404 -0.7174 -0.6078 0.2045 0.9613
27 31.1642 -33.3861 0.0840 -0.2559 -0.7665 -0.5891 0.2011 0.9807
KMUA_NPC_423.jpg
27 35.3022 -33.3829 0.0830 0.0709 -0.7674 -0.6372 0.2019 0.9712
27 31.1642 -33.3861 0.0840 -0.2559 -0.7665 -0.5891 0.2011 0.9807
27 39.6227 -32.5698 0.0826 0.3404 -0.7174 -0.6078 0.2045 0.9613
KMUA_NPC_423.jpg
2 -4.3355 -10.8873 87.9770 -0.2394 -0.6340 -0.7353 0.7169 0.4141
2 2.2601 -13.9696 90.4993 -0.2322 -0.9086 -0.3472 0.7379 0.4141
2 -5.1791 -17.8032 103.7272 -0.2850 -0.9059 -0.3131 0.7379 0.3765
KMUA_NPC_423.jpg
2 2.2601 -13.9696 90.4993 -0.2322 -0.9086 -0.3472 0.7379 0.4141
24 5.1115 -15.6824 74.9963 -0.7653 -0.6423 -0.0420 0.7379 0.4679
2 14.2575 -15.0400 93.0217 0.3809 -0.9242 -0.0295 0.7841 0.4141
KMUA_NPC_423.jpg
2 2.2601 -13.9696 90.4993 -0.2322 -0.9086 -0.3472 0.7379 0.4141
2 -0.2532 -1.5600 81.5997 -0.7676 0.0334 -0.6400 0.6923 0.4402
24 4.3721 -4.0806 69.8694 -0.9286 0.2142 -0.3030 0.6923 0.4679
KMUA_NPC_423.jpg
2 2.2601 -13.9696 90.4993 -0.2322 -0.9086 -0.3472 0.7379 0.4141
2 -4.3355 -10.8873 87.9770 -0.2394 -0.6340 -0.7353 0.7169 0.4141
2 -0.2532 -1.5600 81.5997 -0.7676 0.0334 -0.6400 0.6923 0.4402
KMUA_NPC_423.jpg
2 -1.7935 -0.7055 83.2558 -0.0951 -0.0588 -0.9937 0.6923 0.4360
2 -0.2532 -1.5600 81.5997 -0.7676 0.0334 -0.6400 0.6923 0.4402
2 -4.3355 -10.8873 87.9770 -0.2394 -0.6340 -0.7353 0.7169 0.4141
KMUA_NPC_423.jpg
2 -5.1791 -17.8032 103.7272 -0.2850 -0.9059 -0.3131 0.7379 0.3765
2 2.2601 -13.9696 90.4993 -0.2322 -0.9086 -0.3472 0.7379 0.4141
2 12.9379 -17.3703 102.1616 0.3231 -0.9240 -0.2043 0.7841 0.3765
KMUA_NPC_423.jpg
2 2.2601 -13.9696 90.4993 -0.2322 -0.9086 -0.3472 0.7379 0.4141
2 14.2575 -15.0400 93.0217 0.3809 -0.9242 -0.0295 0.7841 0.4141
2 12.9379 -17.3703 102.1616 0.3231 -0.9240 -0.2043 0.7841 0.3765
KMUA_NPC_423.jpg
2 21.6017 -6.1023 93.4532 0.9596 -0.2764 0.0525 0.8319 0.4141
2 14.2575 -15.0400 93.0217 0.3809 -0.9242 -0.0295 0.7841 0.4141
24 27.7507 -12.9506 78.9175 0.7950 -0.3622 0.4866 0.8319 0.4679
KMUA_NPC_423.jpg
2 14.2575 -15.0400 93.0217 0.3809 -0.9242 -0.0295 0.7841 0.4141
2 21.6017 -6.1023 93.4532 0.9596 -0.2764 0.0525 0.8319 0.4141
2 12.9379 -17.3703 102.1616 0.3231 -0.9240 -0.2043 0.7841 0.3765
KMUA_NPC_423.jpg
2 23.2658 -4.9221 100.1232 0.9657 -0.2097 -0.1529 0.8319 0.3765
2 12.9379 -17.3703 102.1616 0.3231 -0.9240 -0.2043 0.7841 0.3765
2 21.6017 -6.1023 93.4532 0.9596 -0.2764 0.0525 0.8319 0.4141
KMUA_NPC_423.jpg
2 21.6017 -6.1023 93.4532 0.9596 -0.2764 0.0525 0.8319 0.4141
2 19.2976 7.3277 91.9920 0.8526 0.5198 -0.0530 0.8813 0.4141
2 23.2658 -4.9221 100.1232 0.9657 -0.2097 -0.1529 0.8319 0.3765
KMUA_NPC_423.jpg
2 18.8045 9.4336 100.0802 0.8153 0.5784 -0.0275 0.8813 0.3765
2 23.2658 -4.9221 100.1232 0.9657 -0.2097 -0.1529 0.8319 0.3765
2 19.2976 7.3277 91.9920 0.8526 0.5198 -0.0530 0.8813 0.4141
KMUA_NPC_423.jpg
2 4.4625 18.2490 93.8044 0.2539 0.9439 -0.2111 0.9450 0.3937
2 4.9619 18.4110 100.8913 0.2791 0.9576 0.0719 0.9387 0.3765
2 11.5703 15.6360 92.6142 0.5292 0.8211 -0.2138 0.9218 0.4026
KMUA_NPC_423.jpg
2 4.9619 18.4110 100.8913 0.2791 0.9576 0.0719 0.9387 0.3765
2 18.8045 9.4336 100.0802 0.8153 0.5784 -0.0275 0.8813 0.3765
2 11.5703 15.6360 92.6142 0.5292 0.8211 -0.2138 0.9218 0.4026
KMUA_NPC_423.jpg
2 11.5703 15.6360 92.6142 0.5292 0.8211 -0.2138 0.9218 0.4026
2 18.8045 9.4336 100.0802 0.8153 0.5784 -0.0275 0.8813 0.3765
2 19.2976 7.3277 91.9920 0.8526 0.5198 -0.0530 0.8813 0.4141
KMUA_NPC_423.jpg
2 3.1746 15.5616 87.2218 0.1380 0.6803 -0.7198 0.9492 0.4084
24 9.1093 12.6492 83.2524 0.1381 0.8017 -0.5816 0.9363 0.4223
2 -1.7935 -0.7055 83.2558 -0.0951 -0.0588 -0.9937 0.9951 0.4271
KMUA_NPC_423.jpg
2 3.1746 15.5616 87.2218 0.1380 0.6803 -0.7198 0.9492 0.4084
2 4.4625 18.2490 93.8044 0.2539 0.9439 -0.2111 0.9450 0.3937
24 9.1093 12.6492 83.2524 0.1381 0.8017 -0.5816 0.9363 0.4223
KMUA_NPC_423.jpg
2 11.5703 15.6360 92.6142 0.5292 0.8211 -0.2138 0.9218 0.4026
24 9.1093 12.6492 83.2524 0.1381 0.8017 -0.5816 0.9363 0.4223
2 4.4625 18.2490 93.8044 0.2539 0.9439 -0.2111 0.9450 0.3937
KMUA_NPC_423.jpg
2 11.5703 15.6360 92.6142 0.5292 0.8211 -0.2138 0.9218 0.4026
2 19.2976 7.3277 91.9920 0.8526 0.5198 -0.0530 0.8813 0.4141
24 9.1093 12.6492 83.2524 0.1381 0.8017 -0.5816 0.9363 0.4223
KMUA_NPC_423.jpg
2 26.0006 -8.8715 101.3028 0.7483 0.2158 -0.6272 0.3290 0.9403
2 26.8254 -9.3169 114.4918 0.8342 0.2107 0.5096 0.4199 0.9403
2 22.0200 -15.8440 101.7385 0.1924 -0.8035 -0.5633 0.3290 0.9972
KMUA_NPC_423.jpg
2 21.9171 -6.7870 101.3043 -0.2655 0.7542 -0.6006 0.3290 0.9059
2 22.6522 -6.7697 114.6866 -0.1572 0.8169 0.5549 0.4199 0.9059
2 26.0006 -8.8715 101.3028 0.7483 0.2158 -0.6272 0.3290 0.9403
KMUA_NPC_423.jpg
2 17.9365 -13.7595 101.7400 -0.8117 -0.2546 -0.5257 0.3290 0.9059
2 22.0200 -15.8440 101.7385 0.1924 -0.8035 -0.5633 0.3290 0.9403
2 18.4916 -13.6241 115.2335 -0.7533 -0.1673 0.6361 0.4199 0.9059
KMUA_NPC_423.jpg
2 21.9171 -6.7870 101.3043 -0.2655 0.7542 -0.6006 0.4199 0.8464
2 17.9365 -13.7595 101.7400 -0.8117 -0.2546 -0.5257 0.4199 0.9059
2 22.6522 -6.7697 114.6866 -0.1572 0.8169 0.5549 0.3290 0.8464
KMUA_NPC_423.jpg
2 22.0200 -15.8440 101.7385 0.1924 -0.8035 -0.5633 0.4199 0.9972
2 17.9365 -13.7595 101.7400 -0.8117 -0.2546 -0.5257 0.4547 0.9972
2 26.0006 -8.8715 101.3028 0.7483 0.2158 -0.6272 0.4199 0.9403
KMUA_NPC_423.jpg
2 21.9171 -6.7870 101.3043 -0.2655 0.7542 -0.6006 0.4547 0.9403
2 26.0006 -8.8715 101.3028 0.7483 0.2158 -0.6272 0.4199 0.9403
2 17.9365 -13.7595 101.7400 -0.8117 -0.2546 -0.5257 0.4547 0.9972
KMUA_NPC_423.jpg
18 -33.3245 31.9113 92.6805 -0.5572 -0.2384 0.7954 0.7270 0.6888
18 -33.9565 33.4213 92.6902 -0.5636 0.1335 0.8151 0.7361 0.6832
18 -35.9314 31.5089 85.3214 -0.9241 -0.3735 -0.0806 0.7218 0.6221
KMUA_NPC_423.jpg
18 -36.5634 33.0190 85.3311 -0.9943 0.0676 -0.0820 0.7339 0.6252
18 -35.9314 31.5089 85.3214 -0.9241 -0.3735 -0.0806 0.7218 0.6221
18 -33.9565 33.4213 92.6902 -0.5636 0.1335 0.8151 0.7361 0.6832
KMUA_NPC_423.jpg
18 -33.3245 31.9113 92.6805 -0.5572 -0.2384 0.7954 0.7270 0.6888
18 -29.4517 37.5616 90.9583 0.2764 0.1096 0.9548 0.7830 0.7005
18 -33.9565 33.4213 92.6902 -0.5636 0.1335 0.8151 0.7361 0.6832
KMUA_NPC_423.jpg
18 -30.2603 39.4934 90.9707 -0.2027 0.7647 0.6117 0.7899 0.6846
18 -33.9565 33.4213 92.6902 -0.5636 0.1335 0.8151 0.7361 0.6832
18 -29.4517 37.5616 90.9583 0.2764 0.1096 0.9548 0.7830 0.7005
KMUA_NPC_423.jpg
18 -33.9565 33.4213 92.6902 -0.5636 0.1335 0.8151 0.7361 0.6832
18 -30.2603 39.4934 90.9707 -0.2027 0.7647 0.6117 0.7899 0.6846
18 -36.5634 33.0190 85.3311 -0.9943 0.0676 -0.0820 0.7339 0.6252
KMUA_NPC_423.jpg
18 -36.5634 33.0190 85.3311 -0.9943 0.0676 -0.0820 0.7339 0.6252
18 -32.8647 37.2235 78.3635 -0.4873 0.5658 -0.6651 0.7901 0.5826
18 -35.9314 31.5089 85.3214 -0.9241 -0.3735 -0.0806 0.7218 0.6221
KMUA_NPC_423.jpg
18 -36.5634 33.0190 85.3311 -0.9943 0.0676 -0.0820 0.7339 0.6252
18 -30.2603 39.4934 90.9707 -0.2027 0.7647 0.6117 0.7899 0.6846
18 -32.8647 37.2235 78.3635 -0.4873 0.5658 -0.6651 0.7901 0.5826
KMUA_NPC_423.jpg
18 -32.2367 35.7454 77.7964 -0.3604 0.1968 -0.9118 0.7835 0.5736
18 -35.9314 31.5089 85.3214 -0.9241 -0.3735 -0.0806 0.7218 0.6221
18 -32.8647 37.2235 78.3635 -0.4873 0.5658 -0.6651 0.7901 0.5826
KMUA_NPC_423.jpg
18 -33.7969 39.8976 84.1913 -0.9802 -0.1351 0.1444 0.6433 0.4838
18 -32.3182 40.4640 85.0680 0.1096 0.4090 0.9059 0.6749 0.4887
18 -33.8895 44.0979 84.9298 -0.3065 0.9171 0.2547 0.6812 0.4187
KMUA_NPC_423.jpg
18 -33.0073 40.2853 82.6094 -0.3432 0.1125 -0.9325 0.6163 0.4667
18 -33.7969 39.8976 84.1913 -0.9802 -0.1351 0.1444 0.6433 0.4838
18 -33.8895 44.0979 84.9298 -0.3065 0.9171 0.2547 0.6812 0.4187
KMUA_NPC_423.jpg
18 -32.3182 40.4640 85.0680 0.1096 0.4090 0.9059 0.6749 0.4887
18 -33.7969 39.8976 84.1913 -0.9802 -0.1351 0.1444 0.6433 0.4838
18 -31.0201 38.4254 86.4859 -0.0008 0.5449 0.8385 0.6867 0.5371
KMUA_NPC_423.jpg
18 -33.7969 39.8976 84.1913 -0.9802 -0.1351 0.1444 0.6433 0.4838
18 -33.0073 40.2853 82.6094 -0.3432 0.1125 -0.9325 0.6163 0.4667
18 -32.9260 36.5482 85.3682 -0.9325 -0.1189 0.3411 0.6355 0.5432
KMUA_NPC_423.jpg
18 -32.9260 36.5482 85.3682 -0.9325 -0.1189 0.3411 0.6355 0.5432
18 -31.0201 38.4254 86.4859 -0.0008 0.5449 0.8385 0.6867 0.5371
18 -33.7969 39.8976 84.1913 -0.9802 -0.1351 0.1444 0.6433 0.4838
KMUA_NPC_423.jpg
18 -31.9594 37.8562 82.6944 -0.2714 -0.1503 -0.9507 0.5938 0.5079
18 -32.9260 36.5482 85.3682 -0.9325 -0.1189 0.3411 0.6355 0.5432
18 -33.0073 40.2853 82.6094 -0.3432 0.1125 -0.9325 0.6163 0.4667
KMUA_NPC_423.jpg
18 -30.2603 39.4934 90.9707 -0.2027 0.7647 0.6117 0.7899 0.6846
18 -25.8270 39.2273 81.7331 0.3868 0.7570 -0.5266 0.7339 0.6252
18 -32.8647 37.2235 78.3635 -0.4873 0.5658 -0.6651 0.7901 0.5826
KMUA_NPC_423.jpg
18 -30.2603 39.4934 90.9707 -0.2027 0.7647 0.6117 0.7899 0.6846
18 -29.4517 37.5616 90.9583 0.2764 0.1096 0.9548 0.7830 0.7005
18 -23.1660 39.1003 88.9046 0.6203 0.6790 0.3927 0.7361 0.6832
KMUA_NPC_423.jpg
18 -23.1660 39.1003 88.9046 0.6203 0.6790 0.3927 0.7361 0.6832
18 -25.8270 39.2273 81.7331 0.3868 0.7570 -0.5266 0.7339 0.6252
18 -30.2603 39.4934 90.9707 -0.2027 0.7647 0.6117 0.7899 0.6846
KMUA_NPC_423.jpg
18 -32.2367 35.7454 77.7964 -0.3604 0.1968 -0.9118 0.7835 0.5736
18 -32.8647 37.2235 78.3635 -0.4873 0.5658 -0.6651 0.7901 0.5826
18 -25.1949 37.7172 81.7234 0.7020 0.3198 -0.6364 0.7218 0.6221
KMUA_NPC_423.jpg
18 -25.8270 39.2273 81.7331 0.3868 0.7570 -0.5266 0.7339 0.6252
18 -25.1949 37.7172 81.7234 0.7020 0.3198 -0.6364 0.7218 0.6221
18 -32.8647 37.2235 78.3635 -0.4873 0.5658 -0.6651 0.7901 0.5826
KMUA_NPC_423.jpg
18 -25.8270 39.2273 81.7331 0.3868 0.7570 -0.5266 0.7339 0.6252
18 -23.1660 39.1003 88.9046 0.6203 0.6790 0.3927 0.7361 0.6832
18 -25.1949 37.7172 81.7234 0.7020 0.3198 -0.6364 0.7218 0.6221
KMUA_NPC_423.jpg
18 -22.5339 37.5902 88.8949 0.8578 0.3567 0.3701 0.7270 0.6888
18 -23.1660 39.1003 88.9046 0.6203 0.6790 0.3927 0.7361 0.6832
18 -29.4517 37.5616 90.9583 0.2764 0.1096 0.9548 0.7830 0.7005
KMUA_NPC_423.jpg
18 -22.5339 37.5902 88.8949 0.8578 0.3567 0.3701 0.7270 0.6888
18 -25.1949 37.7172 81.7234 0.7020 0.3198 -0.6364 0.7218 0.6221
18 -23.1660 39.1003 88.9046 0.6203 0.6790 0.3927 0.7361 0.6832
KMUA_NPC_423.jpg
18 -31.5287 40.8516 83.4862 0.7068 0.5979 -0.3782 0.6433 0.4838
18 -33.0073 40.2853 82.6094 -0.3432 0.1125 -0.9325 0.6163 0.4667
18 -33.8895 44.0979 84.9298 -0.3065 0.9171 0.2547 0.6812 0.4187
KMUA_NPC_423.jpg
18 -32.3182 40.4640 85.0680 0.1096 0.4090 0.9059 0.6749 0.4887
18 -31.0201 38.4254 86.4859 -0.0008 0.5449 0.8385 0.6867 0.5371
18 -31.5287 40.8516 83.4862 0.7068 0.5979 -0.3782 0.6433 0.4838
KMUA_NPC_423.jpg
18 -32.3182 40.4640 85.0680 0.1096 0.4090 0.9059 0.6749 0.4887
18 -31.5287 40.8516 83.4862 0.7068 0.5979 -0.3782 0.6433 0.4838
18 -33.8895 44.0979 84.9298 -0.3065 0.9171 0.2547 0.6812 0.4187
KMUA_NPC_423.jpg
18 -31.5287 40.8516 83.4862 0.7068 0.5979 -0.3782 0.6433 0.4838
18 -29.1964 38.2774 84.1331 0.7537 0.6290 -0.1905 0.6355 0.5432
18 -33.0073 40.2853 82.6094 -0.3432 0.1125 -0.9325 0.6163 0.4667
KMUA_NPC_423.jpg
18 -31.9594 37.8562 82.6944 -0.2714 -0.1503 -0.9507 0.5938 0.5079
18 -33.0073 40.2853 82.6094 -0.3432 0.1125 -0.9325 0.6163 0.4667
18 -29.1964 38.2774 84.1331 0.7537 0.6290 -0.1905 0.6355 0.5432
KMUA_NPC_423.jpg
18 -29.1964 38.2774 84.1331 0.7537 0.6290 -0.1905 0.6355 0.5432
18 -31.5287 40.8516 83.4862 0.7068 0.5979 -0.3782 0.6433 0.4838
18 -31.0201 38.4254 86.4859 -0.0008 0.5449 0.8385 0.6867 0.5371
KMUA_NPC_423.jpg
23 2.3022 -4.6249 174.1581 -0.0220 -0.9860 -0.1652 0.0051 0.1630
23 1.1963 -4.5734 173.7178 -0.2529 -0.8307 -0.4959 0.0229 0.1656
23 2.3627 -4.1741 173.3531 -0.0355 -0.9973 0.0642 0.0051 0.1777
KMUA_NPC_423.jpg
23 1.6407 -4.0653 173.3689 -0.5210 -0.7550 -0.3981 0.0206 0.1775
23 2.3627 -4.1741 173.3531 -0.0355 -0.9973 0.0642 0.0051 0.1777
23 1.1963 -4.5734 173.7178 -0.2529 -0.8307 -0.4959 0.0229 0.1656
KMUA_NPC_423.jpg
23 2.3627 -4.1741 173.3531 -0.0355 -0.9973 0.0642 0.0051 0.1777
23 1.6407 -4.0653 173.3689 -0.5210 -0.7550 -0.3981 0.0206 0.1775
23 2.3801 -4.7412 172.7340 -0.0550 -0.8809 0.4700 0.0051 0.1897
KMUA_NPC_423.jpg
23 1.6524 -4.4606 172.6010 -0.6155 -0.7183 0.3242 0.0186 0.1919
23 2.3801 -4.7412 172.7340 -0.0550 -0.8809 0.4700 0.0051 0.1897
23 1.6407 -4.0653 173.3689 -0.5210 -0.7550 -0.3981 0.0206 0.1775
KMUA_NPC_423.jpg
23 1.6407 -4.0653 173.3689 -0.5210 -0.7550 -0.3981 0.0206 0.1775
23 0.9968 -3.1908 173.3041 -0.6205 -0.7438 -0.2486 0.0400 0.1807
23 1.6524 -4.4606 172.6010 -0.6155 -0.7183 0.3242 0.0186 0.1919
KMUA_NPC_423.jpg
23 0.9968 -3.1908 173.3041 -0.6205 -0.7438 -0.2486 0.0400 0.1807
23 1.6407 -4.0653 173.3689 -0.5210 -0.7550 -0.3981 0.0206 0.1775
23 1.1963 -4.5734 173.7178 -0.2529 -0.8307 -0.4959 0.0229 0.1656
KMUA_NPC_423.jpg
23 1.0628 -3.6331 172.3856 -0.6784 -0.7018 0.2173 0.0359 0.1965
23 1.6524 -4.4606 172.6010 -0.6155 -0.7183 0.3242 0.0186 0.1919
23 0.9968 -3.1908 173.3041 -0.6205 -0.7438 -0.2486 0.0400 0.1807
KMUA_NPC_423.jpg
23 2.3801 -4.7412 172.7340 -0.0550 -0.8809 0.4700 0.0051 0.1897
23 1.6524 -4.4606 172.6010 -0.6155 -0.7183 0.3242 0.0186 0.1919
23 2.4924 -5.7725 170.2019 -0.0061 -0.9151 -0.4032 0.0051 0.2323
KMUA_NPC_423.jpg
23 1.3491 -5.1204 170.4779 -0.6987 -0.6754 -0.2362 0.0186 0.2300
23 2.4924 -5.7725 170.2019 -0.0061 -0.9151 -0.4032 0.0051 0.2323
23 1.6524 -4.4606 172.6010 -0.6155 -0.7183 0.3242 0.0186 0.1919
KMUA_NPC_423.jpg
23 1.3491 -5.1204 170.4779 -0.6987 -0.6754 -0.2362 0.0186 0.2300
23 1.3212 -3.9767 169.9075 -0.5703 -0.6922 -0.4422 0.0296 0.2460
23 2.4924 -5.7725 170.2019 -0.0061 -0.9151 -0.4032 0.0051 0.2323
KMUA_NPC_423.jpg
23 2.5883 -3.9087 169.5661 -0.0067 -0.9190 -0.3942 0.0051 0.2583
23 2.4924 -5.7725 170.2019 -0.0061 -0.9151 -0.4032 0.0051 0.2323
23 1.3212 -3.9767 169.9075 -0.5703 -0.6922 -0.4422 0.0296 0.2460
KMUA_NPC_423.jpg
23 1.3212 -3.9767 169.9075 -0.5703 -0.6922 -0.4422 0.0296 0.2460
23 0.9335 -3.7376 168.5010 -0.4328 -0.8452 -0.3136 0.0367 0.2702
23 2.5883 -3.9087 169.5661 -0.0067 -0.9190 -0.3942 0.0051 0.2583
KMUA_NPC_423.jpg
23 2.6259 -4.2941 168.6958 -0.0204 -0.9816 -0.1899 0.0051 0.2704
23 2.5883 -3.9087 169.5661 -0.0067 -0.9190 -0.3942 0.0051 0.2583
23 0.9335 -3.7376 168.5010 -0.4328 -0.8452 -0.3136 0.0367 0.2702
KMUA_NPC_423.jpg
23 0.9335 -3.7376 168.5010 -0.4328 -0.8452 -0.3136 0.0367 0.2702
23 0.9222 -3.0040 167.7809 -0.2897 -0.8387 -0.4612 0.0416 0.2879
23 2.6259 -4.2941 168.6958 -0.0204 -0.9816 -0.1899 0.0051 0.2704
KMUA_NPC_423.jpg
23 2.6923 -3.4170 168.0246 -0.0022 -0.8899 -0.4561 0.0051 0.2884
23 2.6259 -4.2941 168.6958 -0.0204 -0.9816 -0.1899 0.0051 0.2704
23 0.9222 -3.0040 167.7809 -0.2897 -0.8387 -0.4612 0.0416 0.2879
KMUA_NPC_423.jpg
23 0.9968 -3.1908 173.3041 -0.6205 -0.7438 -0.2486 0.0400 0.1807
23 -0.9991 -2.5299 172.7076 -0.5378 -0.8407 0.0635 0.0775 0.1856
23 1.0628 -3.6331 172.3856 -0.6784 -0.7018 0.2173 0.0359 0.1965
KMUA_NPC_423.jpg
23 -0.9516 -3.0438 171.1748 -0.4870 -0.8505 -0.1986 0.0737 0.2140
23 1.0628 -3.6331 172.3856 -0.6784 -0.7018 0.2173 0.0359 0.1965
23 -0.9991 -2.5299 172.7076 -0.5378 -0.8407 0.0635 0.0775 0.1856
KMUA_NPC_423.jpg
23 1.3212 -3.9767 169.9075 -0.5703 -0.6922 -0.4422 0.0296 0.2460
23 -0.7419 -2.0045 169.7138 -0.6776 -0.6790 -0.2825 0.0812 0.2451
23 0.9335 -3.7376 168.5010 -0.4328 -0.8452 -0.3136 0.0367 0.2702
KMUA_NPC_423.jpg
23 -0.7419 -2.0045 169.7138 -0.6776 -0.6790 -0.2825 0.0812 0.2451
23 -0.9516 -3.0438 171.1748 -0.4870 -0.8505 -0.1986 0.0737 0.2140
23 -2.1389 -0.1739 169.3978 -0.7853 -0.6094 -0.1091 0.1237 0.2458
KMUA_NPC_423.jpg
23 -0.9516 -3.0438 171.1748 -0.4870 -0.8505 -0.1986 0.0737 0.2140
23 -0.9991 -2.5299 172.7076 -0.5378 -0.8407 0.0635 0.0775 0.1856
23 -2.4547 -1.4401 171.0561 -0.7661 -0.5798 -0.2773 0.1105 0.2112
KMUA_NPC_423.jpg
23 -2.4547 -1.4401 171.0561 -0.7661 -0.5798 -0.2773 0.1105 0.2112
23 -2.1389 -0.1739 169.3978 -0.7853 -0.6094 -0.1091 0.1237 0.2458
23 -0.9516 -3.0438 171.1748 -0.4870 -0.8505 -0.1986 0.0737 0.2140
KMUA_NPC_423.jpg
23 -2.4547 -1.4401 171.0561 -0.7661 -0.5798 -0.2773 0.1105 0.2112
23 -0.9991 -2.5299 172.7076 -0.5378 -0.8407 0.0635 0.0775 0.1856
23 -2.5274 -1.3524 174.0619 -0.7034 -0.6852 -0.1888 0.1104 0.1574
KMUA_NPC_423.jpg
23 -4.9168 3.5704 172.6136 -0.8901 -0.4536 -0.0450 0.1963 0.1764
23 -2.1389 -0.1739 169.3978 -0.7853 -0.6094 -0.1091 0.1237 0.2458
23 -2.4547 -1.4401 171.0561 -0.7661 -0.5798 -0.2773 0.1105 0.2112
KMUA_NPC_423.jpg
23 0.9222 -3.0040 167.7809 -0.2897 -0.8387 -0.4612 0.0416 0.2879
23 0.9335 -3.7376 168.5010 -0.4328 -0.8452 -0.3136 0.0367 0.2702
23 -0.7343 -1.5175 166.9269 -0.5367 -0.8337 0.1299 0.0861 0.2964
KMUA_NPC_423.jpg
23 -0.7419 -2.0045 169.7138 -0.6776 -0.6790 -0.2825 0.0812 0.2451
23 -2.1389 -0.1739 169.3978 -0.7853 -0.6094 -0.1091 0.1237 0.2458
23 -0.7343 -1.5175 166.9269 -0.5367 -0.8337 0.1299 0.0861 0.2964
KMUA_NPC_423.jpg
23 -0.7343 -1.5175 166.9269 -0.5367 -0.8337 0.1299 0.0861 0.2964
23 0.9335 -3.7376 168.5010 -0.4328 -0.8452 -0.3136 0.0367 0.2702
23 -0.7419 -2.0045 169.7138 -0.6776 -0.6790 -0.2825 0.0812 0.2451
KMUA_NPC_423.jpg
23 0.9222 -3.0040 167.7809 -0.2897 -0.8387 -0.4612 0.0416 0.2879
23 0.7136 -2.8725 167.1223 -0.4837 -0.8401 -0.2454 0.0462 0.2995
23 2.6923 -3.4170 168.0246 -0.0022 -0.8899 -0.4561 0.0051 0.2884
KMUA_NPC_423.jpg
23 0.7136 -2.8725 167.1223 -0.4837 -0.8401 -0.2454 0.0462 0.2995
23 0.9222 -3.0040 167.7809 -0.2897 -0.8387 -0.4612 0.0416 0.2879
23 -0.7343 -1.5175 166.9269 -0.5367 -0.8337 0.1299 0.0861 0.2964
KMUA_NPC_423.jpg
23 2.7278 -3.4933 167.3631 -0.0091 -0.9332 -0.3594 0.0051 0.3004
23 2.6923 -3.4170 168.0246 -0.0022 -0.8899 -0.4561 0.0051 0.2884
23 0.7136 -2.8725 167.1223 -0.4837 -0.8401 -0.2454 0.0462 0.2995
KMUA_NPC_423.jpg
23 0.7136 -2.8725 167.1223 -0.4837 -0.8401 -0.2454 0.0462 0.2995
23 0.9453 -2.5619 166.4789 -0.4745 -0.8668 0.1534 0.0475 0.3137
23 2.7278 -3.4933 167.3631 -0.0091 -0.9332 -0.3594 0.0051 0.3004
KMUA_NPC_423.jpg
23 0.9453 -2.5619 166.4789 -0.4745 -0.8668 0.1534 0.0475 0.3137
23 0.7136 -2.8725 167.1223 -0.4837 -0.8401 -0.2454 0.0462 0.2995
23 -0.7343 -1.5175 166.9269 -0.5367 -0.8337 0.1299 0.0861 0.2964
KMUA_NPC_423.jpg
23 2.7624 -2.9360 167.0689 -0.0159 -0.9655 -0.2601 0.0051 0.3114
23 2.7278 -3.4933 167.3631 -0.0091 -0.9332 -0.3594 0.0051 0.3004
23 0.9453 -2.5619 166.4789 -0.4745 -0.8668 0.1534 0.0475 0.3137
KMUA_NPC_423.jpg
23 0.9453 -2.5619 166.4789 -0.4745 -0.8668 0.1534 0.0475 0.3137
23 2.8056 -5.5572 164.8594 -0.0481 -0.6954 0.7170 0.0051 0.3739
23 2.7624 -2.9360 167.0689 -0.0159 -0.9655 -0.2601 0.0051 0.3114
KMUA_NPC_423.jpg
23 -3.7333 0.2507 173.7268 -0.9046 -0.4128 -0.1066 0.1465 0.1591
23 -4.9168 3.5704 172.6136 -0.8901 -0.4536 -0.0450 0.1963 0.1764
23 -2.4547 -1.4401 171.0561 -0.7661 -0.5798 -0.2773 0.1105 0.2112
KMUA_NPC_423.jpg
23 -3.7333 0.2507 173.7268 -0.9046 -0.4128 -0.1066 0.1465 0.1591
23 -2.4547 -1.4401 171.0561 -0.7661 -0.5798 -0.2773 0.1105 0.2112
23 -2.5274 -1.3524 174.0619 -0.7034 -0.6852 -0.1888 0.1104 0.1574
KMUA_NPC_423.jpg
23 -0.9991 -2.5299 172.7076 -0.5378 -0.8407 0.0635 0.0775 0.1856
23 -1.0752 -2.7969 174.4356 -0.6243 -0.5840 -0.5189 0.0744 0.1555
23 -2.5274 -1.3524 174.0619 -0.7034 -0.6852 -0.1888 0.1104 0.1574
KMUA_NPC_423.jpg
23 -0.9991 -2.5299 172.7076 -0.5378 -0.8407 0.0635 0.0775 0.1856
23 0.9968 -3.1908 173.3041 -0.6205 -0.7438 -0.2486 0.0400 0.1807
23 -1.0752 -2.7969 174.4356 -0.6243 -0.5840 -0.5189 0.0744 0.1555
KMUA_NPC_423.jpg
23 1.1963 -4.5734 173.7178 -0.2529 -0.8307 -0.4959 0.0229 0.1656
23 -1.2176 -3.9926 174.9627 -0.5627 -0.7283 -0.3911 0.0622 0.1402
23 0.9968 -3.1908 173.3041 -0.6205 -0.7438 -0.2486 0.0400 0.1807
KMUA_NPC_423.jpg
23 -1.0752 -2.7969 174.4356 -0.6243 -0.5840 -0.5189 0.0744 0.1555
23 0.9968 -3.1908 173.3041 -0.6205 -0.7438 -0.2486 0.0400 0.1807
23 -1.2176 -3.9926 174.9627 -0.5627 -0.7283 -0.3911 0.0622 0.1402
KMUA_NPC_423.jpg
23 -1.0752 -2.7969 174.4356 -0.6243 -0.5840 -0.5189 0.0744 0.1555
23 -1.2176 -3.9926 174.9627 -0.5627 -0.7283 -0.3911 0.0622 0.1402
23 -3.4312 -1.7206 176.5812 -0.8955 -0.4423 -0.0494 0.1127 0.1086
KMUA_NPC_423.jpg
23 -2.5274 -1.3524 174.0619 -0.7034 -0.6852 -0.1888 0.1104 0.1574
23 -3.4312 -1.7206 176.5812 -0.8955 -0.4423 -0.0494 0.1127 0.1086
23 -3.7333 0.2507 173.7268 -0.9046 -0.4128 -0.1066 0.1465 0.1591
KMUA_NPC_423.jpg
23 -2.5274 -1.3524 174.0619 -0.7034 -0.6852 -0.1888 0.1104 0.1574
23 -1.0752 -2.7969 174.4356 -0.6243 -0.5840 -0.5189 0.0744 0.1555
23 -3.4312 -1.7206 176.5812 -0.8955 -0.4423 -0.0494 0.1127 0.1086
KMUA_NPC_423.jpg
23 -1.2176 -3.9926 174.9627 -0.5627 -0.7283 -0.3911 0.0622 0.1402
23 -1.4261 -3.8324 176.3413 -0.4859 -0.8723 0.0544 0.0670 0.1193
23 -3.4312 -1.7206 176.5812 -0.8955 -0.4423 -0.0494 0.1127 0.1086
KMUA_NPC_423.jpg
23 -1.2176 -3.9926 174.9627 -0.5627 -0.7283 -0.3911 0.0622 0.1402
23 1.1963 -4.5734 173.7178 -0.2529 -0.8307 -0.4959 0.0229 0.1656
23 -1.4261 -3.8324 176.3413 -0.4859 -0.8723 0.0544 0.0670 0.1193
KMUA_NPC_423.jpg
23 2.3022 -4.6249 174.1581 -0.0220 -0.9860 -0.1652 0.0051 0.1630
23 -1.4261 -3.8324 176.3413 -0.4859 -0.8723 0.0544 0.0670 0.1193
23 1.1963 -4.5734 173.7178 -0.2529 -0.8307 -0.4959 0.0229 0.1656
KMUA_NPC_423.jpg
23 -3.4312 -1.7206 176.5812 -0.8955 -0.4423 -0.0494 0.1127 0.1086
23 -1.4261 -3.8324 176.3413 -0.4859 -0.8723 0.0544 0.0670 0.1193
23 -2.7193 -2.6377 179.0979 -0.7557 -0.5386 0.3726 0.0837 0.0713
KMUA_NPC_423.jpg
23 -2.7193 -2.6377 179.0979 -0.7557 -0.5386 0.3726 0.0837 0.0713
23 -3.0552 0.7907 179.5780 -0.8938 -0.1611 0.4185 0.1339 0.0390
23 -3.4312 -1.7206 176.5812 -0.8955 -0.4423 -0.0494 0.1127 0.1086
KMUA_NPC_423.jpg
23 -3.4312 -1.7206 176.5812 -0.8955 -0.4423 -0.0494 0.1127 0.1086
23 -4.3453 2.5641 176.0077 -0.9660 -0.2402 0.0955 0.1746 0.1058
23 -3.7333 0.2507 173.7268 -0.9046 -0.4128 -0.1066 0.1465 0.1591
KMUA_NPC_423.jpg
23 -4.3453 2.5641 176.0077 -0.9660 -0.2402 0.0955 0.1746 0.1058
23 -3.4312 -1.7206 176.5812 -0.8955 -0.4423 -0.0494 0.1127 0.1086
23 -3.0552 0.7907 179.5780 -0.8938 -0.1611 0.4185 0.1339 0.0390
KMUA_NPC_423.jpg
23 -4.9168 3.5704 172.6136 -0.8901 -0.4536 -0.0450 0.1963 0.1764
23 -3.7333 0.2507 173.7268 -0.9046 -0.4128 -0.1066 0.1465 0.1591
23 -4.3453 2.5641 176.0077 -0.9660 -0.2402 0.0955 0.1746 0.1058
KMUA_NPC_423.jpg
23 -0.8432 -3.2947 180.1156 -0.3767 -0.7553 0.5363 0.0518 0.0556
23 -2.7193 -2.6377 179.0979 -0.7557 -0.5386 0.3726 0.0837 0.0713
23 -1.4261 -3.8324 176.3413 -0.4859 -0.8723 0.0544 0.0670 0.1193
KMUA_NPC_423.jpg
23 -1.4261 -3.8324 176.3413 -0.4859 -0.8723 0.0544 0.0670 0.1193
23 2.1522 -4.7093 176.7275 -0.0375 -0.9941 0.1017 0.0051 0.1193
23 -0.8432 -3.2947 180.1156 -0.3767 -0.7553 0.5363 0.0518 0.0556
KMUA_NPC_423.jpg
23 2.3022 -4.6249 174.1581 -0.0220 -0.9860 -0.1652 0.0051 0.1630
23 2.1522 -4.7093 176.7275 -0.0375 -0.9941 0.1017 0.0051 0.1193
23 -1.4261 -3.8324 176.3413 -0.4859 -0.8723 0.0544 0.0670 0.1193
KMUA_NPC_423.jpg
23 1.9639 -3.5172 180.6752 -0.0578 -0.8389 0.5413 0.0051 0.0463
23 -0.8432 -3.2947 180.1156 -0.3767 -0.7553 0.5363 0.0518 0.0556
23 2.1522 -4.7093 176.7275 -0.0375 -0.9941 0.1017 0.0051 0.1193
KMUA_NPC_423.jpg
23 -0.8432 -3.2947 180.1156 -0.3767 -0.7553 0.5363 0.0518 0.0556
23 -0.8988 -0.6473 181.5316 -0.5492 -0.3454 0.7610 0.0720 0.0078
23 -2.7193 -2.6377 179.0979 -0.7557 -0.5386 0.3726 0.0837 0.0713
KMUA_NPC_423.jpg
23 -3.0552 0.7907 179.5780 -0.8938 -0.1611 0.4185 0.1339 0.0390
23 -2.7193 -2.6377 179.0979 -0.7557 -0.5386 0.3726 0.0837 0.0713
23 -0.8988 -0.6473 181.5316 -0.5492 -0.3454 0.7610 0.0720 0.0078
KMUA_NPC_423.jpg
23 1.9639 -3.5172 180.6752 -0.0578 -0.8389 0.5413 0.0051 0.0463
23 1.9256 -1.6993 182.3526 -0.0650 -0.5828 0.8100 0.0051 0.0026
23 -0.8432 -3.2947 180.1156 -0.3767 -0.7553 0.5363 0.0518 0.0556
KMUA_NPC_423.jpg
23 -0.8988 -0.6473 181.5316 -0.5492 -0.3454 0.7610 0.0720 0.0078
23 -0.8432 -3.2947 180.1156 -0.3767 -0.7553 0.5363 0.0518 0.0556
23 1.9256 -1.6993 182.3526 -0.0650 -0.5828 0.8100 0.0051 0.0026
KMUA_NPC_423.jpg
23 -5.3065 3.7690 169.5621 -0.6645 -0.6871 0.2938 0.2106 0.2268
23 -2.1389 -0.1739 169.3978 -0.7853 -0.6094 -0.1091 0.1237 0.2458
23 -4.9168 3.5704 172.6136 -0.8901 -0.4536 -0.0450 0.1963 0.1764
KMUA_NPC_423.jpg
23 -2.3033 -1.4625 165.3289 -0.3946 -0.7027 0.5920 0.1174 0.3240
23 2.8056 -5.5572 164.8594 -0.0481 -0.6954 0.7170 0.0051 0.3739
23 0.9453 -2.5619 166.4789 -0.4745 -0.8668 0.1534 0.0475 0.3137
KMUA_NPC_423.jpg
23 -2.3033 -1.4625 165.3289 -0.3946 -0.7027 0.5920 0.1174 0.3240
23 0.9453 -2.5619 166.4789 -0.4745 -0.8668 0.1534 0.0475 0.3137
23 -0.7343 -1.5175 166.9269 -0.5367 -0.8337 0.1299 0.0861 0.2964
KMUA_NPC_423.jpg
23 -0.7343 -1.5175 166.9269 -0.5367 -0.8337 0.1299 0.0861 0.2964
23 -2.1389 -0.1739 169.3978 -0.7853 -0.6094 -0.1091 0.1237 0.2458
23 -2.3033 -1.4625 165.3289 -0.3946 -0.7027 0.5920 0.1174 0.3240
KMUA_NPC_423.jpg
23 -2.1389 -0.1739 169.3978 -0.7853 -0.6094 -0.1091 0.1237 0.2458
23 -5.3065 3.7690 169.5621 -0.6645 -0.6871 0.2938 0.2106 0.2268
23 -2.3033 -1.4625 165.3289 -0.3946 -0.7027 0.5920 0.1174 0.3240
KMUA_NPC_423.jpg
23 -5.3065 3.7690 169.5621 -0.6645 -0.6871 0.2938 0.2106 0.2268
23 -7.1330 2.1175 166.7850 -0.3363 -0.6770 0.6546 0.2232 0.2797
23 -2.3033 -1.4625 165.3289 -0.3946 -0.7027 0.5920 0.1174 0.3240
KMUA_NPC_423.jpg
23 -0.9516 -3.0438 171.1748 -0.4870 -0.8505 -0.1986 0.0737 0.2140
23 -0.7419 -2.0045 169.7138 -0.6776 -0.6790 -0.2825 0.0812 0.2451
23 0.4199 -3.1877 171.0161 -0.5551 -0.8100 -0.1890 0.0520 0.2222
KMUA_NPC_423.jpg
23 0.4199 -3.1877 171.0161 -0.5551 -0.8100 -0.1890 0.0520 0.2222
23 -0.7419 -2.0045 169.7138 -0.6776 -0.6790 -0.2825 0.0812 0.2451
23 1.3212 -3.9767 169.9075 -0.5703 -0.6922 -0.4422 0.0296 0.2460
KMUA_NPC_423.jpg
23 1.0628 -3.6331 172.3856 -0.6784 -0.7018 0.2173 0.0359 0.1965
23 0.4199 -3.1877 171.0161 -0.5551 -0.8100 -0.1890 0.0520 0.2222
23 1.6524 -4.4606 172.6010 -0.6155 -0.7183 0.3242 0.0186 0.1919
KMUA_NPC_423.jpg
23 -0.9516 -3.0438 171.1748 -0.4870 -0.8505 -0.1986 0.0737 0.2140
23 0.4199 -3.1877 171.0161 -0.5551 -0.8100 -0.1890 0.0520 0.2222
23 1.0628 -3.6331 172.3856 -0.6784 -0.7018 0.2173 0.0359 0.1965
KMUA_NPC_423.jpg
23 1.3491 -5.1204 170.4779 -0.6987 -0.6754 -0.2362 0.0186 0.2300
23 1.6524 -4.4606 172.6010 -0.6155 -0.7183 0.3242 0.0186 0.1919
23 0.4199 -3.1877 171.0161 -0.5551 -0.8100 -0.1890 0.0520 0.2222
KMUA_NPC_423.jpg
23 1.3491 -5.1204 170.4779 -0.6987 -0.6754 -0.2362 0.0186 0.2300
23 0.4199 -3.1877 171.0161 -0.5551 -0.8100 -0.1890 0.0520 0.2222
23 1.3212 -3.9767 169.9075 -0.5703 -0.6922 -0.4422 0.0296 0.2460
KMUA_NPC_423.jpg
23 2.3627 -4.1741 173.3531 -0.0355 -0.9973 0.0642 0.0051 0.1777
23 2.3801 -4.7412 172.7340 -0.0550 -0.8809 0.4700 0.0051 0.1897
23 3.0836 -4.1113 173.4517 0.5141 -0.7880 -0.3388 0.0206 0.1775
KMUA_NPC_423.jpg
23 3.0836 -4.1113 173.4517 0.5141 -0.7880 -0.3388 0.0206 0.1775
23 3.4521 -4.6453 173.8471 0.2546 -0.8469 -0.4668 0.0229 0.1656
23 2.3627 -4.1741 173.3531 -0.0355 -0.9973 0.0642 0.0051 0.1777
KMUA_NPC_423.jpg
23 2.3022 -4.6249 174.1581 -0.0220 -0.9860 -0.1652 0.0051 0.1630
23 2.3627 -4.1741 173.3531 -0.0355 -0.9973 0.0642 0.0051 0.1777
23 3.4521 -4.6453 173.8471 0.2546 -0.8469 -0.4668 0.0229 0.1656
KMUA_NPC_423.jpg
23 2.3801 -4.7412 172.7340 -0.0550 -0.8809 0.4700 0.0051 0.1897
23 2.4924 -5.7725 170.2019 -0.0061 -0.9151 -0.4032 0.0051 0.2323
23 3.1346 -4.5079 172.6860 0.5277 -0.7548 0.3898 0.0186 0.1919
KMUA_NPC_423.jpg
23 3.1346 -4.5079 172.6860 0.5277 -0.7548 0.3898 0.0186 0.1919
23 3.0836 -4.1113 173.4517 0.5141 -0.7880 -0.3388 0.0206 0.1775
23 2.3801 -4.7412 172.7340 -0.0550 -0.8809 0.4700 0.0051 0.1897
KMUA_NPC_423.jpg
23 3.0836 -4.1113 173.4517 0.5141 -0.7880 -0.3388 0.0206 0.1775
23 3.1346 -4.5079 172.6860 0.5277 -0.7548 0.3898 0.0186 0.1919
23 3.7849 -3.2797 173.4640 0.5963 -0.7826 -0.1789 0.0400 0.1807
KMUA_NPC_423.jpg
23 3.0836 -4.1113 173.4517 0.5141 -0.7880 -0.3388 0.0206 0.1775
23 3.7849 -3.2797 173.4640 0.5963 -0.7826 -0.1789 0.0400 0.1807
23 3.4521 -4.6453 173.8471 0.2546 -0.8469 -0.4668 0.0229 0.1656
KMUA_NPC_423.jpg
23 3.7963 -3.7202 172.5423 0.6033 -0.7426 0.2908 0.0359 0.1965
23 3.7849 -3.2797 173.4640 0.5963 -0.7826 -0.1789 0.0400 0.1807
23 3.1346 -4.5079 172.6860 0.5277 -0.7548 0.3898 0.0186 0.1919
KMUA_NPC_423.jpg
23 3.6358 -5.1933 170.6090 0.6768 -0.7192 -0.1573 0.0186 0.2300
23 3.1346 -4.5079 172.6860 0.5277 -0.7548 0.3898 0.0186 0.1919
23 2.4924 -5.7725 170.2019 -0.0061 -0.9151 -0.4032 0.0051 0.2323
KMUA_NPC_423.jpg
23 3.6358 -5.1933 170.6090 0.6768 -0.7192 -0.1573 0.0186 0.2300
23 2.4924 -5.7725 170.2019 -0.0061 -0.9151 -0.4032 0.0051 0.2323
23 3.8011 -4.0558 170.0497 0.5720 -0.7286 -0.3767 0.0296 0.2460
KMUA_NPC_423.jpg
23 2.5883 -3.9087 169.5661 -0.0067 -0.9190 -0.3942 0.0051 0.2583
23 3.8011 -4.0558 170.0497 0.5720 -0.7286 -0.3767 0.0296 0.2460
23 2.4924 -5.7725 170.2019 -0.0061 -0.9151 -0.4032 0.0051 0.2323
KMUA_NPC_423.jpg
23 2.6259 -4.2941 168.6958 -0.0204 -0.9816 -0.1899 0.0051 0.2704
23 4.3613 -3.8468 168.6975 0.4112 -0.8721 -0.2652 0.0367 0.2702
23 2.5883 -3.9087 169.5661 -0.0067 -0.9190 -0.3942 0.0051 0.2583
KMUA_NPC_423.jpg
23 3.8011 -4.0558 170.0497 0.5720 -0.7286 -0.3767 0.0296 0.2460
23 2.5883 -3.9087 169.5661 -0.0067 -0.9190 -0.3942 0.0051 0.2583
23 4.3613 -3.8468 168.6975 0.4112 -0.8721 -0.2652 0.0367 0.2702
KMUA_NPC_423.jpg
23 2.6923 -3.4170 168.0246 -0.0022 -0.8899 -0.4561 0.0051 0.2884
23 4.5013 -3.1180 167.9861 0.2866 -0.8571 -0.4281 0.0416 0.2879
23 2.6259 -4.2941 168.6958 -0.0204 -0.9816 -0.1899 0.0051 0.2704
KMUA_NPC_423.jpg
23 4.3613 -3.8468 168.6975 0.4112 -0.8721 -0.2652 0.0367 0.2702
23 2.6259 -4.2941 168.6958 -0.0204 -0.9816 -0.1899 0.0051 0.2704
23 4.5013 -3.1180 167.9861 0.2866 -0.8571 -0.4281 0.0416 0.2879
KMUA_NPC_423.jpg
23 3.7849 -3.2797 173.4640 0.5963 -0.7826 -0.1789 0.0400 0.1807
23 3.7963 -3.7202 172.5423 0.6033 -0.7426 0.2908 0.0359 0.1965
23 5.8737 -2.7490 173.1017 0.4726 -0.8729 0.1214 0.0775 0.1856
KMUA_NPC_423.jpg
23 5.9691 -3.2643 171.5716 0.4515 -0.8804 -0.1448 0.0737 0.2140
23 5.8737 -2.7490 173.1017 0.4726 -0.8729 0.1214 0.0775 0.1856
23 3.7963 -3.7202 172.5423 0.6033 -0.7426 0.2908 0.0359 0.1965
KMUA_NPC_423.jpg
23 5.9939 -2.2192 170.0999 0.6609 -0.7217 -0.2058 0.0812 0.2451
23 3.8011 -4.0558 170.0497 0.5720 -0.7286 -0.3767 0.0296 0.2460
23 4.3613 -3.8468 168.6975 0.4112 -0.8721 -0.2652 0.0367 0.2702
KMUA_NPC_423.jpg
23 5.9939 -2.2192 170.0999 0.6609 -0.7217 -0.2058 0.0812 0.2451
23 7.5312 -0.4821 169.9522 0.7524 -0.6584 -0.0210 0.1237 0.2458
23 5.9691 -3.2643 171.5716 0.4515 -0.8804 -0.1448 0.0737 0.2140
KMUA_NPC_423.jpg
23 5.8737 -2.7490 173.1017 0.4726 -0.8729 0.1214 0.0775 0.1856
23 5.9691 -3.2643 171.5716 0.4515 -0.8804 -0.1448 0.0737 0.2140
23 7.5746 -1.7598 171.6311 0.7545 -0.6282 -0.1901 0.1105 0.2112
KMUA_NPC_423.jpg
23 7.5746 -1.7598 171.6311 0.7545 -0.6282 -0.1901 0.1105 0.2112
23 5.9691 -3.2643 171.5716 0.4515 -0.8804 -0.1448 0.0737 0.2140
23 7.5312 -0.4821 169.9522 0.7524 -0.6584 -0.0210 0.1237 0.2458
KMUA_NPC_423.jpg
23 5.8737 -2.7490 173.1017 0.4726 -0.8729 0.1214 0.0775 0.1856
23 7.5746 -1.7598 171.6311 0.7545 -0.6282 -0.1901 0.1105 0.2112
23 7.3091 -1.6659 174.6258 0.6755 -0.7292 -0.1097 0.1104 0.1574
KMUA_NPC_423.jpg
23 7.5312 -0.4821 169.9522 0.7524 -0.6584 -0.0210 0.1237 0.2458
23 10.1558 3.0900 173.4777 0.8588 -0.5093 0.0552 0.1963 0.1764
23 7.5746 -1.7598 171.6311 0.7545 -0.6282 -0.1901 0.1105 0.2112
KMUA_NPC_423.jpg
23 7.5312 -0.4821 169.9522 0.7524 -0.6584 -0.0210 0.1237 0.2458
23 5.9939 -2.2192 170.0999 0.6609 -0.7217 -0.2058 0.0812 0.2451
23 6.3354 -1.7428 167.3322 0.4643 -0.8656 0.1873 0.0861 0.2964
KMUA_NPC_423.jpg
23 4.3613 -3.8468 168.6975 0.4112 -0.8721 -0.2652 0.0367 0.2702
23 4.5013 -3.1180 167.9861 0.2866 -0.8571 -0.4281 0.0416 0.2879
23 6.3354 -1.7428 167.3322 0.4643 -0.8656 0.1873 0.0861 0.2964
KMUA_NPC_423.jpg
23 4.3613 -3.8468 168.6975 0.4112 -0.8721 -0.2652 0.0367 0.2702
23 6.3354 -1.7428 167.3322 0.4643 -0.8656 0.1873 0.0861 0.2964
23 5.9939 -2.2192 170.0999 0.6609 -0.7217 -0.2058 0.0812 0.2451
KMUA_NPC_423.jpg
23 2.7278 -3.4933 167.3631 -0.0091 -0.9332 -0.3594 0.0051 0.3004
23 4.7917 -3.0025 167.3561 0.4543 -0.8700 -0.1917 0.0462 0.2995
23 2.6923 -3.4170 168.0246 -0.0022 -0.8899 -0.4561 0.0051 0.2884
KMUA_NPC_423.jpg
23 4.5013 -3.1180 167.9861 0.2866 -0.8571 -0.4281 0.0416 0.2879
23 4.7917 -3.0025 167.3561 0.4543 -0.8700 -0.1917 0.0462 0.2995
23 6.3354 -1.7428 167.3322 0.4643 -0.8656 0.1873 0.0861 0.2964
KMUA_NPC_423.jpg
23 4.5013 -3.1180 167.9861 0.2866 -0.8571 -0.4281 0.0416 0.2879
23 2.6923 -3.4170 168.0246 -0.0022 -0.8899 -0.4561 0.0051 0.2884
23 4.7917 -3.0025 167.3561 0.4543 -0.8700 -0.1917 0.0462 0.2995
KMUA_NPC_423.jpg
23 2.8056 -5.5572 164.8594 -0.0481 -0.6954 0.7170 0.0051 0.3739
23 4.6552 -2.6801 166.6916 0.3979 -0.8946 0.2034 0.0475 0.3137
23 2.7624 -2.9360 167.0689 -0.0159 -0.9655 -0.2601 0.0051 0.3114
KMUA_NPC_423.jpg
23 2.7624 -2.9360 167.0689 -0.0159 -0.9655 -0.2601 0.0051 0.3114
23 4.6552 -2.6801 166.6916 0.3979 -0.8946 0.2034 0.0475 0.3137
23 2.7278 -3.4933 167.3631 -0.0091 -0.9332 -0.3594 0.0051 0.3004
KMUA_NPC_423.jpg
23 4.7917 -3.0025 167.3561 0.4543 -0.8700 -0.1917 0.0462 0.2995
23 4.6552 -2.6801 166.6916 0.3979 -0.8946 0.2034 0.0475 0.3137
23 6.3354 -1.7428 167.3322 0.4643 -0.8656 0.1873 0.0861 0.2964
KMUA_NPC_423.jpg
23 4.7917 -3.0025 167.3561 0.4543 -0.8700 -0.1917 0.0462 0.2995
23 2.7278 -3.4933 167.3631 -0.0091 -0.9332 -0.3594 0.0051 0.3004
23 4.6552 -2.6801 166.6916 0.3979 -0.8946 0.2034 0.0475 0.3137
KMUA_NPC_423.jpg
23 10.1558 3.0900 173.4777 0.8588 -0.5093 0.0552 0.1963 0.1764
23 8.6447 -0.1438 174.4364 0.8828 -0.4697 -0.0041 0.1465 0.1591
23 7.5746 -1.7598 171.6311 0.7545 -0.6282 -0.1901 0.1105 0.2112
KMUA_NPC_423.jpg
23 7.5746 -1.7598 171.6311 0.7545 -0.6282 -0.1901 0.1105 0.2112
23 8.6447 -0.1438 174.4364 0.8828 -0.4697 -0.0041 0.1465 0.1591
23 7.3091 -1.6659 174.6258 0.6755 -0.7292 -0.1097 0.1104 0.1574
KMUA_NPC_423.jpg
23 5.7349 -3.0140 174.8260 0.6411 -0.6243 -0.4464 0.0744 0.1555
23 5.8737 -2.7490 173.1017 0.4726 -0.8729 0.1214 0.0775 0.1856
23 7.3091 -1.6659 174.6258 0.6755 -0.7292 -0.1097 0.1104 0.1574
KMUA_NPC_423.jpg
23 3.7849 -3.2797 173.4640 0.5963 -0.7826 -0.1789 0.0400 0.1807
23 5.8737 -2.7490 173.1017 0.4726 -0.8729 0.1214 0.0775 0.1856
23 5.7349 -3.0140 174.8260 0.6411 -0.6243 -0.4464 0.0744 0.1555
KMUA_NPC_423.jpg
23 5.7349 -3.0140 174.8260 0.6411 -0.6243 -0.4464 0.0744 0.1555
23 5.7400 -4.2143 175.3616 0.5563 -0.7640 -0.3269 0.0622 0.1402
23 3.7849 -3.2797 173.4640 0.5963 -0.7826 -0.1789 0.0400 0.1807
KMUA_NPC_423.jpg
23 3.4521 -4.6453 173.8471 0.2546 -0.8469 -0.4668 0.0229 0.1656
23 3.7849 -3.2797 173.4640 0.5963 -0.7826 -0.1789 0.0400 0.1807
23 5.7400 -4.2143 175.3616 0.5563 -0.7640 -0.3269 0.0622 0.1402
KMUA_NPC_423.jpg
23 5.7400 -4.2143 175.3616 0.5563 -0.7640 -0.3269 0.0622 0.1402
23 5.7349 -3.0140 174.8260 0.6411 -0.6243 -0.4464 0.0744 0.1555
23 7.8941 -2.0816 177.2305 0.8654 -0.4984 0.0516 0.1127 0.1086
KMUA_NPC_423.jpg
23 7.8941 -2.0816 177.2305 0.8654 -0.4984 0.0516 0.1127 0.1086
23 7.3091 -1.6659 174.6258 0.6755 -0.7292 -0.1097 0.1104 0.1574
23 8.6447 -0.1438 174.4364 0.8828 -0.4697 -0.0041 0.1465 0.1591
KMUA_NPC_423.jpg
23 5.7349 -3.0140 174.8260 0.6411 -0.6243 -0.4464 0.0744 0.1555
23 7.3091 -1.6659 174.6258 0.6755 -0.7292 -0.1097 0.1104 0.1574
23 7.8941 -2.0816 177.2305 0.8654 -0.4984 0.0516 0.1127 0.1086
KMUA_NPC_423.jpg
23 5.7400 -4.2143 175.3616 0.5563 -0.7640 -0.3269 0.0622 0.1402
23 5.7996 -4.0627 176.7556 0.4201 -0.9012 0.1063 0.0670 0.1193
23 3.4521 -4.6453 173.8471 0.2546 -0.8469 -0.4668 0.0229 0.1656
KMUA_NPC_423.jpg
23 5.7996 -4.0627 176.7556 0.4201 -0.9012 0.1063 0.0670 0.1193
23 5.7400 -4.2143 175.3616 0.5563 -0.7640 -0.3269 0.0622 0.1402
23 7.8941 -2.0816 177.2305 0.8654 -0.4984 0.0516 0.1127 0.1086
KMUA_NPC_423.jpg
23 2.1522 -4.7093 176.7275 -0.0375 -0.9941 0.1017 0.0051 0.1193
23 2.3022 -4.6249 174.1581 -0.0220 -0.9860 -0.1652 0.0051 0.1630
23 5.7996 -4.0627 176.7556 0.4201 -0.9012 0.1063 0.0670 0.1193
KMUA_NPC_423.jpg
23 2.3022 -4.6249 174.1581 -0.0220 -0.9860 -0.1652 0.0051 0.1630
23 3.4521 -4.6453 173.8471 0.2546 -0.8469 -0.4668 0.0229 0.1656
23 5.7996 -4.0627 176.7556 0.4201 -0.9012 0.1063 0.0670 0.1193
KMUA_NPC_423.jpg
23 7.8941 -2.0816 177.2305 0.8654 -0.4984 0.0516 0.1127 0.1086
23 6.8428 -2.9424 179.6461 0.6724 -0.5841 0.4546 0.0837 0.0713
23 5.7996 -4.0627 176.7556 0.4201 -0.9012 0.1063 0.0670 0.1193
KMUA_NPC_423.jpg
23 6.8428 -2.9424 179.6461 0.6724 -0.5841 0.4546 0.0837 0.0713
23 7.8941 -2.0816 177.2305 0.8654 -0.4984 0.0516 0.1127 0.1086
23 7.3386 0.4594 180.1739 0.8281 -0.2160 0.5173 0.1339 0.0390
KMUA_NPC_423.jpg
23 10.1558 3.0900 173.4777 0.8588 -0.5093 0.0552 0.1963 0.1764
23 9.1378 2.1344 176.7807 0.9316 -0.3007 0.2043 0.1746 0.1058
23 8.6447 -0.1438 174.4364 0.8828 -0.4697 -0.0041 0.1465 0.1591
KMUA_NPC_423.jpg
23 9.1378 2.1344 176.7807 0.9316 -0.3007 0.2043 0.1746 0.1058
23 7.3386 0.4594 180.1739 0.8281 -0.2160 0.5173 0.1339 0.0390
23 7.8941 -2.0816 177.2305 0.8654 -0.4984 0.0516 0.1127 0.1086
KMUA_NPC_423.jpg
23 7.8941 -2.0816 177.2305 0.8654 -0.4984 0.0516 0.1127 0.1086
23 8.6447 -0.1438 174.4364 0.8828 -0.4697 -0.0041 0.1465 0.1591
23 9.1378 2.1344 176.7807 0.9316 -0.3007 0.2043 0.1746 0.1058
KMUA_NPC_423.jpg
23 5.7996 -4.0627 176.7556 0.4201 -0.9012 0.1063 0.0670 0.1193
23 4.8248 -3.4754 180.4406 0.2643 -0.7757 0.5731 0.0518 0.0556
23 2.1522 -4.7093 176.7275 -0.0375 -0.9941 0.1017 0.0051 0.1193
KMUA_NPC_423.jpg
23 1.9639 -3.5172 180.6752 -0.0578 -0.8389 0.5413 0.0051 0.0463
23 4.8248 -3.4754 180.4406 0.2643 -0.7757 0.5731 0.0518 0.0556
23 1.9256 -1.6993 182.3526 -0.0650 -0.5828 0.8100 0.0051 0.0026
KMUA_NPC_423.jpg
23 4.8248 -3.4754 180.4406 0.2643 -0.7757 0.5731 0.0518 0.0556
23 5.7996 -4.0627 176.7556 0.4201 -0.9012 0.1063 0.0670 0.1193
23 6.8428 -2.9424 179.6461 0.6724 -0.5841 0.4546 0.0837 0.0713
KMUA_NPC_423.jpg
23 1.9639 -3.5172 180.6752 -0.0578 -0.8389 0.5413 0.0051 0.0463
23 2.1522 -4.7093 176.7275 -0.0375 -0.9941 0.1017 0.0051 0.1193
23 4.8248 -3.4754 180.4406 0.2643 -0.7757 0.5731 0.0518 0.0556
KMUA_NPC_423.jpg
23 4.8864 -0.8317 181.8633 0.4357 -0.3768 0.8174 0.0720 0.0078
23 1.9256 -1.6993 182.3526 -0.0650 -0.5828 0.8100 0.0051 0.0026
23 4.8248 -3.4754 180.4406 0.2643 -0.7757 0.5731 0.0518 0.0556
KMUA_NPC_423.jpg
23 7.3386 0.4594 180.1739 0.8281 -0.2160 0.5173 0.1339 0.0390
23 4.8864 -0.8317 181.8633 0.4357 -0.3768 0.8174 0.0720 0.0078
23 6.8428 -2.9424 179.6461 0.6724 -0.5841 0.4546 0.0837 0.0713
KMUA_NPC_423.jpg
23 4.8248 -3.4754 180.4406 0.2643 -0.7757 0.5731 0.0518 0.0556
23 6.8428 -2.9424 179.6461 0.6724 -0.5841 0.4546 0.0837 0.0713
23 4.8864 -0.8317 181.8633 0.4357 -0.3768 0.8174 0.0720 0.0078
KMUA_NPC_423.jpg
23 7.5312 -0.4821 169.9522 0.7524 -0.6584 -0.0210 0.1237 0.2458
23 10.9032 3.2524 170.4914 0.5817 -0.7268 0.3653 0.2106 0.2268
23 10.1558 3.0900 173.4777 0.8588 -0.5093 0.0552 0.1963 0.1764
KMUA_NPC_423.jpg
23 7.5312 -0.4821 169.9522 0.7524 -0.6584 -0.0210 0.1237 0.2458
23 6.3354 -1.7428 167.3322 0.4643 -0.8656 0.1873 0.0861 0.2964
23 8.0769 -1.7933 165.9240 0.2968 -0.7373 0.6069 0.1174 0.3240
KMUA_NPC_423.jpg
23 10.9032 3.2524 170.4914 0.5817 -0.7268 0.3653 0.2106 0.2268
23 7.5312 -0.4821 169.9522 0.7524 -0.6584 -0.0210 0.1237 0.2458
23 8.0769 -1.7933 165.9240 0.2968 -0.7373 0.6069 0.1174 0.3240
KMUA_NPC_423.jpg
23 4.6552 -2.6801 166.6916 0.3979 -0.8946 0.2034 0.0475 0.3137
23 8.0769 -1.7933 165.9240 0.2968 -0.7373 0.6069 0.1174 0.3240
23 6.3354 -1.7428 167.3322 0.4643 -0.8656 0.1873 0.0861 0.2964
KMUA_NPC_423.jpg
23 2.8056 -5.5572 164.8594 -0.0481 -0.6954 0.7170 0.0051 0.3739
23 8.0769 -1.7933 165.9240 0.2968 -0.7373 0.6069 0.1174 0.3240
23 4.6552 -2.6801 166.6916 0.3979 -0.8946 0.2034 0.0475 0.3137
KMUA_NPC_423.jpg
23 12.9262 1.4782 167.9350 0.2325 -0.7078 0.6670 0.2232 0.2797
23 10.9032 3.2524 170.4914 0.5817 -0.7268 0.3653 0.2106 0.2268
23 8.0769 -1.7933 165.9240 0.2968 -0.7373 0.6069 0.1174 0.3240
KMUA_NPC_423.jpg
23 4.6183 -3.3215 171.2569 0.5205 -0.8443 -0.1273 0.0520 0.2222
23 5.9691 -3.2643 171.5716 0.4515 -0.8804 -0.1448 0.0737 0.2140
23 3.7963 -3.7202 172.5423 0.6033 -0.7426 0.2908 0.0359 0.1965
KMUA_NPC_423.jpg
23 5.9939 -2.2192 170.0999 0.6609 -0.7217 -0.2058 0.0812 0.2451
23 4.6183 -3.3215 171.2569 0.5205 -0.8443 -0.1273 0.0520 0.2222
23 3.8011 -4.0558 170.0497 0.5720 -0.7286 -0.3767 0.0296 0.2460
KMUA_NPC_423.jpg
23 4.6183 -3.3215 171.2569 0.5205 -0.8443 -0.1273 0.0520 0.2222
23 3.6358 -5.1933 170.6090 0.6768 -0.7192 -0.1573 0.0186 0.2300
23 3.8011 -4.0558 170.0497 0.5720 -0.7286 -0.3767 0.0296 0.2460
KMUA_NPC_423.jpg
23 3.7963 -3.7202 172.5423 0.6033 -0.7426 0.2908 0.0359 0.1965
23 3.1346 -4.5079 172.6860 0.5277 -0.7548 0.3898 0.0186 0.1919
23 4.6183 -3.3215 171.2569 0.5205 -0.8443 -0.1273 0.0520 0.2222
KMUA_NPC_423.jpg
23 5.9939 -2.2192 170.0999 0.6609 -0.7217 -0.2058 0.0812 0.2451
23 5.9691 -3.2643 171.5716 0.4515 -0.8804 -0.1448 0.0737 0.2140
23 4.6183 -3.3215 171.2569 0.5205 -0.8443 -0.1273 0.0520 0.2222
KMUA_NPC_423.jpg
23 3.6358 -5.1933 170.6090 0.6768 -0.7192 -0.1573 0.0186 0.2300
23 4.6183 -3.3215 171.2569 0.5205 -0.8443 -0.1273 0.0520 0.2222
23 3.1346 -4.5079 172.6860 0.5277 -0.7548 0.3898 0.0186 0.1919
KMUA_NPC_423.jpg
23 2.8056 -5.5572 164.8594 -0.0481 -0.6954 0.7170 0.5625 0.3607
23 -0.1918 -8.9365 160.6390 -0.1548 -0.8101 0.5655 0.5625 0.4413
23 5.6993 -7.4829 161.3730 0.3067 -0.8032 0.5108 0.6344 0.4224
KMUA_NPC_423.jpg
23 8.0769 -1.7933 165.9240 0.2968 -0.7373 0.6069 0.6381 0.3282
23 2.8056 -5.5572 164.8594 -0.0481 -0.6954 0.7170 0.5625 0.3607
23 5.6993 -7.4829 161.3730 0.3067 -0.8032 0.5108 0.6344 0.4224
KMUA_NPC_423.jpg
23 -2.3033 -1.4625 165.3289 -0.3946 -0.7027 0.5920 0.4889 0.3284
23 -5.4558 -5.4432 160.9705 -0.5842 -0.6168 0.5275 0.4958 0.4198
23 2.8056 -5.5572 164.8594 -0.0481 -0.6954 0.7170 0.5625 0.3607
KMUA_NPC_423.jpg
15 -28.1764 26.9905 159.7569 0.0791 -0.0029 -0.9969 0.4150 0.3534
15 -14.7934 34.1100 156.3216 -0.1903 -0.7131 -0.6747 0.2980 0.3241
15 -17.6600 18.9143 163.0872 -0.0202 -0.4035 -0.9147 0.3566 0.4412
KMUA_NPC_423.jpg
2 7.2271 21.0148 113.7860 0.2931 0.8397 0.4571 0.8116 0.7156
2 5.5670 20.0853 102.4893 0.2166 0.8757 -0.4315 0.8116 0.7550
2 -10.1622 20.3661 115.2019 -0.2611 0.8442 0.4682 0.9106 0.7156
KMUA_NPC_423.jpg
2 -10.1622 20.3661 115.2019 -0.2611 0.8442 0.4682 0.9106 0.7156
2 -9.5916 18.2189 116.2140 -0.2275 0.7644 0.6032 0.9106 0.7086
2 7.2271 21.0148 113.7860 0.2931 0.8397 0.4571 0.8116 0.7156
KMUA_NPC_423.jpg
2 -10.1622 20.3661 115.2019 -0.2611 0.8442 0.4682 0.9106 0.7156
2 -22.5482 10.2407 116.7221 -0.7731 0.3310 0.5411 0.9954 0.7156
2 -9.5916 18.2189 116.2140 -0.2275 0.7644 0.6032 0.9106 0.7086
KMUA_NPC_423.jpg
2 -10.1622 20.3661 115.2019 -0.2611 0.8442 0.4682 0.9106 0.7156
2 -11.8592 19.0005 104.1852 -0.3860 0.8896 -0.2444 0.9106 0.7550
2 -22.5482 10.2407 116.7221 -0.7731 0.3310 0.5411 0.9954 0.7156
KMUA_NPC_423.jpg
2 -20.3591 9.4944 117.5242 -0.6089 0.2854 0.7401 0.9954 0.7086
2 -9.5916 18.2189 116.2140 -0.2275 0.7644 0.6032 0.9106 0.7086
2 -22.5482 10.2407 116.7221 -0.7731 0.3310 0.5411 0.9954 0.7156
KMUA_NPC_423.jpg
2 6.2926 17.8190 114.9723 0.2770 0.7634 0.5835 0.8116 0.7086
2 7.2271 21.0148 113.7860 0.2931 0.8397 0.4571 0.8116 0.7156
2 -9.5916 18.2189 116.2140 -0.2275 0.7644 0.6032 0.9106 0.7086
KMUA_NPC_423.jpg
2 7.2271 21.0148 113.7860 0.2931 0.8397 0.4571 0.8116 0.7156
2 21.1513 10.4995 113.2759 0.7473 0.5261 0.4059 0.7126 0.7156
2 5.5670 20.0853 102.4893 0.2166 0.8757 -0.4315 0.8116 0.7550
KMUA_NPC_423.jpg
2 6.2926 17.8190 114.9723 0.2770 0.7634 0.5835 0.8116 0.7086
2 19.5734 9.0292 114.4202 0.6896 0.4751 0.5466 0.7126 0.7086
2 7.2271 21.0148 113.7860 0.2931 0.8397 0.4571 0.8116 0.7156
KMUA_NPC_423.jpg
2 21.1513 10.4995 113.2759 0.7473 0.5261 0.4059 0.7126 0.7156
2 7.2271 21.0148 113.7860 0.2931 0.8397 0.4571 0.8116 0.7156
2 19.5734 9.0292 114.4202 0.6896 0.4751 0.5466 0.7126 0.7086
KMUA_NPC_423.jpg
2 21.1513 10.4995 113.2759 0.7473 0.5261 0.4059 0.7126 0.7156
2 19.5734 9.0292 114.4202 0.6896 0.4751 0.5466 0.7126 0.7086
2 25.6011 -4.9307 113.7606 0.8781 -0.1893 0.4394 0.6277 0.7156
KMUA_NPC_423.jpg
2 21.1513 10.4995 113.2759 0.7473 0.5261 0.4059 0.7126 0.7156
2 25.6011 -4.9307 113.7606 0.8781 -0.1893 0.4394 0.6277 0.7156
2 19.8457 9.9266 101.6868 0.7561 0.5627 -0.3343 0.7126 0.7550
KMUA_NPC_423.jpg
2 23.4849 -4.3205 114.8275 0.7411 -0.1400 0.6567 0.6277 0.7086
2 25.6011 -4.9307 113.7606 0.8781 -0.1893 0.4394 0.6277 0.7156
2 19.5734 9.0292 114.4202 0.6896 0.4751 0.5466 0.7126 0.7086
KMUA_NPC_423.jpg
16 -9.6833 33.1798 136.1917 0.5826 0.7786 -0.2331 0.6031 0.1550
4 -8.5451 24.9648 129.6216 -0.0704 0.7667 -0.6381 0.6160 0.2094
16 -15.0358 19.2444 127.7933 0.3809 -0.5353 -0.7539 0.5694 0.2008
KMUA_NPC_423.jpg
4 -17.7361 17.3716 128.2359 -0.6495 0.2448 -0.7199 0.5687 0.2139
16 -15.0358 19.2444 127.7933 0.3809 -0.5353 -0.7539 0.5694 0.2008
4 -8.5451 24.9648 129.6216 -0.0704 0.7667 -0.6381 0.6160 0.2094
KMUA_NPC_423.jpg
4 -17.7361 17.3716 128.2359 -0.6495 0.2448 -0.7199 0.5687 0.2139
4 -8.5451 24.9648 129.6216 -0.0704 0.7667 -0.6381 0.6160 0.2094
3 -19.0534 9.9818 122.2159 -0.9510 0.3091 0.0053 0.5492 0.2567
KMUA_NPC_423.jpg
3 -8.6758 18.7056 121.0609 -0.3300 0.9016 -0.2798 0.6196 0.2567
3 -19.0534 9.9818 122.2159 -0.9510 0.3091 0.0053 0.5492 0.2567
4 -8.5451 24.9648 129.6216 -0.0704 0.7667 -0.6381 0.6160 0.2094
KMUA_NPC_423.jpg
3 -19.0534 9.9818 122.2159 -0.9510 0.3091 0.0053 0.5492 0.2567
3 -8.6758 18.7056 121.0609 -0.3300 0.9016 -0.2798 0.6196 0.2567
2 -20.3591 9.4944 117.5242 -0.6089 0.2854 0.7401 0.5501 0.2929
KMUA_NPC_423.jpg
2 -20.3591 9.4944 117.5242 -0.6089 0.2854 0.7401 0.5501 0.2929
2 -18.4257 -6.6386 117.7644 -0.8318 -0.4836 0.2725 0.4784 0.2920
3 -19.0534 9.9818 122.2159 -0.9510 0.3091 0.0053 0.5492 0.2567
KMUA_NPC_423.jpg
3 -16.6809 -6.2659 122.6784 -0.8393 -0.5219 0.1526 0.4780 0.2567
3 -19.0534 9.9818 122.2159 -0.9510 0.3091 0.0053 0.5492 0.2567
2 -18.4257 -6.6386 117.7644 -0.8318 -0.4836 0.2725 0.4784 0.2920
KMUA_NPC_423.jpg
3 -19.0534 9.9818 122.2159 -0.9510 0.3091 0.0053 0.5492 0.2567
3 -16.6809 -6.2659 122.6784 -0.8393 -0.5219 0.1526 0.4780 0.2567
4 -19.0507 10.7995 129.1532 -0.9734 0.0284 -0.2272 0.5374 0.2140
KMUA_NPC_423.jpg
4 -19.0507 10.7995 129.1532 -0.9734 0.0284 -0.2272 0.5374 0.2140
4 -17.7361 17.3716 128.2359 -0.6495 0.2448 -0.7199 0.5687 0.2139
3 -19.0534 9.9818 122.2159 -0.9510 0.3091 0.0053 0.5492 0.2567
KMUA_NPC_423.jpg
4 -17.9158 -4.1775 131.1992 -0.8771 -0.4747 -0.0734 0.4750 0.2111
4 -19.0507 10.7995 129.1532 -0.9734 0.0284 -0.2272 0.5374 0.2140
3 -16.6809 -6.2659 122.6784 -0.8393 -0.5219 0.1526 0.4780 0.2567
KMUA_NPC_423.jpg
2 -9.5916 18.2189 116.2140 -0.2275 0.7644 0.6032 0.6184 0.2920
2 -20.3591 9.4944 117.5242 -0.6089 0.2854 0.7401 0.5501 0.2929
3 -8.6758 18.7056 121.0609 -0.3300 0.9016 -0.2798 0.6196 0.2567
KMUA_NPC_423.jpg
2 -9.5916 18.2189 116.2140 -0.2275 0.7644 0.6032 0.6184 0.2920
3 -8.6758 18.7056 121.0609 -0.3300 0.9016 -0.2798 0.6196 0.2567
2 6.2926 17.8190 114.9723 0.2770 0.7634 0.5835 0.7062 0.2920
KMUA_NPC_423.jpg
3 6.9217 18.2406 119.4392 0.2801 0.9000 -0.3341 0.7064 0.2567
2 6.2926 17.8190 114.9723 0.2770 0.7634 0.5835 0.7062 0.2920
3 -8.6758 18.7056 121.0609 -0.3300 0.9016 -0.2798 0.6196 0.2567
KMUA_NPC_423.jpg
3 -8.6758 18.7056 121.0609 -0.3300 0.9016 -0.2798 0.6196 0.2567
4 -8.5451 24.9648 129.6216 -0.0704 0.7667 -0.6381 0.6160 0.2094
3 6.9217 18.2406 119.4392 0.2801 0.9000 -0.3341 0.7064 0.2567
KMUA_NPC_423.jpg
3 -16.6809 -6.2659 122.6784 -0.8393 -0.5219 0.1526 0.4780 0.2567
3 -4.3813 -16.2554 122.1623 -0.3090 -0.9464 0.0942 0.3987 0.2567
4 -17.9158 -4.1775 131.1992 -0.8771 -0.4747 -0.0734 0.4750 0.2111
KMUA_NPC_423.jpg
4 -4.8923 -15.7850 131.1121 -0.3577 -0.9334 0.0272 0.3979 0.2070
4 -17.9158 -4.1775 131.1992 -0.8771 -0.4747 -0.0734 0.4750 0.2111
3 -4.3813 -16.2554 122.1623 -0.3090 -0.9464 0.0942 0.3987 0.2567
KMUA_NPC_423.jpg
4 9.8981 22.8155 128.5073 0.3201 0.8361 -0.4454 0.7068 0.2025
3 6.9217 18.2406 119.4392 0.2801 0.9000 -0.3341 0.7064 0.2567
4 -8.5451 24.9648 129.6216 -0.0704 0.7667 -0.6381 0.6160 0.2094
KMUA_NPC_423.jpg
4 9.8981 22.8155 128.5073 0.3201 0.8361 -0.4454 0.7068 0.2025
4 -8.5451 24.9648 129.6216 -0.0704 0.7667 -0.6381 0.6160 0.2094
4 11.9213 26.7121 138.7752 0.3885 0.8883 -0.2450 0.7064 0.1452
KMUA_NPC_423.jpg
2 -18.4257 -6.6386 117.7644 -0.8318 -0.4836 0.2725 0.4784 0.2920
2 -4.5764 -17.0861 117.2380 -0.2698 -0.9146 0.3013 0.3992 0.2920
3 -16.6809 -6.2659 122.6784 -0.8393 -0.5219 0.1526 0.4780 0.2567
KMUA_NPC_423.jpg
3 -4.3813 -16.2554 122.1623 -0.3090 -0.9464 0.0942 0.3987 0.2567
3 -16.6809 -6.2659 122.6784 -0.8393 -0.5219 0.1526 0.4780 0.2567
2 -4.5764 -17.0861 117.2380 -0.2698 -0.9146 0.3013 0.3992 0.2920
KMUA_NPC_423.jpg
4 9.7834 27.6321 151.1452 0.2935 0.9401 0.1733 0.7046 0.0731
4 11.9213 26.7121 138.7752 0.3885 0.8883 -0.2450 0.7064 0.1452
4 -8.1786 32.6474 151.7201 0.0720 0.9332 0.3522 0.6347 0.0682
KMUA_NPC_423.jpg
4 -17.9158 -4.1775 131.1992 -0.8771 -0.4747 -0.0734 0.4750 0.2111
4 -4.8923 -15.7850 131.1121 -0.3577 -0.9334 0.0272 0.3979 0.2070
4 -19.1396 -3.0482 141.9402 -0.8301 -0.5556 0.0459 0.4669 0.1356
KMUA_NPC_423.jpg
4 7.6889 25.2298 159.8453 0.2237 0.9164 0.3319 0.7033 0.0051
4 9.7834 27.6321 151.1452 0.2935 0.9401 0.1733 0.7046 0.0731
4 -5.1389 25.6888 160.4663 -0.0511 0.8302 0.5552 0.6581 0.0051
KMUA_NPC_423.jpg
16 -17.7451 34.0978 146.9557 -0.0720 0.9093 0.4098 0.6053 0.1032
4 -10.4019 34.4134 140.4596 0.2110 0.9693 -0.1265 0.6170 0.1382
16 -18.9896 36.3092 141.8134 -0.1409 0.9269 0.3478 0.5849 0.1114
KMUA_NPC_423.jpg
16 -9.6833 33.1798 136.1917 0.5826 0.7786 -0.2331 0.6031 0.1550
16 -18.9896 36.3092 141.8134 -0.1409 0.9269 0.3478 0.5849 0.1114
4 -10.4019 34.4134 140.4596 0.2110 0.9693 -0.1265 0.6170 0.1382
KMUA_NPC_423.jpg
16 -17.7451 34.0978 146.9557 -0.0720 0.9093 0.4098 0.6053 0.1032
16 -18.9896 36.3092 141.8134 -0.1409 0.9269 0.3478 0.5849 0.1114
16 -26.5592 29.9626 148.4732 -0.7578 0.5650 0.3264 0.5714 0.0784
KMUA_NPC_423.jpg
4 -5.1389 25.6888 160.4663 -0.0511 0.8302 0.5552 0.6581 0.0051
4 -8.1786 32.6474 151.7201 0.0720 0.9332 0.3522 0.6347 0.0682
16 -23.8723 26.9930 155.7606 -0.5491 0.5280 0.6478 0.5708 0.0640
KMUA_NPC_423.jpg
16 -26.5592 29.9626 148.4732 -0.7578 0.5650 0.3264 0.5714 0.0784
16 -23.8723 26.9930 155.7606 -0.5491 0.5280 0.6478 0.5708 0.0640
16 -17.7451 34.0978 146.9557 -0.0720 0.9093 0.4098 0.6053 0.1032
KMUA_NPC_423.jpg
16 -23.8723 26.9930 155.7606 -0.5491 0.5280 0.6478 0.5708 0.0640
4 -8.1786 32.6474 151.7201 0.0720 0.9332 0.3522 0.6347 0.0682
16 -17.7451 34.0978 146.9557 -0.0720 0.9093 0.4098 0.6053 0.1032
KMUA_NPC_423.jpg
4 -5.1389 25.6888 160.4663 -0.0511 0.8302 0.5552 0.6581 0.0051
16 -23.8723 26.9930 155.7606 -0.5491 0.5280 0.6478 0.5708 0.0640
15 -17.6600 18.9143 163.0872 -0.5012 0.1938 0.8433 0.5536 0.0051
KMUA_NPC_423.jpg
16 -23.8723 26.9930 155.7606 -0.5491 0.5280 0.6478 0.5708 0.0640
16 -26.5592 29.9626 148.4732 -0.7578 0.5650 0.3264 0.5714 0.0784
16 -26.4598 17.1757 153.4326 -0.8736 -0.2087 0.4397 0.5347 0.0832
KMUA_NPC_423.jpg
16 -26.4598 17.1757 153.4326 -0.8736 -0.2087 0.4397 0.5347 0.0832
15 -17.6600 18.9143 163.0872 -0.5012 0.1938 0.8433 0.5536 0.0051
16 -23.8723 26.9930 155.7606 -0.5491 0.5280 0.6478 0.5708 0.0640
KMUA_NPC_423.jpg
16 -28.6640 19.7225 146.5788 -0.9749 -0.1075 0.1947 0.5404 0.1000
16 -26.4598 17.1757 153.4326 -0.8736 -0.2087 0.4397 0.5347 0.0832
16 -26.5592 29.9626 148.4732 -0.7578 0.5650 0.3264 0.5714 0.0784
KMUA_NPC_423.jpg
16 -26.1315 30.9351 142.7887 -0.7997 0.5462 0.2492 0.5716 0.0883
16 -26.5592 29.9626 148.4732 -0.7578 0.5650 0.3264 0.5714 0.0784
16 -18.9896 36.3092 141.8134 -0.1409 0.9269 0.3478 0.5849 0.1114
KMUA_NPC_423.jpg
16 -26.5592 29.9626 148.4732 -0.7578 0.5650 0.3264 0.5714 0.0784
16 -26.1315 30.9351 142.7887 -0.7997 0.5462 0.2492 0.5716 0.0883
16 -28.6640 19.7225 146.5788 -0.9749 -0.1075 0.1947 0.5404 0.1000
KMUA_NPC_423.jpg
16 -29.2174 21.6906 140.2221 -0.9771 -0.2056 0.0554 0.5518 0.1120
16 -28.6640 19.7225 146.5788 -0.9749 -0.1075 0.1947 0.5404 0.1000
16 -26.1315 30.9351 142.7887 -0.7997 0.5462 0.2492 0.5716 0.0883
KMUA_NPC_423.jpg
16 -28.6640 19.7225 146.5788 -0.9749 -0.1075 0.1947 0.5404 0.1000
16 -29.2174 21.6906 140.2221 -0.9771 -0.2056 0.0554 0.5518 0.1120
4 -25.1122 9.7645 145.4183 -0.8616 -0.5062 0.0371 0.5150 0.1274
KMUA_NPC_423.jpg
16 -26.4598 17.1757 153.4326 -0.8736 -0.2087 0.4397 0.5347 0.0832
4 -25.1122 9.7645 145.4183 -0.8616 -0.5062 0.0371 0.5150 0.1274
15 -18.4181 9.6283 157.4815 -0.7576 -0.4039 0.5127 0.4963 0.0686
KMUA_NPC_423.jpg
16 -26.4598 17.1757 153.4326 -0.8736 -0.2087 0.4397 0.5347 0.0832
16 -28.6640 19.7225 146.5788 -0.9749 -0.1075 0.1947 0.5404 0.1000
4 -25.1122 9.7645 145.4183 -0.8616 -0.5062 0.0371 0.5150 0.1274
KMUA_NPC_423.jpg
16 -23.2238 14.3394 136.3401 -0.5473 -0.7304 -0.4086 0.5348 0.1583
4 -25.1122 9.7645 145.4183 -0.8616 -0.5062 0.0371 0.5150 0.1274
16 -29.2174 21.6906 140.2221 -0.9771 -0.2056 0.0554 0.5518 0.1120
KMUA_NPC_423.jpg
4 -22.6754 11.0908 137.3601 -0.8352 -0.3577 -0.4177 0.5276 0.1666
16 -23.2238 14.3394 136.3401 -0.5473 -0.7304 -0.4086 0.5348 0.1583
16 -15.0358 19.2444 127.7933 0.3809 -0.5353 -0.7539 0.5694 0.2008
KMUA_NPC_423.jpg
4 -22.6754 11.0908 137.3601 -0.8352 -0.3577 -0.4177 0.5276 0.1666
4 -17.7361 17.3716 128.2359 -0.6495 0.2448 -0.7199 0.5687 0.2139
4 -19.0507 10.7995 129.1532 -0.9734 0.0284 -0.2272 0.5374 0.2140
KMUA_NPC_423.jpg
4 -22.6754 11.0908 137.3601 -0.8352 -0.3577 -0.4177 0.5276 0.1666
16 -15.0358 19.2444 127.7933 0.3809 -0.5353 -0.7539 0.5694 0.2008
4 -17.7361 17.3716 128.2359 -0.6495 0.2448 -0.7199 0.5687 0.2139
KMUA_NPC_423.jpg
16 -23.2238 14.3394 136.3401 -0.5473 -0.7304 -0.4086 0.5348 0.1583
4 -22.6754 11.0908 137.3601 -0.8352 -0.3577 -0.4177 0.5276 0.1666
4 -25.1122 9.7645 145.4183 -0.8616 -0.5062 0.0371 0.5150 0.1274
KMUA_NPC_423.jpg
4 -22.6754 11.0908 137.3601 -0.8352 -0.3577 -0.4177 0.5276 0.1666
4 -19.0507 10.7995 129.1532 -0.9734 0.0284 -0.2272 0.5374 0.2140
4 -17.9158 -4.1775 131.1992 -0.8771 -0.4747 -0.0734 0.4750 0.2111
KMUA_NPC_423.jpg
4 -22.6754 11.0908 137.3601 -0.8352 -0.3577 -0.4177 0.5276 0.1666
4 -17.9158 -4.1775 131.1992 -0.8771 -0.4747 -0.0734 0.4750 0.2111
4 -19.1396 -3.0482 141.9402 -0.8301 -0.5556 0.0459 0.4669 0.1356
KMUA_NPC_423.jpg
4 -22.6754 11.0908 137.3601 -0.8352 -0.3577 -0.4177 0.5276 0.1666
4 -19.1396 -3.0482 141.9402 -0.8301 -0.5556 0.0459 0.4669 0.1356
4 -25.1122 9.7645 145.4183 -0.8616 -0.5062 0.0371 0.5150 0.1274
KMUA_NPC_423.jpg
2 -18.4257 -6.6386 117.7644 -0.8318 -0.4836 0.2725 0.9183 0.7697
2 -22.5482 10.2407 116.7221 -0.7731 0.3310 0.5411 0.9982 0.7778
2 -20.3608 -7.8403 104.7856 -0.8132 -0.5452 0.2037 0.9183 0.8412
KMUA_NPC_423.jpg
36 -21.9275 -9.4554 96.4805 -0.7816 -0.5586 0.2777 0.9183 0.8914
2 -20.3608 -7.8403 104.7856 -0.8132 -0.5452 0.2037 0.9183 0.8412
34 -25.3170 10.1753 98.3302 -0.8458 0.3107 0.4336 0.9982 0.8914
KMUA_NPC_423.jpg
2 -20.3591 9.4944 117.5242 -0.6089 0.2854 0.7401 0.9982 0.7697
2 -22.5482 10.2407 116.7221 -0.7731 0.3310 0.5411 0.9982 0.7778
2 -18.4257 -6.6386 117.7644 -0.8318 -0.4836 0.2725 0.9183 0.7697
KMUA_NPC_423.jpg
36 -21.9275 -9.4554 96.4805 -0.7816 -0.5586 0.2777 0.9183 0.8914
36 -5.2257 -20.1528 96.2440 -0.2670 -0.9171 0.2961 0.8141 0.8914
2 -20.3608 -7.8403 104.7856 -0.8132 -0.5452 0.2037 0.9183 0.8412
KMUA_NPC_423.jpg
36 -26.5540 -10.4157 81.2308 -0.7858 -0.5526 0.2778 0.9183 0.9386
36 -21.9275 -9.4554 96.4805 -0.7816 -0.5586 0.2777 0.9183 0.8914
35 -30.7424 12.6765 83.8702 -0.8823 0.2877 0.3725 0.9982 0.9386
KMUA_NPC_423.jpg
37 -5.3910 -24.6353 81.5565 -0.2681 -0.9203 0.2849 0.8141 0.9386
36 -21.9275 -9.4554 96.4805 -0.7816 -0.5586 0.2777 0.9183 0.8914
36 -26.5540 -10.4157 81.2308 -0.7858 -0.5526 0.2778 0.9183 0.9386
KMUA_NPC_423.jpg
2 -18.4257 -6.6386 117.7644 -0.8318 -0.4836 0.2725 0.9183 0.7697
2 -20.3608 -7.8403 104.7856 -0.8132 -0.5452 0.2037 0.9183 0.8412
2 -5.6492 -19.3663 111.5326 -0.2924 -0.9495 0.1140 0.8141 0.8136
KMUA_NPC_423.jpg
36 -26.5540 -10.4157 81.2308 -0.7858 -0.5526 0.2778 0.9183 0.9386
37 -30.8767 -11.6825 65.7806 -0.7658 -0.5630 0.3106 0.9183 0.9952
37 -5.3910 -24.6353 81.5565 -0.2681 -0.9203 0.2849 0.8141 0.9386
KMUA_NPC_423.jpg
36 -26.5540 -10.4157 81.2308 -0.7858 -0.5526 0.2778 0.9183 0.9386
35 -30.7424 12.6765 83.8702 -0.8823 0.2877 0.3725 0.9982 0.9386
37 -30.8767 -11.6825 65.7806 -0.7658 -0.5630 0.3106 0.9183 0.9952
KMUA_NPC_423.jpg
37 -30.8767 -11.6825 65.7806 -0.7658 -0.5630 0.3106 0.9183 0.9952
37 -5.0062 -28.7902 67.0862 -0.2678 -0.9242 0.2724 0.8141 0.9952
37 -5.3910 -24.6353 81.5565 -0.2681 -0.9203 0.2849 0.8141 0.9386
KMUA_NPC_423.jpg
2 -5.6492 -19.3663 111.5326 -0.2924 -0.9495 0.1140 0.8141 0.8136
2 -4.5764 -17.0861 117.2380 -0.2698 -0.9146 0.3013 0.8141 0.7697
2 -18.4257 -6.6386 117.7644 -0.8318 -0.4836 0.2725 0.9183 0.7697
KMUA_NPC_423.jpg
32 14.3306 -19.8760 96.7417 0.3342 -0.8481 0.4111 0.7098 0.8914
2 12.9379 -17.3703 102.1616 0.4242 -0.8993 0.1062 0.7098 0.8412
36 -5.2257 -20.1528 96.2440 -0.2670 -0.9171 0.2961 0.8141 0.8914
KMUA_NPC_423.jpg
32 14.3306 -19.8760 96.7417 0.3342 -0.8481 0.4111 0.7098 0.8914
32 27.3224 -5.5540 95.8026 0.8173 -0.0981 0.5678 0.6302 0.8914
2 12.9379 -17.3703 102.1616 0.4242 -0.8993 0.1062 0.7098 0.8412
KMUA_NPC_423.jpg
2 12.7151 -16.4508 115.8491 0.4303 -0.8814 0.1949 0.7098 0.7697
2 12.9379 -17.3703 102.1616 0.4242 -0.8993 0.1062 0.7098 0.8412
2 25.6011 -4.9307 113.7606 0.8781 -0.1893 0.4394 0.6302 0.7778
KMUA_NPC_423.jpg
2 -4.5764 -17.0861 117.2380 -0.2698 -0.9146 0.3013 0.8141 0.7697
2 -5.6492 -19.3663 111.5326 -0.2924 -0.9495 0.1140 0.8141 0.8136
2 12.7151 -16.4508 115.8491 0.4303 -0.8814 0.1949 0.7098 0.7697
KMUA_NPC_423.jpg
2 25.6011 -4.9307 113.7606 0.8781 -0.1893 0.4394 0.6302 0.7778
2 23.4849 -4.3205 114.8275 0.7411 -0.1400 0.6567 0.6302 0.7697
2 12.7151 -16.4508 115.8491 0.4303 -0.8814 0.1949 0.7098 0.7697
KMUA_NPC_423.jpg
32 14.3306 -19.8760 96.7417 0.3342 -0.8481 0.4111 0.7098 0.8914
37 -5.3910 -24.6353 81.5565 -0.2681 -0.9203 0.2849 0.8141 0.9386
32 19.8193 -24.5406 82.4370 0.3410 -0.8451 0.4117 0.7098 0.9386
KMUA_NPC_423.jpg
33 25.2580 -29.1413 68.7661 0.3053 -0.8342 0.4593 0.7098 0.9952
32 19.8193 -24.5406 82.4370 0.3410 -0.8451 0.4117 0.7098 0.9386
37 -5.3910 -24.6353 81.5565 -0.2681 -0.9203 0.2849 0.8141 0.9386
KMUA_NPC_423.jpg
32 19.8193 -24.5406 82.4370 0.3410 -0.8451 0.4117 0.7098 0.9386
33 35.1735 -8.5001 82.5941 0.8315 -0.1532 0.5339 0.6302 0.9386
32 14.3306 -19.8760 96.7417 0.3342 -0.8481 0.4111 0.7098 0.8914
KMUA_NPC_423.jpg
33 35.1735 -8.5001 82.5941 0.8315 -0.1532 0.5339 0.6302 0.9386
32 19.8193 -24.5406 82.4370 0.3410 -0.8451 0.4117 0.7098 0.9386
33 42.8761 -11.0232 69.8170 0.7921 -0.1230 0.5979 0.6302 0.9952
KMUA_NPC_423.jpg
33 25.2580 -29.1413 68.7661 0.3053 -0.8342 0.4593 0.7098 0.9952
33 42.8761 -11.0232 69.8170 0.7921 -0.1230 0.5979 0.6302 0.9952
32 19.8193 -24.5406 82.4370 0.3410 -0.8451 0.4117 0.7098 0.9386
KMUA_NPC_423.jpg
38 -15.2276 27.7881 81.8830 -0.2819 0.9063 0.3149 0.9183 0.9387
39 -18.7285 31.1620 67.4311 -0.2654 0.9099 0.3188 0.9183 0.9956
35 -30.7424 12.6765 83.8702 -0.8823 0.2877 0.3725 0.9982 0.9387
KMUA_NPC_423.jpg
39 -18.7285 31.1620 67.4311 -0.2654 0.9099 0.3188 0.9183 0.9956
38 -15.2276 27.7881 81.8830 -0.2819 0.9063 0.3149 0.9183 0.9387
39 6.7709 25.9547 79.0947 0.3390 0.9184 0.2040 0.8143 0.9387
KMUA_NPC_423.jpg
39 6.7709 25.9547 79.0947 0.3390 0.9184 0.2040 0.8143 0.9387
38 -15.2276 27.7881 81.8830 -0.2819 0.9063 0.3149 0.9183 0.9387
38 -12.0679 22.0688 97.3898 -0.2521 0.8579 0.4477 0.9183 0.8942
KMUA_NPC_423.jpg
35 -30.7424 12.6765 83.8702 -0.8823 0.2877 0.3725 0.9982 0.9387
34 -25.3170 10.1753 98.3302 -0.8458 0.3107 0.4336 0.9982 0.8914
38 -15.2276 27.7881 81.8830 -0.2819 0.9063 0.3149 0.9183 0.9387
KMUA_NPC_423.jpg
38 -12.0679 22.0688 97.3898 -0.2521 0.8579 0.4477 0.9183 0.8942
38 -15.2276 27.7881 81.8830 -0.2819 0.9063 0.3149 0.9183 0.9387
34 -25.3170 10.1753 98.3302 -0.8458 0.3107 0.4336 0.9982 0.8914
KMUA_NPC_423.jpg
38 -12.0679 22.0688 97.3898 -0.2521 0.8579 0.4477 0.9183 0.8942
34 -25.3170 10.1753 98.3302 -0.8458 0.3107 0.4336 0.9982 0.8914
2 -11.6724 18.1560 102.4818 -0.3774 0.9243 0.0574 0.9183 0.8482
KMUA_NPC_423.jpg
38 -12.0679 22.0688 97.3898 -0.2521 0.8579 0.4477 0.9183 0.8942
2 -11.6724 18.1560 102.4818 -0.3774 0.9243 0.0574 0.9183 0.8482
38 5.8758 21.9476 95.3563 0.3247 0.8642 0.3843 0.8143 0.8942
KMUA_NPC_423.jpg
32 21.2281 10.8888 93.9176 0.6967 0.5785 0.4242 0.7098 0.8942
38 5.8758 21.9476 95.3563 0.3247 0.8642 0.3843 0.8143 0.8942
2 18.9983 9.3781 100.0649 0.8108 0.5842 -0.0363 0.7098 0.8482
KMUA_NPC_423.jpg
39 6.7709 25.9547 79.0947 0.3390 0.9184 0.2040 0.8143 0.9387
38 5.8758 21.9476 95.3563 0.3247 0.8642 0.3843 0.8143 0.8942
32 21.2281 10.8888 93.9176 0.6967 0.5785 0.4242 0.7098 0.8942
KMUA_NPC_423.jpg
32 21.2281 10.8888 93.9176 0.6967 0.5785 0.4242 0.7098 0.8942
2 18.9983 9.3781 100.0649 0.8108 0.5842 -0.0363 0.7098 0.8482
32 27.3224 -5.5540 95.8026 0.8173 -0.0981 0.5678 0.6302 0.8914
KMUA_NPC_423.jpg
32 27.6888 12.6012 78.5795 0.7415 0.5971 0.3061 0.7098 0.9387
39 6.7709 25.9547 79.0947 0.3390 0.9184 0.2040 0.8143 0.9387
32 21.2281 10.8888 93.9176 0.6967 0.5785 0.4242 0.7098 0.8942
KMUA_NPC_423.jpg
32 27.6888 12.6012 78.5795 0.7415 0.5971 0.3061 0.7098 0.9387
32 21.2281 10.8888 93.9176 0.6967 0.5785 0.4242 0.7098 0.8942
33 35.1735 -8.5001 82.5941 0.8315 -0.1532 0.5339 0.6302 0.9387
KMUA_NPC_423.jpg
33 35.1735 -8.5001 82.5941 0.8315 -0.1532 0.5339 0.6302 0.9387
33 42.8761 -11.0232 69.8170 0.7921 -0.1230 0.5979 0.6302 0.9956
32 27.6888 12.6012 78.5795 0.7415 0.5971 0.3061 0.7098 0.9387
KMUA_NPC_423.jpg
33 32.7687 12.4476 63.7236 0.7266 0.6243 0.2868 0.7098 0.9956
32 27.6888 12.6012 78.5795 0.7415 0.5971 0.3061 0.7098 0.9387
33 42.8761 -11.0232 69.8170 0.7921 -0.1230 0.5979 0.6302 0.9956
KMUA_NPC_423.jpg
32 27.6888 12.6012 78.5795 0.7415 0.5971 0.3061 0.7098 0.9387
33 32.7687 12.4476 63.7236 0.7266 0.6243 0.2868 0.7098 0.9956
39 6.7709 25.9547 79.0947 0.3390 0.9184 0.2040 0.8143 0.9387
KMUA_NPC_423.jpg
33 32.7687 12.4476 63.7236 0.7266 0.6243 0.2868 0.7098 0.9956
39 6.6295 28.3850 62.2652 0.3393 0.9243 0.1749 0.8143 0.9956
39 6.7709 25.9547 79.0947 0.3390 0.9184 0.2040 0.8143 0.9387
KMUA_NPC_423.jpg
4 9.8981 22.8155 128.5073 0.3201 0.8361 -0.4454 0.7068 0.2025
4 11.9213 26.7121 138.7752 0.3885 0.8883 -0.2450 0.7064 0.1452
4 25.0526 12.0800 129.5898 0.5639 0.5235 -0.6388 0.7721 0.2048
KMUA_NPC_423.jpg
4 9.8981 22.8155 128.5073 0.3201 0.8361 -0.4454 0.7068 0.2025
4 25.0526 12.0800 129.5898 0.5639 0.5235 -0.6388 0.7721 0.2048
3 6.9217 18.2406 119.4392 0.2801 0.9000 -0.3341 0.7064 0.2567
KMUA_NPC_423.jpg
4 26.8125 0.2872 128.1937 0.6456 -0.2519 -0.7209 0.8159 0.2090
4 25.0526 12.0800 129.5898 0.5639 0.5235 -0.6388 0.7721 0.2048
4 27.6222 1.2080 129.8570 -0.5784 0.0682 -0.8129 0.8179 0.1996
KMUA_NPC_423.jpg
7 36.6875 13.4438 138.8663 0.4823 0.8460 -0.2274 0.7998 0.1540
4 27.6222 1.2080 129.8570 -0.5784 0.0682 -0.8129 0.8179 0.1996
4 25.0526 12.0800 129.5898 0.5639 0.5235 -0.6388 0.7721 0.2048
KMUA_NPC_423.jpg
4 26.8125 0.2872 128.1937 0.6456 -0.2519 -0.7209 0.8159 0.2090
3 22.9605 -3.9625 119.8656 0.9423 -0.3192 -0.1007 0.8153 0.2567
4 25.0526 12.0800 129.5898 0.5639 0.5235 -0.6388 0.7721 0.2048
KMUA_NPC_423.jpg
3 19.7841 9.2599 119.4689 0.7723 0.5357 -0.3414 0.7676 0.2567
3 6.9217 18.2406 119.4392 0.2801 0.9000 -0.3341 0.7064 0.2567
4 25.0526 12.0800 129.5898 0.5639 0.5235 -0.6388 0.7721 0.2048
KMUA_NPC_423.jpg
3 19.7841 9.2599 119.4689 0.7723 0.5357 -0.3414 0.7676 0.2567
4 25.0526 12.0800 129.5898 0.5639 0.5235 -0.6388 0.7721 0.2048
3 22.9605 -3.9625 119.8656 0.9423 -0.3192 -0.1007 0.8153 0.2567
KMUA_NPC_423.jpg
3 6.9217 18.2406 119.4392 0.2801 0.9000 -0.3341 0.7064 0.2567
3 19.7841 9.2599 119.4689 0.7723 0.5357 -0.3414 0.7676 0.2567
2 6.2926 17.8190 114.9723 0.2770 0.7634 0.5835 0.7062 0.2920
KMUA_NPC_423.jpg
3 22.9605 -3.9625 119.8656 0.9423 -0.3192 -0.1007 0.8153 0.2567
2 23.4849 -4.3205 114.8275 0.7411 -0.1400 0.6567 0.8109 0.2920
3 19.7841 9.2599 119.4689 0.7723 0.5357 -0.3414 0.7676 0.2567
KMUA_NPC_423.jpg
2 19.5734 9.0292 114.4202 0.6896 0.4751 0.5466 0.7662 0.2920
3 19.7841 9.2599 119.4689 0.7723 0.5357 -0.3414 0.7676 0.2567
2 23.4849 -4.3205 114.8275 0.7411 -0.1400 0.6567 0.8109 0.2920
KMUA_NPC_423.jpg
2 19.5734 9.0292 114.4202 0.6896 0.4751 0.5466 0.7662 0.2920
2 6.2926 17.8190 114.9723 0.2770 0.7634 0.5835 0.7062 0.2920
3 19.7841 9.2599 119.4689 0.7723 0.5357 -0.3414 0.7676 0.2567
KMUA_NPC_423.jpg
4 25.0526 12.0800 129.5898 0.5639 0.5235 -0.6388 0.7721 0.2048
4 32.7526 16.1067 142.5242 0.5599 0.8212 -0.1098 0.7776 0.1313
7 36.6875 13.4438 138.8663 0.4823 0.8460 -0.2274 0.7998 0.1540
KMUA_NPC_423.jpg
4 9.7834 27.6321 151.1452 0.2935 0.9401 0.1733 0.7046 0.0731
6 29.0439 16.8768 153.4824 0.5919 0.7132 0.3755 0.7722 0.0655
4 11.9213 26.7121 138.7752 0.3885 0.8883 -0.2450 0.7064 0.1452
KMUA_NPC_423.jpg
7 36.6875 13.4438 138.8663 0.4823 0.8460 -0.2274 0.7998 0.1540
4 32.7526 16.1067 142.5242 0.5599 0.8212 -0.1098 0.7776 0.1313
7 43.3186 2.0397 144.6286 0.9186 0.0374 0.3935 0.8270 0.1226
KMUA_NPC_423.jpg
7 40.4663 4.2063 149.7612 0.8748 0.1706 0.4534 0.8128 0.1031
7 43.3186 2.0397 144.6286 0.9186 0.0374 0.3935 0.8270 0.1226
4 32.7526 16.1067 142.5242 0.5599 0.8212 -0.1098 0.7776 0.1313
KMUA_NPC_423.jpg
7 40.4663 4.2063 149.7612 0.8748 0.1706 0.4534 0.8128 0.1031
4 32.7526 16.1067 142.5242 0.5599 0.8212 -0.1098 0.7776 0.1313
6 29.0439 16.8768 153.4824 0.5919 0.7132 0.3755 0.7722 0.0655
KMUA_NPC_423.jpg
7 40.4663 4.2063 149.7612 0.8748 0.1706 0.4534 0.8128 0.1031
7 38.7085 -5.3166 151.1460 0.7262 -0.5875 0.3572 0.8456 0.0701
7 43.3186 2.0397 144.6286 0.9186 0.0374 0.3935 0.8270 0.1226
KMUA_NPC_423.jpg
6 35.0925 -1.9896 158.3459 0.6576 -0.2850 0.6974 0.8298 0.0391
7 38.7085 -5.3166 151.1460 0.7262 -0.5875 0.3572 0.8456 0.0701
7 40.4663 4.2063 149.7612 0.8748 0.1706 0.4534 0.8128 0.1031
KMUA_NPC_423.jpg
7 39.2104 -5.9027 145.3329 0.6608 -0.7001 0.2705 0.8560 0.0905
7 43.3186 2.0397 144.6286 0.9186 0.0374 0.3935 0.8270 0.1226
7 38.7085 -5.3166 151.1460 0.7262 -0.5875 0.3572 0.8456 0.0701
KMUA_NPC_423.jpg
4 7.6889 25.2298 159.8453 0.2237 0.9164 0.3319 0.7033 0.0051
4 19.0844 19.3952 161.7177 0.4043 0.7096 0.5771 0.7627 0.0051
4 9.7834 27.6321 151.1452 0.2935 0.9401 0.1733 0.7046 0.0731
KMUA_NPC_423.jpg
6 35.0925 -1.9896 158.3459 0.6576 -0.2850 0.6974 0.8298 0.0391
4 19.0844 19.3952 161.7177 0.4043 0.7096 0.5771 0.7627 0.0051
6 24.4734 0.0516 165.1853 0.3986 -0.2248 0.8892 0.8117 0.0051
KMUA_NPC_423.jpg
4 -4.8923 -15.7850 131.1121 -0.3577 -0.9334 0.0272 0.3979 0.2070
3 -4.3813 -16.2554 122.1623 -0.3090 -0.9464 0.0942 0.3987 0.2567
4 12.5503 -15.8613 131.1703 0.3350 -0.9393 -0.0745 0.3317 0.2053
KMUA_NPC_423.jpg
3 11.4251 -15.5942 121.1061 0.3725 -0.9241 0.0848 0.3348 0.2567
4 12.5503 -15.8613 131.1703 0.3350 -0.9393 -0.0745 0.3317 0.2053
3 -4.3813 -16.2554 122.1623 -0.3090 -0.9464 0.0942 0.3987 0.2567
KMUA_NPC_423.jpg
3 -4.3813 -16.2554 122.1623 -0.3090 -0.9464 0.0942 0.3987 0.2567
2 -4.5764 -17.0861 117.2380 -0.2698 -0.9146 0.3013 0.3992 0.2920
3 11.4251 -15.5942 121.1061 0.3725 -0.9241 0.0848 0.3348 0.2567
KMUA_NPC_423.jpg
4 12.5503 -15.8613 131.1703 0.3350 -0.9393 -0.0745 0.3317 0.2053
3 11.4251 -15.5942 121.1061 0.3725 -0.9241 0.0848 0.3348 0.2567
4 23.3997 -5.4803 129.1130 0.7426 -0.6295 -0.2287 0.2649 0.2317
KMUA_NPC_423.jpg
3 22.9605 -3.9625 119.8656 0.9423 -0.3192 -0.1007 0.2670 0.2567
4 23.3997 -5.4803 129.1130 0.7426 -0.6295 -0.2287 0.2649 0.2317
3 11.4251 -15.5942 121.1061 0.3725 -0.9241 0.0848 0.3348 0.2567
KMUA_NPC_423.jpg
3 11.4251 -15.5942 121.1061 0.3725 -0.9241 0.0848 0.3348 0.2567
2 12.7151 -16.4508 115.8491 0.4303 -0.8814 0.1949 0.3342 0.2920
3 22.9605 -3.9625 119.8656 0.9423 -0.3192 -0.1007 0.2670 0.2567
KMUA_NPC_423.jpg
2 12.7151 -16.4508 115.8491 0.4303 -0.8814 0.1949 0.3342 0.2920
3 11.4251 -15.5942 121.1061 0.3725 -0.9241 0.0848 0.3348 0.2567
2 -4.5764 -17.0861 117.2380 -0.2698 -0.9146 0.3013 0.3992 0.2920
KMUA_NPC_423.jpg
2 23.4849 -4.3205 114.8275 0.7411 -0.1400 0.6567 0.2678 0.2920
3 22.9605 -3.9625 119.8656 0.9423 -0.3192 -0.1007 0.2670 0.2567
2 12.7151 -16.4508 115.8491 0.4303 -0.8814 0.1949 0.3342 0.2920
KMUA_NPC_423.jpg
4 12.5503 -15.8613 131.1703 0.3350 -0.9393 -0.0745 0.3317 0.2053
4 11.7928 -16.1701 143.4201 0.1717 -0.9807 0.0939 0.3305 0.1415
4 -4.8923 -15.7850 131.1121 -0.3577 -0.9334 0.0272 0.3979 0.2070
KMUA_NPC_423.jpg
4 23.3044 -10.7871 147.4627 0.0955 -0.9945 0.0435 0.2671 0.1347
4 7.2469 -14.3482 152.4552 0.0773 -0.9561 0.2828 0.3365 0.0686
4 11.7928 -16.1701 143.4201 0.1717 -0.9807 0.0939 0.3305 0.1415
KMUA_NPC_423.jpg
4 23.3997 -5.4803 129.1130 0.7426 -0.6295 -0.2287 0.2649 0.2317
4 24.2750 -8.7258 139.6145 0.3027 -0.8777 -0.3716 0.2646 0.1851
4 12.5503 -15.8613 131.1703 0.3350 -0.9393 -0.0745 0.3317 0.2053
KMUA_NPC_423.jpg
4 12.5503 -15.8613 131.1703 0.3350 -0.9393 -0.0745 0.3317 0.2053
4 24.2750 -8.7258 139.6145 0.3027 -0.8777 -0.3716 0.2646 0.1851
4 11.7928 -16.1701 143.4201 0.1717 -0.9807 0.0939 0.3305 0.1415
KMUA_NPC_423.jpg
4 24.2750 -8.7258 139.6145 0.3027 -0.8777 -0.3716 0.2646 0.1851
7 25.4392 -6.5331 138.5936 -0.4230 -0.8127 -0.4008 0.2531 0.1851
4 23.3044 -10.7871 147.4627 0.0955 -0.9945 0.0435 0.2671 0.1347
KMUA_NPC_423.jpg
4 23.3044 -10.7871 147.4627 0.0955 -0.9945 0.0435 0.2671 0.1347
6 18.3555 -6.7475 159.3055 0.1357 -0.8184 0.5584 0.2767 0.0686
4 7.2469 -14.3482 152.4552 0.0773 -0.9561 0.2828 0.3365 0.0686
KMUA_NPC_423.jpg
4 23.3044 -10.7871 147.4627 0.0955 -0.9945 0.0435 0.2671 0.1347
6 27.5888 -8.3725 155.7116 0.1338 -0.8805 0.4548 0.2369 0.1047
6 18.3555 -6.7475 159.3055 0.1357 -0.8184 0.5584 0.2767 0.0686
KMUA_NPC_423.jpg
6 27.5888 -8.3725 155.7116 0.1338 -0.8805 0.4548 0.2369 0.1047
6 24.4734 0.0516 165.1853 0.3986 -0.2248 0.8892 0.2332 0.0664
6 18.3555 -6.7475 159.3055 0.1357 -0.8184 0.5584 0.2767 0.0686
KMUA_NPC_423.jpg
6 35.0925 -1.9896 158.3459 0.6576 -0.2850 0.6974 0.2067 0.0835
6 27.5888 -8.3725 155.7116 0.1338 -0.8805 0.4548 0.2369 0.1047
7 38.7085 -5.3166 151.1460 0.7262 -0.5875 0.3572 0.1868 0.1134
KMUA_NPC_423.jpg
7 29.6282 -10.0207 148.8650 0.1389 -0.9707 0.1959 0.2290 0.1324
7 38.7085 -5.3166 151.1460 0.7262 -0.5875 0.3572 0.1868 0.1134
6 27.5888 -8.3725 155.7116 0.1338 -0.8805 0.4548 0.2369 0.1047
KMUA_NPC_423.jpg
7 29.6282 -10.0207 148.8650 0.1389 -0.9707 0.1959 0.2290 0.1324
6 27.5888 -8.3725 155.7116 0.1338 -0.8805 0.4548 0.2369 0.1047
4 23.3044 -10.7871 147.4627 0.0955 -0.9945 0.0435 0.2671 0.1347
KMUA_NPC_423.jpg
7 38.7085 -5.3166 151.1460 0.7262 -0.5875 0.3572 0.1868 0.1134
7 29.6282 -10.0207 148.8650 0.1389 -0.9707 0.1959 0.2290 0.1324
7 39.2104 -5.9027 145.3329 0.6608 -0.7001 0.2705 0.1877 0.1373
KMUA_NPC_423.jpg
7 25.4392 -6.5331 138.5936 -0.4230 -0.8127 -0.4008 0.2531 0.1851
7 30.7955 -10.4602 142.4183 -0.0444 -0.9977 0.0512 0.2191 0.1574
4 23.3044 -10.7871 147.4627 0.0955 -0.9945 0.0435 0.2671 0.1347
KMUA_NPC_423.jpg
7 30.7955 -10.4602 142.4183 -0.0444 -0.9977 0.0512 0.2191 0.1574
7 39.2104 -5.9027 145.3329 0.6608 -0.7001 0.2705 0.1877 0.1373
7 29.6282 -10.0207 148.8650 0.1389 -0.9707 0.1959 0.2290 0.1324
KMUA_NPC_423.jpg
7 29.6282 -10.0207 148.8650 0.1389 -0.9707 0.1959 0.2290 0.1324
4 23.3044 -10.7871 147.4627 0.0955 -0.9945 0.0435 0.2671 0.1347
7 30.7955 -10.4602 142.4183 -0.0444 -0.9977 0.0512 0.2191 0.1574
KMUA_NPC_423.jpg
7 25.4392 -6.5331 138.5936 -0.4230 -0.8127 -0.4008 0.2531 0.1851
4 24.2750 -8.7258 139.6145 0.3027 -0.8777 -0.3716 0.2646 0.1851
4 27.6222 1.2080 129.8570 -0.5784 0.0682 -0.8129 0.2320 0.2384
KMUA_NPC_423.jpg
4 26.8125 0.2872 128.1937 0.6456 -0.2519 -0.7209 0.2369 0.2405
4 24.2750 -8.7258 139.6145 0.3027 -0.8777 -0.3716 0.2646 0.1851
4 23.3997 -5.4803 129.1130 0.7426 -0.6295 -0.2287 0.2649 0.2317
KMUA_NPC_423.jpg
4 27.6222 1.2080 129.8570 -0.5784 0.0682 -0.8129 0.2320 0.2384
4 24.2750 -8.7258 139.6145 0.3027 -0.8777 -0.3716 0.2646 0.1851
4 26.8125 0.2872 128.1937 0.6456 -0.2519 -0.7209 0.2369 0.2405
KMUA_NPC_423.jpg
4 26.8125 0.2872 128.1937 0.6456 -0.2519 -0.7209 0.2369 0.2405
4 23.3997 -5.4803 129.1130 0.7426 -0.6295 -0.2287 0.2649 0.2317
3 22.9605 -3.9625 119.8656 0.9423 -0.3192 -0.1007 0.2670 0.2567
KMUA_NPC_423.jpg
23 -12.5899 12.6880 166.9965 -0.6982 0.1558 0.6987 0.5836 0.5600
23 -12.2016 6.6373 165.3018 -0.7619 -0.3840 0.5216 0.5451 0.5503
23 -9.8980 9.9839 173.4293 -0.9494 0.1534 0.2741 0.5856 0.6012
KMUA_NPC_423.jpg
23 -10.4430 1.6947 162.6313 -0.4609 -0.7194 0.5197 0.5122 0.5364
23 -6.7433 -0.3197 169.9700 -0.0188 -0.9996 0.0223 0.5116 0.5850
23 -12.2016 6.6373 165.3018 -0.7619 -0.3840 0.5216 0.5451 0.5503
KMUA_NPC_423.jpg
23 -5.1826 19.8086 169.2726 -0.5320 0.7524 0.3883 0.6470 0.5958
23 -12.5899 12.6880 166.9965 -0.6982 0.1558 0.6987 0.5836 0.5600
23 -9.8980 9.9839 173.4293 -0.9494 0.1534 0.2741 0.5856 0.6012
KMUA_NPC_423.jpg
23 -7.0221 1.3022 163.7596 -0.2599 -0.7988 0.5425 0.4917 0.5460
23 -3.9103 2.7782 169.2234 0.6529 -0.7540 -0.0719 0.4843 0.5864
23 -10.4430 1.6947 162.6313 -0.4609 -0.7194 0.5197 0.5122 0.5364
KMUA_NPC_423.jpg
23 -12.5899 12.6880 166.9965 -0.6982 0.1558 0.6987 0.5836 0.5600
23 -5.1826 19.8086 169.2726 -0.5320 0.7524 0.3883 0.6470 0.5958
4 -8.5557 22.7766 163.4112 -0.3107 0.6206 0.7199 0.6450 0.5493
KMUA_NPC_423.jpg
4 -8.5557 22.7766 163.4112 -0.3107 0.6206 0.7199 0.6450 0.5493
23 -5.1826 19.8086 169.2726 -0.5320 0.7524 0.3883 0.6470 0.5958
4 -5.1389 25.6888 160.4663 -0.0147 0.8633 0.5044 0.6749 0.5451
KMUA_NPC_423.jpg
23 -5.1826 19.8086 169.2726 -0.5320 0.7524 0.3883 0.6470 0.5958
23 6.9153 25.2376 164.2059 0.1876 0.9237 0.3340 0.7169 0.6086
4 -5.1389 25.6888 160.4663 -0.0147 0.8633 0.5044 0.6749 0.5451
KMUA_NPC_423.jpg
4 -5.1389 25.6888 160.4663 -0.0147 0.8633 0.5044 0.6749 0.5451
23 6.9153 25.2376 164.2059 0.1876 0.9237 0.3340 0.7169 0.6086
4 7.6889 25.2298 159.8453 0.2514 0.9412 0.2257 0.7364 0.5874
KMUA_NPC_423.jpg
23 4.8115 22.3083 168.1935 0.1040 0.9512 0.2905 0.7016 0.6254
23 6.9153 25.2376 164.2059 0.1876 0.9237 0.3340 0.7169 0.6086
23 -5.1826 19.8086 169.2726 -0.5320 0.7524 0.3883 0.6470 0.5958
KMUA_NPC_423.jpg
23 -5.1826 19.8086 169.2726 -0.5320 0.7524 0.3883 0.6470 0.5958
23 3.2153 23.7610 173.9835 0.0251 0.9931 0.1142 0.6810 0.6507
23 4.8115 22.3083 168.1935 0.1040 0.9512 0.2905 0.7016 0.6254
KMUA_NPC_423.jpg
23 19.3371 7.2931 168.7562 0.6357 -0.0629 0.7694 0.5836 0.5600
23 15.4051 9.1775 174.8799 0.9201 0.0888 0.3816 0.5856 0.6012
23 17.1222 1.6847 166.7439 0.5291 -0.5936 0.6065 0.5451 0.5503
KMUA_NPC_423.jpg
23 14.2150 -2.7701 163.6872 0.1325 -0.8211 0.5552 0.5122 0.5364
23 17.1222 1.6847 166.7439 0.5291 -0.5936 0.6065 0.5451 0.5503
23 12.0185 -0.9177 171.0456 -0.0369 -0.9993 0.0106 0.5116 0.5850
KMUA_NPC_423.jpg
23 4.8115 22.3083 168.1935 0.1040 0.9512 0.2905 0.7016 0.6254
23 13.7380 17.4633 170.3526 0.6636 0.6013 0.4450 0.6470 0.5958
23 6.9153 25.2376 164.2059 0.1876 0.9237 0.3340 0.7169 0.6086
KMUA_NPC_423.jpg
23 13.7380 17.4633 170.3526 0.6636 0.6013 0.4450 0.6470 0.5958
23 10.8476 14.7415 181.9622 0.7019 0.5328 0.4727 0.6111 0.6526
23 15.4051 9.1775 174.8799 0.9201 0.0888 0.3816 0.5856 0.6012
KMUA_NPC_423.jpg
23 19.3371 7.2931 168.7562 0.6357 -0.0629 0.7694 0.5836 0.5600
23 13.7380 17.4633 170.3526 0.6636 0.6013 0.4450 0.6470 0.5958
23 15.4051 9.1775 174.8799 0.9201 0.0888 0.3816 0.5856 0.6012
KMUA_NPC_423.jpg
23 9.5918 -2.3494 164.7035 -0.1490 -0.8233 0.5477 0.4917 0.5460
23 14.2150 -2.7701 163.6872 0.1325 -0.8211 0.5552 0.5122 0.5364
23 9.4916 2.3510 169.9918 -0.6841 -0.7138 -0.1502 0.4843 0.5864
KMUA_NPC_423.jpg
23 9.5918 -2.3494 164.7035 -0.1490 -0.8233 0.5477 0.4917 0.5460
4 5.2510 -5.5062 159.1007 -0.3715 -0.6343 0.6780 0.4753 0.5156
23 14.2150 -2.7701 163.6872 0.1325 -0.8211 0.5552 0.5122 0.5364
KMUA_NPC_423.jpg
23 13.7380 17.4633 170.3526 0.6636 0.6013 0.4450 0.6470 0.5958
23 19.3371 7.2931 168.7562 0.6357 -0.0629 0.7694 0.5836 0.5600
23 19.6302 15.7955 164.8497 0.5549 0.4209 0.7176 0.6450 0.5493
KMUA_NPC_423.jpg
23 13.7380 17.4633 170.3526 0.6636 0.6013 0.4450 0.6470 0.5958
4 19.0844 19.3952 161.7177 0.4001 0.7474 0.5305 0.6749 0.5451
23 6.9153 25.2376 164.2059 0.1876 0.9237 0.3340 0.7169 0.6086
KMUA_NPC_423.jpg
23 6.9153 25.2376 164.2059 0.1876 0.9237 0.3340 0.7169 0.6086
4 19.0844 19.3952 161.7177 0.4001 0.7474 0.5305 0.6749 0.5451
4 7.6889 25.2298 159.8453 0.2514 0.9412 0.2257 0.7364 0.5874
KMUA_NPC_423.jpg
23 13.7380 17.4633 170.3526 0.6636 0.6013 0.4450 0.6470 0.5958
23 19.6302 15.7955 164.8497 0.5549 0.4209 0.7176 0.6450 0.5493
4 19.0844 19.3952 161.7177 0.4001 0.7474 0.5305 0.6749 0.5451
KMUA_NPC_423.jpg
23 -12.2016 6.6373 165.3018 -0.7619 -0.3840 0.5216 0.1721 0.4977
23 -12.5899 12.6880 166.9965 -0.6982 0.1558 0.6987 0.1391 0.4648
15 -17.6600 18.9143 163.0872 -0.4552 0.0559 0.8887 0.1062 0.5004
KMUA_NPC_423.jpg
23 14.2150 -2.7701 163.6872 0.1325 -0.8211 0.5552 0.3875 0.4851
4 7.2051 -14.4459 152.4629 -0.0696 -0.8453 0.5297 0.4011 0.5881
6 18.8879 -8.7188 158.1960 0.1463 -0.7670 0.6247 0.4557 0.5073
KMUA_NPC_423.jpg
23 14.2150 -2.7701 163.6872 0.1325 -0.8211 0.5552 0.3875 0.4851
6 18.8879 -8.7188 158.1960 0.1463 -0.7670 0.6247 0.4557 0.5073
23 17.1222 1.6847 166.7439 0.5291 -0.5936 0.6065 0.4044 0.4439
KMUA_NPC_423.jpg
23 17.1222 1.6847 166.7439 0.5291 -0.5936 0.6065 0.4044 0.4439
6 18.8879 -8.7188 158.1960 0.1463 -0.7670 0.6247 0.4557 0.5073
6 24.9986 -0.2099 165.2136 0.3990 -0.2689 0.8766 0.4680 0.4218
KMUA_NPC_423.jpg
23 19.3371 7.2931 168.7562 0.6357 -0.0629 0.7694 0.4200 0.4002
23 17.1222 1.6847 166.7439 0.5291 -0.5936 0.6065 0.4044 0.4439
6 24.9986 -0.2099 165.2136 0.3990 -0.2689 0.8766 0.4680 0.4218
KMUA_NPC_423.jpg
23 19.3371 7.2931 168.7562 0.6357 -0.0629 0.7694 0.4132 0.0646
6 24.9986 -0.2099 165.2136 0.3990 -0.2689 0.8766 0.4043 0.0103
23 19.6302 15.7955 164.8497 0.5549 0.4209 0.7176 0.4949 0.0630
KMUA_NPC_423.jpg
4 -8.5557 22.7766 163.4112 -0.3107 0.6206 0.7199 0.2530 0.4192
15 -14.7934 34.1100 156.3216 0.1614 0.7565 0.6338 0.2980 0.3241
15 -17.6600 18.9143 163.0872 -0.4552 0.0559 0.8887 0.3566 0.4412
KMUA_NPC_423.jpg
4 -5.1389 25.6888 160.4663 -0.0147 0.8633 0.5044 0.2137 0.4002
15 -14.7934 34.1100 156.3216 0.1614 0.7565 0.6338 0.2980 0.3241
4 -8.5557 22.7766 163.4112 -0.3107 0.6206 0.7199 0.2530 0.4192
KMUA_NPC_423.jpg
4 -5.0601 32.3909 148.0581 0.1491 0.9723 0.1800 0.1767 0.3086
15 -14.7934 34.1100 156.3216 0.1614 0.7565 0.6338 0.2980 0.3241
4 -5.1389 25.6888 160.4663 -0.0147 0.8633 0.5044 0.2137 0.4002
KMUA_NPC_423.jpg
4 -5.1389 25.6888 160.4663 -0.0147 0.8633 0.5044 0.2137 0.4002
4 7.6889 25.2298 159.8453 0.2514 0.9412 0.2257 0.1163 0.4429
4 -5.0601 32.3909 148.0581 0.1491 0.9723 0.1800 0.1767 0.3086
KMUA_NPC_423.jpg
4 7.6889 25.2298 159.8453 0.2514 0.9412 0.2257 0.1163 0.4429
4 10.2095 29.5554 147.1999 0.2723 0.9428 0.1921 0.0667 0.3603
4 -5.0601 32.3909 148.0581 0.1491 0.9723 0.1800 0.1767 0.3086
KMUA_NPC_423.jpg
4 7.6889 25.2298 159.8453 0.2514 0.9412 0.2257 0.1163 0.4429
4 19.0844 19.3952 161.7177 0.4001 0.7474 0.5305 0.0373 0.5141
4 10.2095 29.5554 147.1999 0.2723 0.9428 0.1921 0.0667 0.3603
KMUA_NPC_423.jpg
16 -15.0358 19.2444 127.7933 0.3809 -0.5353 -0.7539 0.0038 0.7851
17 -11.9334 19.7767 121.9655 0.5901 -0.7815 -0.2025 0.0038 0.7442
16 -9.6833 33.1798 136.1917 0.5826 0.7786 -0.2331 0.0576 0.8350
KMUA_NPC_423.jpg
17 -6.4630 34.9188 125.6810 0.9365 0.3384 -0.0925 0.0616 0.7463
16 -9.6833 33.1798 136.1917 0.5826 0.7786 -0.2331 0.0576 0.8350
17 -11.9334 19.7767 121.9655 0.5901 -0.7815 -0.2025 0.0038 0.7442
KMUA_NPC_423.jpg
17 -6.4630 34.9188 125.6810 0.9365 0.3384 -0.0925 0.0616 0.7463
17 -11.9334 19.7767 121.9655 0.5901 -0.7815 -0.2025 0.0038 0.7442
17 -7.6190 35.9951 120.1504 0.9080 0.3801 -0.1761 0.0677 0.7081
KMUA_NPC_423.jpg
17 -12.3335 21.7011 117.3332 0.6472 -0.6786 -0.3472 0.0038 0.7131
17 -7.6190 35.9951 120.1504 0.9080 0.3801 -0.1761 0.0677 0.7081
17 -11.9334 19.7767 121.9655 0.5901 -0.7815 -0.2025 0.0038 0.7442
KMUA_NPC_423.jpg
17 -7.6190 35.9951 120.1504 0.9080 0.3801 -0.1761 0.0677 0.7081
17 -12.3335 21.7011 117.3332 0.6472 -0.6786 -0.3472 0.0038 0.7131
17 -13.1096 39.7749 105.2447 0.8524 0.5022 -0.1458 0.0643 0.6298
KMUA_NPC_423.jpg
17 -18.8925 41.3301 124.3833 -0.2229 0.7186 -0.6588 0.1196 0.7213
17 -7.6190 35.9951 120.1504 0.9080 0.3801 -0.1761 0.0677 0.7081
17 -20.8374 44.1784 108.0876 0.0537 0.9882 0.1436 0.1086 0.6298
KMUA_NPC_423.jpg
17 -18.8925 41.3301 124.3833 -0.2229 0.7186 -0.6588 0.1196 0.7213
17 -18.8314 43.2934 124.9183 -0.0378 0.9481 -0.3158 0.1172 0.7383
17 -7.6190 35.9951 120.1504 0.9080 0.3801 -0.1761 0.0677 0.7081
KMUA_NPC_423.jpg
17 -18.8925 41.3301 124.3833 -0.2229 0.7186 -0.6588 0.1196 0.7213
17 -26.9386 36.0797 124.9039 -0.6199 0.5176 -0.5898 0.1576 0.7233
17 -18.8314 43.2934 124.9183 -0.0378 0.9481 -0.3158 0.1172 0.7383
KMUA_NPC_423.jpg
17 -28.7826 37.6401 125.7940 -0.7806 0.5984 -0.1804 0.1576 0.7374
17 -18.8314 43.2934 124.9183 -0.0378 0.9481 -0.3158 0.1172 0.7383
17 -26.9386 36.0797 124.9039 -0.6199 0.5176 -0.5898 0.1576 0.7233
KMUA_NPC_423.jpg
17 -26.9386 36.0797 124.9039 -0.6199 0.5176 -0.5898 0.1576 0.7233
17 -18.8925 41.3301 124.3833 -0.2229 0.7186 -0.6588 0.1196 0.7213
17 -29.7691 38.1286 110.7275 -0.7599 0.6067 0.2334 0.1576 0.6298
KMUA_NPC_423.jpg
17 -6.4630 34.9188 125.6810 0.9365 0.3384 -0.0925 0.0616 0.7463
17 -7.6190 35.9951 120.1504 0.9080 0.3801 -0.1761 0.0677 0.7081
17 -18.4013 41.5548 128.9016 -0.1367 0.9902 0.0300 0.1129 0.7615
KMUA_NPC_423.jpg
17 -18.8314 43.2934 124.9183 -0.0378 0.9481 -0.3158 0.1172 0.7383
17 -18.4013 41.5548 128.9016 -0.1367 0.9902 0.0300 0.1129 0.7615
17 -7.6190 35.9951 120.1504 0.9080 0.3801 -0.1761 0.0677 0.7081
KMUA_NPC_423.jpg
17 -18.8314 43.2934 124.9183 -0.0378 0.9481 -0.3158 0.1172 0.7383
17 -28.7826 37.6401 125.7940 -0.7806 0.5984 -0.1804 0.1576 0.7374
17 -18.4013 41.5548 128.9016 -0.1367 0.9902 0.0300 0.1129 0.7615
KMUA_NPC_423.jpg
17 -17.5635 42.1218 129.8372 0.0471 0.9967 -0.0654 0.1102 0.7695
17 -6.4630 34.9188 125.6810 0.9365 0.3384 -0.0925 0.0616 0.7463
17 -18.4013 41.5548 128.9016 -0.1367 0.9902 0.0300 0.1129 0.7615
KMUA_NPC_423.jpg
17 -6.4630 34.9188 125.6810 0.9365 0.3384 -0.0925 0.0616 0.7463
17 -17.5635 42.1218 129.8372 0.0471 0.9967 -0.0654 0.1102 0.7695
16 -9.6833 33.1798 136.1917 0.5826 0.7786 -0.2331 0.0576 0.8350
KMUA_NPC_423.jpg
17 -27.0707 35.8775 128.6550 -0.7687 0.6203 -0.1562 0.1576 0.7607
17 -18.4013 41.5548 128.9016 -0.1367 0.9902 0.0300 0.1129 0.7615
17 -28.7826 37.6401 125.7940 -0.7806 0.5984 -0.1804 0.1576 0.7374
KMUA_NPC_423.jpg
17 -18.4013 41.5548 128.9016 -0.1367 0.9902 0.0300 0.1129 0.7615
17 -27.0707 35.8775 128.6550 -0.7687 0.6203 -0.1562 0.1576 0.7607
17 -17.5635 42.1218 129.8372 0.0471 0.9967 -0.0654 0.1102 0.7695
KMUA_NPC_423.jpg
17 -28.7225 37.3080 130.3874 -0.7318 0.6650 -0.1493 0.1576 0.7781
17 -17.5635 42.1218 129.8372 0.0471 0.9967 -0.0654 0.1102 0.7695
17 -27.0707 35.8775 128.6550 -0.7687 0.6203 -0.1562 0.1576 0.7607
KMUA_NPC_423.jpg
17 -28.7225 37.3080 130.3874 -0.7318 0.6650 -0.1493 0.1576 0.7781
16 -26.1315 30.9351 142.7887 -0.7997 0.5462 0.2492 0.1576 0.8706
17 -17.5635 42.1218 129.8372 0.0471 0.9967 -0.0654 0.1102 0.7695
KMUA_NPC_423.jpg
16 -18.9896 36.3092 141.8134 -0.1409 0.9269 0.3478 0.1027 0.8564
17 -17.5635 42.1218 129.8372 0.0471 0.9967 -0.0654 0.1102 0.7695
16 -26.1315 30.9351 142.7887 -0.7997 0.5462 0.2492 0.1576 0.8706
KMUA_NPC_423.jpg
16 -9.6833 33.1798 136.1917 0.5826 0.7786 -0.2331 0.0576 0.8350
17 -17.5635 42.1218 129.8372 0.0471 0.9967 -0.0654 0.1102 0.7695
16 -18.9896 36.3092 141.8134 -0.1409 0.9269 0.3478 0.1027 0.8564
KMUA_NPC_423.jpg
16 -26.1315 30.9351 142.7887 -0.7997 0.5462 0.2492 0.1576 0.8706
17 -28.7225 37.3080 130.3874 -0.7318 0.6650 -0.1493 0.1576 0.7781
16 -29.2174 21.6906 140.2221 -0.9771 -0.2056 0.0554 0.1027 0.8564
KMUA_NPC_423.jpg
17 -11.9334 19.7767 121.9655 0.5901 -0.7815 -0.2025 0.0038 0.7442
17 -23.1045 18.1923 123.4982 -0.2949 -0.9469 -0.1279 0.0616 0.7463
17 -12.3335 21.7011 117.3332 0.6472 -0.6786 -0.3472 0.0038 0.7131
KMUA_NPC_423.jpg
16 -15.0358 19.2444 127.7933 0.3809 -0.5353 -0.7539 0.0038 0.7851
17 -23.1045 18.1923 123.4982 -0.2949 -0.9469 -0.1279 0.0616 0.7463
17 -11.9334 19.7767 121.9655 0.5901 -0.7815 -0.2025 0.0038 0.7442
KMUA_NPC_423.jpg
16 -23.2238 14.3394 136.3401 -0.5473 -0.7304 -0.4086 0.0576 0.8350
16 -29.2174 21.6906 140.2221 -0.9771 -0.2056 0.0554 0.1027 0.8564
17 -23.1045 18.1923 123.4982 -0.2949 -0.9469 -0.1279 0.0616 0.7463
KMUA_NPC_423.jpg
16 -15.0358 19.2444 127.7933 0.3809 -0.5353 -0.7539 0.0038 0.7851
16 -23.2238 14.3394 136.3401 -0.5473 -0.7304 -0.4086 0.0576 0.8350
17 -23.1045 18.1923 123.4982 -0.2949 -0.9469 -0.1279 0.0616 0.7463
KMUA_NPC_423.jpg
17 -31.2138 25.2469 127.1966 -0.9180 -0.2047 -0.3395 0.1102 0.7695
17 -23.1045 18.1923 123.4982 -0.2949 -0.9469 -0.1279 0.0616 0.7463
16 -29.2174 21.6906 140.2221 -0.9771 -0.2056 0.0554 0.1027 0.8564
KMUA_NPC_423.jpg
17 -31.2138 25.2469 127.1966 -0.9180 -0.2047 -0.3395 0.1102 0.7695
16 -29.2174 21.6906 140.2221 -0.9771 -0.2056 0.0554 0.1027 0.8564
17 -28.7225 37.3080 130.3874 -0.7318 0.6650 -0.1493 0.1576 0.7781
KMUA_NPC_423.jpg
17 -28.7225 37.3080 130.3874 -0.7318 0.6650 -0.1493 0.1576 0.7781
17 -27.0707 35.8775 128.6550 -0.7687 0.6203 -0.1562 0.1576 0.7607
17 -31.2138 25.2469 127.1966 -0.9180 -0.2047 -0.3395 0.1102 0.7695
KMUA_NPC_423.jpg
17 -31.2138 25.2469 127.1966 -0.9180 -0.2047 -0.3395 0.1102 0.7695
17 -30.2408 26.3053 126.5145 -0.9057 -0.0305 -0.4228 0.1129 0.7615
17 -23.1045 18.1923 123.4982 -0.2949 -0.9469 -0.1279 0.0616 0.7463
KMUA_NPC_423.jpg
17 -27.0707 35.8775 128.6550 -0.7687 0.6203 -0.1562 0.1576 0.7607
17 -28.7826 37.6401 125.7940 -0.7806 0.5984 -0.1804 0.1576 0.7374
17 -30.2408 26.3053 126.5145 -0.9057 -0.0305 -0.4228 0.1129 0.7615
KMUA_NPC_423.jpg
17 -30.2408 26.3053 126.5145 -0.9057 -0.0305 -0.4228 0.1129 0.7615
17 -31.2138 25.2469 127.1966 -0.9180 -0.2047 -0.3395 0.1102 0.7695
17 -27.0707 35.8775 128.6550 -0.7687 0.6203 -0.1562 0.1576 0.7607
KMUA_NPC_423.jpg
17 -30.2408 26.3053 126.5145 -0.9057 -0.0305 -0.4228 0.1129 0.7615
17 -30.7477 27.8681 123.5891 -0.8795 -0.0084 -0.4759 0.1172 0.7383
17 -23.1045 18.1923 123.4982 -0.2949 -0.9469 -0.1279 0.0616 0.7463
KMUA_NPC_423.jpg
17 -30.7477 27.8681 123.5891 -0.8795 -0.0084 -0.4759 0.1172 0.7383
17 -30.2408 26.3053 126.5145 -0.9057 -0.0305 -0.4228 0.1129 0.7615
17 -28.7826 37.6401 125.7940 -0.7806 0.5984 -0.1804 0.1576 0.7374
KMUA_NPC_423.jpg
17 -12.3335 21.7011 117.3332 0.6472 -0.6786 -0.3472 0.0038 0.7131
17 -24.6940 19.0797 119.0337 -0.4272 -0.9012 -0.0739 0.0675 0.7081
17 -14.2683 25.4839 105.8856 0.8041 -0.5332 -0.2629 0.0038 0.6298
KMUA_NPC_423.jpg
17 -24.6940 19.0797 119.0337 -0.4272 -0.9012 -0.0739 0.0675 0.7081
17 -23.1045 18.1923 123.4982 -0.2949 -0.9469 -0.1279 0.0616 0.7463
17 -30.7477 27.8681 123.5891 -0.8795 -0.0084 -0.4759 0.1172 0.7383
KMUA_NPC_423.jpg
17 -24.6940 19.0797 119.0337 -0.4272 -0.9012 -0.0739 0.0675 0.7081
17 -12.3335 21.7011 117.3332 0.6472 -0.6786 -0.3472 0.0038 0.7131
17 -23.1045 18.1923 123.4982 -0.2949 -0.9469 -0.1279 0.0616 0.7463
KMUA_NPC_423.jpg
17 -30.7477 27.8681 123.5891 -0.8795 -0.0084 -0.4759 0.1172 0.7383
17 -28.7826 37.6401 125.7940 -0.7806 0.5984 -0.1804 0.1576 0.7374
17 -28.3812 28.4442 123.1757 -0.8148 0.1332 -0.5643 0.1196 0.7213
KMUA_NPC_423.jpg
17 -28.3812 28.4442 123.1757 -0.8148 0.1332 -0.5643 0.1196 0.7213
17 -24.6940 19.0797 119.0337 -0.4272 -0.9012 -0.0739 0.0675 0.7081
17 -30.7477 27.8681 123.5891 -0.8795 -0.0084 -0.4759 0.1172 0.7383
KMUA_NPC_423.jpg
17 -26.9386 36.0797 124.9039 -0.6199 0.5176 -0.5898 0.1576 0.7233
17 -28.3812 28.4442 123.1757 -0.8148 0.1332 -0.5643 0.1196 0.7213
17 -28.7826 37.6401 125.7940 -0.7806 0.5984 -0.1804 0.1576 0.7374
KMUA_NPC_423.jpg
17 -24.6940 19.0797 119.0337 -0.4272 -0.9012 -0.0739 0.0675 0.7081
17 -28.3812 28.4442 123.1757 -0.8148 0.1332 -0.5643 0.1196 0.7213
17 -26.9650 19.8200 108.7799 -0.2662 -0.9623 0.0560 0.0643 0.6298
KMUA_NPC_423.jpg
17 -28.3812 28.4442 123.1757 -0.8148 0.1332 -0.5643 0.1196 0.7213
17 -26.9386 36.0797 124.9039 -0.6199 0.5176 -0.5898 0.1576 0.7233
17 -32.5748 27.4495 110.9923 -0.9150 -0.2604 0.3083 0.1086 0.6298
KMUA_NPC_423.jpg
18 -15.3258 24.3402 98.3922 0.7667 -0.6353 -0.0925 0.1574 0.8827
18 -14.2354 38.4102 96.0914 0.9346 0.3502 -0.0617 0.0992 0.8852
17 -15.0977 26.4300 101.5903 0.8535 -0.5211 -0.0032 0.1574 0.9167
KMUA_NPC_423.jpg
18 -14.2354 38.4102 96.0914 0.9346 0.3502 -0.0617 0.0992 0.8852
18 -23.4919 45.5477 96.8002 0.1644 0.9661 0.1990 0.0504 0.8801
17 -15.3391 39.2869 100.1933 0.8619 0.4965 -0.1027 0.0989 0.9127
KMUA_NPC_423.jpg
18 -33.1539 41.9116 99.7144 -0.5287 0.7012 0.4784 0.0053 0.8827
17 -30.2134 38.2264 105.7879 -0.7415 0.5592 0.3708 0.0053 0.9167
18 -23.4919 45.5477 96.8002 0.1644 0.9661 0.1990 0.0504 0.8801
KMUA_NPC_423.jpg
18 -23.4919 45.5477 96.8002 0.1644 0.9661 0.1990 0.0504 0.8801
18 -23.4199 46.0595 89.9811 0.1996 0.9653 -0.1683 0.0505 0.8403
18 -33.1539 41.9116 99.7144 -0.5287 0.7012 0.4784 0.0053 0.8827
KMUA_NPC_423.jpg
18 -23.4919 45.5477 96.8002 0.1644 0.9661 0.1990 0.0504 0.8801
18 -14.2354 38.4102 96.0914 0.9346 0.3502 -0.0617 0.0992 0.8852
18 -23.4199 46.0595 89.9811 0.1996 0.9653 -0.1683 0.0505 0.8403
KMUA_NPC_423.jpg
18 -35.4932 43.3221 92.4489 -0.6538 0.7557 -0.0380 0.0053 0.8476
18 -33.1539 41.9116 99.7144 -0.5287 0.7012 0.4784 0.0053 0.8827
18 -23.4199 46.0595 89.9811 0.1996 0.9653 -0.1683 0.0505 0.8403
KMUA_NPC_423.jpg
18 -33.1539 41.9116 99.7144 -0.5287 0.7012 0.4784 0.0053 0.8827
18 -37.6279 30.6019 101.3762 -0.8501 -0.0658 0.5225 0.0504 0.8801
17 -30.2134 38.2264 105.7879 -0.7415 0.5592 0.3708 0.0053 0.9167
KMUA_NPC_423.jpg
18 -30.5833 20.3571 99.9580 -0.2736 -0.9534 0.1269 0.0992 0.8852
17 -27.6819 20.9369 104.1129 -0.2133 -0.9723 0.0958 0.0989 0.9127
18 -37.6279 30.6019 101.3762 -0.8501 -0.0658 0.5225 0.0504 0.8801
KMUA_NPC_423.jpg
18 -15.3258 24.3402 98.3922 0.7667 -0.6353 -0.0925 0.1574 0.8827
17 -15.0977 26.4300 101.5903 0.8535 -0.5211 -0.0032 0.1574 0.9167
18 -30.5833 20.3571 99.9580 -0.2736 -0.9534 0.1269 0.0992 0.8852
KMUA_NPC_423.jpg
18 -37.6279 30.6019 101.3762 -0.8501 -0.0658 0.5225 0.0504 0.8801
18 -40.9061 31.4197 94.6555 -0.9970 -0.0742 0.0231 0.0505 0.8403
18 -30.5833 20.3571 99.9580 -0.2736 -0.9534 0.1269 0.0992 0.8852
KMUA_NPC_423.jpg
18 -35.4932 43.3221 92.4489 -0.6538 0.7557 -0.0380 0.0053 0.8476
18 -40.9061 31.4197 94.6555 -0.9970 -0.0742 0.0231 0.0505 0.8403
18 -33.1539 41.9116 99.7144 -0.5287 0.7012 0.4784 0.0053 0.8827
KMUA_NPC_423.jpg
18 -37.6279 30.6019 101.3762 -0.8501 -0.0658 0.5225 0.0504 0.8801
18 -33.1539 41.9116 99.7144 -0.5287 0.7012 0.4784 0.0053 0.8827
18 -40.9061 31.4197 94.6555 -0.9970 -0.0742 0.0231 0.0505 0.8403
KMUA_NPC_423.jpg
18 -24.8445 33.1425 98.5193 -0.1752 -0.0864 -0.9807 0.2820 0.7932
18 -33.1539 41.9116 99.7144 -0.2296 -0.0817 -0.9698 0.3232 0.7711
18 -23.4919 45.5477 96.8002 -0.2109 -0.1088 -0.9714 0.2909 0.7455
KMUA_NPC_423.jpg
18 -33.1539 41.9116 99.7144 -0.2296 -0.0817 -0.9698 0.3232 0.7711
18 -24.8445 33.1425 98.5193 -0.1752 -0.0864 -0.9807 0.2820 0.7932
18 -37.6279 30.6019 101.3762 -0.2130 -0.0342 -0.9765 0.3269 0.8182
KMUA_NPC_423.jpg
18 -24.8445 33.1425 98.5193 -0.1752 -0.0864 -0.9807 0.2820 0.7932
18 -23.4919 45.5477 96.8002 -0.2109 -0.1088 -0.9714 0.2909 0.7455
18 -14.2354 38.4102 96.0914 -0.1612 -0.1287 -0.9785 0.2486 0.7608
KMUA_NPC_423.jpg
18 -30.5833 20.3571 99.9580 -0.1579 -0.0400 -0.9867 0.2884 0.8471
18 -37.6279 30.6019 101.3762 -0.2130 -0.0342 -0.9765 0.3269 0.8182
18 -24.8445 33.1425 98.5193 -0.1752 -0.0864 -0.9807 0.2820 0.7932
KMUA_NPC_423.jpg
18 -14.2354 38.4102 96.0914 -0.1612 -0.1287 -0.9785 0.2486 0.7608
18 -15.3258 24.3402 98.3922 -0.1187 -0.1069 -0.9872 0.2369 0.8145
18 -24.8445 33.1425 98.5193 -0.1752 -0.0864 -0.9807 0.2820 0.7932
KMUA_NPC_423.jpg
18 -24.8445 33.1425 98.5193 -0.1752 -0.0864 -0.9807 0.2820 0.7932
18 -15.3258 24.3402 98.3922 -0.1187 -0.1069 -0.9872 0.2369 0.8145
18 -30.5833 20.3571 99.9580 -0.1579 -0.0400 -0.9867 0.2884 0.8471
KMUA_NPC_423.jpg
7 43.3186 2.0397 144.6286 0.9186 0.0374 0.3935 0.2024 0.8391
7 39.2104 -5.9027 145.3329 0.6608 -0.7001 0.2705 0.1673 0.8391
8 50.3601 1.5038 130.8604 0.9923 0.0816 -0.0931 0.2062 0.9148
KMUA_NPC_423.jpg
8 45.3201 -10.2352 130.0595 0.6452 -0.6814 -0.3454 0.1673 0.9137
8 50.3601 1.5038 130.8604 0.9923 0.0816 -0.0931 0.2062 0.9148
7 39.2104 -5.9027 145.3329 0.6608 -0.7001 0.2705 0.1673 0.8391
KMUA_NPC_423.jpg
7 43.3186 2.0397 144.6286 0.9186 0.0374 0.3935 0.2024 0.8391
8 50.3601 1.5038 130.8604 0.9923 0.0816 -0.0931 0.2062 0.9148
7 36.6875 13.4438 138.8663 0.4823 0.8460 -0.2274 0.2648 0.8391
KMUA_NPC_423.jpg
8 42.3579 13.4126 128.1846 0.3016 0.9534 0.0120 0.2648 0.9183
7 36.6875 13.4438 138.8663 0.4823 0.8460 -0.2274 0.2648 0.8391
8 50.3601 1.5038 130.8604 0.9923 0.0816 -0.0931 0.2062 0.9148
KMUA_NPC_423.jpg
8 49.7661 0.7599 130.0376 0.9947 -0.0883 -0.0534 0.2047 0.9209
8 42.3579 13.4126 128.1846 0.3016 0.9534 0.0120 0.2648 0.9183
8 50.3601 1.5038 130.8604 0.9923 0.0816 -0.0931 0.2062 0.9148
KMUA_NPC_423.jpg
8 49.7661 0.7599 130.0376 0.9947 -0.0883 -0.0534 0.2047 0.9209
8 50.3601 1.5038 130.8604 0.9923 0.0816 -0.0931 0.2062 0.9148
8 44.2783 -9.6954 129.7260 0.5613 -0.5355 -0.6311 0.1673 0.9197
KMUA_NPC_423.jpg
8 45.3201 -10.2352 130.0595 0.6452 -0.6814 -0.3454 0.1673 0.9137
8 44.2783 -9.6954 129.7260 0.5613 -0.5355 -0.6311 0.1673 0.9197
8 50.3601 1.5038 130.8604 0.9923 0.0816 -0.0931 0.2062 0.9148
KMUA_NPC_423.jpg
8 44.2783 -9.6954 129.7260 0.5613 -0.5355 -0.6311 0.1673 0.9197
8 51.5444 0.2269 126.0051 0.9495 -0.0486 0.3100 0.2064 0.9429
8 49.7661 0.7599 130.0376 0.9947 -0.0883 -0.0534 0.2047 0.9209
KMUA_NPC_423.jpg
8 49.7661 0.7599 130.0376 0.9947 -0.0883 -0.0534 0.2047 0.9209
8 51.5444 0.2269 126.0051 0.9495 -0.0486 0.3100 0.2064 0.9429
8 42.3579 13.4126 128.1846 0.3016 0.9534 0.0120 0.2648 0.9183
KMUA_NPC_423.jpg
8 42.3579 13.4126 128.1846 0.3016 0.9534 0.0120 0.2648 0.9183
8 44.2908 12.5167 122.0020 0.3167 0.9476 -0.0426 0.2648 0.9374
8 28.1338 8.3392 122.5663 -0.2543 0.4664 -0.8472 0.3212 0.9183
KMUA_NPC_423.jpg
8 42.3579 13.4126 128.1846 0.3016 0.9534 0.0120 0.2648 0.9183
8 28.1338 8.3392 122.5663 -0.2543 0.4664 -0.8472 0.3212 0.9183
8 27.1211 8.7935 122.3692 -0.5056 0.5639 -0.6531 0.3212 0.9138
KMUA_NPC_423.jpg
4 27.6222 1.2080 129.8570 -0.5784 0.0682 -0.8129 0.3212 0.8759
8 42.3579 13.4126 128.1846 0.3016 0.9534 0.0120 0.2648 0.9183
8 27.1211 8.7935 122.3692 -0.5056 0.5639 -0.6531 0.3212 0.9138
KMUA_NPC_423.jpg
7 36.6875 13.4438 138.8663 0.4823 0.8460 -0.2274 0.2648 0.8391
8 42.3579 13.4126 128.1846 0.3016 0.9534 0.0120 0.2648 0.9183
4 27.6222 1.2080 129.8570 -0.5784 0.0682 -0.8129 0.3212 0.8759
KMUA_NPC_423.jpg
8 33.8476 -11.8144 127.4294 -0.1728 -0.9220 -0.3465 0.2062 0.9148
8 34.5085 -11.3676 127.0715 -0.0363 -0.9351 -0.3524 0.2047 0.9209
8 45.3201 -10.2352 130.0595 0.6452 -0.6814 -0.3454 0.1673 0.9137
KMUA_NPC_423.jpg
8 44.2783 -9.6954 129.7260 0.5613 -0.5355 -0.6311 0.1673 0.9197
8 45.3201 -10.2352 130.0595 0.6452 -0.6814 -0.3454 0.1673 0.9137
8 34.5085 -11.3676 127.0715 -0.0363 -0.9351 -0.3524 0.2047 0.9209
KMUA_NPC_423.jpg
8 33.8476 -11.8144 127.4294 -0.1728 -0.9220 -0.3465 0.2062 0.9148
8 45.3201 -10.2352 130.0595 0.6452 -0.6814 -0.3454 0.1673 0.9137
7 30.7955 -10.4602 142.4183 -0.0444 -0.9977 0.0512 0.2024 0.8391
KMUA_NPC_423.jpg
7 39.2104 -5.9027 145.3329 0.6608 -0.7001 0.2705 0.1673 0.8391
7 30.7955 -10.4602 142.4183 -0.0444 -0.9977 0.0512 0.2024 0.8391
8 45.3201 -10.2352 130.0595 0.6452 -0.6814 -0.3454 0.1673 0.9137
KMUA_NPC_423.jpg
4 27.6222 1.2080 129.8570 -0.5784 0.0682 -0.8129 0.3212 0.8759
8 27.1211 8.7935 122.3692 -0.5056 0.5639 -0.6531 0.3212 0.9138
8 24.9294 -4.6157 123.4216 -0.9399 -0.3220 -0.1136 0.2648 0.9183
KMUA_NPC_423.jpg
8 33.8476 -11.8144 127.4294 -0.1728 -0.9220 -0.3465 0.2062 0.9148
7 30.7955 -10.4602 142.4183 -0.0444 -0.9977 0.0512 0.2024 0.8391
8 24.9294 -4.6157 123.4216 -0.9399 -0.3220 -0.1136 0.2648 0.9183
KMUA_NPC_423.jpg
8 24.9294 -4.6157 123.4216 -0.9399 -0.3220 -0.1136 0.2648 0.9183
8 34.5085 -11.3676 127.0715 -0.0363 -0.9351 -0.3524 0.2047 0.9209
8 33.8476 -11.8144 127.4294 -0.1728 -0.9220 -0.3465 0.2062 0.9148
KMUA_NPC_423.jpg
8 27.1211 8.7935 122.3692 -0.5056 0.5639 -0.6531 0.3212 0.9138
8 28.1338 8.3392 122.5663 -0.2543 0.4664 -0.8472 0.3212 0.9183
8 24.9294 -4.6157 123.4216 -0.9399 -0.3220 -0.1136 0.2648 0.9183
KMUA_NPC_423.jpg
7 25.4392 -6.5331 138.5936 -0.4230 -0.8127 -0.4008 0.2648 0.8391
4 27.6222 1.2080 129.8570 -0.5784 0.0682 -0.8129 0.3212 0.8759
8 24.9294 -4.6157 123.4216 -0.9399 -0.3220 -0.1136 0.2648 0.9183
KMUA_NPC_423.jpg
7 25.4392 -6.5331 138.5936 -0.4230 -0.8127 -0.4008 0.2648 0.8391
8 24.9294 -4.6157 123.4216 -0.9399 -0.3220 -0.1136 0.2648 0.9183
7 30.7955 -10.4602 142.4183 -0.0444 -0.9977 0.0512 0.2024 0.8391
KMUA_NPC_423.jpg
8 24.9294 -4.6157 123.4216 -0.9399 -0.3220 -0.1136 0.2648 0.9183
8 28.1338 8.3392 122.5663 -0.2543 0.4664 -0.8472 0.3212 0.9183
8 25.5651 -5.4272 120.3073 -0.9415 -0.3231 -0.0957 0.2648 0.9374
KMUA_NPC_423.jpg
8 24.9294 -4.6157 123.4216 -0.9399 -0.3220 -0.1136 0.2648 0.9183
8 25.5651 -5.4272 120.3073 -0.9415 -0.3231 -0.0957 0.2648 0.9374
8 34.5085 -11.3676 127.0715 -0.0363 -0.9351 -0.3524 0.2047 0.9209
KMUA_NPC_423.jpg
8 44.2783 -9.6954 129.7260 0.5613 -0.5355 -0.6311 0.1673 0.9197
8 34.5085 -11.3676 127.0715 -0.0363 -0.9351 -0.3524 0.2047 0.9209
8 34.9979 -12.1393 123.0087 -0.2081 -0.9659 0.1543 0.2064 0.9429
KMUA_NPC_423.jpg
8 44.2783 -9.6954 129.7260 0.5613 -0.5355 -0.6311 0.1673 0.9197
8 34.9979 -12.1393 123.0087 -0.2081 -0.9659 0.1543 0.2064 0.9429
8 45.3400 -10.7181 125.2978 0.5488 -0.8170 0.1771 0.1673 0.9448
KMUA_NPC_423.jpg
8 36.3968 0.3457 128.3295 0.3043 -0.0743 -0.9497 0.1992 0.4513
8 28.1338 8.3392 122.5663 0.4357 -0.1852 -0.8809 0.1661 0.4295
8 42.3579 13.4126 128.1846 0.2709 -0.1342 -0.9532 0.1578 0.4731
KMUA_NPC_423.jpg
8 49.7661 0.7599 130.0376 0.1281 -0.0535 -0.9903 0.2080 0.4887
8 36.3968 0.3457 128.3295 0.3043 -0.0743 -0.9497 0.1992 0.4513
8 42.3579 13.4126 128.1846 0.2709 -0.1342 -0.9532 0.1578 0.4731
KMUA_NPC_423.jpg
8 44.2783 -9.6954 129.7260 0.1877 0.0110 -0.9822 0.2343 0.4696
8 36.3968 0.3457 128.3295 0.3043 -0.0743 -0.9497 0.1992 0.4513
8 49.7661 0.7599 130.0376 0.1281 -0.0535 -0.9903 0.2080 0.4887
KMUA_NPC_423.jpg
8 44.2783 -9.6954 129.7260 0.1877 0.0110 -0.9822 0.2343 0.4696
8 34.5085 -11.3676 127.0715 0.3148 0.0511 -0.9478 0.2334 0.4377
8 36.3968 0.3457 128.3295 0.3043 -0.0743 -0.9497 0.1992 0.4513
KMUA_NPC_423.jpg
8 24.9294 -4.6157 123.4216 0.4173 -0.0680 -0.9062 0.2068 0.4105
8 36.3968 0.3457 128.3295 0.3043 -0.0743 -0.9497 0.1992 0.4513
8 34.5085 -11.3676 127.0715 0.3148 0.0511 -0.9478 0.2334 0.4377
KMUA_NPC_423.jpg
8 28.1338 8.3392 122.5663 0.4357 -0.1852 -0.8809 0.1661 0.4295
8 36.3968 0.3457 128.3295 0.3043 -0.0743 -0.9497 0.1992 0.4513
8 24.9294 -4.6157 123.4216 0.4173 -0.0680 -0.9062 0.2068 0.4105
KMUA_NPC_423.jpg
8 50.0582 -3.5331 112.1720 0.6701 0.0181 0.7421 0.8871 0.5817
8 44.4059 6.1141 111.6865 0.3313 0.8144 0.4764 0.8871 0.6413
8 49.1957 -3.4766 119.1939 0.9758 -0.2047 0.0769 0.9243 0.5817
KMUA_NPC_423.jpg
8 34.7263 4.1528 111.1914 -0.5513 0.7209 0.4200 0.8871 0.6980
8 32.8046 5.5599 115.3960 -0.5979 0.6549 -0.4622 0.9355 0.6980
8 44.4059 6.1141 111.6865 0.3313 0.8144 0.4764 0.8871 0.6413
KMUA_NPC_423.jpg
8 47.5218 -1.2174 131.3764 0.9756 -0.0534 0.2131 0.9960 0.5817
8 40.7302 -9.9329 129.3071 0.4276 -0.8926 0.1428 0.9960 0.5375
8 49.0267 -2.8327 122.2928 0.9800 -0.1574 0.1220 0.9439 0.5817
KMUA_NPC_423.jpg
8 41.2439 10.2203 129.3370 0.3835 0.9201 0.0789 0.9960 0.6413
8 47.5218 -1.2174 131.3764 0.9756 -0.0534 0.2131 0.9960 0.5817
8 43.5736 9.9197 120.0943 0.4212 0.8995 -0.1158 0.9462 0.6413
KMUA_NPC_423.jpg
8 41.2439 10.2203 129.3370 0.3835 0.9201 0.0789 0.9960 0.6413
8 43.5736 9.9197 120.0943 0.4212 0.8995 -0.1158 0.9462 0.6413
8 30.6692 6.8182 125.6449 -0.6477 0.7395 -0.1834 0.9960 0.6980
KMUA_NPC_423.jpg
8 50.0582 -3.5331 112.1720 0.6701 0.0181 0.7421 0.8871 0.5817
8 49.1957 -3.4766 119.1939 0.9758 -0.2047 0.0769 0.9243 0.5817
8 43.0998 -10.2001 113.1130 0.3669 -0.6369 0.6781 0.8871 0.5375
KMUA_NPC_423.jpg
8 43.0998 -10.2001 113.1130 0.3669 -0.6369 0.6781 0.8871 0.5375
8 43.6473 -11.8415 112.7134 0.3209 -0.6374 0.7005 0.8775 0.5375
8 50.0582 -3.5331 112.1720 0.6701 0.0181 0.7421 0.8871 0.5817
KMUA_NPC_423.jpg
8 52.0480 -4.2068 111.4583 0.8909 -0.0840 0.4463 0.8775 0.5817
8 50.0582 -3.5331 112.1720 0.6701 0.0181 0.7421 0.8871 0.5817
8 43.6473 -11.8415 112.7134 0.3209 -0.6374 0.7005 0.8775 0.5375
KMUA_NPC_423.jpg
8 43.6473 -11.8415 112.7134 0.3209 -0.6374 0.7005 0.8775 0.5375
8 43.5231 -13.3832 108.6748 0.3712 -0.8809 -0.2936 0.8535 0.5375
8 52.0480 -4.2068 111.4583 0.8909 -0.0840 0.4463 0.8775 0.5817
KMUA_NPC_423.jpg
8 51.5628 -4.5188 107.3489 0.8325 -0.1598 -0.5305 0.8535 0.5817
8 52.0480 -4.2068 111.4583 0.8909 -0.0840 0.4463 0.8775 0.5817
8 43.5231 -13.3832 108.6748 0.3712 -0.8809 -0.2936 0.8535 0.5375
KMUA_NPC_423.jpg
8 51.5628 -4.5188 107.3489 0.8325 -0.1598 -0.5305 0.8535 0.5817
8 43.5231 -13.3832 108.6748 0.3712 -0.8809 -0.2936 0.8535 0.5375
8 50.1036 -3.9154 106.6643 0.7817 -0.0345 -0.6227 0.8432 0.5817
KMUA_NPC_423.jpg
8 50.1036 -3.9154 106.6643 0.7817 -0.0345 -0.6227 0.8432 0.5817
8 44.4309 5.6650 106.3750 0.3242 0.6699 -0.6679 0.8432 0.6413
8 51.5628 -4.5188 107.3489 0.8325 -0.1598 -0.5305 0.8535 0.5817
KMUA_NPC_423.jpg
8 45.1687 6.7048 106.7732 0.3513 0.7191 -0.5996 0.8535 0.6413
8 51.5628 -4.5188 107.3489 0.8325 -0.1598 -0.5305 0.8535 0.5817
8 44.4309 5.6650 106.3750 0.3242 0.6699 -0.6679 0.8432 0.6413
KMUA_NPC_423.jpg
8 45.1687 6.7048 106.7732 0.3513 0.7191 -0.5996 0.8535 0.6413
8 44.4309 5.6650 106.3750 0.3242 0.6699 -0.6679 0.8432 0.6413
8 33.6870 5.1167 106.5045 -0.5435 0.6463 -0.5356 0.8535 0.6980
KMUA_NPC_423.jpg
8 34.9375 3.6485 105.7269 -0.4914 0.6492 -0.5806 0.8432 0.6980
8 33.6870 5.1167 106.5045 -0.5435 0.6463 -0.5356 0.8535 0.6980
8 44.4309 5.6650 106.3750 0.3242 0.6699 -0.6679 0.8432 0.6413
KMUA_NPC_423.jpg
8 34.9375 3.6485 105.7269 -0.4914 0.6492 -0.5806 0.8432 0.6980
8 44.4309 5.6650 106.3750 0.3242 0.6699 -0.6679 0.8432 0.6413
8 33.8329 3.7009 100.9465 -0.6071 0.7104 0.3560 0.7979 0.6980
KMUA_NPC_423.jpg
8 45.0348 7.4130 99.5193 0.4254 0.8791 0.2151 0.7979 0.6413
8 33.8329 3.7009 100.9465 -0.6071 0.7104 0.3560 0.7979 0.6980
8 44.4309 5.6650 106.3750 0.3242 0.6699 -0.6679 0.8432 0.6413
KMUA_NPC_423.jpg
8 42.6028 -11.9818 107.6971 0.4017 -0.7885 -0.4658 0.8432 0.5375
8 50.1036 -3.9154 106.6643 0.7817 -0.0345 -0.6227 0.8432 0.5817
8 43.5231 -13.3832 108.6748 0.3712 -0.8809 -0.2936 0.8535 0.5375
KMUA_NPC_423.jpg
8 50.1036 -3.9154 106.6643 0.7817 -0.0345 -0.6227 0.8432 0.5817
8 42.6028 -11.9818 107.6971 0.4017 -0.7885 -0.4658 0.8432 0.5375
8 50.4579 -4.8864 100.0371 0.9877 -0.1513 0.0398 0.7979 0.5817
KMUA_NPC_423.jpg
8 45.0348 7.4130 99.5193 0.4254 0.8791 0.2151 0.7979 0.6413
8 44.4309 5.6650 106.3750 0.3242 0.6699 -0.6679 0.8432 0.6413
8 50.4579 -4.8864 100.0371 0.9877 -0.1513 0.0398 0.7979 0.5817
KMUA_NPC_423.jpg
8 50.1036 -3.9154 106.6643 0.7817 -0.0345 -0.6227 0.8432 0.5817
8 50.4579 -4.8864 100.0371 0.9877 -0.1513 0.0398 0.7979 0.5817
8 44.4309 5.6650 106.3750 0.3242 0.6699 -0.6679 0.8432 0.6413
KMUA_NPC_423.jpg
8 42.5422 -13.5843 102.9183 0.4645 -0.8396 0.2816 0.7979 0.5375
8 50.4579 -4.8864 100.0371 0.9877 -0.1513 0.0398 0.7979 0.5817
8 42.6028 -11.9818 107.6971 0.4017 -0.7885 -0.4658 0.8432 0.5375
KMUA_NPC_423.jpg
8 33.6870 5.1167 106.5045 -0.5435 0.6463 -0.5356 0.8535 0.6980
8 33.4667 5.5135 110.2515 -0.5929 0.7058 0.3875 0.8775 0.6980
8 45.1687 6.7048 106.7732 0.3513 0.7191 -0.5996 0.8535 0.6413
KMUA_NPC_423.jpg
8 34.7263 4.1528 111.1914 -0.5513 0.7209 0.4200 0.8871 0.6980
8 44.4059 6.1141 111.6865 0.3313 0.8144 0.4764 0.8871 0.6413
8 33.4667 5.5135 110.2515 -0.5929 0.7058 0.3875 0.8775 0.6980
KMUA_NPC_423.jpg
8 45.8336 7.3748 110.7557 0.4376 0.8282 0.3501 0.8775 0.6413
8 45.1687 6.7048 106.7732 0.3513 0.7191 -0.5996 0.8535 0.6413
8 33.4667 5.5135 110.2515 -0.5929 0.7058 0.3875 0.8775 0.6980
KMUA_NPC_423.jpg
8 52.0480 -4.2068 111.4583 0.8909 -0.0840 0.4463 0.8775 0.5817
8 45.8336 7.3748 110.7557 0.4376 0.8282 0.3501 0.8775 0.6413
8 50.0582 -3.5331 112.1720 0.6701 0.0181 0.7421 0.8871 0.5817
KMUA_NPC_423.jpg
8 44.4059 6.1141 111.6865 0.3313 0.8144 0.4764 0.8871 0.6413
8 50.0582 -3.5331 112.1720 0.6701 0.0181 0.7421 0.8871 0.5817
8 45.8336 7.3748 110.7557 0.4376 0.8282 0.3501 0.8775 0.6413
KMUA_NPC_423.jpg
8 45.8336 7.3748 110.7557 0.4376 0.8282 0.3501 0.8775 0.6413
8 33.4667 5.5135 110.2515 -0.5929 0.7058 0.3875 0.8775 0.6980
8 44.4059 6.1141 111.6865 0.3313 0.8144 0.4764 0.8871 0.6413
KMUA_NPC_423.jpg
8 45.1687 6.7048 106.7732 0.3513 0.7191 -0.5996 0.8535 0.6413
8 45.8336 7.3748 110.7557 0.4376 0.8282 0.3501 0.8775 0.6413
8 51.5628 -4.5188 107.3489 0.8325 -0.1598 -0.5305 0.8535 0.5817
KMUA_NPC_423.jpg
8 52.0480 -4.2068 111.4583 0.8909 -0.0840 0.4463 0.8775 0.5817
8 51.5628 -4.5188 107.3489 0.8325 -0.1598 -0.5305 0.8535 0.5817
8 45.8336 7.3748 110.7557 0.4376 0.8282 0.3501 0.8775 0.6413
KMUA_NPC_423.jpg
8 43.0998 -10.2001 113.1130 0.3669 -0.6369 0.6781 0.8871 0.5375
8 34.3539 -11.9175 112.5646 -0.3714 -0.6443 0.6685 0.8871 0.5817
8 43.6473 -11.8415 112.7134 0.3209 -0.6374 0.7005 0.8775 0.5375
KMUA_NPC_423.jpg
8 43.0998 -10.2001 113.1130 0.3669 -0.6369 0.6781 0.8871 0.5375
8 42.7643 -9.8564 120.5456 0.4640 -0.8811 0.0918 0.9355 0.5375
8 34.3539 -11.9175 112.5646 -0.3714 -0.6443 0.6685 0.8871 0.5817
KMUA_NPC_423.jpg
8 34.7263 4.1528 111.1914 -0.5513 0.7209 0.4200 0.8871 0.6980
8 30.7461 -5.0817 111.3364 -0.9066 -0.0935 0.4114 0.8871 0.6413
8 32.8046 5.5599 115.3960 -0.5979 0.6549 -0.4622 0.9355 0.6980
KMUA_NPC_423.jpg
8 34.7263 4.1528 111.1914 -0.5513 0.7209 0.4200 0.8871 0.6980
8 33.4667 5.5135 110.2515 -0.5929 0.7058 0.3875 0.8775 0.6980
8 30.7461 -5.0817 111.3364 -0.9066 -0.0935 0.4114 0.8871 0.6413
KMUA_NPC_423.jpg
8 34.3539 -11.9175 112.5646 -0.3714 -0.6443 0.6685 0.8871 0.5817
8 34.4291 -10.8899 118.7966 -0.4197 -0.9054 0.0644 0.9355 0.5817
8 30.7461 -5.0817 111.3364 -0.9066 -0.0935 0.4114 0.8871 0.6413
KMUA_NPC_423.jpg
8 33.0429 -9.8106 126.8068 -0.4371 -0.8994 -0.0085 0.9960 0.5817
8 34.4291 -10.8899 118.7966 -0.4197 -0.9054 0.0644 0.9355 0.5817
8 40.7302 -9.9329 129.3071 0.4276 -0.8926 0.1428 0.9960 0.5375
KMUA_NPC_423.jpg
8 26.8031 -3.0197 125.4025 -0.9485 -0.1988 -0.2467 0.9960 0.6413
8 28.9181 -3.1496 116.9163 -0.9673 -0.1173 -0.2250 0.9355 0.6413
8 33.0429 -9.8106 126.8068 -0.4371 -0.8994 -0.0085 0.9960 0.5817
KMUA_NPC_423.jpg
8 26.8031 -3.0197 125.4025 -0.9485 -0.1988 -0.2467 0.9960 0.6413
8 30.6692 6.8182 125.6449 -0.6477 0.7395 -0.1834 0.9960 0.6980
8 28.9181 -3.1496 116.9163 -0.9673 -0.1173 -0.2250 0.9355 0.6413
KMUA_NPC_423.jpg
8 43.6473 -11.8415 112.7134 0.3209 -0.6374 0.7005 0.8775 0.5375
8 33.3444 -12.8331 111.8980 -0.5205 -0.6740 0.5242 0.8775 0.5817
8 43.5231 -13.3832 108.6748 0.3712 -0.8809 -0.2936 0.8535 0.5375
KMUA_NPC_423.jpg
8 33.3444 -12.8331 111.8980 -0.5205 -0.6740 0.5242 0.8775 0.5817
8 43.6473 -11.8415 112.7134 0.3209 -0.6374 0.7005 0.8775 0.5375
8 34.3539 -11.9175 112.5646 -0.3714 -0.6443 0.6685 0.8871 0.5817
KMUA_NPC_423.jpg
8 33.3444 -12.8331 111.8980 -0.5205 -0.6740 0.5242 0.8775 0.5817
8 34.3539 -11.9175 112.5646 -0.3714 -0.6443 0.6685 0.8871 0.5817
8 29.9378 -5.0141 110.6450 -0.9428 0.0036 0.3332 0.8775 0.6413
KMUA_NPC_423.jpg
8 30.7461 -5.0817 111.3364 -0.9066 -0.0935 0.4114 0.8871 0.6413
8 29.9378 -5.0141 110.6450 -0.9428 0.0036 0.3332 0.8775 0.6413
8 34.3539 -11.9175 112.5646 -0.3714 -0.6443 0.6685 0.8871 0.5817
KMUA_NPC_423.jpg
8 29.9378 -5.0141 110.6450 -0.9428 0.0036 0.3332 0.8775 0.6413
8 30.7461 -5.0817 111.3364 -0.9066 -0.0935 0.4114 0.8871 0.6413
8 33.4667 5.5135 110.2515 -0.5929 0.7058 0.3875 0.8775 0.6980
KMUA_NPC_423.jpg
8 33.3444 -12.8331 111.8980 -0.5205 -0.6740 0.5242 0.8775 0.5817
8 29.9378 -5.0141 110.6450 -0.9428 0.0036 0.3332 0.8775 0.6413
8 33.5128 -13.4745 108.0183 -0.4996 -0.8073 -0.3140 0.8535 0.5817
KMUA_NPC_423.jpg
8 33.5128 -13.4745 108.0183 -0.4996 -0.8073 -0.3140 0.8535 0.5817
8 43.5231 -13.3832 108.6748 0.3712 -0.8809 -0.2936 0.8535 0.5375
8 33.3444 -12.8331 111.8980 -0.5205 -0.6740 0.5242 0.8775 0.5817
KMUA_NPC_423.jpg
8 33.5128 -13.4745 108.0183 -0.4996 -0.8073 -0.3140 0.8535 0.5817
8 34.2749 -12.8409 107.2179 -0.4161 -0.8193 -0.3944 0.8432 0.5817
8 43.5231 -13.3832 108.6748 0.3712 -0.8809 -0.2936 0.8535 0.5375
KMUA_NPC_423.jpg
8 42.6028 -11.9818 107.6971 0.4017 -0.7885 -0.4658 0.8432 0.5375
8 43.5231 -13.3832 108.6748 0.3712 -0.8809 -0.2936 0.8535 0.5375
8 34.2749 -12.8409 107.2179 -0.4161 -0.8193 -0.3944 0.8432 0.5817
KMUA_NPC_423.jpg
8 42.6028 -11.9818 107.6971 0.4017 -0.7885 -0.4658 0.8432 0.5375
8 34.2749 -12.8409 107.2179 -0.4161 -0.8193 -0.3944 0.8432 0.5817
8 42.5422 -13.5843 102.9183 0.4645 -0.8396 0.2816 0.7979 0.5375
KMUA_NPC_423.jpg
8 33.5128 -13.4745 108.0183 -0.4996 -0.8073 -0.3140 0.8535 0.5817
8 30.3764 -5.3546 106.8496 -0.9364 -0.0965 -0.3374 0.8535 0.6413
8 34.2749 -12.8409 107.2179 -0.4161 -0.8193 -0.3944 0.8432 0.5817
KMUA_NPC_423.jpg
8 29.9378 -5.0141 110.6450 -0.9428 0.0036 0.3332 0.8775 0.6413
8 33.4667 5.5135 110.2515 -0.5929 0.7058 0.3875 0.8775 0.6980
8 30.3764 -5.3546 106.8496 -0.9364 -0.0965 -0.3374 0.8535 0.6413
KMUA_NPC_423.jpg
8 30.3764 -5.3546 106.8496 -0.9364 -0.0965 -0.3374 0.8535 0.6413
8 33.5128 -13.4745 108.0183 -0.4996 -0.8073 -0.3140 0.8535 0.5817
8 29.9378 -5.0141 110.6450 -0.9428 0.0036 0.3332 0.8775 0.6413
KMUA_NPC_423.jpg
8 33.6870 5.1167 106.5045 -0.5435 0.6463 -0.5356 0.8535 0.6980
8 30.3764 -5.3546 106.8496 -0.9364 -0.0965 -0.3374 0.8535 0.6413
8 33.4667 5.5135 110.2515 -0.5929 0.7058 0.3875 0.8775 0.6980
KMUA_NPC_423.jpg
8 30.3764 -5.3546 106.8496 -0.9364 -0.0965 -0.3374 0.8535 0.6413
8 33.6870 5.1167 106.5045 -0.5435 0.6463 -0.5356 0.8535 0.6980
8 30.8172 -5.0759 106.1143 -0.9568 -0.0086 -0.2907 0.8432 0.6413
KMUA_NPC_423.jpg
8 34.9375 3.6485 105.7269 -0.4914 0.6492 -0.5806 0.8432 0.6980
8 30.8172 -5.0759 106.1143 -0.9568 -0.0086 -0.2907 0.8432 0.6413
8 33.6870 5.1167 106.5045 -0.5435 0.6463 -0.5356 0.8535 0.6980
KMUA_NPC_423.jpg
8 30.8172 -5.0759 106.1143 -0.9568 -0.0086 -0.2907 0.8432 0.6413
8 34.2749 -12.8409 107.2179 -0.4161 -0.8193 -0.3944 0.8432 0.5817
8 30.3764 -5.3546 106.8496 -0.9364 -0.0965 -0.3374 0.8535 0.6413
KMUA_NPC_423.jpg
8 34.5355 -13.9852 102.9705 -0.5038 -0.7932 0.3420 0.7979 0.5817
8 42.5422 -13.5843 102.9183 0.4645 -0.8396 0.2816 0.7979 0.5375
8 34.2749 -12.8409 107.2179 -0.4161 -0.8193 -0.3944 0.8432 0.5817
KMUA_NPC_423.jpg
8 34.2749 -12.8409 107.2179 -0.4161 -0.8193 -0.3944 0.8432 0.5817
8 30.8172 -5.0759 106.1143 -0.9568 -0.0086 -0.2907 0.8432 0.6413
8 34.5355 -13.9852 102.9705 -0.5038 -0.7932 0.3420 0.7979 0.5817
KMUA_NPC_423.jpg
8 33.8329 3.7009 100.9465 -0.6071 0.7104 0.3560 0.7979 0.6980
8 30.9094 -4.9037 101.8073 -0.9659 0.0118 0.2585 0.7979 0.6413
8 34.9375 3.6485 105.7269 -0.4914 0.6492 -0.5806 0.8432 0.6980
KMUA_NPC_423.jpg
8 30.8172 -5.0759 106.1143 -0.9568 -0.0086 -0.2907 0.8432 0.6413
8 34.9375 3.6485 105.7269 -0.4914 0.6492 -0.5806 0.8432 0.6980
8 30.9094 -4.9037 101.8073 -0.9659 0.0118 0.2585 0.7979 0.6413
KMUA_NPC_423.jpg
8 30.9094 -4.9037 101.8073 -0.9659 0.0118 0.2585 0.7979 0.6413
8 34.5355 -13.9852 102.9705 -0.5038 -0.7932 0.3420 0.7979 0.5817
8 30.8172 -5.0759 106.1143 -0.9568 -0.0086 -0.2907 0.8432 0.6413
KMUA_NPC_423.jpg
8 50.4579 -4.8864 100.0371 0.1059 -0.1832 -0.9774 0.5465 0.9441
8 40.0590 -3.9086 98.6911 -0.0866 -0.1322 -0.9874 0.5591 0.9703
8 45.0348 7.4130 99.5193 -0.0265 0.0794 -0.9965 0.5815 0.9509
KMUA_NPC_423.jpg
8 45.0348 7.4130 99.5193 -0.0265 0.0794 -0.9965 0.5815 0.9509
8 40.0590 -3.9086 98.6911 -0.0866 -0.1322 -0.9874 0.5591 0.9703
8 33.8329 3.7009 100.9465 -0.2473 0.0811 -0.9655 0.5833 0.9829
KMUA_NPC_423.jpg
8 30.9094 -4.9037 101.8073 -0.3096 -0.1269 -0.9424 0.5650 0.9959
8 33.8329 3.7009 100.9465 -0.2473 0.0811 -0.9655 0.5833 0.9829
8 40.0590 -3.9086 98.6911 -0.0866 -0.1322 -0.9874 0.5591 0.9703
KMUA_NPC_423.jpg
8 30.9094 -4.9037 101.8073 -0.3096 -0.1269 -0.9424 0.5650 0.9959
8 40.0590 -3.9086 98.6911 -0.0866 -0.1322 -0.9874 0.5591 0.9703
8 34.4995 -13.9503 102.9853 -0.1317 -0.3316 -0.9342 0.5393 0.9921
KMUA_NPC_423.jpg
8 40.0590 -3.9086 98.6911 -0.0866 -0.1322 -0.9874 0.5591 0.9703
8 50.4579 -4.8864 100.0371 0.1059 -0.1832 -0.9774 0.5465 0.9441
8 42.5422 -13.5843 102.9183 0.0361 -0.3937 -0.9185 0.5319 0.9706
KMUA_NPC_423.jpg
8 40.0590 -3.9086 98.6911 -0.0866 -0.1322 -0.9874 0.5591 0.9703
8 42.5422 -13.5843 102.9183 0.0361 -0.3937 -0.9185 0.5319 0.9706
8 34.4995 -13.9503 102.9853 -0.1317 -0.3316 -0.9342 0.5393 0.9921
KMUA_NPC_423.jpg
13 25.9460 -10.6967 87.8216 -0.8499 -0.5267 0.0191 0.5826 0.9369
13 27.0654 -9.8061 93.6205 -0.6770 -0.1843 0.7125 0.5993 0.9441
13 27.1304 -7.7651 86.1664 -0.3778 0.8539 -0.3579 0.5882 0.9244
KMUA_NPC_423.jpg
13 27.1304 -7.7651 86.1664 -0.3778 0.8539 -0.3579 0.5882 0.9244
12 30.5178 -9.8505 81.2504 0.0005 0.5911 -0.8066 0.5707 0.9096
13 25.9460 -10.6967 87.8216 -0.8499 -0.5267 0.0191 0.5826 0.9369
KMUA_NPC_423.jpg
12 28.3163 -13.6405 83.4755 -0.6264 -0.7482 -0.2186 0.5619 0.9269
13 25.9460 -10.6967 87.8216 -0.8499 -0.5267 0.0191 0.5826 0.9369
12 30.5178 -9.8505 81.2504 0.0005 0.5911 -0.8066 0.5707 0.9096
KMUA_NPC_423.jpg
12 30.5178 -9.8505 81.2504 0.0005 0.5911 -0.8066 0.5707 0.9096
9 38.7607 -14.0329 82.1018 0.5405 -0.6569 -0.5257 0.5491 0.8945
12 28.3163 -13.6405 83.4755 -0.6264 -0.7482 -0.2186 0.5619 0.9269
KMUA_NPC_423.jpg
9 34.9635 -17.5633 84.8004 -0.0921 -0.9957 0.0055 0.5404 0.9193
12 28.3163 -13.6405 83.4755 -0.6264 -0.7482 -0.2186 0.5619 0.9269
9 38.7607 -14.0329 82.1018 0.5405 -0.6569 -0.5257 0.5491 0.8945
KMUA_NPC_423.jpg
9 38.7607 -14.0329 82.1018 0.5405 -0.6569 -0.5257 0.5491 0.8945
9 44.4554 -9.0085 91.5404 0.8349 -0.5455 0.0733 0.5041 0.8781
9 34.9635 -17.5633 84.8004 -0.0921 -0.9957 0.0055 0.5404 0.9193
KMUA_NPC_423.jpg
9 36.3856 -16.0643 93.5913 0.1628 -0.9547 0.2491 0.5058 0.9206
9 34.9635 -17.5633 84.8004 -0.0921 -0.9957 0.0055 0.5404 0.9193
9 44.4554 -9.0085 91.5404 0.8349 -0.5455 0.0733 0.5041 0.8781
KMUA_NPC_423.jpg
9 38.7607 -14.0329 82.1018 0.5405 -0.6569 -0.5257 0.5491 0.8945
12 30.5178 -9.8505 81.2504 0.0005 0.5911 -0.8066 0.5707 0.9096
9 33.9030 -10.6803 85.6016 -0.8794 0.4746 0.0374 0.5744 0.8984
KMUA_NPC_423.jpg
12 31.6609 -9.8874 84.9707 0.3776 0.8326 0.4052 0.5805 0.9022
9 33.9030 -10.6803 85.6016 -0.8794 0.4746 0.0374 0.5744 0.8984
12 30.5178 -9.8505 81.2504 0.0005 0.5911 -0.8066 0.5707 0.9096
KMUA_NPC_423.jpg
12 30.5178 -9.8505 81.2504 0.0005 0.5911 -0.8066 0.5707 0.9096
13 27.1304 -7.7651 86.1664 -0.3778 0.8539 -0.3579 0.5882 0.9244
12 31.6609 -9.8874 84.9707 0.3776 0.8326 0.4052 0.5805 0.9022
KMUA_NPC_423.jpg
12 28.3163 -13.6405 83.4755 -0.6264 -0.7482 -0.2186 0.5619 0.9269
9 34.9635 -17.5633 84.8004 -0.0921 -0.9957 0.0055 0.5404 0.9193
12 29.9530 -12.6650 86.1205 -0.1984 -0.3846 0.9015 0.5556 0.9405
KMUA_NPC_423.jpg
12 28.3163 -13.6405 83.4755 -0.6264 -0.7482 -0.2186 0.5619 0.9269
12 29.9530 -12.6650 86.1205 -0.1984 -0.3846 0.9015 0.5556 0.9405
13 25.9460 -10.6967 87.8216 -0.8499 -0.5267 0.0191 0.5826 0.9369
KMUA_NPC_423.jpg
13 27.9847 -11.1227 88.4804 0.2909 -0.7812 0.5524 0.5785 0.9459
13 25.9460 -10.6967 87.8216 -0.8499 -0.5267 0.0191 0.5826 0.9369
12 29.9530 -12.6650 86.1205 -0.1984 -0.3846 0.9015 0.5556 0.9405
KMUA_NPC_423.jpg
13 29.3521 -8.4183 87.1547 0.7709 0.6160 0.1620 0.5933 0.9147
12 31.6609 -9.8874 84.9707 0.3776 0.8326 0.4052 0.5805 0.9022
13 27.1304 -7.7651 86.1664 -0.3778 0.8539 -0.3579 0.5882 0.9244
KMUA_NPC_423.jpg
9 32.7077 -13.9563 86.0054 -0.9416 -0.1695 0.2910 0.5367 0.9377
12 29.9530 -12.6650 86.1205 -0.1984 -0.3846 0.9015 0.5556 0.9405
9 34.9635 -17.5633 84.8004 -0.0921 -0.9957 0.0055 0.5404 0.9193
KMUA_NPC_423.jpg
9 34.9635 -17.5633 84.8004 -0.0921 -0.9957 0.0055 0.5404 0.9193
9 36.3856 -16.0643 93.5913 0.1628 -0.9547 0.2491 0.5058 0.9206
9 32.7077 -13.9563 86.0054 -0.9416 -0.1695 0.2910 0.5367 0.9377
KMUA_NPC_423.jpg
9 33.9030 -10.6803 85.6016 -0.8794 0.4746 0.0374 0.5744 0.8984
12 32.6350 -9.2547 85.3147 -0.3257 -0.4491 0.8320 0.5821 0.8951
9 38.7607 -14.0329 82.1018 0.5405 -0.6569 -0.5257 0.5491 0.8945
KMUA_NPC_423.jpg
12 31.3158 -9.7991 81.7174 -0.6212 -0.6824 -0.3853 0.5731 0.8851
9 38.7607 -14.0329 82.1018 0.5405 -0.6569 -0.5257 0.5491 0.8945
12 32.6350 -9.2547 85.3147 -0.3257 -0.4491 0.8320 0.5821 0.8951
KMUA_NPC_423.jpg
13 27.9847 -11.1227 88.4804 0.2909 -0.7812 0.5524 0.5785 0.9459
13 28.5287 -10.4036 93.5932 0.3304 -0.5867 0.7393 0.5965 0.9498
13 25.9460 -10.6967 87.8216 -0.8499 -0.5267 0.0191 0.5826 0.9369
KMUA_NPC_423.jpg
12 31.3158 -9.7991 81.7174 -0.6212 -0.6824 -0.3853 0.5731 0.8851
12 32.6350 -9.2547 85.3147 -0.3257 -0.4491 0.8320 0.5821 0.8951
13 28.4397 -7.4068 85.1971 -0.9634 -0.2681 -0.0069 0.5932 0.8789
KMUA_NPC_423.jpg
13 30.5834 -7.8068 86.5639 0.1448 -0.9222 0.3587 0.5999 0.8877
13 28.4397 -7.4068 85.1971 -0.9634 -0.2681 -0.0069 0.5932 0.8789
12 32.6350 -9.2547 85.3147 -0.3257 -0.4491 0.8320 0.5821 0.8951
KMUA_NPC_423.jpg
13 30.5834 -7.8068 86.5639 0.1448 -0.9222 0.3587 0.5999 0.8877
13 31.8488 -8.2738 91.4977 0.2793 -0.7488 0.6010 0.6172 0.8806
13 28.4397 -7.4068 85.1971 -0.9634 -0.2681 -0.0069 0.5932 0.8789
KMUA_NPC_423.jpg
13 28.4397 -7.4068 85.1971 -0.9634 -0.2681 -0.0069 0.5932 0.8789
13 30.3196 -7.1822 91.9260 -0.6030 -0.0995 0.7915 0.6157 0.8725
13 32.4713 -2.8378 83.0483 -0.7178 0.6306 -0.2951 0.5808 0.8575
KMUA_NPC_423.jpg
13 32.4713 -2.8378 83.0483 -0.7178 0.6306 -0.2951 0.5808 0.8575
13 32.6289 -2.7345 90.3008 -0.3768 0.6679 0.6418 0.6064 0.8537
13 37.0367 1.0962 80.1833 -0.1506 0.9613 -0.2307 0.5635 0.8372
KMUA_NPC_423.jpg
13 38.8259 0.6356 81.4321 0.8064 0.5013 0.3137 0.5637 0.8270
13 37.0367 1.0962 80.1833 -0.1506 0.9613 -0.2307 0.5635 0.8372
13 38.3870 -0.1398 85.9607 0.8868 0.1838 0.4240 0.5843 0.8240
KMUA_NPC_423.jpg
13 37.0367 1.0962 80.1833 -0.1506 0.9613 -0.2307 0.5635 0.8372
12 40.2607 -0.1891 78.7012 0.0872 0.6386 -0.7646 0.5477 0.8415
13 32.4713 -2.8378 83.0483 -0.7178 0.6306 -0.2951 0.5808 0.8575
KMUA_NPC_423.jpg
13 37.0367 1.0962 80.1833 -0.1506 0.9613 -0.2307 0.5635 0.8372
13 38.8259 0.6356 81.4321 0.8064 0.5013 0.3137 0.5637 0.8270
12 40.2607 -0.1891 78.7012 0.0872 0.6386 -0.7646 0.5477 0.8415
KMUA_NPC_423.jpg
13 32.4713 -2.8378 83.0483 -0.7178 0.6306 -0.2951 0.5808 0.8575
12 35.6296 -5.0834 79.4572 -0.3394 0.1179 -0.9332 0.5598 0.8645
13 28.4397 -7.4068 85.1971 -0.9634 -0.2681 -0.0069 0.5932 0.8789
KMUA_NPC_423.jpg
12 31.3158 -9.7991 81.7174 -0.6212 -0.6824 -0.3853 0.5731 0.8851
13 28.4397 -7.4068 85.1971 -0.9634 -0.2681 -0.0069 0.5932 0.8789
12 35.6296 -5.0834 79.4572 -0.3394 0.1179 -0.9332 0.5598 0.8645
KMUA_NPC_423.jpg
12 35.6296 -5.0834 79.4572 -0.3394 0.1179 -0.9332 0.5598 0.8645
13 32.4713 -2.8378 83.0483 -0.7178 0.6306 -0.2951 0.5808 0.8575
12 40.2607 -0.1891 78.7012 0.0872 0.6386 -0.7646 0.5477 0.8415
KMUA_NPC_423.jpg
12 40.2607 -0.1891 78.7012 0.0872 0.6386 -0.7646 0.5477 0.8415
9 45.6871 -2.2442 81.5886 0.8227 0.2200 -0.5242 0.5327 0.8442
12 35.6296 -5.0834 79.4572 -0.3394 0.1179 -0.9332 0.5598 0.8645
KMUA_NPC_423.jpg
12 35.6296 -5.0834 79.4572 -0.3394 0.1179 -0.9332 0.5598 0.8645
9 42.4694 -8.7832 81.4536 0.6931 -0.4308 -0.5780 0.5418 0.8711
12 31.3158 -9.7991 81.7174 -0.6212 -0.6824 -0.3853 0.5731 0.8851
KMUA_NPC_423.jpg
9 38.7607 -14.0329 82.1018 0.5405 -0.6569 -0.5257 0.5491 0.8945
12 31.3158 -9.7991 81.7174 -0.6212 -0.6824 -0.3853 0.5731 0.8851
9 42.4694 -8.7832 81.4536 0.6931 -0.4308 -0.5780 0.5418 0.8711
KMUA_NPC_423.jpg
9 42.4694 -8.7832 81.4536 0.6931 -0.4308 -0.5780 0.5418 0.8711
12 35.6296 -5.0834 79.4572 -0.3394 0.1179 -0.9332 0.5598 0.8645
9 45.6871 -2.2442 81.5886 0.8227 0.2200 -0.5242 0.5327 0.8442
KMUA_NPC_423.jpg
9 42.4694 -8.7832 81.4536 0.6931 -0.4308 -0.5780 0.5418 0.8711
9 44.4554 -9.0085 91.5404 0.8349 -0.5455 0.0733 0.5041 0.8781
9 38.7607 -14.0329 82.1018 0.5405 -0.6569 -0.5257 0.5491 0.8945
KMUA_NPC_423.jpg
9 45.6871 -2.2442 81.5886 0.8227 0.2200 -0.5242 0.5327 0.8442
9 47.3857 -0.8158 89.4635 0.9535 0.2803 -0.1111 0.5049 0.8437
9 42.4694 -8.7832 81.4536 0.6931 -0.4308 -0.5780 0.5418 0.8711
KMUA_NPC_423.jpg
9 47.7040 -0.4933 94.5639 0.9471 0.3155 0.0593 0.4871 0.8429
9 47.3857 -0.8158 89.4635 0.9535 0.2803 -0.1111 0.5049 0.8437
9 42.3603 3.5061 93.9074 -0.0176 0.9585 -0.2845 0.4865 0.8163
KMUA_NPC_423.jpg
9 45.1697 -6.1358 97.3786 0.8453 -0.5187 0.1277 0.4792 0.8695
9 44.4554 -9.0085 91.5404 0.8349 -0.5455 0.0733 0.5041 0.8781
9 47.7040 -0.4933 94.5639 0.9471 0.3155 0.0593 0.4871 0.8429
KMUA_NPC_423.jpg
9 45.6871 -2.2442 81.5886 0.8227 0.2200 -0.5242 0.5327 0.8442
12 40.2607 -0.1891 78.7012 0.0872 0.6386 -0.7646 0.5477 0.8415
9 43.3850 0.5844 83.9300 -0.0003 0.9871 -0.1600 0.5282 0.8284
KMUA_NPC_423.jpg
9 45.6871 -2.2442 81.5886 0.8227 0.2200 -0.5242 0.5327 0.8442
9 43.3850 0.5844 83.9300 -0.0003 0.9871 -0.1600 0.5282 0.8284
9 47.3857 -0.8158 89.4635 0.9535 0.2803 -0.1111 0.5049 0.8437
KMUA_NPC_423.jpg
12 41.1295 0.7258 81.4633 0.3872 0.8710 0.3023 0.5473 0.8287
9 43.3850 0.5844 83.9300 -0.0003 0.9871 -0.1600 0.5282 0.8284
12 40.2607 -0.1891 78.7012 0.0872 0.6386 -0.7646 0.5477 0.8415
KMUA_NPC_423.jpg
12 41.1295 0.7258 81.4633 0.3872 0.8710 0.3023 0.5473 0.8287
12 40.2607 -0.1891 78.7012 0.0872 0.6386 -0.7646 0.5477 0.8415
13 38.8259 0.6356 81.4321 0.8064 0.5013 0.3137 0.5637 0.8270
KMUA_NPC_423.jpg
12 41.1295 0.7258 81.4633 0.3872 0.8710 0.3023 0.5473 0.8287
12 36.2908 -4.4007 83.5719 0.1583 0.2382 0.9582 0.5575 0.8019
9 43.3850 0.5844 83.9300 -0.0003 0.9871 -0.1600 0.5282 0.8284
KMUA_NPC_423.jpg
9 38.2687 -5.3093 84.4938 -0.7491 0.6499 0.1283 0.5390 0.7994
9 43.3850 0.5844 83.9300 -0.0003 0.9871 -0.1600 0.5282 0.8284
12 36.2908 -4.4007 83.5719 0.1583 0.2382 0.9582 0.5575 0.8019
KMUA_NPC_423.jpg
9 43.3850 0.5844 83.9300 -0.0003 0.9871 -0.1600 0.5282 0.8284
9 38.2687 -5.3093 84.4938 -0.7491 0.6499 0.1283 0.5390 0.7994
9 43.0824 1.7641 88.5619 -0.0662 0.9491 -0.3079 0.5095 0.8241
KMUA_NPC_423.jpg
9 47.7040 -0.4933 94.5639 0.9471 0.3155 0.0593 0.4871 0.8429
8 46.3155 0.1813 104.9118 0.9656 0.2599 -0.0013 0.4503 0.8429
9 45.1697 -6.1358 97.3786 0.8453 -0.5187 0.1277 0.4792 0.8695
KMUA_NPC_423.jpg
9 47.7040 -0.4933 94.5639 0.9471 0.3155 0.0593 0.4871 0.8429
9 42.3603 3.5061 93.9074 -0.0176 0.9585 -0.2845 0.4865 0.8163
8 46.3155 0.1813 104.9118 0.9656 0.2599 -0.0013 0.4503 0.8429
KMUA_NPC_423.jpg
8 42.3220 5.2686 103.6541 0.1619 0.9620 -0.2197 0.4503 0.8150
8 46.3155 0.1813 104.9118 0.9656 0.2599 -0.0013 0.4503 0.8429
9 42.3603 3.5061 93.9074 -0.0176 0.9585 -0.2845 0.4865 0.8163
KMUA_NPC_423.jpg
9 38.2687 -5.3093 84.4938 -0.7491 0.6499 0.1283 0.5390 0.7994
9 33.9030 -10.6803 85.6016 -0.8794 0.4746 0.0374 0.5443 0.7768
9 37.9354 -4.2592 88.7726 -0.7031 0.6190 -0.3500 0.5207 0.7944
KMUA_NPC_423.jpg
9 32.7077 -13.9563 86.0054 -0.9416 -0.1695 0.2910 0.5484 0.7617
9 32.9373 -12.2040 88.6543 -0.7401 -0.2337 -0.6305 0.5412 0.7618
9 33.9030 -10.6803 85.6016 -0.8794 0.4746 0.0374 0.5443 0.7768
KMUA_NPC_423.jpg
9 33.9030 -10.6803 85.6016 -0.8794 0.4746 0.0374 0.5443 0.7768
12 31.6609 -9.8874 84.9707 0.3776 0.8326 0.4052 0.5651 0.7765
9 32.7077 -13.9563 86.0054 -0.9416 -0.1695 0.2910 0.5484 0.7617
KMUA_NPC_423.jpg
12 29.9530 -12.6650 86.1205 -0.1984 -0.3846 0.9015 0.5668 0.7629
9 32.7077 -13.9563 86.0054 -0.9416 -0.1695 0.2910 0.5484 0.7617
12 31.6609 -9.8874 84.9707 0.3776 0.8326 0.4052 0.5651 0.7765
KMUA_NPC_423.jpg
12 31.6609 -9.8874 84.9707 0.3776 0.8326 0.4052 0.5651 0.7765
13 29.3521 -8.4183 87.1547 0.7709 0.6160 0.1620 0.5872 0.7768
12 29.9530 -12.6650 86.1205 -0.1984 -0.3846 0.9015 0.5668 0.7629
KMUA_NPC_423.jpg
13 27.9847 -11.1227 88.4804 0.2909 -0.7812 0.5524 0.5894 0.7637
12 29.9530 -12.6650 86.1205 -0.1984 -0.3846 0.9015 0.5668 0.7629
13 29.3521 -8.4183 87.1547 0.7709 0.6160 0.1620 0.5872 0.7768
KMUA_NPC_423.jpg
13 27.9847 -11.1227 88.4804 0.2909 -0.7812 0.5524 0.5894 0.7637
13 29.3521 -8.4183 87.1547 0.7709 0.6160 0.1620 0.5872 0.7768
13 28.5287 -10.4036 93.5932 0.3304 -0.5867 0.7393 0.6073 0.7628
KMUA_NPC_423.jpg
12 36.2908 -4.4007 83.5719 0.1583 0.2382 0.9582 0.5575 0.8019
12 32.6350 -9.2547 85.3147 -0.3257 -0.4491 0.8320 0.5630 0.7787
9 38.2687 -5.3093 84.4938 -0.7491 0.6499 0.1283 0.5390 0.7994
KMUA_NPC_423.jpg
9 33.9030 -10.6803 85.6016 -0.8794 0.4746 0.0374 0.5443 0.7768
9 38.2687 -5.3093 84.4938 -0.7491 0.6499 0.1283 0.5390 0.7994
12 32.6350 -9.2547 85.3147 -0.3257 -0.4491 0.8320 0.5630 0.7787
KMUA_NPC_423.jpg
12 32.6350 -9.2547 85.3147 -0.3257 -0.4491 0.8320 0.5630 0.7787
12 36.2908 -4.4007 83.5719 0.1583 0.2382 0.9582 0.5575 0.8019
13 30.5834 -7.8068 86.5639 0.1448 -0.9222 0.3587 0.5844 0.7796
KMUA_NPC_423.jpg
12 36.2908 -4.4007 83.5719 0.1583 0.2382 0.9582 0.5575 0.8019
12 41.1295 0.7258 81.4633 0.3872 0.8710 0.3023 0.5473 0.8287
13 34.5494 -3.4951 84.1866 0.7425 -0.4185 0.5230 0.5751 0.8033
KMUA_NPC_423.jpg
13 38.8259 0.6356 81.4321 0.8064 0.5013 0.3137 0.5637 0.8270
13 34.5494 -3.4951 84.1866 0.7425 -0.4185 0.5230 0.5751 0.8033
12 41.1295 0.7258 81.4633 0.3872 0.8710 0.3023 0.5473 0.8287
KMUA_NPC_423.jpg
13 34.5494 -3.4951 84.1866 0.7425 -0.4185 0.5230 0.5751 0.8033
13 30.5834 -7.8068 86.5639 0.1448 -0.9222 0.3587 0.5844 0.7796
12 36.2908 -4.4007 83.5719 0.1583 0.2382 0.9582 0.5575 0.8019
KMUA_NPC_423.jpg
13 30.5834 -7.8068 86.5639 0.1448 -0.9222 0.3587 0.5844 0.7796
13 34.5494 -3.4951 84.1866 0.7425 -0.4185 0.5230 0.5751 0.8033
13 31.8488 -8.2738 91.4977 0.2793 -0.7488 0.6010 0.6019 0.7786
KMUA_NPC_423.jpg
13 34.5494 -3.4951 84.1866 0.7425 -0.4185 0.5230 0.5751 0.8033
13 38.8259 0.6356 81.4321 0.8064 0.5013 0.3137 0.5637 0.8270
13 34.1489 -3.7024 90.1512 0.7009 -0.0143 0.7131 0.5989 0.7994
KMUA_NPC_423.jpg
8 32.3699 -5.2501 107.5435 -0.9009 -0.4101 0.1422 0.4503 0.7502
8 34.3925 1.9888 105.2795 -0.7630 0.5995 -0.2417 0.4503 0.7805
9 32.3947 -8.6662 98.9254 -0.7631 -0.1771 0.6216 0.4781 0.7476
KMUA_NPC_423.jpg
9 42.3603 3.5061 93.9074 -0.0176 0.9585 -0.2845 0.4865 0.8163
9 35.5322 -1.0983 95.6189 -0.6583 0.7088 -0.2535 0.4872 0.7826
8 42.3220 5.2686 103.6541 0.1619 0.9620 -0.2197 0.4503 0.8150
KMUA_NPC_423.jpg
8 34.3925 1.9888 105.2795 -0.7630 0.5995 -0.2417 0.4503 0.7805
8 42.3220 5.2686 103.6541 0.1619 0.9620 -0.2197 0.4503 0.8150
9 35.5322 -1.0983 95.6189 -0.6583 0.7088 -0.2535 0.4872 0.7826
KMUA_NPC_423.jpg
9 35.5322 -1.0983 95.6189 -0.6583 0.7088 -0.2535 0.4872 0.7826
9 32.3947 -8.6662 98.9254 -0.7631 -0.1771 0.6216 0.4781 0.7476
8 34.3925 1.9888 105.2795 -0.7630 0.5995 -0.2417 0.4503 0.7805
KMUA_NPC_423.jpg
9 42.3603 3.5061 93.9074 -0.0176 0.9585 -0.2845 0.4865 0.8163
9 43.0824 1.7641 88.5619 -0.0662 0.9491 -0.3079 0.5095 0.8241
9 35.5322 -1.0983 95.6189 -0.6583 0.7088 -0.2535 0.4872 0.7826
KMUA_NPC_423.jpg
10 28.0424 -8.2720 95.3113 -0.7951 0.2289 0.5616 0.5001 0.7455
9 32.3947 -8.6662 98.9254 -0.7631 -0.1771 0.6216 0.4781 0.7476
9 35.5322 -1.0983 95.6189 -0.6583 0.7088 -0.2535 0.4872 0.7826
KMUA_NPC_423.jpg
10 29.6817 -5.5287 91.8659 -0.5374 0.7445 -0.3960 0.5095 0.7606
10 28.0424 -8.2720 95.3113 -0.7951 0.2289 0.5616 0.5001 0.7455
9 35.5322 -1.0983 95.6189 -0.6583 0.7088 -0.2535 0.4872 0.7826
KMUA_NPC_423.jpg
10 26.1691 -9.2680 91.9294 -0.8892 0.4263 0.1662 0.5144 0.7416
10 28.0424 -8.2720 95.3113 -0.7951 0.2289 0.5616 0.5001 0.7455
10 29.6817 -5.5287 91.8659 -0.5374 0.7445 -0.3960 0.5095 0.7606
KMUA_NPC_423.jpg
10 29.6817 -5.5287 91.8659 -0.5374 0.7445 -0.3960 0.5095 0.7606
9 34.8803 -7.0554 89.0105 -0.5163 0.6165 -0.5945 0.5258 0.7786
10 30.0944 -10.0257 88.9350 -0.0460 0.3275 -0.9437 0.5283 0.7513
KMUA_NPC_423.jpg
10 30.0944 -10.0257 88.9350 -0.0460 0.3275 -0.9437 0.5283 0.7513
9 34.8803 -7.0554 89.0105 -0.5163 0.6165 -0.5945 0.5258 0.7786
9 32.9373 -12.2040 88.6543 -0.7401 -0.2337 -0.6305 0.5412 0.7618
KMUA_NPC_423.jpg
10 30.0944 -10.0257 88.9350 -0.0460 0.3275 -0.9437 0.5283 0.7513
10 26.1691 -9.2680 91.9294 -0.8892 0.4263 0.1662 0.5144 0.7416
10 29.6817 -5.5287 91.8659 -0.5374 0.7445 -0.3960 0.5095 0.7606
KMUA_NPC_423.jpg
10 30.0944 -10.0257 88.9350 -0.0460 0.3275 -0.9437 0.5283 0.7513
11 28.1321 -10.2213 88.0296 0.3816 0.7596 -0.5267 0.5313 0.7431
10 26.1691 -9.2680 91.9294 -0.8892 0.4263 0.1662 0.5144 0.7416
KMUA_NPC_423.jpg
10 30.0944 -10.0257 88.9350 -0.0460 0.3275 -0.9437 0.5283 0.7513
10 30.6839 -14.2171 89.6007 0.0732 -0.8099 -0.5820 0.5414 0.7610
11 28.1321 -10.2213 88.0296 0.3816 0.7596 -0.5267 0.5313 0.7431
KMUA_NPC_423.jpg
11 29.0383 -13.9901 88.0437 0.5172 -0.6786 -0.5216 0.5440 0.7527
11 28.1321 -10.2213 88.0296 0.3816 0.7596 -0.5267 0.5313 0.7431
10 30.6839 -14.2171 89.6007 0.0732 -0.8099 -0.5820 0.5414 0.7610
KMUA_NPC_423.jpg
11 29.0383 -13.9901 88.0437 0.5172 -0.6786 -0.5216 0.5440 0.7527
11 26.3041 -13.4439 83.9768 0.1878 -0.4662 -0.8645 0.5523 0.7353
11 28.1321 -10.2213 88.0296 0.3816 0.7596 -0.5267 0.5313 0.7431
KMUA_NPC_423.jpg
11 28.1321 -10.2213 88.0296 0.3816 0.7596 -0.5267 0.5313 0.7431
11 26.9079 -10.6564 85.0134 0.4726 0.6101 -0.6359 0.5406 0.7335
11 25.1043 -10.0318 89.8709 -0.8349 0.5312 0.1443 0.5226 0.7365
KMUA_NPC_423.jpg
11 25.1043 -10.0318 89.8709 -0.8349 0.5312 0.1443 0.5226 0.7365
10 26.1691 -9.2680 91.9294 -0.8892 0.4263 0.1662 0.5144 0.7416
11 28.1321 -10.2213 88.0296 0.3816 0.7596 -0.5267 0.5313 0.7431
KMUA_NPC_423.jpg
11 29.0383 -13.9901 88.0437 0.5172 -0.6786 -0.5216 0.5137 0.9610
11 26.4394 -13.9869 90.2283 -0.5714 -0.7863 0.2350 0.5008 0.9650
11 26.3041 -13.4439 83.9768 0.1878 -0.4662 -0.8645 0.5205 0.9798
KMUA_NPC_423.jpg
11 25.1043 -10.0318 89.8709 -0.8349 0.5312 0.1443 0.4891 0.9768
11 24.1707 -10.8124 85.2871 -0.7686 0.5072 -0.3900 0.5035 0.9897
11 26.4394 -13.9869 90.2283 -0.5714 -0.7863 0.2350 0.5008 0.9650
KMUA_NPC_423.jpg
11 26.4394 -13.9869 90.2283 -0.5714 -0.7863 0.2350 0.5008 0.9650
11 29.0383 -13.9901 88.0437 0.5172 -0.6786 -0.5216 0.5137 0.9610
10 27.6765 -13.8835 92.5678 -0.5766 -0.7052 0.4126 0.4956 0.9567
KMUA_NPC_423.jpg
11 26.4394 -13.9869 90.2283 -0.5714 -0.7863 0.2350 0.5008 0.9650
10 27.6765 -13.8835 92.5678 -0.5766 -0.7052 0.4126 0.4956 0.9567
11 25.1043 -10.0318 89.8709 -0.8349 0.5312 0.1443 0.4891 0.9768
KMUA_NPC_423.jpg
10 26.1691 -9.2680 91.9294 -0.8892 0.4263 0.1662 0.4812 0.9696
11 25.1043 -10.0318 89.8709 -0.8349 0.5312 0.1443 0.4891 0.9768
10 27.6765 -13.8835 92.5678 -0.5766 -0.7052 0.4126 0.4956 0.9567
KMUA_NPC_423.jpg
10 30.4166 -13.1295 95.9954 -0.4855 -0.6089 0.6273 0.4876 0.9418
10 27.6765 -13.8835 92.5678 -0.5766 -0.7052 0.4126 0.4956 0.9567
9 36.3856 -16.0643 93.5913 0.1628 -0.9547 0.2491 0.5058 0.9206
KMUA_NPC_423.jpg
10 27.6765 -13.8835 92.5678 -0.5766 -0.7052 0.4126 0.4956 0.9567
10 30.4166 -13.1295 95.9954 -0.4855 -0.6089 0.6273 0.4876 0.9418
10 26.1691 -9.2680 91.9294 -0.8892 0.4263 0.1662 0.4812 0.9696
KMUA_NPC_423.jpg
10 28.0424 -8.2720 95.3113 -0.7951 0.2289 0.5616 0.4720 0.9566
10 26.1691 -9.2680 91.9294 -0.8892 0.4263 0.1662 0.4812 0.9696
10 30.4166 -13.1295 95.9954 -0.4855 -0.6089 0.6273 0.4876 0.9418
KMUA_NPC_423.jpg
10 30.6839 -14.2171 89.6007 0.0732 -0.8099 -0.5820 0.5120 0.9512
10 27.6765 -13.8835 92.5678 -0.5766 -0.7052 0.4126 0.4956 0.9567
11 29.0383 -13.9901 88.0437 0.5172 -0.6786 -0.5216 0.5137 0.9610
KMUA_NPC_423.jpg
10 30.6839 -14.2171 89.6007 0.0732 -0.8099 -0.5820 0.5120 0.9512
9 36.3856 -16.0643 93.5913 0.1628 -0.9547 0.2491 0.5058 0.9206
10 27.6765 -13.8835 92.5678 -0.5766 -0.7052 0.4126 0.4956 0.9567
KMUA_NPC_423.jpg
9 32.9373 -12.2040 88.6543 -0.7401 -0.2337 -0.6305 0.5241 0.9426
9 32.7077 -13.9563 86.0054 -0.9416 -0.1695 0.2910 0.5367 0.9377
9 36.3856 -16.0643 93.5913 0.1628 -0.9547 0.2491 0.5058 0.9206
KMUA_NPC_423.jpg
10 30.6839 -14.2171 89.6007 0.0732 -0.8099 -0.5820 0.5120 0.9512
9 32.9373 -12.2040 88.6543 -0.7401 -0.2337 -0.6305 0.5241 0.9426
9 36.3856 -16.0643 93.5913 0.1628 -0.9547 0.2491 0.5058 0.9206
KMUA_NPC_423.jpg
9 36.3856 -16.0643 93.5913 0.1628 -0.9547 0.2491 0.5058 0.9206
9 34.8691 -12.2323 98.4041 -0.2111 -0.6012 0.7707 0.4815 0.9205
10 30.4166 -13.1295 95.9954 -0.4855 -0.6089 0.6273 0.4876 0.9418
KMUA_NPC_423.jpg
9 38.8608 -10.6331 100.0446 0.2250 -0.8893 0.3981 0.4728 0.9035
9 34.8691 -12.2323 98.4041 -0.2111 -0.6012 0.7707 0.4815 0.9205
9 36.3856 -16.0643 93.5913 0.1628 -0.9547 0.2491 0.5058 0.9206
KMUA_NPC_423.jpg
9 34.8691 -12.2323 98.4041 -0.2111 -0.6012 0.7707 0.4815 0.9205
9 32.3947 -8.6662 98.9254 -0.7631 -0.1771 0.6216 0.4687 0.9318
10 30.4166 -13.1295 95.9954 -0.4855 -0.6089 0.6273 0.4876 0.9418
KMUA_NPC_423.jpg
9 34.8691 -12.2323 98.4041 -0.2111 -0.6012 0.7707 0.4815 0.9205
9 38.8608 -10.6331 100.0446 0.2250 -0.8893 0.3981 0.4728 0.9035
9 32.3947 -8.6662 98.9254 -0.7631 -0.1771 0.6216 0.4687 0.9318
KMUA_NPC_423.jpg
10 30.4166 -13.1295 95.9954 -0.4855 -0.6089 0.6273 0.4876 0.9418
9 32.3947 -8.6662 98.9254 -0.7631 -0.1771 0.6216 0.4687 0.9318
10 28.0424 -8.2720 95.3113 -0.7951 0.2289 0.5616 0.4720 0.9566
KMUA_NPC_423.jpg
9 32.3947 -8.6662 98.9254 -0.7631 -0.1771 0.6216 0.4687 0.9318
9 38.8608 -10.6331 100.0446 0.2250 -0.8893 0.3981 0.4728 0.9035
8 32.3699 -5.2501 107.5435 -0.9009 -0.4101 0.1422 0.4503 0.9242
KMUA_NPC_423.jpg
8 38.9414 -8.0710 108.4646 -0.0325 -0.9603 0.2771 0.4503 0.8968
8 32.3699 -5.2501 107.5435 -0.9009 -0.4101 0.1422 0.4503 0.9242
9 38.8608 -10.6331 100.0446 0.2250 -0.8893 0.3981 0.4728 0.9035
KMUA_NPC_423.jpg
8 46.3947 -5.6128 106.5813 0.8117 -0.5837 0.0183 0.4503 0.8665
9 45.1697 -6.1358 97.3786 0.8453 -0.5187 0.1277 0.4792 0.8695
8 46.3155 0.1813 104.9118 0.9656 0.2599 -0.0013 0.4503 0.8429
KMUA_NPC_423.jpg
9 45.1697 -6.1358 97.3786 0.8453 -0.5187 0.1277 0.4792 0.8695
8 46.3947 -5.6128 106.5813 0.8117 -0.5837 0.0183 0.4503 0.8665
9 38.8608 -10.6331 100.0446 0.2250 -0.8893 0.3981 0.4728 0.9035
KMUA_NPC_423.jpg
8 38.9414 -8.0710 108.4646 -0.0325 -0.9603 0.2771 0.4503 0.8968
9 38.8608 -10.6331 100.0446 0.2250 -0.8893 0.3981 0.4728 0.9035
8 46.3947 -5.6128 106.5813 0.8117 -0.5837 0.0183 0.4503 0.8665
KMUA_NPC_423.jpg
10 30.0944 -10.0257 88.9350 -0.0460 0.3275 -0.9437 0.5280 0.9584
9 32.9373 -12.2040 88.6543 -0.7401 -0.2337 -0.6305 0.5241 0.9426
10 30.6839 -14.2171 89.6007 0.0732 -0.8099 -0.5820 0.5120 0.9512
KMUA_NPC_423.jpg
13 29.3521 -8.4183 87.1547 0.7709 0.6160 0.1620 0.5933 0.9147
13 27.1304 -7.7651 86.1664 -0.3778 0.8539 -0.3579 0.5882 0.9244
13 29.2700 -8.1477 92.9922 0.7310 0.4108 0.5448 0.6070 0.9265
KMUA_NPC_423.jpg
22 -32.6610 18.1632 86.3889 -0.5385 -0.8407 0.0570 0.5826 0.9369
22 -29.8716 19.2822 84.4550 0.8017 -0.4036 -0.4409 0.5882 0.9244
22 -31.1914 19.1313 91.9936 -0.1312 -0.6875 0.7142 0.5993 0.9441
KMUA_NPC_423.jpg
22 -29.8716 19.2822 84.4550 0.8017 -0.4036 -0.4409 0.5882 0.9244
22 -32.6610 18.1632 86.3889 -0.5385 -0.8407 0.0570 0.5826 0.9369
21 -32.3343 22.7066 79.6769 0.5280 -0.0409 -0.8482 0.5707 0.9096
KMUA_NPC_423.jpg
21 -35.9743 20.6290 82.2531 -0.7641 -0.6269 -0.1523 0.5619 0.9269
21 -32.3343 22.7066 79.6769 0.5280 -0.0409 -0.8482 0.5707 0.9096
22 -32.6610 18.1632 86.3889 -0.5385 -0.8407 0.0570 0.5826 0.9369
KMUA_NPC_423.jpg
21 -32.3343 22.7066 79.6769 0.5280 -0.0409 -0.8482 0.5707 0.9096
21 -35.9743 20.6290 82.2531 -0.7641 -0.6269 -0.1523 0.5619 0.9269
18 -36.4272 31.2323 80.7169 -0.6931 0.5825 -0.4246 0.5491 0.8945
KMUA_NPC_423.jpg
18 -39.8010 27.4733 83.6276 -0.9904 -0.0672 0.1206 0.5404 0.9193
18 -36.4272 31.2323 80.7169 -0.6931 0.5825 -0.4246 0.5491 0.8945
21 -35.9743 20.6290 82.2531 -0.7641 -0.6269 -0.1523 0.5619 0.9269
KMUA_NPC_423.jpg
18 -36.4272 31.2323 80.7169 -0.6931 0.5825 -0.4246 0.5491 0.8945
18 -39.8010 27.4733 83.6276 -0.9904 -0.0672 0.1206 0.5404 0.9193
18 -30.0557 36.2000 89.7557 -0.4912 0.8496 0.1921 0.5041 0.8781
KMUA_NPC_423.jpg
18 -36.4272 31.2323 80.7169 -0.6931 0.5825 -0.4246 0.5491 0.8945
18 -32.9759 26.1750 83.4934 0.4352 -0.8978 -0.0676 0.5744 0.8984
21 -32.3343 22.7066 79.6769 0.5280 -0.0409 -0.8482 0.5707 0.9096
KMUA_NPC_423.jpg
21 -32.3343 22.7066 79.6769 0.5280 -0.0409 -0.8482 0.5707 0.9096
21 -32.0939 24.0090 83.4190 0.8593 0.3799 0.3424 0.5805 0.9022
22 -29.8716 19.2822 84.4550 0.8017 -0.4036 -0.4409 0.5882 0.9244
KMUA_NPC_423.jpg
21 -32.0939 24.0090 83.4190 0.8593 0.3799 0.3424 0.5805 0.9022
21 -32.3343 22.7066 79.6769 0.5280 -0.0409 -0.8482 0.5707 0.9096
18 -32.9759 26.1750 83.4934 0.4352 -0.8978 -0.0676 0.5744 0.8984
KMUA_NPC_423.jpg
21 -35.9743 20.6290 82.2531 -0.7641 -0.6269 -0.1523 0.5619 0.9269
22 -32.6610 18.1632 86.3889 -0.5385 -0.8407 0.0570 0.5826 0.9369
21 -34.7976 22.3721 84.8219 -0.3153 -0.1579 0.9358 0.5556 0.9405
KMUA_NPC_423.jpg
21 -35.9743 20.6290 82.2531 -0.7641 -0.6269 -0.1523 0.5619 0.9269
21 -34.7976 22.3721 84.8219 -0.3153 -0.1579 0.9358 0.5556 0.9405
18 -39.8010 27.4733 83.6276 -0.9904 -0.0672 0.1206 0.5404 0.9193
KMUA_NPC_423.jpg
22 -32.9828 20.2405 87.1219 -0.7123 0.3126 0.6284 0.5785 0.9459
21 -34.7976 22.3721 84.8219 -0.3153 -0.1579 0.9358 0.5556 0.9405
22 -32.6610 18.1632 86.3889 -0.5385 -0.8407 0.0570 0.5826 0.9369
KMUA_NPC_423.jpg
22 -30.3840 21.5497 85.5453 0.6442 0.7560 0.1164 0.5933 0.9147
22 -29.8716 19.2822 84.4550 0.8017 -0.4036 -0.4409 0.5882 0.9244
21 -32.0939 24.0090 83.4190 0.8593 0.3799 0.3424 0.5805 0.9022
KMUA_NPC_423.jpg
18 -39.8010 27.4733 83.6276 -0.9904 -0.0672 0.1206 0.5404 0.9193
18 -36.2242 25.0786 84.2393 -0.1801 -0.9484 0.2609 0.5367 0.9377
18 -37.2865 28.1301 92.0980 -0.9142 0.1673 0.3691 0.5058 0.9206
KMUA_NPC_423.jpg
18 -36.2242 25.0786 84.2393 -0.1801 -0.9484 0.2609 0.5367 0.9377
18 -39.8010 27.4733 83.6276 -0.9904 -0.0672 0.1206 0.5404 0.9193
21 -34.7976 22.3721 84.8219 -0.3153 -0.1579 0.9358 0.5556 0.9405
KMUA_NPC_423.jpg
18 -32.9759 26.1750 83.4934 0.4352 -0.8978 -0.0676 0.5744 0.8984
18 -36.4272 31.2323 80.7169 -0.6931 0.5825 -0.4246 0.5491 0.8945
21 -31.4329 24.9985 83.6952 -0.3856 -0.2878 0.8766 0.5821 0.8951
KMUA_NPC_423.jpg
21 -32.2476 23.5331 80.1214 -0.7083 -0.6271 -0.3241 0.5731 0.8851
21 -31.4329 24.9985 83.6952 -0.3856 -0.2878 0.8766 0.5821 0.8951
18 -36.4272 31.2323 80.7169 -0.6931 0.5825 -0.4246 0.5491 0.8945
KMUA_NPC_423.jpg
22 -32.9828 20.2405 87.1219 -0.7123 0.3126 0.6284 0.5785 0.9459
22 -32.6610 18.1632 86.3889 -0.5385 -0.8407 0.0570 0.5826 0.9369
22 -31.7435 20.6111 92.0566 -0.4979 0.3301 0.8020 0.5965 0.9498
KMUA_NPC_423.jpg
21 -32.2476 23.5331 80.1214 -0.7083 -0.6271 -0.3241 0.5731 0.8851
22 -29.5873 20.6081 83.4559 -0.2842 -0.9588 0.0055 0.5932 0.8789
21 -31.4329 24.9985 83.6952 -0.3856 -0.2878 0.8766 0.5821 0.8951
KMUA_NPC_423.jpg
22 -29.8090 22.7843 84.9054 -0.8775 0.1733 0.4472 0.5999 0.8877
21 -31.4329 24.9985 83.6952 -0.3856 -0.2878 0.8766 0.5821 0.8951
22 -29.5873 20.6081 83.4559 -0.2842 -0.9588 0.0055 0.5932 0.8789
KMUA_NPC_423.jpg
22 -29.8090 22.7843 84.9054 -0.8775 0.1733 0.4472 0.5999 0.8877
22 -29.5873 20.6081 83.4559 -0.2842 -0.9588 0.0055 0.5932 0.8789
22 -29.7380 23.9162 89.8194 -0.6747 0.2868 0.6801 0.6172 0.8806
KMUA_NPC_423.jpg
22 -29.5873 20.6081 83.4559 -0.2842 -0.9588 0.0055 0.5932 0.8789
22 -25.1556 24.5662 80.9063 0.5773 -0.7331 -0.3597 0.5808 0.8575
22 -28.6558 22.3474 90.1032 -0.0366 -0.6178 0.7855 0.6157 0.8725
KMUA_NPC_423.jpg
22 -25.1556 24.5662 80.9063 0.5773 -0.7331 -0.3597 0.5808 0.8575
22 -21.4230 29.0943 77.6961 0.9291 -0.1816 -0.3221 0.5635 0.8372
22 -24.3285 24.5658 88.0759 0.7181 -0.4101 0.5623 0.6064 0.8537
KMUA_NPC_423.jpg
22 -21.7239 30.9140 79.0272 0.5439 0.7913 0.2792 0.5637 0.8270
22 -22.0153 30.3450 83.6067 0.2531 0.8714 0.4203 0.5843 0.8240
22 -21.4230 29.0943 77.6961 0.9291 -0.1816 -0.3221 0.5635 0.8372
KMUA_NPC_423.jpg
22 -21.4230 29.0943 77.6961 0.9291 -0.1816 -0.3221 0.5635 0.8372
22 -25.1556 24.5662 80.9063 0.5773 -0.7331 -0.3597 0.5808 0.8575
21 -22.8215 32.3134 76.1439 0.5795 0.0469 -0.8136 0.5477 0.8415
KMUA_NPC_423.jpg
22 -21.4230 29.0943 77.6961 0.9291 -0.1816 -0.3221 0.5635 0.8372
21 -22.8215 32.3134 76.1439 0.5795 0.0469 -0.8136 0.5477 0.8415
22 -21.7239 30.9140 79.0272 0.5439 0.7913 0.2792 0.5637 0.8270
KMUA_NPC_423.jpg
21 -32.2476 23.5331 80.1214 -0.7083 -0.6271 -0.3241 0.5731 0.8851
21 -27.6803 27.7353 77.3799 0.0478 -0.3748 -0.9259 0.5598 0.8645
22 -29.5873 20.6081 83.4559 -0.2842 -0.9588 0.0055 0.5932 0.8789
KMUA_NPC_423.jpg
21 -27.6803 27.7353 77.3799 0.0478 -0.3748 -0.9259 0.5598 0.8645
21 -22.8215 32.3134 76.1439 0.5795 0.0469 -0.8136 0.5477 0.8415
22 -25.1556 24.5662 80.9063 0.5773 -0.7331 -0.3597 0.5808 0.8575
KMUA_NPC_423.jpg
22 -25.1556 24.5662 80.9063 0.5773 -0.7331 -0.3597 0.5808 0.8575
22 -29.5873 20.6081 83.4559 -0.2842 -0.9588 0.0055 0.5932 0.8789
21 -27.6803 27.7353 77.3799 0.0478 -0.3748 -0.9259 0.5598 0.8645
KMUA_NPC_423.jpg
21 -22.8215 32.3134 76.1439 0.5795 0.0469 -0.8136 0.5477 0.8415
21 -27.6803 27.7353 77.3799 0.0478 -0.3748 -0.9259 0.5598 0.8645
18 -24.5385 37.7664 79.0578 0.2027 0.8339 -0.5133 0.5327 0.8442
KMUA_NPC_423.jpg
18 -36.4272 31.2323 80.7169 -0.6931 0.5825 -0.4246 0.5491 0.8945
18 -31.1476 34.7727 79.5914 -0.4633 0.7325 -0.4987 0.5418 0.8711
21 -32.2476 23.5331 80.1214 -0.7083 -0.6271 -0.3241 0.5731 0.8851
KMUA_NPC_423.jpg
21 -27.6803 27.7353 77.3799 0.0478 -0.3748 -0.9259 0.5598 0.8645
21 -32.2476 23.5331 80.1214 -0.7083 -0.6271 -0.3241 0.5731 0.8851
18 -31.1476 34.7727 79.5914 -0.4633 0.7325 -0.4987 0.5418 0.8711
KMUA_NPC_423.jpg
18 -31.1476 34.7727 79.5914 -0.4633 0.7325 -0.4987 0.5418 0.8711
18 -24.5385 37.7664 79.0578 0.2027 0.8339 -0.5133 0.5327 0.8442
21 -27.6803 27.7353 77.3799 0.0478 -0.3748 -0.9259 0.5598 0.8645
KMUA_NPC_423.jpg
18 -24.5385 37.7664 79.0578 0.2027 0.8339 -0.5133 0.5327 0.8442
18 -31.1476 34.7727 79.5914 -0.4633 0.7325 -0.4987 0.5418 0.8711
18 -22.0563 38.9281 86.8254 0.3097 0.9467 -0.0890 0.5049 0.8437
KMUA_NPC_423.jpg
18 -21.4607 39.0952 91.8546 0.2889 0.9555 0.0594 0.4871 0.8429
18 -17.3775 33.9240 90.7836 0.9342 0.0182 -0.3562 0.4865 0.8163
18 -22.0563 38.9281 86.8254 0.3097 0.9467 -0.0890 0.5049 0.8437
KMUA_NPC_423.jpg
18 -26.7617 36.3390 95.0177 -0.5339 0.8248 0.1860 0.4792 0.8695
18 -21.4607 39.0952 91.8546 0.2889 0.9555 0.0594 0.4871 0.8429
18 -30.0557 36.2000 89.7557 -0.4912 0.8496 0.1921 0.5041 0.8781
KMUA_NPC_423.jpg
18 -24.5385 37.7664 79.0578 0.2027 0.8339 -0.5133 0.5327 0.8442
18 -21.5783 35.2783 80.9208 0.9593 -0.0242 -0.2812 0.5282 0.8284
21 -22.8215 32.3134 76.1439 0.5795 0.0469 -0.8136 0.5477 0.8415
KMUA_NPC_423.jpg
18 -24.5385 37.7664 79.0578 0.2027 0.8339 -0.5133 0.5327 0.8442
18 -22.0563 38.9281 86.8254 0.3097 0.9467 -0.0890 0.5049 0.8437
18 -21.5783 35.2783 80.9208 0.9593 -0.0242 -0.2812 0.5282 0.8284
KMUA_NPC_423.jpg
21 -21.6970 33.2831 78.8607 0.8918 0.3857 0.2365 0.5473 0.8287
21 -22.8215 32.3134 76.1439 0.5795 0.0469 -0.8136 0.5477 0.8415
18 -21.5783 35.2783 80.9208 0.9593 -0.0242 -0.2812 0.5282 0.8284
KMUA_NPC_423.jpg
21 -21.6970 33.2831 78.8607 0.8918 0.3857 0.2365 0.5473 0.8287
22 -21.7239 30.9140 79.0272 0.5439 0.7913 0.2792 0.5637 0.8270
21 -22.8215 32.3134 76.1439 0.5795 0.0469 -0.8136 0.5477 0.8415
KMUA_NPC_423.jpg
21 -21.6970 33.2831 78.8607 0.8918 0.3857 0.2365 0.5473 0.8287
18 -21.5783 35.2783 80.9208 0.9593 -0.0242 -0.2812 0.5282 0.8284
21 -26.6882 28.5503 81.4920 0.3044 0.1889 0.9336 0.5575 0.8019
KMUA_NPC_423.jpg
18 -21.5783 35.2783 80.9208 0.9593 -0.0242 -0.2812 0.5282 0.8284
18 -19.8196 34.5927 85.3462 0.8988 -0.0841 -0.4302 0.5095 0.8241
18 -27.5857 30.3799 81.9540 0.6273 -0.7787 0.0070 0.5390 0.7994
KMUA_NPC_423.jpg
18 -27.5857 30.3799 81.9540 0.6273 -0.7787 0.0070 0.5390 0.7994
21 -26.6882 28.5503 81.4920 0.3044 0.1889 0.9336 0.5575 0.8019
18 -21.5783 35.2783 80.9208 0.9593 -0.0242 -0.2812 0.5282 0.8284
KMUA_NPC_423.jpg
18 -21.4607 39.0952 91.8546 0.2889 0.9555 0.0594 0.4871 0.8429
18 -26.7617 36.3390 95.0177 -0.5339 0.8248 0.1860 0.4792 0.8695
17 -20.7858 38.2461 102.2133 0.1487 0.9887 -0.0200 0.4503 0.8429
KMUA_NPC_423.jpg
18 -21.4607 39.0952 91.8546 0.2889 0.9555 0.0594 0.4871 0.8429
17 -20.7858 38.2461 102.2133 0.1487 0.9887 -0.0200 0.4503 0.8429
18 -17.3775 33.9240 90.7836 0.9342 0.0182 -0.3562 0.4865 0.8163
KMUA_NPC_423.jpg
18 -27.5857 30.3799 81.9540 0.6273 -0.7787 0.0070 0.5390 0.7994
18 -26.0097 29.6889 86.0192 0.5357 -0.7031 -0.4676 0.5207 0.7944
18 -32.9759 26.1750 83.4934 0.4352 -0.8978 -0.0676 0.5443 0.7768
KMUA_NPC_423.jpg
18 -29.1147 26.8133 86.4376 0.5040 -0.4800 -0.7180 0.5258 0.7786
18 -32.9759 26.1750 83.4934 0.4352 -0.8978 -0.0676 0.5443 0.7768
18 -26.0097 29.6889 86.0192 0.5357 -0.7031 -0.4676 0.5207 0.7944
KMUA_NPC_423.jpg
18 -29.1147 26.8133 86.4376 0.5040 -0.4800 -0.7180 0.5258 0.7786
18 -34.2702 24.7733 86.7101 -0.3225 -0.7085 -0.6277 0.5412 0.7618
18 -32.9759 26.1750 83.4934 0.4352 -0.8978 -0.0676 0.5443 0.7768
KMUA_NPC_423.jpg
18 -36.2242 25.0786 84.2393 -0.1801 -0.9484 0.2609 0.5484 0.7617
18 -32.9759 26.1750 83.4934 0.4352 -0.8978 -0.0676 0.5443 0.7768
18 -34.2702 24.7733 86.7101 -0.3225 -0.7085 -0.6277 0.5412 0.7618
KMUA_NPC_423.jpg
18 -32.9759 26.1750 83.4934 0.4352 -0.8978 -0.0676 0.5443 0.7768
18 -36.2242 25.0786 84.2393 -0.1801 -0.9484 0.2609 0.5484 0.7617
21 -32.0939 24.0090 83.4190 0.8593 0.3799 0.3424 0.5651 0.7765
KMUA_NPC_423.jpg
21 -34.7976 22.3721 84.8219 -0.3153 -0.1579 0.9358 0.5668 0.7629
21 -32.0939 24.0090 83.4190 0.8593 0.3799 0.3424 0.5651 0.7765
18 -36.2242 25.0786 84.2393 -0.1801 -0.9484 0.2609 0.5484 0.7617
KMUA_NPC_423.jpg
21 -32.0939 24.0090 83.4190 0.8593 0.3799 0.3424 0.5651 0.7765
21 -34.7976 22.3721 84.8219 -0.3153 -0.1579 0.9358 0.5668 0.7629
22 -30.3840 21.5497 85.5453 0.6442 0.7560 0.1164 0.5872 0.7768
KMUA_NPC_423.jpg
22 -32.9828 20.2405 87.1219 -0.7123 0.3126 0.6284 0.5894 0.7637
22 -30.3840 21.5497 85.5453 0.6442 0.7560 0.1164 0.5872 0.7768
21 -34.7976 22.3721 84.8219 -0.3153 -0.1579 0.9358 0.5668 0.7629
KMUA_NPC_423.jpg
22 -32.9828 20.2405 87.1219 -0.7123 0.3126 0.6284 0.5894 0.7637
22 -31.7435 20.6111 92.0566 -0.4979 0.3301 0.8020 0.6073 0.7628
22 -30.3840 21.5497 85.5453 0.6442 0.7560 0.1164 0.5872 0.7768
KMUA_NPC_423.jpg
21 -26.6882 28.5503 81.4920 0.3044 0.1889 0.9336 0.5575 0.8019
18 -27.5857 30.3799 81.9540 0.6273 -0.7787 0.0070 0.5390 0.7994
21 -31.4329 24.9985 83.6952 -0.3856 -0.2878 0.8766 0.5630 0.7787
KMUA_NPC_423.jpg
18 -32.9759 26.1750 83.4934 0.4352 -0.8978 -0.0676 0.5443 0.7768
21 -31.4329 24.9985 83.6952 -0.3856 -0.2878 0.8766 0.5630 0.7787
18 -27.5857 30.3799 81.9540 0.6273 -0.7787 0.0070 0.5390 0.7994
KMUA_NPC_423.jpg
21 -31.4329 24.9985 83.6952 -0.3856 -0.2878 0.8766 0.5630 0.7787
22 -29.8090 22.7843 84.9054 -0.8775 0.1733 0.4472 0.5844 0.7796
21 -26.6882 28.5503 81.4920 0.3044 0.1889 0.9336 0.5575 0.8019
KMUA_NPC_423.jpg
18 -29.1147 26.8133 86.4376 0.5040 -0.4800 -0.7180 0.5258 0.7786
19 -31.9370 21.5783 86.6545 0.1208 0.0232 -0.9924 0.5283 0.7513
18 -34.2702 24.7733 86.7101 -0.3225 -0.7085 -0.6277 0.5412 0.7618
KMUA_NPC_423.jpg
18 -29.1147 26.8133 86.4376 0.5040 -0.4800 -0.7180 0.5258 0.7786
18 -26.0097 29.6889 86.0192 0.5357 -0.7031 -0.4676 0.5207 0.7944
18 -21.5943 26.9630 92.6669 0.7076 -0.6291 -0.3217 0.4872 0.7826
KMUA_NPC_423.jpg
18 -17.3775 33.9240 90.7836 0.9342 0.0182 -0.3562 0.4865 0.8163
18 -21.5943 26.9630 92.6669 0.7076 -0.6291 -0.3217 0.4872 0.7826
18 -19.8196 34.5927 85.3462 0.8988 -0.0841 -0.4302 0.5095 0.8241
KMUA_NPC_423.jpg
18 -17.3775 33.9240 90.7836 0.9342 0.0182 -0.3562 0.4865 0.8163
17 -15.2999 34.8281 100.8937 0.9328 0.2657 -0.2434 0.4503 0.8150
18 -21.5943 26.9630 92.6669 0.7076 -0.6291 -0.3217 0.4872 0.7826
KMUA_NPC_423.jpg
19 -27.0919 21.5771 88.6637 0.6931 -0.4735 -0.5434 0.5095 0.7606
18 -29.1147 26.8133 86.4376 0.5040 -0.4800 -0.7180 0.5258 0.7786
18 -21.5943 26.9630 92.6669 0.7076 -0.6291 -0.3217 0.4872 0.7826
KMUA_NPC_423.jpg
18 -29.1147 26.8133 86.4376 0.5040 -0.4800 -0.7180 0.5258 0.7786
19 -27.0919 21.5771 88.6637 0.6931 -0.4735 -0.5434 0.5095 0.7606
19 -31.9370 21.5783 86.6545 0.1208 0.0232 -0.9924 0.5283 0.7513
KMUA_NPC_423.jpg
19 -29.0952 19.6342 92.4260 0.3673 -0.8010 0.4728 0.5001 0.7455
19 -27.0919 21.5771 88.6637 0.6931 -0.4735 -0.5434 0.5095 0.7606
18 -21.5943 26.9630 92.6669 0.7076 -0.6291 -0.3217 0.4872 0.7826
KMUA_NPC_423.jpg
18 -28.7469 23.5381 96.4466 -0.1055 -0.7797 0.6172 0.4781 0.7476
19 -29.0952 19.6342 92.4260 0.3673 -0.8010 0.4728 0.5001 0.7455
18 -21.5943 26.9630 92.6669 0.7076 -0.6291 -0.3217 0.4872 0.7826
KMUA_NPC_423.jpg
18 -21.5943 26.9630 92.6669 0.7076 -0.6291 -0.3217 0.4872 0.7826
17 -17.6284 26.5980 102.6992 0.6769 -0.6941 -0.2448 0.4503 0.7805
18 -28.7469 23.5381 96.4466 -0.1055 -0.7797 0.6172 0.4781 0.7476
KMUA_NPC_423.jpg
19 -29.9294 17.7961 89.2261 0.5904 -0.8066 0.0292 0.5144 0.7416
19 -31.9370 21.5783 86.6545 0.1208 0.0232 -0.9924 0.5283 0.7513
19 -27.0919 21.5771 88.6637 0.6931 -0.4735 -0.5434 0.5095 0.7606
KMUA_NPC_423.jpg
19 -29.0952 19.6342 92.4260 0.3673 -0.8010 0.4728 0.5001 0.7455
19 -29.9294 17.7961 89.2261 0.5904 -0.8066 0.0292 0.5144 0.7416
19 -27.0919 21.5771 88.6637 0.6931 -0.4735 -0.5434 0.5095 0.7606
KMUA_NPC_423.jpg
19 -31.9370 21.5783 86.6545 0.1208 0.0232 -0.9924 0.5283 0.7513
19 -29.9294 17.7961 89.2261 0.5904 -0.8066 0.0292 0.5144 0.7416
20 -32.0011 19.6240 85.7137 0.5571 0.5118 -0.6540 0.5313 0.7431
KMUA_NPC_423.jpg
19 -31.9370 21.5783 86.6545 0.1208 0.0232 -0.9924 0.5283 0.7513
20 -32.0011 19.6240 85.7137 0.5571 0.5118 -0.6540 0.5313 0.7431
19 -35.9274 21.4416 88.2090 -0.9166 -0.0566 -0.3957 0.5414 0.7610
KMUA_NPC_423.jpg
20 -35.7753 19.8800 86.5592 -0.8492 0.4023 -0.3420 0.5440 0.7527
19 -35.9274 21.4416 88.2090 -0.9166 -0.0566 -0.3957 0.5414 0.7610
20 -32.0011 19.6240 85.7137 0.5571 0.5118 -0.6540 0.5313 0.7431
KMUA_NPC_423.jpg
20 -35.7753 19.8800 86.5592 -0.8492 0.4023 -0.3420 0.5440 0.7527
20 -32.0011 19.6240 85.7137 0.5571 0.5118 -0.6540 0.5313 0.7431
20 -35.6767 17.3345 82.3374 -0.6647 0.1183 -0.7377 0.5523 0.7353
KMUA_NPC_423.jpg
20 -30.9333 16.6465 87.3222 0.6779 -0.7350 -0.0114 0.5226 0.7365
20 -32.0011 19.6240 85.7137 0.5571 0.5118 -0.6540 0.5313 0.7431
19 -29.9294 17.7961 89.2261 0.5904 -0.8066 0.0292 0.5144 0.7416
KMUA_NPC_423.jpg
20 -32.0011 19.6240 85.7137 0.5571 0.5118 -0.6540 0.5313 0.7431
20 -30.9333 16.6465 87.3222 0.6779 -0.7350 -0.0114 0.5226 0.7365
20 -32.8676 18.3861 82.7978 0.3749 0.5777 -0.7250 0.5406 0.7335
KMUA_NPC_423.jpg
20 -35.7753 19.8800 86.5592 -0.8492 0.4023 -0.3420 0.5137 0.9610
20 -35.6767 17.3345 82.3374 -0.6647 0.1183 -0.7377 0.5205 0.9798
20 -34.8830 17.2888 88.5632 -0.6144 -0.6993 0.3653 0.5008 0.9650
KMUA_NPC_423.jpg
20 -30.9333 16.6465 87.3222 0.6779 -0.7350 -0.0114 0.4891 0.9768
20 -34.8830 17.2888 88.5632 -0.6144 -0.6993 0.3653 0.5008 0.9650
20 -32.5154 15.6585 82.9618 0.5296 -0.6663 -0.5249 0.5035 0.9897
KMUA_NPC_423.jpg
20 -34.8830 17.2888 88.5632 -0.6144 -0.6993 0.3653 0.5008 0.9650
19 -34.4830 18.4928 90.8881 -0.4976 -0.6931 0.5216 0.4956 0.9567
20 -35.7753 19.8800 86.5592 -0.8492 0.4023 -0.3420 0.5137 0.9610
KMUA_NPC_423.jpg
20 -34.8830 17.2888 88.5632 -0.6144 -0.6993 0.3653 0.5008 0.9650
20 -30.9333 16.6465 87.3222 0.6779 -0.7350 -0.0114 0.4891 0.9768
19 -34.4830 18.4928 90.8881 -0.4976 -0.6931 0.5216 0.4956 0.9567
KMUA_NPC_423.jpg
19 -29.9294 17.7961 89.2261 0.5904 -0.8066 0.0292 0.4812 0.9696
19 -34.4830 18.4928 90.8881 -0.4976 -0.6931 0.5216 0.4956 0.9567
20 -30.9333 16.6465 87.3222 0.6779 -0.7350 -0.0114 0.4891 0.9768
KMUA_NPC_423.jpg
19 -33.8778 21.6630 94.0394 -0.4631 -0.5491 0.6958 0.4876 0.9418
18 -37.2865 28.1301 92.0980 -0.9142 0.1673 0.3691 0.5058 0.9206
19 -34.4830 18.4928 90.8881 -0.4976 -0.6931 0.5216 0.4956 0.9567
KMUA_NPC_423.jpg
19 -34.4830 18.4928 90.8881 -0.4976 -0.6931 0.5216 0.4956 0.9567
19 -29.9294 17.7961 89.2261 0.5904 -0.8066 0.0292 0.4812 0.9696
19 -33.8778 21.6630 94.0394 -0.4631 -0.5491 0.6958 0.4876 0.9418
KMUA_NPC_423.jpg
19 -29.0952 19.6342 92.4260 0.3673 -0.8010 0.4728 0.4720 0.9566
19 -33.8778 21.6630 94.0394 -0.4631 -0.5491 0.6958 0.4876 0.9418
19 -29.9294 17.7961 89.2261 0.5904 -0.8066 0.0292 0.4812 0.9696
KMUA_NPC_423.jpg
19 -35.9274 21.4416 88.2090 -0.9166 -0.0566 -0.3957 0.5120 0.9512
20 -35.7753 19.8800 86.5592 -0.8492 0.4023 -0.3420 0.5137 0.9610
19 -34.4830 18.4928 90.8881 -0.4976 -0.6931 0.5216 0.4956 0.9567
KMUA_NPC_423.jpg
19 -35.9274 21.4416 88.2090 -0.9166 -0.0566 -0.3957 0.5120 0.9512
19 -34.4830 18.4928 90.8881 -0.4976 -0.6931 0.5216 0.4956 0.9567
18 -37.2865 28.1301 92.0980 -0.9142 0.1673 0.3691 0.5058 0.9206
KMUA_NPC_423.jpg
18 -34.2702 24.7733 86.7101 -0.3225 -0.7085 -0.6277 0.5241 0.9426
19 -35.9274 21.4416 88.2090 -0.9166 -0.0566 -0.3957 0.5120 0.9512
18 -37.2865 28.1301 92.0980 -0.9142 0.1673 0.3691 0.5058 0.9206
KMUA_NPC_423.jpg
18 -34.2702 24.7733 86.7101 -0.3225 -0.7085 -0.6277 0.5241 0.9426
18 -37.2865 28.1301 92.0980 -0.9142 0.1673 0.3691 0.5058 0.9206
18 -36.2242 25.0786 84.2393 -0.1801 -0.9484 0.2609 0.5367 0.9377
KMUA_NPC_423.jpg
18 -30.8191 29.8722 97.8605 -0.8626 0.1876 0.4699 0.4728 0.9035
18 -30.0557 36.2000 89.7557 -0.4912 0.8496 0.1921 0.5041 0.8781
18 -37.2865 28.1301 92.0980 -0.9142 0.1673 0.3691 0.5058 0.9206
KMUA_NPC_423.jpg
18 -26.7617 36.3390 95.0177 -0.5339 0.8248 0.1860 0.4792 0.8695
18 -30.0557 36.2000 89.7557 -0.4912 0.8496 0.1921 0.5041 0.8781
18 -30.8191 29.8722 97.8605 -0.8626 0.1876 0.4699 0.4728 0.9035
KMUA_NPC_423.jpg
18 -28.7469 23.5381 96.4466 -0.1055 -0.7797 0.6172 0.4687 0.9318
18 -33.2211 26.7857 96.5159 -0.5607 -0.1338 0.8171 0.4815 0.9205
19 -33.8778 21.6630 94.0394 -0.4631 -0.5491 0.6958 0.4876 0.9418
KMUA_NPC_423.jpg
18 -30.8191 29.8722 97.8605 -0.8626 0.1876 0.4699 0.4728 0.9035
18 -33.2211 26.7857 96.5159 -0.5607 -0.1338 0.8171 0.4815 0.9205
18 -28.7469 23.5381 96.4466 -0.1055 -0.7797 0.6172 0.4687 0.9318
KMUA_NPC_423.jpg
18 -28.7469 23.5381 96.4466 -0.1055 -0.7797 0.6172 0.4687 0.9318
19 -33.8778 21.6630 94.0394 -0.4631 -0.5491 0.6958 0.4876 0.9418
19 -29.0952 19.6342 92.4260 0.3673 -0.8010 0.4728 0.4720 0.9566
KMUA_NPC_423.jpg
18 -28.7469 23.5381 96.4466 -0.1055 -0.7797 0.6172 0.4687 0.9318
17 -24.5506 23.8065 105.1542 -0.3025 -0.9391 0.1634 0.4503 0.9242
18 -30.8191 29.8722 97.8605 -0.8626 0.1876 0.4699 0.4728 0.9035
KMUA_NPC_423.jpg
18 -26.7617 36.3390 95.0177 -0.5339 0.8248 0.1860 0.4792 0.8695
18 -30.8191 29.8722 97.8605 -0.8626 0.1876 0.4699 0.4728 0.9035
17 -26.5219 37.6984 104.0129 -0.6712 0.7409 0.0206 0.4503 0.8665
KMUA_NPC_423.jpg
18 -34.2702 24.7733 86.7101 -0.3225 -0.7085 -0.6277 0.5241 0.9426
19 -31.9370 21.5783 86.6545 0.1208 0.0232 -0.9924 0.5280 0.9584
19 -35.9274 21.4416 88.2090 -0.9166 -0.0566 -0.3957 0.5120 0.9512
KMUA_NPC_423.jpg
22 -30.3840 21.5497 85.5453 0.6442 0.7560 0.1164 0.5933 0.9147
22 -29.5391 21.3016 91.2419 0.4864 0.7065 0.5141 0.6070 0.9265
22 -29.8716 19.2822 84.4550 0.8017 -0.4036 -0.4409 0.5882 0.9244
KMUA_NPC_423.jpg
21 -26.6882 28.5503 81.4920 0.3044 0.1889 0.9336 0.5575 0.8019
22 -25.6595 26.6867 82.1472 -0.3453 0.7479 0.5670 0.5751 0.8033
21 -21.6970 33.2831 78.8607 0.8918 0.3857 0.2365 0.5473 0.8287
KMUA_NPC_423.jpg
22 -29.8090 22.7843 84.9054 -0.8775 0.1733 0.4472 0.5844 0.7796
22 -29.7380 23.9162 89.8194 -0.6747 0.2868 0.6801 0.6019 0.7786
22 -25.6595 26.6867 82.1472 -0.3453 0.7479 0.5670 0.5751 0.8033
KMUA_NPC_423.jpg
22 -25.6595 26.6867 82.1472 -0.3453 0.7479 0.5670 0.5751 0.8033
21 -26.6882 28.5503 81.4920 0.3044 0.1889 0.9336 0.5575 0.8019
22 -29.8090 22.7843 84.9054 -0.8775 0.1733 0.4472 0.5844 0.7796
KMUA_NPC_423.jpg
22 -21.7239 30.9140 79.0272 0.5439 0.7913 0.2792 0.5637 0.8270
21 -21.6970 33.2831 78.8607 0.8918 0.3857 0.2365 0.5473 0.8287
22 -25.6595 26.6867 82.1472 -0.3453 0.7479 0.5670 0.5751 0.8033
KMUA_NPC_423.jpg
22 -25.6595 26.6867 82.1472 -0.3453 0.7479 0.5670 0.5751 0.8033
22 -25.2597 26.1156 88.0565 0.0800 0.6846 0.7245 0.5989 0.7994
22 -21.7239 30.9140 79.0272 0.5439 0.7913 0.2792 0.5637 0.8270
KMUA_NPC_423.jpg
29 -6.6214 1.4842 49.3523 0.6725 -0.6565 0.3417 0.4646 0.6726
29 -10.1543 2.1550 52.9863 0.6297 -0.7234 0.2831 0.4646 0.6589
28 -21.7712 -3.9413 51.1626 -0.0336 -0.9377 0.3457 0.4129 0.6726
KMUA_NPC_423.jpg
28 -21.8835 -1.5072 54.6991 -0.1844 -0.9515 0.2465 0.4110 0.6589
28 -21.7712 -3.9413 51.1626 -0.0336 -0.9377 0.3457 0.4129 0.6726
29 -10.1543 2.1550 52.9863 0.6297 -0.7234 0.2831 0.4646 0.6589
KMUA_NPC_423.jpg
28 -21.7712 -3.9413 51.1626 -0.0336 -0.9377 0.3457 0.4129 0.6726
29 -24.3377 -4.8974 42.6154 -0.2025 -0.9516 -0.2310 0.4074 0.7023
29 -6.6214 1.4842 49.3523 0.6725 -0.6565 0.3417 0.4646 0.6726
KMUA_NPC_423.jpg
29 -5.2949 1.4403 40.8961 0.7074 -0.6577 -0.2590 0.4646 0.7061
29 -6.6214 1.4842 49.3523 0.6725 -0.6565 0.3417 0.4646 0.6726
29 -24.3377 -4.8974 42.6154 -0.2025 -0.9516 -0.2310 0.4074 0.7023
KMUA_NPC_423.jpg
28 -21.7712 -3.9413 51.1626 -0.0336 -0.9377 0.3457 0.4129 0.6726
28 -21.8835 -1.5072 54.6991 -0.1844 -0.9515 0.2465 0.4110 0.6589
28 -34.3432 6.0806 54.6564 -0.6551 -0.4590 0.6001 0.3570 0.6726
KMUA_NPC_423.jpg
28 -31.7015 7.8145 57.2510 -0.7952 -0.4139 0.4430 0.3559 0.6589
28 -34.3432 6.0806 54.6564 -0.6551 -0.4590 0.6001 0.3570 0.6726
28 -21.8835 -1.5072 54.6991 -0.1844 -0.9515 0.2465 0.4110 0.6589
KMUA_NPC_423.jpg
28 -34.3432 6.0806 54.6564 -0.6551 -0.4590 0.6001 0.3570 0.6726
28 -31.7015 7.8145 57.2510 -0.7952 -0.4139 0.4430 0.3559 0.6589
28 -36.1290 21.7834 55.5326 -0.7291 0.3242 0.6028 0.3053 0.6726
KMUA_NPC_423.jpg
28 -33.1575 22.4259 58.2388 -0.7192 0.5229 0.4575 0.3053 0.6589
28 -36.1290 21.7834 55.5326 -0.7291 0.3242 0.6028 0.3053 0.6726
28 -31.7015 7.8145 57.2510 -0.7952 -0.4139 0.4430 0.3559 0.6589
KMUA_NPC_423.jpg
28 -34.3432 6.0806 54.6564 -0.6551 -0.4590 0.6001 0.3570 0.6726
28 -36.1290 21.7834 55.5326 -0.7291 0.3242 0.6028 0.3053 0.6726
29 -39.0995 5.2735 45.1415 -0.8613 -0.5003 -0.0883 0.3552 0.7035
KMUA_NPC_423.jpg
28 -34.3432 6.0806 54.6564 -0.6551 -0.4590 0.6001 0.3570 0.6726
29 -39.0995 5.2735 45.1415 -0.8613 -0.5003 -0.0883 0.3552 0.7035
28 -21.7712 -3.9413 51.1626 -0.0336 -0.9377 0.3457 0.4129 0.6726
KMUA_NPC_423.jpg
29 -24.3377 -4.8974 42.6154 -0.2025 -0.9516 -0.2310 0.4074 0.7023
28 -21.7712 -3.9413 51.1626 -0.0336 -0.9377 0.3457 0.4129 0.6726
29 -39.0995 5.2735 45.1415 -0.8613 -0.5003 -0.0883 0.3552 0.7035
KMUA_NPC_423.jpg
29 -39.0995 5.2735 45.1415 -0.8613 -0.5003 -0.0883 0.3552 0.7035
29 -35.5670 10.7646 37.5650 -0.5837 -0.1417 -0.7995 0.3533 0.7305
29 -24.3377 -4.8974 42.6154 -0.2025 -0.9516 -0.2310 0.4074 0.7023
KMUA_NPC_423.jpg
29 -39.0995 5.2735 45.1415 -0.8613 -0.5003 -0.0883 0.3552 0.7035
29 -40.9824 21.5888 48.3421 -0.9421 0.3025 0.1449 0.3053 0.7061
29 -35.5670 10.7646 37.5650 -0.5837 -0.1417 -0.7995 0.3533 0.7305
KMUA_NPC_423.jpg
29 -40.9824 21.5888 48.3421 -0.9421 0.3025 0.1449 0.3053 0.7061
29 -39.0995 5.2735 45.1415 -0.8613 -0.5003 -0.0883 0.3552 0.7035
28 -36.1290 21.7834 55.5326 -0.7291 0.3242 0.6028 0.3053 0.6726
KMUA_NPC_423.jpg
29 -24.3377 -4.8974 42.6154 -0.2025 -0.9516 -0.2310 0.4074 0.7023
29 -23.2909 0.4258 35.5335 -0.1715 -0.5350 -0.8273 0.4071 0.7293
29 -5.2949 1.4403 40.8961 0.7074 -0.6577 -0.2590 0.4646 0.7061
KMUA_NPC_423.jpg
29 -7.1230 5.0405 35.4371 0.5191 -0.3046 -0.7986 0.4646 0.7330
29 -5.2949 1.4403 40.8961 0.7074 -0.6577 -0.2590 0.4646 0.7061
29 -23.2909 0.4258 35.5335 -0.1715 -0.5350 -0.8273 0.4071 0.7293
KMUA_NPC_423.jpg
29 -26.9892 21.7221 15.1318 -0.9632 -0.1938 0.1862 0.3616 0.8416
29 -25.7982 21.4780 23.5948 -0.9626 -0.2228 -0.1544 0.3606 0.8095
29 -24.9089 30.4960 14.0607 -0.8331 0.4492 0.3228 0.3293 0.8416
KMUA_NPC_423.jpg
29 -26.9892 21.7221 15.1318 -0.9632 -0.1938 0.1862 0.3616 0.8416
29 -21.3988 15.3021 13.8286 -0.2830 -0.9543 0.0956 0.3913 0.8416
29 -25.7982 21.4780 23.5948 -0.9626 -0.2228 -0.1544 0.3606 0.8095
KMUA_NPC_423.jpg
29 -21.3988 15.3021 13.8286 -0.2830 -0.9543 0.0956 0.3913 0.8416
29 -8.7248 17.7654 10.9867 0.6707 -0.7259 0.1527 0.4350 0.8416
29 -19.3352 15.8908 22.2932 -0.2370 -0.9389 -0.2497 0.3992 0.8092
KMUA_NPC_423.jpg
29 -5.2949 1.4403 40.8961 0.7074 -0.6577 -0.2590 0.4646 0.7061
29 1.3762 24.4013 46.9714 0.9089 0.4133 -0.0561 0.4074 0.7023
29 -6.6214 1.4842 49.3523 0.6725 -0.6565 0.3417 0.4646 0.6726
KMUA_NPC_423.jpg
29 -7.1230 5.0405 35.4371 0.5191 -0.3046 -0.7986 0.4646 0.7330
29 -2.6032 23.4515 41.5765 0.6764 0.3853 -0.6277 0.4071 0.7293
29 -5.2949 1.4403 40.8961 0.7074 -0.6577 -0.2590 0.4646 0.7061
KMUA_NPC_423.jpg
29 1.3762 24.4013 46.9714 0.9089 0.4133 -0.0561 0.4074 0.7023
29 -5.2949 1.4403 40.8961 0.7074 -0.6577 -0.2590 0.4646 0.7061
29 -2.6032 23.4515 41.5765 0.6764 0.3853 -0.6277 0.4071 0.7293
KMUA_NPC_423.jpg
29 -7.1230 5.0405 35.4371 0.5191 -0.3046 -0.7986 0.4646 0.7330
29 -12.0984 10.6932 34.6614 0.4610 -0.3724 -0.8055 0.4350 0.7592
29 -2.6032 23.4515 41.5765 0.6764 0.3853 -0.6277 0.4071 0.7293
KMUA_NPC_423.jpg
29 -6.6214 1.4842 49.3523 0.6725 -0.6565 0.3417 0.4646 0.6726
29 -1.1372 21.4156 53.3688 0.7963 0.1749 0.5790 0.4129 0.6726
29 -10.1543 2.1550 52.9863 0.6297 -0.7234 0.2831 0.4646 0.6589
KMUA_NPC_423.jpg
29 -1.1372 21.4156 53.3688 0.7963 0.1749 0.5790 0.4129 0.6726
29 -6.6214 1.4842 49.3523 0.6725 -0.6565 0.3417 0.4646 0.6726
29 1.3762 24.4013 46.9714 0.9089 0.4133 -0.0561 0.4074 0.7023
KMUA_NPC_423.jpg
29 -4.8902 19.2091 56.5945 0.8245 0.2135 0.5240 0.4110 0.6589
29 -10.1543 2.1550 52.9863 0.6297 -0.7234 0.2831 0.4646 0.6589
29 -1.1372 21.4156 53.3688 0.7963 0.1749 0.5790 0.4129 0.6726
KMUA_NPC_423.jpg
29 -1.1372 21.4156 53.3688 0.7963 0.1749 0.5790 0.4129 0.6726
29 1.3762 24.4013 46.9714 0.9089 0.4133 -0.0561 0.4074 0.7023
29 -20.4283 33.1467 55.9357 -0.0261 0.7817 0.6231 0.3570 0.6726
KMUA_NPC_423.jpg
28 -36.1290 21.7834 55.5326 -0.7291 0.3242 0.6028 0.3053 0.6726
29 -20.4283 33.1467 55.9357 -0.0261 0.7817 0.6231 0.3570 0.6726
29 -40.9824 21.5888 48.3421 -0.9421 0.3025 0.1449 0.3053 0.7061
KMUA_NPC_423.jpg
29 -1.1372 21.4156 53.3688 0.7963 0.1749 0.5790 0.4129 0.6726
29 -20.4283 33.1467 55.9357 -0.0261 0.7817 0.6231 0.3570 0.6726
29 -4.8902 19.2091 56.5945 0.8245 0.2135 0.5240 0.4110 0.6589
KMUA_NPC_423.jpg
28 -33.1575 22.4259 58.2388 -0.7192 0.5229 0.4575 0.3053 0.6589
29 -19.2003 30.4681 58.4404 0.1447 0.8129 0.5642 0.3559 0.6589
28 -36.1290 21.7834 55.5326 -0.7291 0.3242 0.6028 0.3053 0.6726
KMUA_NPC_423.jpg
29 -20.4283 33.1467 55.9357 -0.0261 0.7817 0.6231 0.3570 0.6726
28 -36.1290 21.7834 55.5326 -0.7291 0.3242 0.6028 0.3053 0.6726
29 -19.2003 30.4681 58.4404 0.1447 0.8129 0.5642 0.3559 0.6589
KMUA_NPC_423.jpg
29 -19.2003 30.4681 58.4404 0.1447 0.8129 0.5642 0.3559 0.6589
29 -4.8902 19.2091 56.5945 0.8245 0.2135 0.5240 0.4110 0.6589
29 -20.4283 33.1467 55.9357 -0.0261 0.7817 0.6231 0.3570 0.6726
KMUA_NPC_423.jpg
29 -21.0491 36.9263 49.8761 -0.0510 0.9667 0.2509 0.3552 0.7035
29 -20.4283 33.1467 55.9357 -0.0261 0.7817 0.6231 0.3570 0.6726
29 1.3762 24.4013 46.9714 0.9089 0.4133 -0.0561 0.4074 0.7023
KMUA_NPC_423.jpg
29 1.3762 24.4013 46.9714 0.9089 0.4133 -0.0561 0.4074 0.7023
29 -2.6032 23.4515 41.5765 0.6764 0.3853 -0.6277 0.4071 0.7293
29 -21.0491 36.9263 49.8761 -0.0510 0.9667 0.2509 0.3552 0.7035
KMUA_NPC_423.jpg
29 -21.0491 36.9263 49.8761 -0.0510 0.9667 0.2509 0.3552 0.7035
29 -40.9824 21.5888 48.3421 -0.9421 0.3025 0.1449 0.3053 0.7061
29 -20.4283 33.1467 55.9357 -0.0261 0.7817 0.6231 0.3570 0.6726
KMUA_NPC_423.jpg
29 -40.9824 21.5888 48.3421 -0.9421 0.3025 0.1449 0.3053 0.7061
29 -21.0491 36.9263 49.8761 -0.0510 0.9667 0.2509 0.3552 0.7035
29 -37.5158 23.3750 40.4486 -0.6897 0.4287 -0.5835 0.3053 0.7330
KMUA_NPC_423.jpg
29 -21.1401 37.1705 43.2861 -0.0337 0.9188 -0.3932 0.3533 0.7305
29 -21.0491 36.9263 49.8761 -0.0510 0.9667 0.2509 0.3552 0.7035
29 -2.6032 23.4515 41.5765 0.6764 0.3853 -0.6277 0.4071 0.7293
KMUA_NPC_423.jpg
29 -21.1401 37.1705 43.2861 -0.0337 0.9188 -0.3932 0.3533 0.7305
29 -28.0799 24.8674 37.6335 -0.6028 0.5574 -0.5710 0.3293 0.7592
29 -37.5158 23.3750 40.4486 -0.6897 0.4287 -0.5835 0.3053 0.7330
KMUA_NPC_423.jpg
29 -21.1401 37.1705 43.2861 -0.0337 0.9188 -0.3932 0.3533 0.7305
29 -37.5158 23.3750 40.4486 -0.6897 0.4287 -0.5835 0.3053 0.7330
29 -21.0491 36.9263 49.8761 -0.0510 0.9667 0.2509 0.3552 0.7035
KMUA_NPC_423.jpg
29 -2.6032 23.4515 41.5765 0.6764 0.3853 -0.6277 0.4071 0.7293
29 -7.3412 23.6969 38.0938 0.8194 0.4222 -0.3878 0.3993 0.7554
29 -21.1401 37.1705 43.2861 -0.0337 0.9188 -0.3932 0.3533 0.7305
KMUA_NPC_423.jpg
29 -17.6731 40.9448 15.7544 -0.2416 0.7164 0.6545 0.3616 0.8416
29 -24.9089 30.4960 14.0607 -0.8331 0.4492 0.3228 0.3293 0.8416
29 -15.8624 32.6508 25.6315 -0.0257 0.9281 0.3715 0.3606 0.8095
KMUA_NPC_423.jpg
29 -17.6731 40.9448 15.7544 -0.2416 0.7164 0.6545 0.3616 0.8416
29 -15.8624 32.6508 25.6315 -0.0257 0.9281 0.3715 0.3606 0.8095
29 -4.8090 32.1817 16.6853 0.8456 0.2986 0.4426 0.3913 0.8416
KMUA_NPC_423.jpg
30 -7.0749 23.7863 9.9477 0.9412 -0.3314 0.0665 0.2486 0.6966
30 -7.4279 24.5098 0.3957 0.7470 -0.2006 -0.6338 0.2767 0.7238
30 -8.1190 33.3027 10.5252 0.6987 0.6939 0.1744 0.2728 0.6686
KMUA_NPC_423.jpg
30 -7.0749 23.7863 9.9477 0.9412 -0.3314 0.0665 0.2486 0.6966
30 -15.8010 14.7353 10.3350 0.5905 -0.7480 0.3030 0.2106 0.7314
30 -7.4279 24.5098 0.3957 0.7470 -0.2006 -0.6338 0.2767 0.7238
KMUA_NPC_423.jpg
31 -22.1275 5.4657 8.0197 0.4674 -0.6523 0.5967 0.2053 0.7665
30 -21.3122 5.6533 -0.2850 0.5541 -0.5098 -0.6581 0.2297 0.7807
30 -15.8010 14.7353 10.3350 0.5905 -0.7480 0.3030 0.2106 0.7314
KMUA_NPC_423.jpg
31 -22.1275 5.4657 8.0197 0.4674 -0.6523 0.5967 0.2053 0.7665
31 -27.0130 1.5721 6.8496 0.1356 -0.8508 0.5077 0.1971 0.7921
30 -21.3122 5.6533 -0.2850 0.5541 -0.5098 -0.6581 0.2297 0.7807
KMUA_NPC_423.jpg
31 -22.1275 5.4657 8.0197 0.4674 -0.6523 0.5967 0.2053 0.7665
31 -29.7750 11.4565 9.0062 -0.3090 -0.1145 0.9441 0.1639 0.7703
31 -27.0130 1.5721 6.8496 0.1356 -0.8508 0.5077 0.1971 0.7921
KMUA_NPC_423.jpg
31 -29.7750 11.4565 9.0062 -0.3090 -0.1145 0.9441 0.1639 0.7703
31 -35.1927 6.1208 7.2049 -0.6327 -0.4374 0.6391 0.1639 0.8029
31 -32.2777 3.2536 7.7199 -0.3463 -0.6565 0.6702 0.1766 0.8020
KMUA_NPC_423.jpg
31 -29.7750 11.4565 9.0062 -0.3090 -0.1145 0.9441 0.1639 0.7703
31 -22.1275 5.4657 8.0197 0.4674 -0.6523 0.5967 0.2053 0.7665
30 -24.9549 16.4378 13.4500 -0.5406 -0.3399 0.7695 0.1639 0.7361
KMUA_NPC_423.jpg
30 -15.8010 14.7353 10.3350 0.5905 -0.7480 0.3030 0.2106 0.7314
30 -24.9549 16.4378 13.4500 -0.5406 -0.3399 0.7695 0.1639 0.7361
31 -22.1275 5.4657 8.0197 0.4674 -0.6523 0.5967 0.2053 0.7665
KMUA_NPC_423.jpg
30 -15.8010 14.7353 10.3350 0.5905 -0.7480 0.3030 0.2106 0.7314
30 -16.9370 17.1336 17.5094 0.1142 -0.9907 0.0744 0.1982 0.7092
30 -24.9549 16.4378 13.4500 -0.5406 -0.3399 0.7695 0.1639 0.7361
KMUA_NPC_423.jpg
30 -22.7999 20.4975 17.4125 -0.8094 -0.4932 0.3186 0.1639 0.7103
30 -24.9549 16.4378 13.4500 -0.5406 -0.3399 0.7695 0.1639 0.7361
30 -16.9370 17.1336 17.5094 0.1142 -0.9907 0.0744 0.1982 0.7092
KMUA_NPC_423.jpg
30 -7.0749 23.7863 9.9477 0.9412 -0.3314 0.0665 0.2486 0.6966
30 -9.4051 22.5163 18.4585 0.8890 -0.4389 0.1309 0.2258 0.6795
30 -15.8010 14.7353 10.3350 0.5905 -0.7480 0.3030 0.2106 0.7314
KMUA_NPC_423.jpg
30 -16.9370 17.1336 17.5094 0.1142 -0.9907 0.0744 0.1982 0.7092
30 -15.8010 14.7353 10.3350 0.5905 -0.7480 0.3030 0.2106 0.7314
30 -9.4051 22.5163 18.4585 0.8890 -0.4389 0.1309 0.2258 0.6795
KMUA_NPC_423.jpg
30 -9.4051 22.5163 18.4585 0.8890 -0.4389 0.1309 0.2258 0.6795
30 -7.0749 23.7863 9.9477 0.9412 -0.3314 0.0665 0.2486 0.6966
30 -8.8753 29.3444 18.1445 0.8452 0.4843 0.2260 0.2475 0.6499
KMUA_NPC_423.jpg
30 -8.1190 33.3027 10.5252 0.6987 0.6939 0.1744 0.2728 0.6686
30 -8.8753 29.3444 18.1445 0.8452 0.4843 0.2260 0.2475 0.6499
30 -7.0749 23.7863 9.9477 0.9412 -0.3314 0.0665 0.2486 0.6966
KMUA_NPC_423.jpg
30 -22.7999 20.4975 17.4125 -0.8094 -0.4932 0.3186 0.1639 0.7103
30 -16.9370 17.1336 17.5094 0.1142 -0.9907 0.0744 0.1982 0.7092
29 -24.7661 20.7831 23.7231 -0.9250 -0.3358 -0.1778 0.1639 0.6831
KMUA_NPC_423.jpg
30 -16.9370 17.1336 17.5094 0.1142 -0.9907 0.0744 0.1982 0.7092
30 -9.4051 22.5163 18.4585 0.8890 -0.4389 0.1309 0.2258 0.6795
29 -18.6398 16.1919 23.0587 -0.1485 -0.9617 -0.2302 0.1793 0.6786
KMUA_NPC_423.jpg
30 -9.4051 22.5163 18.4585 0.8890 -0.4389 0.1309 0.2258 0.6795
30 -8.8753 29.3444 18.1445 0.8452 0.4843 0.2260 0.2475 0.6499
29 -11.9106 18.3360 22.7094 0.5725 -0.7681 -0.2867 0.2016 0.6584
KMUA_NPC_423.jpg
31 -32.9412 20.7756 6.7435 -0.6439 0.4934 0.5848 0.2053 0.7665
31 -29.7750 11.4565 9.0062 -0.3090 -0.1145 0.9441 0.1639 0.7703
30 -26.0857 25.5264 9.5444 -0.7896 0.5088 0.3430 0.2106 0.7314
KMUA_NPC_423.jpg
30 -26.0857 25.5264 9.5444 -0.7896 0.5088 0.3430 0.2106 0.7314
30 -25.7048 28.7573 0.1979 -0.5056 0.5993 -0.6207 0.2503 0.7484
31 -32.9412 20.7756 6.7435 -0.6439 0.4934 0.5848 0.2053 0.7665
KMUA_NPC_423.jpg
30 -24.9549 16.4378 13.4500 -0.5406 -0.3399 0.7695 0.1639 0.7361
30 -26.0857 25.5264 9.5444 -0.7896 0.5088 0.3430 0.2106 0.7314
31 -29.7750 11.4565 9.0062 -0.3090 -0.1145 0.9441 0.1639 0.7703
KMUA_NPC_423.jpg
31 -29.7750 11.4565 9.0062 -0.3090 -0.1145 0.9441 0.1639 0.7703
31 -37.6642 9.6896 6.7079 -0.7792 -0.1722 0.6027 0.1766 0.8020
31 -35.1927 6.1208 7.2049 -0.6327 -0.4374 0.6391 0.1639 0.8029
KMUA_NPC_423.jpg
31 -29.7750 11.4565 9.0062 -0.3090 -0.1145 0.9441 0.1639 0.7703
31 -32.9412 20.7756 6.7435 -0.6439 0.4934 0.5848 0.2053 0.7665
31 -37.6642 9.6896 6.7079 -0.7792 -0.1722 0.6027 0.1766 0.8020
KMUA_NPC_423.jpg
30 -22.7999 20.4975 17.4125 -0.8094 -0.4932 0.3186 0.1639 0.7103
30 -24.1638 27.5141 15.5244 -0.8604 0.4615 0.2163 0.1982 0.7092
30 -24.9549 16.4378 13.4500 -0.5406 -0.3399 0.7695 0.1639 0.7361
KMUA_NPC_423.jpg
30 -26.0857 25.5264 9.5444 -0.7896 0.5088 0.3430 0.2106 0.7314
30 -24.9549 16.4378 13.4500 -0.5406 -0.3399 0.7695 0.1639 0.7361
30 -24.1638 27.5141 15.5244 -0.8604 0.4615 0.2163 0.1982 0.7092
KMUA_NPC_423.jpg
30 -8.1190 33.3027 10.5252 0.6987 0.6939 0.1744 0.2728 0.6686
30 -8.9225 33.6021 0.3923 0.5454 0.5812 -0.6040 0.3044 0.6952
30 -17.5931 34.6726 10.1825 -0.2927 0.9403 0.1738 0.2486 0.6966
KMUA_NPC_423.jpg
30 -8.1190 33.3027 10.5252 0.6987 0.6939 0.1744 0.2728 0.6686
30 -17.5931 34.6726 10.1825 -0.2927 0.9403 0.1738 0.2486 0.6966
30 -8.8753 29.3444 18.1445 0.8452 0.4843 0.2260 0.2475 0.6499
KMUA_NPC_423.jpg
30 -17.5931 34.6726 10.1825 -0.2927 0.9403 0.1738 0.2486 0.6966
30 -18.5725 35.0202 0.3722 -0.2617 0.7667 -0.5862 0.2767 0.7238
30 -26.0857 25.5264 9.5444 -0.7896 0.5088 0.3430 0.2106 0.7314
KMUA_NPC_423.jpg
30 -16.8011 32.5594 17.3489 -0.1623 0.9653 0.2045 0.2258 0.6795
30 -8.8753 29.3444 18.1445 0.8452 0.4843 0.2260 0.2475 0.6499
30 -17.5931 34.6726 10.1825 -0.2927 0.9403 0.1738 0.2486 0.6966
KMUA_NPC_423.jpg
30 -17.5931 34.6726 10.1825 -0.2927 0.9403 0.1738 0.2486 0.6966
30 -26.0857 25.5264 9.5444 -0.7896 0.5088 0.3430 0.2106 0.7314
30 -16.8011 32.5594 17.3489 -0.1623 0.9653 0.2045 0.2258 0.6795
KMUA_NPC_423.jpg
30 -24.1638 27.5141 15.5244 -0.8604 0.4615 0.2163 0.1982 0.7092
30 -16.8011 32.5594 17.3489 -0.1623 0.9653 0.2045 0.2258 0.6795
30 -26.0857 25.5264 9.5444 -0.7896 0.5088 0.3430 0.2106 0.7314
KMUA_NPC_423.jpg
30 -8.8753 29.3444 18.1445 0.8452 0.4843 0.2260 0.2475 0.6499
30 -16.8011 32.5594 17.3489 -0.1623 0.9653 0.2045 0.2258 0.6795
29 -8.3343 27.5434 25.5552 0.9139 0.3916 0.1073 0.2265 0.6312
KMUA_NPC_423.jpg
30 -24.1638 27.5141 15.5244 -0.8604 0.4615 0.2163 0.1982 0.7092
30 -22.7999 20.4975 17.4125 -0.8094 -0.4932 0.3186 0.1639 0.7103
29 -23.7265 26.8693 24.1640 -0.8767 0.4755 0.0723 0.1793 0.6786
KMUA_NPC_423.jpg
30 -16.8011 32.5594 17.3489 -0.1623 0.9653 0.2045 0.2258 0.6795
30 -24.1638 27.5141 15.5244 -0.8604 0.4615 0.2163 0.1982 0.7092
29 -16.7368 31.4084 25.3605 -0.0710 0.9768 0.2022 0.2016 0.6584
KMUA_NPC_423.jpg
28 -29.0246 2.2955 77.3676 -0.9226 -0.3815 0.0568 0.7841 0.4679
28 -21.3314 -6.1498 74.6869 -0.2974 -0.9345 -0.1958 0.7379 0.4679
2 -21.3709 -4.8432 95.8293 -0.8097 -0.5841 0.0558 0.7841 0.4141
KMUA_NPC_423.jpg
2 -5.5142 -2.9475 82.8729 0.5328 -0.4622 -0.7089 0.6923 0.4402
2 -11.1189 -10.1405 91.5536 -0.3332 -0.8791 -0.3409 0.7379 0.4141
28 -9.6402 -2.1266 72.2681 0.6179 -0.7413 -0.2619 0.6923 0.4679
KMUA_NPC_423.jpg
28 -9.6402 -2.1266 72.2681 0.6179 -0.7413 -0.2619 0.6923 0.4679
28 -21.3314 -6.1498 74.6869 -0.2974 -0.9345 -0.1958 0.7379 0.4679
29 -10.1543 2.1550 52.9863 0.6297 -0.7234 0.2831 0.6923 0.5327
KMUA_NPC_423.jpg
28 -21.3314 -6.1498 74.6869 -0.2974 -0.9345 -0.1958 0.7379 0.4679
28 -29.0246 2.2955 77.3676 -0.9226 -0.3815 0.0568 0.7841 0.4679
28 -21.8835 -1.5072 54.6991 -0.1844 -0.9515 0.2465 0.7379 0.5327
KMUA_NPC_423.jpg
28 -21.8835 -1.5072 54.6991 -0.1844 -0.9515 0.2465 0.7379 0.5327
29 -10.1543 2.1550 52.9863 0.6297 -0.7234 0.2831 0.6923 0.5327
28 -21.3314 -6.1498 74.6869 -0.2974 -0.9345 -0.1958 0.7379 0.4679
KMUA_NPC_423.jpg
28 -27.7746 15.1983 79.1491 -0.7196 0.5719 0.3937 0.8319 0.4679
28 -33.1575 22.4259 58.2388 -0.7192 0.5229 0.4575 0.8319 0.5327
28 -29.0246 2.2955 77.3676 -0.9226 -0.3815 0.0568 0.7841 0.4679
KMUA_NPC_423.jpg
28 -33.1575 22.4259 58.2388 -0.7192 0.5229 0.4575 0.8319 0.5327
28 -31.7015 7.8145 57.2510 -0.7952 -0.4139 0.4430 0.7841 0.5327
28 -29.0246 2.2955 77.3676 -0.9226 -0.3815 0.0568 0.7841 0.4679
KMUA_NPC_423.jpg
28 -31.7015 7.8145 57.2510 -0.7952 -0.4139 0.4430 0.7841 0.5327
28 -21.8835 -1.5072 54.6991 -0.1844 -0.9515 0.2465 0.7379 0.5327
28 -29.0246 2.2955 77.3676 -0.9226 -0.3815 0.0568 0.7841 0.4679
KMUA_NPC_423.jpg
2 -12.6272 15.9233 95.1785 -0.2913 0.9559 0.0369 0.8813 0.4141
2 -3.0410 19.8178 93.7656 -0.0407 0.9839 -0.1743 0.9218 0.4026
28 -0.9599 11.3115 86.9731 0.5746 0.6458 -0.5028 0.9363 0.4223
KMUA_NPC_423.jpg
2 -5.5142 -2.9475 82.8729 0.5328 -0.4622 -0.7089 0.9951 0.4317
28 -0.9599 11.3115 86.9731 0.5746 0.6458 -0.5028 0.9363 0.4223
2 -1.7935 -0.7055 83.2558 -0.0951 -0.0588 -0.9937 0.9951 0.4271
KMUA_NPC_423.jpg
2 -5.5142 -2.9475 82.8729 0.5328 -0.4622 -0.7089 0.9951 0.4317
28 -9.6402 -2.1266 72.2681 0.6179 -0.7413 -0.2619 0.9951 0.4679
28 -0.9599 11.3115 86.9731 0.5746 0.6458 -0.5028 0.9363 0.4223
KMUA_NPC_423.jpg
28 -3.6368 11.5974 75.4689 0.9367 0.3382 -0.0910 0.9363 0.4679
28 -0.9599 11.3115 86.9731 0.5746 0.6458 -0.5028 0.9363 0.4223
28 -9.6402 -2.1266 72.2681 0.6179 -0.7413 -0.2619 0.9951 0.4679
KMUA_NPC_423.jpg
28 -0.9599 11.3115 86.9731 0.5746 0.6458 -0.5028 0.9363 0.4223
28 -3.6368 11.5974 75.4689 0.9367 0.3382 -0.0910 0.9363 0.4679
2 -12.6272 15.9233 95.1785 -0.2913 0.9559 0.0369 0.8813 0.4141
KMUA_NPC_423.jpg
28 -9.6402 -2.1266 72.2681 0.6179 -0.7413 -0.2619 0.9951 0.4679
29 -10.1543 2.1550 52.9863 0.6297 -0.7234 0.2831 0.9951 0.5327
28 -3.6368 11.5974 75.4689 0.9367 0.3382 -0.0910 0.9363 0.4679
KMUA_NPC_423.jpg
29 -4.8902 19.2091 56.5945 0.8245 0.2135 0.5240 0.9363 0.5327
28 -3.6368 11.5974 75.4689 0.9367 0.3382 -0.0910 0.9363 0.4679
29 -10.1543 2.1550 52.9863 0.6297 -0.7234 0.2831 0.9951 0.5327
KMUA_NPC_423.jpg
28 -14.5432 19.2049 78.3498 0.2075 0.9158 0.3438 0.8813 0.4679
2 -12.6272 15.9233 95.1785 -0.2913 0.9559 0.0369 0.8813 0.4141
28 -3.6368 11.5974 75.4689 0.9367 0.3382 -0.0910 0.9363 0.4679
KMUA_NPC_423.jpg
28 -3.6368 11.5974 75.4689 0.9367 0.3382 -0.0910 0.9363 0.4679
29 -4.8902 19.2091 56.5945 0.8245 0.2135 0.5240 0.9363 0.5327
28 -14.5432 19.2049 78.3498 0.2075 0.9158 0.3438 0.8813 0.4679
KMUA_NPC_423.jpg
2 -12.6272 15.9233 95.1785 -0.2913 0.9559 0.0369 0.8813 0.4141
28 -14.5432 19.2049 78.3498 0.2075 0.9158 0.3438 0.8813 0.4679
2 -22.7614 6.5944 96.9492 -0.9452 0.2671 0.1876 0.8319 0.4141
KMUA_NPC_423.jpg
28 -27.7746 15.1983 79.1491 -0.7196 0.5719 0.3937 0.8319 0.4679
2 -22.7614 6.5944 96.9492 -0.9452 0.2671 0.1876 0.8319 0.4141
28 -14.5432 19.2049 78.3498 0.2075 0.9158 0.3438 0.8813 0.4679
KMUA_NPC_423.jpg
28 -27.7746 15.1983 79.1491 -0.7196 0.5719 0.3937 0.8319 0.4679
29 -19.2003 30.4681 58.4404 0.1447 0.8129 0.5642 0.8813 0.5327
28 -33.1575 22.4259 58.2388 -0.7192 0.5229 0.4575 0.8319 0.5327
KMUA_NPC_423.jpg
29 -19.2003 30.4681 58.4404 0.1447 0.8129 0.5642 0.8813 0.5327
28 -14.5432 19.2049 78.3498 0.2075 0.9158 0.3438 0.8813 0.4679
29 -4.8902 19.2091 56.5945 0.8245 0.2135 0.5240 0.9363 0.5327
KMUA_NPC_423.jpg
28 -27.7746 15.1983 79.1491 -0.7196 0.5719 0.3937 0.8319 0.4679
28 -14.5432 19.2049 78.3498 0.2075 0.9158 0.3438 0.8813 0.4679
29 -19.2003 30.4681 58.4404 0.1447 0.8129 0.5642 0.8813 0.5327
KMUA_NPC_423.jpg
24 9.9066 -20.3342 54.7140 -0.8590 -0.4145 0.3006 0.4110 0.6589
25 9.6886 -9.1463 50.8998 -0.9034 0.3828 0.1933 0.4646 0.6589
24 7.6583 -21.6227 51.3366 -0.8950 -0.2518 0.3681 0.4129 0.6726
KMUA_NPC_423.jpg
25 8.0442 -6.5152 46.9250 -0.8579 0.4509 0.2463 0.4646 0.6726
24 7.6583 -21.6227 51.3366 -0.8950 -0.2518 0.3681 0.4129 0.6726
25 9.6886 -9.1463 50.8998 -0.9034 0.3828 0.1933 0.4646 0.6589
KMUA_NPC_423.jpg
24 7.6583 -21.6227 51.3366 -0.8950 -0.2518 0.3681 0.4129 0.6726
25 8.0442 -6.5152 46.9250 -0.8579 0.4509 0.2463 0.4646 0.6726
25 8.0943 -25.6005 42.4873 -0.8284 -0.5194 -0.2097 0.4074 0.7023
KMUA_NPC_423.jpg
25 7.8948 -5.6883 38.8997 -0.8465 0.4243 -0.3216 0.4646 0.7061
25 8.0943 -25.6005 42.4873 -0.8284 -0.5194 -0.2097 0.4074 0.7023
25 8.0442 -6.5152 46.9250 -0.8579 0.4509 0.2463 0.4646 0.6726
KMUA_NPC_423.jpg
24 7.6583 -21.6227 51.3366 -0.8950 -0.2518 0.3681 0.4129 0.6726
24 20.9810 -29.5008 56.8113 -0.2520 -0.6391 0.7266 0.3570 0.6726
24 9.9066 -20.3342 54.7140 -0.8590 -0.4145 0.3006 0.4110 0.6589
KMUA_NPC_423.jpg
24 21.7343 -26.0677 58.7791 -0.1598 -0.7855 0.5978 0.3559 0.6589
24 9.9066 -20.3342 54.7140 -0.8590 -0.4145 0.3006 0.4110 0.6589
24 20.9810 -29.5008 56.8113 -0.2520 -0.6391 0.7266 0.3570 0.6726
KMUA_NPC_423.jpg
24 20.9810 -29.5008 56.8113 -0.2520 -0.6391 0.7266 0.3570 0.6726
24 36.4111 -26.2355 57.5788 0.5216 -0.4635 0.7163 0.3053 0.6726
24 21.7343 -26.0677 58.7791 -0.1598 -0.7855 0.5978 0.3559 0.6589
KMUA_NPC_423.jpg
24 36.0233 -22.8082 59.6214 0.7098 -0.4197 0.5658 0.3053 0.6589
24 21.7343 -26.0677 58.7791 -0.1598 -0.7855 0.5978 0.3559 0.6589
24 36.4111 -26.2355 57.5788 0.5216 -0.4635 0.7163 0.3053 0.6726
KMUA_NPC_423.jpg
24 20.9810 -29.5008 56.8113 -0.2520 -0.6391 0.7266 0.3570 0.6726
25 22.4102 -35.6633 46.8386 -0.1900 -0.9817 0.0157 0.3552 0.7035
24 36.4111 -26.2355 57.5788 0.5216 -0.4635 0.7163 0.3053 0.6726
KMUA_NPC_423.jpg
25 8.0943 -25.6005 42.4873 -0.8284 -0.5194 -0.2097 0.4074 0.7023
25 22.4102 -35.6633 46.8386 -0.1900 -0.9817 0.0157 0.3552 0.7035
24 7.6583 -21.6227 51.3366 -0.8950 -0.2518 0.3681 0.4129 0.6726
KMUA_NPC_423.jpg
24 20.9810 -29.5008 56.8113 -0.2520 -0.6391 0.7266 0.3570 0.6726
24 7.6583 -21.6227 51.3366 -0.8950 -0.2518 0.3681 0.4129 0.6726
25 22.4102 -35.6633 46.8386 -0.1900 -0.9817 0.0157 0.3552 0.7035
KMUA_NPC_423.jpg
25 22.4102 -35.6633 46.8386 -0.1900 -0.9817 0.0157 0.3552 0.7035
25 8.0943 -25.6005 42.4873 -0.8284 -0.5194 -0.2097 0.4074 0.7023
25 27.7230 -29.8394 36.1297 0.1341 -0.5582 -0.8188 0.3533 0.7305
KMUA_NPC_423.jpg
25 38.2755 -31.8446 50.3191 0.5931 -0.7615 0.2614 0.3053 0.7061
24 36.4111 -26.2355 57.5788 0.5216 -0.4635 0.7163 0.3053 0.6726
25 22.4102 -35.6633 46.8386 -0.1900 -0.9817 0.0157 0.3552 0.7035
KMUA_NPC_423.jpg
25 22.4102 -35.6633 46.8386 -0.1900 -0.9817 0.0157 0.3552 0.7035
25 27.7230 -29.8394 36.1297 0.1341 -0.5582 -0.8188 0.3533 0.7305
25 38.2755 -31.8446 50.3191 0.5931 -0.7615 0.2614 0.3053 0.7061
KMUA_NPC_423.jpg
25 8.0943 -25.6005 42.4873 -0.8284 -0.5194 -0.2097 0.4074 0.7023
25 7.8948 -5.6883 38.8997 -0.8465 0.4243 -0.3216 0.4646 0.7061
25 13.8163 -22.0059 33.4910 -0.3786 -0.3135 -0.8708 0.4071 0.7293
KMUA_NPC_423.jpg
25 12.2411 -5.7006 33.9579 -0.4195 0.3891 -0.8201 0.4646 0.7330
25 13.8163 -22.0059 33.4910 -0.3786 -0.3135 -0.8708 0.4071 0.7293
25 7.8948 -5.6883 38.8997 -0.8465 0.4243 -0.3216 0.4646 0.7061
KMUA_NPC_423.jpg
25 37.5751 -16.8938 15.0187 0.2558 -0.9524 0.1659 0.3616 0.8416
25 44.5818 -10.9711 14.4859 0.7629 -0.5503 0.3394 0.3293 0.8416
25 35.1238 -16.2467 23.2520 0.1509 -0.9702 -0.1894 0.3606 0.8095
KMUA_NPC_423.jpg
25 37.5751 -16.8938 15.0187 0.2558 -0.9524 0.1659 0.3616 0.8416
25 35.1238 -16.2467 23.2520 0.1509 -0.9702 -0.1894 0.3606 0.8095
25 29.2861 -14.7442 13.3744 -0.7261 -0.6866 0.0364 0.3913 0.8416
KMUA_NPC_423.jpg
25 29.2861 -14.7442 13.3744 -0.7261 -0.6866 0.0364 0.3913 0.8416
25 27.6844 -12.1635 21.6199 -0.7704 -0.5461 -0.3291 0.3992 0.8092
25 25.8227 -2.0886 10.7690 -0.9575 0.2659 0.1115 0.4350 0.8416
KMUA_NPC_423.jpg
25 12.2411 -5.7006 33.9579 -0.4195 0.3891 -0.8201 0.4646 0.7330
25 7.8948 -5.6883 38.8997 -0.8465 0.4243 -0.3216 0.4646 0.7061
25 27.4191 4.8514 41.2237 0.1602 0.7780 -0.6074 0.4071 0.7293
KMUA_NPC_423.jpg
25 12.2411 -5.7006 33.9579 -0.4195 0.3891 -0.8201 0.4646 0.7330
25 27.4191 4.8514 41.2237 0.1602 0.7780 -0.6074 0.4071 0.7293
25 19.3852 -7.8492 33.6559 -0.4572 0.3335 -0.8245 0.4350 0.7592
KMUA_NPC_423.jpg
25 26.7617 8.4319 45.5591 0.0782 0.9933 -0.0853 0.4074 0.7023
25 27.4191 4.8514 41.2237 0.1602 0.7780 -0.6074 0.4071 0.7293
25 7.8948 -5.6883 38.8997 -0.8465 0.4243 -0.3216 0.4646 0.7061
KMUA_NPC_423.jpg
25 7.8948 -5.6883 38.8997 -0.8465 0.4243 -0.3216 0.4646 0.7061
25 8.0442 -6.5152 46.9250 -0.8579 0.4509 0.2463 0.4646 0.6726
25 26.7617 8.4319 45.5591 0.0782 0.9933 -0.0853 0.4074 0.7023
KMUA_NPC_423.jpg
25 8.0442 -6.5152 46.9250 -0.8579 0.4509 0.2463 0.4646 0.6726
25 9.6886 -9.1463 50.8998 -0.9034 0.3828 0.1933 0.4646 0.6589
25 24.8742 5.3245 50.3268 -0.1211 0.8706 0.4769 0.4129 0.6726
KMUA_NPC_423.jpg
25 24.8742 5.3245 50.3268 -0.1211 0.8706 0.4769 0.4129 0.6726
25 26.7617 8.4319 45.5591 0.0782 0.9933 -0.0853 0.4074 0.7023
25 8.0442 -6.5152 46.9250 -0.8579 0.4509 0.2463 0.4646 0.6726
KMUA_NPC_423.jpg
25 23.8953 1.5292 53.9073 -0.0912 0.9033 0.4191 0.4110 0.6589
25 24.8742 5.3245 50.3268 -0.1211 0.8706 0.4769 0.4129 0.6726
25 9.6886 -9.1463 50.8998 -0.9034 0.3828 0.1933 0.4646 0.6589
KMUA_NPC_423.jpg
24 36.4111 -26.2355 57.5788 0.5216 -0.4635 0.7163 0.3053 0.6726
25 38.2755 -31.8446 50.3191 0.5931 -0.7615 0.2614 0.3053 0.7061
25 42.1410 -8.4046 55.2858 0.7259 0.2966 0.6205 0.3570 0.6726
KMUA_NPC_423.jpg
25 24.8742 5.3245 50.3268 -0.1211 0.8706 0.4769 0.4129 0.6726
25 42.1410 -8.4046 55.2858 0.7259 0.2966 0.6205 0.3570 0.6726
25 26.7617 8.4319 45.5591 0.0782 0.9933 -0.0853 0.4074 0.7023
KMUA_NPC_423.jpg
25 24.8742 5.3245 50.3268 -0.1211 0.8706 0.4769 0.4129 0.6726
25 23.8953 1.5292 53.9073 -0.0912 0.9033 0.4191 0.4110 0.6589
25 42.1410 -8.4046 55.2858 0.7259 0.2966 0.6205 0.3570 0.6726
KMUA_NPC_423.jpg
25 39.1157 -7.8476 57.5503 0.7030 0.4592 0.5431 0.3559 0.6589
25 42.1410 -8.4046 55.2858 0.7259 0.2966 0.6205 0.3570 0.6726
25 23.8953 1.5292 53.9073 -0.0912 0.9033 0.4191 0.4110 0.6589
KMUA_NPC_423.jpg
25 42.1410 -8.4046 55.2858 0.7259 0.2966 0.6205 0.3570 0.6726
25 39.1157 -7.8476 57.5503 0.7030 0.4592 0.5431 0.3559 0.6589
24 36.4111 -26.2355 57.5788 0.5216 -0.4635 0.7163 0.3053 0.6726
KMUA_NPC_423.jpg
24 36.0233 -22.8082 59.6214 0.7098 -0.4197 0.5658 0.3053 0.6589
24 36.4111 -26.2355 57.5788 0.5216 -0.4635 0.7163 0.3053 0.6726
25 39.1157 -7.8476 57.5503 0.7030 0.4592 0.5431 0.3559 0.6589
KMUA_NPC_423.jpg
25 38.2755 -31.8446 50.3191 0.5931 -0.7615 0.2614 0.3053 0.7061
25 39.9555 -27.2688 39.9888 0.6879 -0.4626 -0.5593 0.3053 0.7330
25 46.0509 -7.9835 50.1472 0.9114 0.2882 0.2937 0.3552 0.7035
KMUA_NPC_423.jpg
25 46.0509 -7.9835 50.1472 0.9114 0.2882 0.2937 0.3552 0.7035
25 26.7617 8.4319 45.5591 0.0782 0.9933 -0.0853 0.4074 0.7023
25 42.1410 -8.4046 55.2858 0.7259 0.2966 0.6205 0.3570 0.6726
KMUA_NPC_423.jpg
25 26.7617 8.4319 45.5591 0.0782 0.9933 -0.0853 0.4074 0.7023
25 46.0509 -7.9835 50.1472 0.9114 0.2882 0.2937 0.3552 0.7035
25 27.4191 4.8514 41.2237 0.1602 0.7780 -0.6074 0.4071 0.7293
KMUA_NPC_423.jpg
25 46.0509 -7.9835 50.1472 0.9114 0.2882 0.2937 0.3552 0.7035
25 42.1410 -8.4046 55.2858 0.7259 0.2966 0.6205 0.3570 0.6726
25 38.2755 -31.8446 50.3191 0.5931 -0.7615 0.2614 0.3053 0.7061
KMUA_NPC_423.jpg
25 46.6720 -7.5934 44.0162 0.8964 0.2970 -0.3291 0.3533 0.7305
25 46.0509 -7.9835 50.1472 0.9114 0.2882 0.2937 0.3552 0.7035
25 39.9555 -27.2688 39.9888 0.6879 -0.4626 -0.5593 0.3053 0.7330
KMUA_NPC_423.jpg
25 46.6720 -7.5934 44.0162 0.8964 0.2970 -0.3291 0.3533 0.7305
25 27.4191 4.8514 41.2237 0.1602 0.7780 -0.6074 0.4071 0.7293
25 46.0509 -7.9835 50.1472 0.9114 0.2882 0.2937 0.3552 0.7035
KMUA_NPC_423.jpg
25 27.4191 4.8514 41.2237 0.1602 0.7780 -0.6074 0.4071 0.7293
25 46.6720 -7.5934 44.0162 0.8964 0.2970 -0.3291 0.3533 0.7305
25 29.5250 1.0898 38.2154 0.1237 0.9332 -0.3374 0.3993 0.7554
KMUA_NPC_423.jpg
25 25.8227 -2.0886 10.7690 -0.9575 0.2659 0.1115 0.4350 0.8416
25 26.7055 -4.2779 21.3134 -0.9151 0.3561 -0.1890 0.4350 0.8088
25 36.6914 7.8891 17.3225 -0.1435 0.8774 0.4578 0.3913 0.8416
KMUA_NPC_423.jpg
25 50.5681 0.3005 16.8369 0.7179 0.0912 0.6901 0.3616 0.8416
25 41.7877 -3.0711 26.3663 0.8468 0.2916 0.4448 0.3606 0.8095
25 44.5818 -10.9711 14.4859 0.7629 -0.5503 0.3394 0.3293 0.8416
KMUA_NPC_423.jpg
26 28.5348 0.3563 10.1060 -0.8788 0.4723 0.0678 0.2486 0.6966
26 36.3129 6.0309 10.6574 0.0408 0.9842 0.1721 0.2728 0.6686
26 28.9622 0.2075 0.5604 -0.6744 0.3859 -0.6294 0.2767 0.7238
KMUA_NPC_423.jpg
26 28.5348 0.3563 10.1060 -0.8788 0.4723 0.0678 0.2486 0.6966
26 28.9622 0.2075 0.5604 -0.6744 0.3859 -0.6294 0.2767 0.7238
26 27.9973 -12.5460 10.5855 -0.9438 -0.1042 0.3138 0.2106 0.7314
KMUA_NPC_423.jpg
27 25.8421 -23.5681 8.3896 -0.7854 -0.1204 0.6071 0.2053 0.7665
26 27.9973 -12.5460 10.5855 -0.9438 -0.1042 0.3138 0.2106 0.7314
26 25.3092 -22.9274 0.0737 -0.7589 0.0312 -0.6505 0.2297 0.7807
KMUA_NPC_423.jpg
27 25.8421 -23.5681 8.3896 -0.7854 -0.1204 0.6071 0.2053 0.7665
26 25.3092 -22.9274 0.0737 -0.7589 0.0312 -0.6505 0.2297 0.7807
27 26.5371 -29.7875 7.3398 -0.6914 -0.4959 0.5254 0.1971 0.7921
KMUA_NPC_423.jpg
27 25.8421 -23.5681 8.3896 -0.7854 -0.1204 0.6071 0.2053 0.7665
27 26.5371 -29.7875 7.3398 -0.6914 -0.4959 0.5254 0.1971 0.7921
27 35.4928 -24.7547 9.2846 0.1472 -0.2874 0.9464 0.1639 0.7703
KMUA_NPC_423.jpg
27 35.4928 -24.7547 9.2846 0.1472 -0.2874 0.9464 0.1639 0.7703
26 35.6797 -17.8293 13.6618 0.1468 -0.6172 0.7730 0.1639 0.7361
27 25.8421 -23.5681 8.3896 -0.7854 -0.1204 0.6071 0.2053 0.7665
KMUA_NPC_423.jpg
26 27.9973 -12.5460 10.5855 -0.9438 -0.1042 0.3138 0.2106 0.7314
27 25.8421 -23.5681 8.3896 -0.7854 -0.1204 0.6071 0.2053 0.7665
26 35.6797 -17.8293 13.6618 0.1468 -0.6172 0.7730 0.1639 0.7361
KMUA_NPC_423.jpg
26 27.9973 -12.5460 10.5855 -0.9438 -0.1042 0.3138 0.2106 0.7314
26 35.6797 -17.8293 13.6618 0.1468 -0.6172 0.7730 0.1639 0.7361
26 29.1999 -10.6421 17.3505 -0.8960 -0.4424 0.0372 0.1982 0.7092
KMUA_NPC_423.jpg
26 35.3250 -13.8004 17.3580 0.0162 -0.9563 0.2920 0.1639 0.7103
26 29.1999 -10.6421 17.3505 -0.8960 -0.4424 0.0372 0.1982 0.7092
26 35.6797 -17.8293 13.6618 0.1468 -0.6172 0.7730 0.1639 0.7361
KMUA_NPC_423.jpg
26 29.1999 -10.6421 17.3505 -0.8960 -0.4424 0.0372 0.1982 0.7092
26 29.5767 -1.2482 18.5217 -0.8550 0.5058 0.1149 0.2258 0.6795
26 27.9973 -12.5460 10.5855 -0.9438 -0.1042 0.3138 0.2106 0.7314
KMUA_NPC_423.jpg
26 28.5348 0.3563 10.1060 -0.8788 0.4723 0.0678 0.2486 0.6966
26 27.9973 -12.5460 10.5855 -0.9438 -0.1042 0.3138 0.2106 0.7314
26 29.5767 -1.2482 18.5217 -0.8550 0.5058 0.1149 0.2258 0.6795
KMUA_NPC_423.jpg
26 36.3129 6.0309 10.6574 0.0408 0.9842 0.1721 0.2728 0.6686
26 28.5348 0.3563 10.1060 -0.8788 0.4723 0.0678 0.2486 0.6966
26 35.1181 2.9753 18.4638 -0.0632 0.9683 0.2416 0.2475 0.6499
KMUA_NPC_423.jpg
26 29.5767 -1.2482 18.5217 -0.8550 0.5058 0.1149 0.2258 0.6795
26 35.1181 2.9753 18.4638 -0.0632 0.9683 0.2416 0.2475 0.6499
26 28.5348 0.3563 10.1060 -0.8788 0.4723 0.0678 0.2486 0.6966
KMUA_NPC_423.jpg
26 35.3250 -13.8004 17.3580 0.0162 -0.9563 0.2920 0.1639 0.7103
25 34.0961 -15.5394 23.3423 0.0339 -0.9747 -0.2211 0.1639 0.6831
26 29.1999 -10.6421 17.3505 -0.8960 -0.4424 0.0372 0.1982 0.7092
KMUA_NPC_423.jpg
26 29.1999 -10.6421 17.3505 -0.8960 -0.4424 0.0372 0.1982 0.7092
25 27.6606 -11.4424 22.4197 -0.8249 -0.4726 -0.3100 0.1793 0.6786
26 29.5767 -1.2482 18.5217 -0.8550 0.5058 0.1149 0.2258 0.6795
KMUA_NPC_423.jpg
26 29.5767 -1.2482 18.5217 -0.8550 0.5058 0.1149 0.2258 0.6795
25 27.2496 -4.3834 22.3672 -0.9013 0.2717 -0.3375 0.2016 0.6584
26 35.1181 2.9753 18.4638 -0.0632 0.9683 0.2416 0.2475 0.6499
KMUA_NPC_423.jpg
26 35.6797 -17.8293 13.6618 0.1468 -0.6172 0.7730 0.1639 0.7361
27 35.4928 -24.7547 9.2846 0.1472 -0.2874 0.9464 0.1639 0.7703
26 42.8927 -12.2704 9.6360 0.9207 -0.2005 0.3350 0.2106 0.7314
KMUA_NPC_423.jpg
27 44.3078 -20.4604 6.8668 0.8104 -0.1010 0.5771 0.2053 0.7665
26 42.8927 -12.2704 9.6360 0.9207 -0.2005 0.3350 0.2106 0.7314
27 35.4928 -24.7547 9.2846 0.1472 -0.2874 0.9464 0.1639 0.7703
KMUA_NPC_423.jpg
26 42.8927 -12.2704 9.6360 0.9207 -0.2005 0.3350 0.2106 0.7314
27 44.3078 -20.4604 6.8668 0.8104 -0.1010 0.5771 0.2053 0.7665
26 44.8303 -9.8044 0.2653 0.7751 0.0577 -0.6292 0.2503 0.7484
KMUA_NPC_423.jpg
27 35.4928 -24.7547 9.2846 0.1472 -0.2874 0.9464 0.1639 0.7703
27 39.8063 -31.5822 7.0769 0.4363 -0.6612 0.6103 0.1766 0.8020
27 44.3078 -20.4604 6.8668 0.8104 -0.1010 0.5771 0.2053 0.7665
KMUA_NPC_423.jpg
26 35.3250 -13.8004 17.3580 0.0162 -0.9563 0.2920 0.1639 0.7103
26 35.6797 -17.8293 13.6618 0.1468 -0.6172 0.7730 0.1639 0.7361
26 42.1366 -11.0653 15.7328 0.8491 -0.4775 0.2258 0.1982 0.7092
KMUA_NPC_423.jpg
26 42.8927 -12.2704 9.6360 0.9207 -0.2005 0.3350 0.2106 0.7314
26 42.1366 -11.0653 15.7328 0.8491 -0.4775 0.2258 0.1982 0.7092
26 35.6797 -17.8293 13.6618 0.1468 -0.6172 0.7730 0.1639 0.7361
KMUA_NPC_423.jpg
26 36.3129 6.0309 10.6574 0.0408 0.9842 0.1721 0.2728 0.6686
26 43.7608 -0.0891 10.3006 0.8925 0.4178 0.1700 0.2486 0.6966
26 36.4779 5.5371 0.4430 0.0235 0.7923 -0.6096 0.3044 0.6952
KMUA_NPC_423.jpg
26 43.7608 -0.0891 10.3006 0.8925 0.4178 0.1700 0.2486 0.6966
26 42.8927 -12.2704 9.6360 0.9207 -0.2005 0.3350 0.2106 0.7314
26 44.2707 -0.3283 0.3814 0.7231 0.3490 -0.5961 0.2767 0.7238
KMUA_NPC_423.jpg
26 36.3129 6.0309 10.6574 0.0408 0.9842 0.1721 0.2728 0.6686
26 35.1181 2.9753 18.4638 -0.0632 0.9683 0.2416 0.2475 0.6499
26 43.7608 -0.0891 10.3006 0.8925 0.4178 0.1700 0.2486 0.6966
KMUA_NPC_423.jpg
26 42.1366 -11.0653 15.7328 0.8491 -0.4775 0.2258 0.1982 0.7092
26 42.8927 -12.2704 9.6360 0.9207 -0.2005 0.3350 0.2106 0.7314
26 42.2868 -2.0174 17.7627 0.8927 0.3843 0.2354 0.2258 0.6795
KMUA_NPC_423.jpg
26 42.2868 -2.0174 17.7627 0.8927 0.3843 0.2354 0.2258 0.6795
26 43.7608 -0.0891 10.3006 0.8925 0.4178 0.1700 0.2486 0.6966
26 35.1181 2.9753 18.4638 -0.0632 0.9683 0.2416 0.2475 0.6499
KMUA_NPC_423.jpg
26 35.1181 2.9753 18.4638 -0.0632 0.9683 0.2416 0.2475 0.6499
25 34.3255 2.1207 26.0133 0.0269 0.9875 0.1552 0.2265 0.6312
26 42.2868 -2.0174 17.7627 0.8927 0.3843 0.2354 0.2258 0.6795
KMUA_NPC_423.jpg
26 43.7608 -0.0891 10.3006 0.8925 0.4178 0.1700 0.2486 0.6966
26 42.2868 -2.0174 17.7627 0.8927 0.3843 0.2354 0.2258 0.6795
26 42.8927 -12.2704 9.6360 0.9207 -0.2005 0.3350 0.2106 0.7314
KMUA_NPC_423.jpg
26 42.1366 -11.0653 15.7328 0.8491 -0.4775 0.2258 0.1982 0.7092
25 39.3507 -12.4086 24.2932 0.7537 -0.6503 0.0946 0.1793 0.6786
26 35.3250 -13.8004 17.3580 0.0162 -0.9563 0.2920 0.1639 0.7103
KMUA_NPC_423.jpg
26 42.2868 -2.0174 17.7627 0.8927 0.3843 0.2354 0.2258 0.6795
25 40.9666 -4.3193 25.9797 0.9201 0.2746 0.2793 0.2016 0.6584
26 42.1366 -11.0653 15.7328 0.8491 -0.4775 0.2258 0.1982 0.7092
KMUA_NPC_423.jpg
24 16.3371 -19.0478 78.3538 0.0095 -0.9620 0.2729 0.7841 0.4679
2 14.2575 -15.0400 93.0217 0.3809 -0.9242 -0.0295 0.7841 0.4141
24 5.1115 -15.6824 74.9963 -0.7653 -0.6423 -0.0420 0.7379 0.4679
KMUA_NPC_423.jpg
24 5.1115 -15.6824 74.9963 -0.7653 -0.6423 -0.0420 0.7379 0.4679
2 2.2601 -13.9696 90.4993 -0.2322 -0.9086 -0.3472 0.7379 0.4141
24 4.3721 -4.0806 69.8694 -0.9286 0.2142 -0.3030 0.6923 0.4679
KMUA_NPC_423.jpg
24 4.3721 -4.0806 69.8694 -0.9286 0.2142 -0.3030 0.6923 0.4679
25 9.6886 -9.1463 50.8998 -0.9034 0.3828 0.1933 0.6923 0.5327
24 5.1115 -15.6824 74.9963 -0.7653 -0.6423 -0.0420 0.7379 0.4679
KMUA_NPC_423.jpg
24 9.9066 -20.3342 54.7140 -0.8590 -0.4145 0.3006 0.7379 0.5327
24 5.1115 -15.6824 74.9963 -0.7653 -0.6423 -0.0420 0.7379 0.4679
25 9.6886 -9.1463 50.8998 -0.9034 0.3828 0.1933 0.6923 0.5327
KMUA_NPC_423.jpg
24 5.1115 -15.6824 74.9963 -0.7653 -0.6423 -0.0420 0.7379 0.4679
24 9.9066 -20.3342 54.7140 -0.8590 -0.4145 0.3006 0.7379 0.5327
24 16.3371 -19.0478 78.3538 0.0095 -0.9620 0.2729 0.7841 0.4679
KMUA_NPC_423.jpg
24 27.7507 -12.9506 78.9175 0.7950 -0.3622 0.4866 0.8319 0.4679
2 14.2575 -15.0400 93.0217 0.3809 -0.9242 -0.0295 0.7841 0.4141
24 16.3371 -19.0478 78.3538 0.0095 -0.9620 0.2729 0.7841 0.4679
KMUA_NPC_423.jpg
24 36.0233 -22.8082 59.6214 0.7098 -0.4197 0.5658 0.8319 0.5327
24 27.7507 -12.9506 78.9175 0.7950 -0.3622 0.4866 0.8319 0.4679
24 16.3371 -19.0478 78.3538 0.0095 -0.9620 0.2729 0.7841 0.4679
KMUA_NPC_423.jpg
24 21.7343 -26.0677 58.7791 -0.1598 -0.7855 0.5978 0.7841 0.5327
24 16.3371 -19.0478 78.3538 0.0095 -0.9620 0.2729 0.7841 0.4679
24 9.9066 -20.3342 54.7140 -0.8590 -0.4145 0.3006 0.7379 0.5327
KMUA_NPC_423.jpg
24 21.7343 -26.0677 58.7791 -0.1598 -0.7855 0.5978 0.7841 0.5327
24 36.0233 -22.8082 59.6214 0.7098 -0.4197 0.5658 0.8319 0.5327
24 16.3371 -19.0478 78.3538 0.0095 -0.9620 0.2729 0.7841 0.4679
KMUA_NPC_423.jpg
2 -0.2532 -1.5600 81.5997 -0.7676 0.0334 -0.6400 0.9951 0.4317
2 -1.7935 -0.7055 83.2558 -0.0951 -0.0588 -0.9937 0.9951 0.4271
24 9.1093 12.6492 83.2524 0.1381 0.8017 -0.5816 0.9363 0.4223
KMUA_NPC_423.jpg
2 -0.2532 -1.5600 81.5997 -0.7676 0.0334 -0.6400 0.9951 0.4317
24 9.1093 12.6492 83.2524 0.1381 0.8017 -0.5816 0.9363 0.4223
24 4.3721 -4.0806 69.8694 -0.9286 0.2142 -0.3030 0.9951 0.4679
KMUA_NPC_423.jpg
24 13.7060 8.2327 70.8231 -0.1275 0.9546 -0.2691 0.9363 0.4679
24 4.3721 -4.0806 69.8694 -0.9286 0.2142 -0.3030 0.9951 0.4679
24 9.1093 12.6492 83.2524 0.1381 0.8017 -0.5816 0.9363 0.4223
KMUA_NPC_423.jpg
24 9.1093 12.6492 83.2524 0.1381 0.8017 -0.5816 0.9363 0.4223
2 19.2976 7.3277 91.9920 0.8526 0.5198 -0.0530 0.8813 0.4141
24 13.7060 8.2327 70.8231 -0.1275 0.9546 -0.2691 0.9363 0.4679
KMUA_NPC_423.jpg
24 4.3721 -4.0806 69.8694 -0.9286 0.2142 -0.3030 0.9951 0.4679
24 13.7060 8.2327 70.8231 -0.1275 0.9546 -0.2691 0.9363 0.4679
25 9.6886 -9.1463 50.8998 -0.9034 0.3828 0.1933 0.9951 0.5327
KMUA_NPC_423.jpg
25 23.8953 1.5292 53.9073 -0.0912 0.9033 0.4191 0.9363 0.5327
25 9.6886 -9.1463 50.8998 -0.9034 0.3828 0.1933 0.9951 0.5327
24 13.7060 8.2327 70.8231 -0.1275 0.9546 -0.2691 0.9363 0.4679
KMUA_NPC_423.jpg
2 19.2976 7.3277 91.9920 0.8526 0.5198 -0.0530 0.8813 0.4141
2 21.6017 -6.1023 93.4532 0.9596 -0.2764 0.0525 0.8319 0.4141
24 26.7390 0.4998 74.8473 0.7811 0.5899 0.2045 0.8813 0.4679
KMUA_NPC_423.jpg
24 13.7060 8.2327 70.8231 -0.1275 0.9546 -0.2691 0.9363 0.4679
24 26.7390 0.4998 74.8473 0.7811 0.5899 0.2045 0.8813 0.4679
25 23.8953 1.5292 53.9073 -0.0912 0.9033 0.4191 0.9363 0.5327
KMUA_NPC_423.jpg
24 27.7507 -12.9506 78.9175 0.7950 -0.3622 0.4866 0.8319 0.4679
24 26.7390 0.4998 74.8473 0.7811 0.5899 0.2045 0.8813 0.4679
2 21.6017 -6.1023 93.4532 0.9596 -0.2764 0.0525 0.8319 0.4141
KMUA_NPC_423.jpg
24 26.7390 0.4998 74.8473 0.7811 0.5899 0.2045 0.8813 0.4679
24 13.7060 8.2327 70.8231 -0.1275 0.9546 -0.2691 0.9363 0.4679
2 19.2976 7.3277 91.9920 0.8526 0.5198 -0.0530 0.8813 0.4141
KMUA_NPC_423.jpg
24 26.7390 0.4998 74.8473 0.7811 0.5899 0.2045 0.8813 0.4679
24 27.7507 -12.9506 78.9175 0.7950 -0.3622 0.4866 0.8319 0.4679
25 39.1157 -7.8476 57.5503 0.7030 0.4592 0.5431 0.8813 0.5327
KMUA_NPC_423.jpg
25 39.1157 -7.8476 57.5503 0.7030 0.4592 0.5431 0.8813 0.5327
24 27.7507 -12.9506 78.9175 0.7950 -0.3622 0.4866 0.8319 0.4679
24 36.0233 -22.8082 59.6214 0.7098 -0.4197 0.5658 0.8319 0.5327
KMUA_NPC_423.jpg
25 39.1157 -7.8476 57.5503 0.7030 0.4592 0.5431 0.8813 0.5327
25 23.8953 1.5292 53.9073 -0.0912 0.9033 0.4191 0.9363 0.5327
24 26.7390 0.4998 74.8473 0.7811 0.5899 0.2045 0.8813 0.4679
KMUA_NPC_423.jpg
2 26.8254 -9.3169 114.4918 0.8342 0.2107 0.5096 0.4199 0.9403
2 22.6522 -6.7697 114.6866 -0.1572 0.8169 0.5549 0.4547 0.9403
2 22.6648 -16.1713 115.0387 0.2375 -0.7729 0.5884 0.4199 0.9972
KMUA_NPC_423.jpg
2 18.4916 -13.6241 115.2335 -0.7533 -0.1673 0.6361 0.4547 0.9972
2 22.6648 -16.1713 115.0387 0.2375 -0.7729 0.5884 0.4199 0.9972
2 22.6522 -6.7697 114.6866 -0.1572 0.8169 0.5549 0.4547 0.9403
KMUA_NPC_423.jpg
2 22.6648 -16.1713 115.0387 0.2375 -0.7729 0.5884 0.4199 0.9972
2 22.0200 -15.8440 101.7385 0.1924 -0.8035 -0.5633 0.3290 0.9972
2 26.8254 -9.3169 114.4918 0.8342 0.2107 0.5096 0.4199 0.9403
KMUA_NPC_423.jpg
2 26.8254 -9.3169 114.4918 0.8342 0.2107 0.5096 0.4199 0.9403
2 26.0006 -8.8715 101.3028 0.7483 0.2158 -0.6272 0.3290 0.9403
2 22.6522 -6.7697 114.6866 -0.1572 0.8169 0.5549 0.4199 0.9059
KMUA_NPC_423.jpg
2 22.6648 -16.1713 115.0387 0.2375 -0.7729 0.5884 0.4199 0.9403
2 18.4916 -13.6241 115.2335 -0.7533 -0.1673 0.6361 0.4199 0.9059
2 22.0200 -15.8440 101.7385 0.1924 -0.8035 -0.5633 0.3290 0.9403
KMUA_NPC_423.jpg
2 18.4916 -13.6241 115.2335 -0.7533 -0.1673 0.6361 0.3290 0.9059
2 22.6522 -6.7697 114.6866 -0.1572 0.8169 0.5549 0.3290 0.8464
2 17.9365 -13.7595 101.7400 -0.8117 -0.2546 -0.5257 0.4199 0.9059
KMUA_NPC_423.jpg
23 -5.4558 -5.4432 160.9705 -0.5842 -0.6168 0.5275 0.4958 0.4198
23 -0.1918 -8.9365 160.6390 -0.1548 -0.8101 0.5655 0.5625 0.4413
23 2.8056 -5.5572 164.8594 -0.0481 -0.6954 0.7170 0.5625 0.3607
KMUA_NPC_423.jpg
4 -2.7946 -12.0734 153.6109 -0.1447 -0.9169 0.3718 0.5625 0.5355
23 -0.1918 -8.9365 160.6390 -0.1548 -0.8101 0.5655 0.5625 0.4413
23 -5.4558 -5.4432 160.9705 -0.5842 -0.6168 0.5275 0.4958 0.4198
KMUA_NPC_423.jpg
23 -0.1918 -8.9365 160.6390 -0.1548 -0.8101 0.5655 0.5625 0.4413
4 -2.7946 -12.0734 153.6109 -0.1447 -0.9169 0.3718 0.5625 0.5355
23 5.6993 -7.4829 161.3730 0.3067 -0.8032 0.5108 0.6344 0.4224
KMUA_NPC_423.jpg
23 5.6993 -7.4829 161.3730 0.3067 -0.8032 0.5108 0.6344 0.4224
23 12.9262 1.4782 167.9350 0.2325 -0.7078 0.6670 0.7094 0.2992
23 8.0769 -1.7933 165.9240 0.2968 -0.7373 0.6069 0.6381 0.3282
KMUA_NPC_423.jpg
23 5.6993 -7.4829 161.3730 0.3067 -0.8032 0.5108 0.6344 0.4224
23 10.9202 -3.1693 164.0909 0.3458 -0.7517 0.5615 0.7029 0.3689
23 12.9262 1.4782 167.9350 0.2325 -0.7078 0.6670 0.7094 0.2992
KMUA_NPC_423.jpg
23 -5.4558 -5.4432 160.9705 -0.5842 -0.6168 0.5275 0.4958 0.4198
23 -2.3033 -1.4625 165.3289 -0.3946 -0.7027 0.5920 0.4889 0.3284
23 -7.1330 2.1175 166.7850 -0.3363 -0.6770 0.6546 0.4195 0.2996
KMUA_NPC_423.jpg
23 -5.4558 -5.4432 160.9705 -0.5842 -0.6168 0.5275 0.4958 0.4198
23 -7.1330 2.1175 166.7850 -0.3363 -0.6770 0.6546 0.4195 0.2996
23 -9.4578 1.0897 162.8539 -0.6144 -0.5409 0.5744 0.4195 0.3642
KMUA_NPC_423.jpg
4 -7.0413 -8.8156 153.6480 -0.6668 -0.6277 0.4016 0.5020 0.5224
4 -2.7946 -12.0734 153.6109 -0.1447 -0.9169 0.3718 0.5625 0.5355
23 -5.4558 -5.4432 160.9705 -0.5842 -0.6168 0.5275 0.4958 0.4198
KMUA_NPC_423.tga
35 -43.8275 19.0203 55.9149 -0.7896 0.3144 0.5269 0.0154 0.8733
37 -37.9635 -13.2370 48.7303 -0.7627 -0.5451 0.3482 0.2261 0.8733
35 -35.9127 15.4293 69.9189 -0.8428 0.3016 0.4457 0.0154 0.9919
KMUA_NPC_423.tga
37 -4.4576 -33.7187 49.0096 -0.2671 -0.9318 0.2460 0.5013 0.8733
37 -5.0062 -28.7902 67.0862 -0.2678 -0.9242 0.2724 0.5013 0.9919
37 -37.9635 -13.2370 48.7303 -0.7627 -0.5451 0.3482 0.2261 0.8733
KMUA_NPC_423.tga
37 -4.4576 -33.7187 49.0096 -0.2671 -0.9318 0.2460 0.5013 0.8733
33 33.2564 -35.7996 53.3674 0.3074 -0.8181 0.4860 0.7765 0.8733
37 -5.0062 -28.7902 67.0862 -0.2678 -0.9242 0.2724 0.5013 0.9919
KMUA_NPC_423.tga
33 42.8761 -11.0232 69.8170 0.7921 -0.1230 0.5979 0.9867 0.9919
33 25.2580 -29.1413 68.7661 0.3053 -0.8342 0.4593 0.7765 0.9919
33 53.3229 -14.2589 57.4863 0.7719 -0.0828 0.6304 0.9867 0.8733
KMUA_NPC_423.tga
35 -43.8275 19.0203 55.9149 -0.7896 0.3144 0.5269 0.0154 0.8733
35 -35.9127 15.4293 69.9189 -0.8428 0.3016 0.4457 0.0154 0.9911
39 -22.9352 37.1441 49.2850 -0.1982 0.9086 0.3677 0.2262 0.8733
KMUA_NPC_423.tga
39 6.6295 28.3850 62.2652 0.3393 0.9243 0.1749 0.5007 0.9911
39 6.9834 32.4335 44.0887 0.3385 0.9137 0.2249 0.5007 0.8733
39 -18.7285 31.1620 67.4311 -0.2654 0.9099 0.3188 0.2262 0.9911
KMUA_NPC_423.tga
39 6.6295 28.3850 62.2652 0.3393 0.9243 0.1749 0.5007 0.9911
33 32.7687 12.4476 63.7236 0.7266 0.6243 0.2868 0.7765 0.9911
39 6.9834 32.4335 44.0887 0.3385 0.9137 0.2249 0.5007 0.8733
KMUA_NPC_423.tga
33 42.8761 -11.0232 69.8170 0.7921 -0.1230 0.5979 0.9867 0.9911
33 53.3229 -14.2589 57.4863 0.7719 -0.0828 0.6304 0.9867 0.8733
33 32.7687 12.4476 63.7236 0.7266 0.6243 0.2868 0.7765 0.9911
KMUA_NPC_423.tga
18 -34.3327 40.4625 86.0498 -0.6483 0.6452 -0.4042 0.7957 0.4408
18 -39.2266 31.1667 90.5904 -0.9391 -0.1038 -0.3275 0.7053 0.3392
18 -35.4932 43.3221 92.4489 -0.6538 0.7557 -0.0380 0.6664 0.4857
KMUA_NPC_423.tga
18 -34.3327 40.4625 86.0498 -0.6483 0.6452 -0.4042 0.7957 0.4408
18 -35.4932 43.3221 92.4489 -0.6538 0.7557 -0.0380 0.6664 0.4857
18 -22.4354 43.8288 85.4126 0.2456 0.8698 -0.4280 0.7053 0.3392
KMUA_NPC_423.tga
17 -31.6451 41.3731 123.0145 -0.7708 0.6152 -0.1654 0.9922 0.1073
17 -30.9671 40.4169 116.2999 -0.7690 0.5955 -0.2324 0.9930 0.1954
17 -34.5744 24.9145 122.2331 -0.9685 -0.2465 -0.0357 0.8760 0.1081
KMUA_NPC_423.tga
17 -34.8414 26.7319 115.7852 -0.9707 -0.1408 -0.1947 0.8671 0.1975
17 -34.5744 24.9145 122.2331 -0.9685 -0.2465 -0.0357 0.8760 0.1081
17 -30.9671 40.4169 116.2999 -0.7690 0.5955 -0.2324 0.9930 0.1954
KMUA_NPC_423.tga
17 -34.8414 26.7319 115.7852 -0.9707 -0.1408 -0.1947 0.8671 0.1975
17 -27.2336 17.6046 112.8158 -0.3497 -0.8655 -0.3587 0.7448 0.2078
17 -34.5744 24.9145 122.2331 -0.9685 -0.2465 -0.0357 0.8760 0.1081
KMUA_NPC_423.tga
17 -25.3547 15.6772 118.1686 -0.2926 -0.9164 -0.2731 0.7229 0.1091
17 -34.5744 24.9145 122.2331 -0.9685 -0.2465 -0.0357 0.8760 0.1081
17 -27.2336 17.6046 112.8158 -0.3497 -0.8655 -0.3587 0.7448 0.2078
KMUA_NPC_423.tga
17 -27.2336 17.6046 112.8158 -0.3497 -0.8655 -0.3587 0.7448 0.2078
17 -12.8748 24.0052 108.5991 0.5111 -0.5193 -0.6849 0.5894 0.1982
17 -25.3547 15.6772 118.1686 -0.2926 -0.9164 -0.2731 0.7229 0.1091
KMUA_NPC_423.tga
17 -10.2368 21.4421 111.2613 0.3971 -0.4322 -0.8096 0.5886 0.1101
17 -25.3547 15.6772 118.1686 -0.2926 -0.9164 -0.2731 0.7229 0.1091
17 -12.8748 24.0052 108.5991 0.5111 -0.5193 -0.6849 0.5894 0.1982
KMUA_NPC_423.tga
17 -31.6451 41.3731 123.0145 -0.7708 0.6152 -0.1654 0.9922 0.1073
17 -18.2824 47.4185 122.3048 0.0214 0.9992 -0.0331 0.8760 0.1081
17 -30.9671 40.4169 116.2999 -0.7690 0.5955 -0.2324 0.9930 0.1954
KMUA_NPC_423.tga
17 -19.2527 47.0951 114.3438 -0.0345 0.9760 -0.2149 0.8671 0.1975
17 -30.9671 40.4169 116.2999 -0.7690 0.5955 -0.2324 0.9930 0.1954
17 -18.2824 47.4185 122.3048 0.0214 0.9992 -0.0331 0.8760 0.1081
KMUA_NPC_423.tga
17 -19.2527 47.0951 114.3438 -0.0345 0.9760 -0.2149 0.8671 0.1975
17 -18.2824 47.4185 122.3048 0.0214 0.9992 -0.0331 0.8760 0.1081
17 -8.2039 40.1523 109.8905 0.7823 0.4524 -0.4281 0.7448 0.2078
KMUA_NPC_423.tga
17 -5.0649 36.2740 116.7966 0.9117 0.2793 -0.3013 0.7229 0.1091
17 -8.2039 40.1523 109.8905 0.7823 0.4524 -0.4281 0.7448 0.2078
17 -18.2824 47.4185 122.3048 0.0214 0.9992 -0.0331 0.8760 0.1081
KMUA_NPC_423.tga
17 -8.2039 40.1523 109.8905 0.7823 0.4524 -0.4281 0.7448 0.2078
17 -5.0649 36.2740 116.7966 0.9117 0.2793 -0.3013 0.7229 0.1091
17 -12.8748 24.0052 108.5991 0.5111 -0.5193 -0.6849 0.5894 0.1982
KMUA_NPC_423.tga
17 -10.2368 21.4421 111.2613 0.3971 -0.4322 -0.8096 0.5886 0.1101
17 -12.8748 24.0052 108.5991 0.5111 -0.5193 -0.6849 0.5894 0.1982
17 -5.0649 36.2740 116.7966 0.9117 0.2793 -0.3013 0.7229 0.1091
KMUA_NPC_423.tga
15 -11.8462 36.0965 144.7856 0.3091 0.9387 0.1524 0.5065 0.7828
15 -14.7934 34.1100 156.3216 0.1614 0.7565 0.6338 0.4624 0.6572
4 -5.0601 32.3909 148.0581 0.1491 0.9723 0.1800 0.6175 0.7345
KMUA_NPC_423.tga
15 -11.8462 36.0965 144.7856 0.3091 0.9387 0.1524 0.5065 0.7828
15 -22.7105 40.8099 145.2663 0.2400 0.9138 0.3278 0.3782 0.8009
15 -14.7934 34.1100 156.3216 0.1614 0.7565 0.6338 0.4624 0.6572
KMUA_NPC_423.tga
15 -22.7105 40.8099 145.2663 0.2400 0.9138 0.3278 0.3782 0.8009
15 -28.2509 39.4844 151.5912 0.1334 0.8622 0.4888 0.3136 0.7339
15 -14.7934 34.1100 156.3216 0.1614 0.7565 0.6338 0.4624 0.6572
KMUA_NPC_423.tga
15 -14.7934 34.1100 156.3216 0.1614 0.7565 0.6338 0.4624 0.6572
15 -28.2509 39.4844 151.5912 0.1334 0.8622 0.4888 0.3136 0.7339
15 -36.9868 32.7743 159.7450 -0.0953 0.0885 0.9915 0.2185 0.6182
KMUA_NPC_423.tga
15 -36.5207 44.2228 141.1818 0.1379 0.9382 0.3174 0.2282 0.8630
15 -28.2509 39.4844 151.5912 0.1334 0.8622 0.4888 0.3136 0.7339
15 -22.7105 40.8099 145.2663 0.2400 0.9138 0.3278 0.3782 0.8009
KMUA_NPC_423.tga
15 -28.1764 26.9905 159.7569 -0.1661 -0.0664 0.9839 0.3197 0.5634
15 -14.7934 34.1100 156.3216 0.1614 0.7565 0.6338 0.4624 0.6572
15 -36.9868 32.7743 159.7450 -0.0953 0.0885 0.9915 0.2185 0.6182
KMUA_NPC_423.tga
15 -36.9086 21.3788 153.4129 -0.5452 -0.4959 0.6759 0.1454 0.7114
15 -33.4209 12.4795 148.2016 -0.6309 -0.5866 0.5078 0.1008 0.6019
15 -28.0335 10.9805 152.3812 -0.5485 -0.5156 0.6583 0.1650 0.5621
KMUA_NPC_423.tga
15 -28.0335 10.9805 152.3812 -0.5485 -0.5156 0.6583 0.1650 0.5621
15 -28.1764 26.9905 159.7569 -0.1661 -0.0664 0.9839 0.2745 0.7179
15 -36.9086 21.3788 153.4129 -0.5452 -0.4959 0.6759 0.1454 0.7114
KMUA_NPC_423.tga
15 -36.9868 32.7743 159.7450 -0.0953 0.0885 0.9915 0.2293 0.8239
15 -36.9086 21.3788 153.4129 -0.5452 -0.4959 0.6759 0.1454 0.7114
15 -28.1764 26.9905 159.7569 -0.1661 -0.0664 0.9839 0.2745 0.7179
KMUA_NPC_423.tga
4 -22.4535 -3.6502 140.4687 -0.6264 -0.6956 0.3519 0.0531 0.3925
15 -28.0335 10.9805 152.3812 -0.5485 -0.5156 0.6583 0.1650 0.5621
15 -33.4209 12.4795 148.2016 -0.6309 -0.5866 0.5078 0.1008 0.6019
KMUA_NPC_423.tga
15 -45.2366 25.2445 142.3052 -0.7589 -0.5239 0.3867 0.0062 0.7791
15 -33.4209 12.4795 148.2016 -0.6309 -0.5866 0.5078 0.1008 0.6019
15 -36.9086 21.3788 153.4129 -0.5452 -0.4959 0.6759 0.1454 0.7114
KMUA_NPC_423.tga
4 -22.4535 -3.6502 140.4687 -0.6264 -0.6956 0.3519 0.0531 0.3925
4 -15.4609 -4.8308 151.3782 -0.5325 -0.6516 0.5403 0.1865 0.3554
15 -28.0335 10.9805 152.3812 -0.5485 -0.5156 0.6583 0.1650 0.5621
KMUA_NPC_423.tga
4 -15.4609 -4.8308 151.3782 -0.5325 -0.6516 0.5403 0.1865 0.3554
4 -22.4535 -3.6502 140.4687 -0.6264 -0.6956 0.3519 0.0531 0.3925
4 -5.7310 -13.8572 148.0198 -0.3533 -0.8225 0.4457 0.1855 0.2083
KMUA_NPC_423.tga
4 -8.0001 -16.1661 136.4913 -0.4311 -0.8646 0.2580 0.0642 0.1737
4 -5.7310 -13.8572 148.0198 -0.3533 -0.8225 0.4457 0.1855 0.2083
4 -22.4535 -3.6502 140.4687 -0.6264 -0.6956 0.3519 0.0531 0.3925
KMUA_NPC_423.tga
4 -8.0001 -16.1661 136.4913 -0.4311 -0.8646 0.2580 0.0642 0.1737
4 9.5408 -16.6150 146.5607 -0.0108 -0.9453 0.3260 0.2276 0.0426
4 -5.7310 -13.8572 148.0198 -0.3533 -0.8225 0.4457 0.1855 0.2083
KMUA_NPC_423.tga
4 7.2051 -14.4459 152.4629 -0.0696 -0.8453 0.5297 0.2703 0.1006
4 -5.7310 -13.8572 148.0198 -0.3533 -0.8225 0.4457 0.1855 0.2083
4 9.5408 -16.6150 146.5607 -0.0108 -0.9453 0.3260 0.2276 0.0426
KMUA_NPC_423.tga
4 9.5408 -16.6150 146.5607 -0.0108 -0.9453 0.3260 0.2276 0.0426
6 18.8879 -8.7188 158.1960 0.1463 -0.7670 0.6247 0.4110 0.0176
4 7.2051 -14.4459 152.4629 -0.0696 -0.8453 0.5297 0.2703 0.1006
KMUA_NPC_423.tga
14 36.4711 -26.0021 141.6957 0.0608 -0.8108 0.5821 0.3744 0.5412
14 46.0873 -25.3986 139.0287 0.2414 -0.7628 0.5998 0.4601 0.6390
14 44.0822 -18.0062 149.6989 0.1677 -0.8973 0.4083 0.5125 0.4995
KMUA_NPC_423.tga
14 53.0554 -17.4885 145.6257 0.3391 -0.8432 0.4172 0.5925 0.5960
14 44.0822 -18.0062 149.6989 0.1677 -0.8973 0.4083 0.5125 0.4995
14 46.0873 -25.3986 139.0287 0.2414 -0.7628 0.5998 0.4601 0.6390
KMUA_NPC_423.tga
14 44.0822 -18.0062 149.6989 0.1677 -0.8973 0.4083 0.5125 0.4995
14 31.8126 -18.8160 151.7339 -0.0291 -0.9062 0.4220 0.4147 0.3836
14 36.4711 -26.0021 141.6957 0.0608 -0.8108 0.5821 0.3744 0.5412
KMUA_NPC_423.tga
14 25.7994 -24.6688 140.6553 -0.1458 -0.8624 0.4849 0.2807 0.4412
14 36.4711 -26.0021 141.6957 0.0608 -0.8108 0.5821 0.3744 0.5412
14 31.8126 -18.8160 151.7339 -0.0291 -0.9062 0.4220 0.4147 0.3836
KMUA_NPC_423.tga
14 25.7994 -24.6688 140.6553 -0.1458 -0.8624 0.4849 0.2807 0.4412
14 31.8126 -18.8160 151.7339 -0.0291 -0.9062 0.4220 0.4147 0.3836
14 15.5420 -16.6682 152.8116 -0.0564 -0.9167 0.3955 0.3083 0.2245
KMUA_NPC_423.tga
14 31.8126 -18.8160 151.7339 -0.0291 -0.9062 0.4220 0.4147 0.3836
14 26.8120 -14.5795 161.1100 -0.2155 -0.9157 0.3393 0.4514 0.2469
14 15.5420 -16.6682 152.8116 -0.0564 -0.9167 0.3955 0.3083 0.2245
KMUA_NPC_423.tga
14 26.8120 -14.5795 161.1100 -0.2155 -0.9157 0.3393 0.4514 0.2469
14 18.9035 -13.4952 160.9997 -0.0725 -0.8861 0.4579 0.4084 0.1702
14 15.5420 -16.6682 152.8116 -0.0564 -0.9167 0.3955 0.3083 0.2245
KMUA_NPC_423.tga
14 10.1469 -15.9533 155.8703 0.0323 -0.9217 0.3865 0.3008 0.1398
14 15.5420 -16.6682 152.8116 -0.0564 -0.9167 0.3955 0.3083 0.2245
14 18.9035 -13.4952 160.9997 -0.0725 -0.8861 0.4579 0.4084 0.1702
KMUA_NPC_423.tga
14 8.7663 -11.8711 164.3713 0.0383 -0.8502 0.5250 0.3767 0.0506
14 10.1469 -15.9533 155.8703 0.0323 -0.9217 0.3865 0.3008 0.1398
14 18.9035 -13.4952 160.9997 -0.0725 -0.8861 0.4579 0.4084 0.1702
KMUA_NPC_423.tga
14 14.3542 -2.6426 176.5331 -0.1387 -0.5663 0.8124 0.5441 0.0106
14 8.7663 -11.8711 164.3713 0.0383 -0.8502 0.5250 0.3767 0.0506
14 18.9035 -13.4952 160.9997 -0.0725 -0.8861 0.4579 0.4084 0.1702
KMUA_NPC_423.tga
14 55.6412 -22.4456 139.1042 0.3615 -0.6884 0.6288 0.5704 0.6904
14 53.0554 -17.4885 145.6257 0.3391 -0.8432 0.4172 0.5925 0.5960
14 46.0873 -25.3986 139.0287 0.2414 -0.7628 0.5998 0.4601 0.6390
KMUA_NPC_423.tga
14 53.0554 -17.4885 145.6257 0.3391 -0.8432 0.4172 0.5925 0.5960
14 55.6412 -22.4456 139.1042 0.3615 -0.6884 0.6288 0.5704 0.6904
14 60.5414 -13.2271 144.6776 0.8720 -0.3463 0.3459 0.6985 0.6334
KMUA_NPC_423.tga
14 63.6827 -15.0073 139.0730 0.7899 -0.2963 0.5369 0.6985 0.7073
14 60.5414 -13.2271 144.6776 0.8720 -0.3463 0.3459 0.6985 0.6334
14 55.6412 -22.4456 139.1042 0.3615 -0.6884 0.6288 0.5704 0.6904
KMUA_NPC_423.tga
14 17.4050 -22.3736 141.1618 -0.2191 -0.8896 0.4007 0.2256 0.3539
14 25.7994 -24.6688 140.6553 -0.1458 -0.8624 0.4849 0.2807 0.4412
14 15.5420 -16.6682 152.8116 -0.0564 -0.9167 0.3955 0.3083 0.2245
KMUA_NPC_423.tga
14 58.9828 4.7357 136.6848 0.7497 0.4248 0.5074 0.4601 0.6390
14 52.9120 12.4170 138.7074 0.6582 0.5853 0.4735 0.3744 0.5412
14 52.8722 2.5342 148.1012 0.7847 0.5445 0.2961 0.5125 0.4995
KMUA_NPC_423.tga
14 52.8722 2.5342 148.1012 0.7847 0.5445 0.2961 0.5125 0.4995
14 58.4811 -4.8097 144.6396 0.8649 0.3854 0.3217 0.5925 0.5960
14 58.9828 4.7357 136.6848 0.7497 0.4248 0.5074 0.4601 0.6390
KMUA_NPC_423.tga
14 52.8722 2.5342 148.1012 0.7847 0.5445 0.2961 0.5125 0.4995
14 52.9120 12.4170 138.7074 0.6582 0.5853 0.4735 0.3744 0.5412
14 45.0782 12.1832 149.3228 0.6557 0.6940 0.2975 0.4147 0.3836
KMUA_NPC_423.tga
14 44.5092 19.0524 137.2546 0.5469 0.7563 0.3590 0.2807 0.4412
14 45.0782 12.1832 149.3228 0.6557 0.6940 0.2975 0.4147 0.3836
14 52.9120 12.4170 138.7074 0.6582 0.5853 0.4735 0.3744 0.5412
KMUA_NPC_423.tga
14 45.0782 12.1832 149.3228 0.6557 0.6940 0.2975 0.4147 0.3836
14 44.5092 19.0524 137.2546 0.5469 0.7563 0.3590 0.2807 0.4412
14 32.3334 22.5699 149.7597 0.6429 0.7174 0.2684 0.3083 0.2245
KMUA_NPC_423.tga
14 39.0936 14.1201 158.8777 0.5289 0.8238 0.2041 0.4514 0.2469
14 45.0782 12.1832 149.3228 0.6557 0.6940 0.2975 0.4147 0.3836
14 32.3334 22.5699 149.7597 0.6429 0.7174 0.2684 0.3083 0.2245
KMUA_NPC_423.tga
14 32.8343 19.0583 158.4677 0.6132 0.7162 0.3333 0.4084 0.1702
14 39.0936 14.1201 158.8777 0.5289 0.8238 0.2041 0.4514 0.2469
14 32.3334 22.5699 149.7597 0.6429 0.7174 0.2684 0.3083 0.2245
KMUA_NPC_423.tga
14 32.3334 22.5699 149.7597 0.6429 0.7174 0.2684 0.3083 0.2245
14 28.2566 26.3656 152.5787 0.7074 0.6557 0.2637 0.3008 0.1398
14 32.8343 19.0583 158.4677 0.6132 0.7162 0.3333 0.4084 0.1702
KMUA_NPC_423.tga
14 28.2566 26.3656 152.5787 0.7074 0.6557 0.2637 0.3008 0.1398
14 24.8391 25.6879 161.4500 0.6678 0.6208 0.4106 0.3767 0.0506
14 32.8343 19.0583 158.4677 0.6132 0.7162 0.3333 0.4084 0.1702
KMUA_NPC_423.tga
14 24.8391 25.6879 161.4500 0.6678 0.6208 0.4106 0.3767 0.0506
14 22.7449 16.9648 175.0080 0.4220 0.5974 0.6819 0.5441 0.0106
14 32.8343 19.0583 158.4677 0.6132 0.7162 0.3333 0.4084 0.1702
KMUA_NPC_423.tga
14 58.4811 -4.8097 144.6396 0.8649 0.3854 0.3217 0.5925 0.5960
14 63.4731 -4.1440 137.6807 0.7808 0.2915 0.5526 0.5704 0.6904
14 58.9828 4.7357 136.6848 0.7497 0.4248 0.5074 0.4601 0.6390
KMUA_NPC_423.tga
14 58.4811 -4.8097 144.6396 0.8649 0.3854 0.3217 0.5925 0.5960
14 60.5414 -13.2271 144.6776 0.8720 -0.3463 0.3459 0.6985 0.6334
14 63.4731 -4.1440 137.6807 0.7808 0.2915 0.5526 0.5704 0.6904
KMUA_NPC_423.tga
14 63.6827 -15.0073 139.0730 0.7899 -0.2963 0.5369 0.6985 0.7073
14 63.4731 -4.1440 137.6807 0.7808 0.2915 0.5526 0.5704 0.6904
14 60.5414 -13.2271 144.6776 0.8720 -0.3463 0.3459 0.6985 0.6334
KMUA_NPC_423.tga
14 44.5092 19.0524 137.2546 0.5469 0.7563 0.3590 0.2807 0.4412
14 37.0767 23.5953 137.5863 0.5111 0.8167 0.2680 0.2256 0.3539
14 32.3334 22.5699 149.7597 0.6429 0.7174 0.2684 0.3083 0.2245
KMUA_NPC_423.tga
15 -33.4209 12.4795 148.2016 0.6580 0.5555 -0.5084 0.1008 0.6019
15 -36.9086 21.3788 153.4129 0.5452 0.4959 -0.6759 0.1454 0.7114
15 -28.0335 10.9805 152.3812 0.5004 0.4974 -0.7086 0.1650 0.5621
KMUA_NPC_423.tga
15 -28.0335 10.9805 152.3812 0.5004 0.4974 -0.7086 0.1650 0.5621
15 -36.9086 21.3788 153.4129 0.5452 0.4959 -0.6759 0.1454 0.7114
15 -28.1764 26.9905 159.7569 0.0791 -0.0029 -0.9969 0.2745 0.7179
KMUA_NPC_423.tga
15 -36.9868 32.7743 159.7450 0.0953 -0.0885 -0.9915 0.2293 0.8239
15 -28.1764 26.9905 159.7569 0.0791 -0.0029 -0.9969 0.2745 0.7179
15 -36.9086 21.3788 153.4129 0.5452 0.4959 -0.6759 0.1454 0.7114
KMUA_NPC_423.tga
15 -33.4209 12.4795 148.2016 0.6580 0.5555 -0.5084 0.1008 0.6019
15 -45.2366 25.2445 142.3052 0.7589 0.5239 -0.3867 0.0062 0.7791
15 -36.9086 21.3788 153.4129 0.5452 0.4959 -0.6759 0.1454 0.7114
KMUA_NPC_423.tga
15 -22.7105 40.8099 145.2663 -0.2400 -0.9138 -0.3278 0.3782 0.8009
15 -11.8462 36.0965 144.7856 -0.3944 -0.8834 -0.2529 0.5065 0.7828
15 -14.7934 34.1100 156.3216 -0.1903 -0.7131 -0.6747 0.4624 0.6572
KMUA_NPC_423.tga
15 -28.2509 39.4844 151.5912 -0.1334 -0.8622 -0.4888 0.3136 0.7339
15 -22.7105 40.8099 145.2663 -0.2400 -0.9138 -0.3278 0.3782 0.8009
15 -14.7934 34.1100 156.3216 -0.1903 -0.7131 -0.6747 0.4624 0.6572
KMUA_NPC_423.tga
15 -28.2509 39.4844 151.5912 -0.1334 -0.8622 -0.4888 0.3136 0.7339
15 -14.7934 34.1100 156.3216 -0.1903 -0.7131 -0.6747 0.4624 0.6572
15 -36.9868 32.7743 159.7450 0.0953 -0.0885 -0.9915 0.2185 0.6182
KMUA_NPC_423.tga
15 -28.2509 39.4844 151.5912 -0.1334 -0.8622 -0.4888 0.3136 0.7339
15 -36.5207 44.2228 141.1818 -0.1379 -0.9382 -0.3174 0.2282 0.8630
15 -22.7105 40.8099 145.2663 -0.2400 -0.9138 -0.3278 0.3782 0.8009
KMUA_NPC_423.tga
15 -14.7934 34.1100 156.3216 -0.1903 -0.7131 -0.6747 0.4624 0.6572
15 -28.1764 26.9905 159.7569 0.0791 -0.0029 -0.9969 0.3197 0.5634
15 -36.9868 32.7743 159.7450 0.0953 -0.0885 -0.9915 0.2185 0.6182
KMUA_NPC_423.tga
14 46.0873 -25.3986 139.0287 -0.2414 0.7628 -0.5998 0.4601 0.6390
14 36.4711 -26.0021 141.6957 -0.0608 0.8108 -0.5821 0.3744 0.5412
14 44.0822 -18.0062 149.6989 -0.2272 0.7691 -0.5974 0.5125 0.4995
KMUA_NPC_423.tga
14 44.0822 -18.0062 149.6989 -0.2272 0.7691 -0.5974 0.5125 0.4995
14 53.0554 -17.4885 145.6257 -0.3410 0.6996 -0.6280 0.5925 0.5960
14 46.0873 -25.3986 139.0287 -0.2414 0.7628 -0.5998 0.4601 0.6390
KMUA_NPC_423.tga
14 44.0822 -18.0062 149.6989 -0.2272 0.7691 -0.5974 0.5125 0.4995
14 36.4711 -26.0021 141.6957 -0.0608 0.8108 -0.5821 0.3744 0.5412
14 31.8126 -18.8160 151.7339 0.0374 0.8583 -0.5117 0.4147 0.3836
KMUA_NPC_423.tga
14 25.7994 -24.6688 140.6553 0.1458 0.8624 -0.4849 0.2807 0.4412
14 31.8126 -18.8160 151.7339 0.0374 0.8583 -0.5117 0.4147 0.3836
14 36.4711 -26.0021 141.6957 -0.0608 0.8108 -0.5821 0.3744 0.5412
KMUA_NPC_423.tga
14 31.8126 -18.8160 151.7339 0.0374 0.8583 -0.5117 0.4147 0.3836
14 25.7994 -24.6688 140.6553 0.1458 0.8624 -0.4849 0.2807 0.4412
14 15.5420 -16.6682 152.8116 0.0564 0.9167 -0.3955 0.3083 0.2245
KMUA_NPC_423.tga
14 26.8120 -14.5795 161.1100 0.1084 0.9192 -0.3786 0.4514 0.2469
14 31.8126 -18.8160 151.7339 0.0374 0.8583 -0.5117 0.4147 0.3836
14 15.5420 -16.6682 152.8116 0.0564 0.9167 -0.3955 0.3083 0.2245
KMUA_NPC_423.tga
14 18.9035 -13.4952 160.9997 0.0319 0.8954 -0.4441 0.4084 0.1702
14 26.8120 -14.5795 161.1100 0.1084 0.9192 -0.3786 0.4514 0.2469
14 15.5420 -16.6682 152.8116 0.0564 0.9167 -0.3955 0.3083 0.2245
KMUA_NPC_423.tga
14 15.5420 -16.6682 152.8116 0.0564 0.9167 -0.3955 0.3083 0.2245
14 10.1469 -15.9533 155.8703 -0.0323 0.9217 -0.3865 0.3008 0.1398
14 18.9035 -13.4952 160.9997 0.0319 0.8954 -0.4441 0.4084 0.1702
KMUA_NPC_423.tga
14 8.7663 -11.8711 164.3713 -0.0383 0.8502 -0.5250 0.3767 0.0506
14 14.3542 -2.6426 176.5331 -0.1387 -0.5663 0.8124 0.5441 0.0106
14 18.9035 -13.4952 160.9997 0.0319 0.8954 -0.4441 0.4084 0.1702
KMUA_NPC_423.tga
14 10.1469 -15.9533 155.8703 -0.0323 0.9217 -0.3865 0.3008 0.1398
14 8.7663 -11.8711 164.3713 -0.0383 0.8502 -0.5250 0.3767 0.0506
14 18.9035 -13.4952 160.9997 0.0319 0.8954 -0.4441 0.4084 0.1702
KMUA_NPC_423.tga
14 53.0554 -17.4885 145.6257 -0.3410 0.6996 -0.6280 0.5925 0.5960
14 55.6412 -22.4456 139.1042 -0.3615 0.6884 -0.6288 0.5704 0.6904
14 46.0873 -25.3986 139.0287 -0.2414 0.7628 -0.5998 0.4601 0.6390
KMUA_NPC_423.tga
14 53.0554 -17.4885 145.6257 -0.3410 0.6996 -0.6280 0.5925 0.5960
14 60.5414 -13.2271 144.6776 -0.7506 0.2745 -0.6010 0.6985 0.6334
14 55.6412 -22.4456 139.1042 -0.3615 0.6884 -0.6288 0.5704 0.6904
KMUA_NPC_423.tga
14 63.6827 -15.0073 139.0730 -0.7899 0.2963 -0.5369 0.6985 0.7073
14 55.6412 -22.4456 139.1042 -0.3615 0.6884 -0.6288 0.5704 0.6904
14 60.5414 -13.2271 144.6776 -0.7506 0.2745 -0.6010 0.6985 0.6334
KMUA_NPC_423.tga
14 25.7994 -24.6688 140.6553 0.1458 0.8624 -0.4849 0.2807 0.4412
14 17.4050 -22.3736 141.1618 0.2191 0.8896 -0.4007 0.2256 0.3539
14 15.5420 -16.6682 152.8116 0.0564 0.9167 -0.3955 0.3083 0.2245
KMUA_NPC_423.tga
14 52.9120 12.4170 138.7074 -0.6582 -0.5853 -0.4735 0.3744 0.5412
14 58.9828 4.7357 136.6848 -0.7497 -0.4248 -0.5074 0.4601 0.6390
14 52.8722 2.5342 148.1012 -0.7443 -0.4390 -0.5033 0.5125 0.4995
KMUA_NPC_423.tga
14 58.4811 -4.8097 144.6396 -0.7746 -0.3137 -0.5492 0.5925 0.5960
14 52.8722 2.5342 148.1012 -0.7443 -0.4390 -0.5033 0.5125 0.4995
14 58.9828 4.7357 136.6848 -0.7497 -0.4248 -0.5074 0.4601 0.6390
KMUA_NPC_423.tga
14 52.8722 2.5342 148.1012 -0.7443 -0.4390 -0.5033 0.5125 0.4995
14 45.0782 12.1832 149.3228 -0.6205 -0.6791 -0.3921 0.4147 0.3836
14 52.9120 12.4170 138.7074 -0.6582 -0.5853 -0.4735 0.3744 0.5412
KMUA_NPC_423.tga
14 44.5092 19.0524 137.2546 -0.5469 -0.7563 -0.3590 0.2807 0.4412
14 52.9120 12.4170 138.7074 -0.6582 -0.5853 -0.4735 0.3744 0.5412
14 45.0782 12.1832 149.3228 -0.6205 -0.6791 -0.3921 0.4147 0.3836
KMUA_NPC_423.tga
14 44.5092 19.0524 137.2546 -0.5469 -0.7563 -0.3590 0.2807 0.4412
14 45.0782 12.1832 149.3228 -0.6205 -0.6791 -0.3921 0.4147 0.3836
14 32.3334 22.5699 149.7597 -0.6429 -0.7174 -0.2684 0.3083 0.2245
KMUA_NPC_423.tga
14 45.0782 12.1832 149.3228 -0.6205 -0.6791 -0.3921 0.4147 0.3836
14 39.0936 14.1201 158.8777 -0.6077 -0.7543 -0.2485 0.4514 0.2469
14 32.3334 22.5699 149.7597 -0.6429 -0.7174 -0.2684 0.3083 0.2245
KMUA_NPC_423.tga
14 39.0936 14.1201 158.8777 -0.6077 -0.7543 -0.2485 0.4514 0.2469
14 32.8343 19.0583 158.4677 -0.6472 -0.6916 -0.3207 0.4084 0.1702
14 32.3334 22.5699 149.7597 -0.6429 -0.7174 -0.2684 0.3083 0.2245
KMUA_NPC_423.tga
14 28.2566 26.3656 152.5787 -0.7074 -0.6557 -0.2637 0.3008 0.1398
14 32.3334 22.5699 149.7597 -0.6429 -0.7174 -0.2684 0.3083 0.2245
14 32.8343 19.0583 158.4677 -0.6472 -0.6916 -0.3207 0.4084 0.1702
KMUA_NPC_423.tga
14 24.8391 25.6879 161.4500 -0.6678 -0.6208 -0.4106 0.3767 0.0506
14 28.2566 26.3656 152.5787 -0.7074 -0.6557 -0.2637 0.3008 0.1398
14 32.8343 19.0583 158.4677 -0.6472 -0.6916 -0.3207 0.4084 0.1702
KMUA_NPC_423.tga
14 22.7449 16.9648 175.0080 -0.8375 -0.0200 -0.5461 0.5441 0.0106
14 24.8391 25.6879 161.4500 -0.6678 -0.6208 -0.4106 0.3767 0.0506
14 32.8343 19.0583 158.4677 -0.6472 -0.6916 -0.3207 0.4084 0.1702
KMUA_NPC_423.tga
14 63.4731 -4.1440 137.6807 -0.7808 -0.2915 -0.5526 0.5704 0.6904
14 58.4811 -4.8097 144.6396 -0.7746 -0.3137 -0.5492 0.5925 0.5960
14 58.9828 4.7357 136.6848 -0.7497 -0.4248 -0.5074 0.4601 0.6390
KMUA_NPC_423.tga
14 63.6827 -15.0073 139.0730 -0.7899 0.2963 -0.5369 0.6985 0.7073
14 60.5414 -13.2271 144.6776 -0.7506 0.2745 -0.6010 0.6985 0.6334
14 63.4731 -4.1440 137.6807 -0.7808 -0.2915 -0.5526 0.5704 0.6904
KMUA_NPC_423.tga
14 58.4811 -4.8097 144.6396 -0.7746 -0.3137 -0.5492 0.5925 0.5960
14 63.4731 -4.1440 137.6807 -0.7808 -0.2915 -0.5526 0.5704 0.6904
14 60.5414 -13.2271 144.6776 -0.7506 0.2745 -0.6010 0.6985 0.6334
KMUA_NPC_423.tga
14 37.0767 23.5953 137.5863 -0.5111 -0.8167 -0.2680 0.2256 0.3539
14 44.5092 19.0524 137.2546 -0.5469 -0.7563 -0.3590 0.2807 0.4412
14 32.3334 22.5699 149.7597 -0.6429 -0.7174 -0.2684 0.3083 0.2245
KMUA_NPC_423.tga
37 -30.8767 -11.6825 65.7806 -0.7658 -0.5630 0.3106 0.2261 0.9919
35 -35.9127 15.4293 69.9189 -0.8428 0.3016 0.4457 0.0154 0.9919
37 -37.9635 -13.2370 48.7303 -0.7627 -0.5451 0.3482 0.2261 0.8733
KMUA_NPC_423.tga
37 -30.8767 -11.6825 65.7806 -0.7658 -0.5630 0.3106 0.2261 0.9919
37 -37.9635 -13.2370 48.7303 -0.7627 -0.5451 0.3482 0.2261 0.8733
37 -5.0062 -28.7902 67.0862 -0.2678 -0.9242 0.2724 0.5013 0.9919
KMUA_NPC_423.tga
33 25.2580 -29.1413 68.7661 0.3053 -0.8342 0.4593 0.7765 0.9919
37 -5.0062 -28.7902 67.0862 -0.2678 -0.9242 0.2724 0.5013 0.9919
33 33.2564 -35.7996 53.3674 0.3074 -0.8181 0.4860 0.7765 0.8733
KMUA_NPC_423.tga
33 33.2564 -35.7996 53.3674 0.3074 -0.8181 0.4860 0.7765 0.8733
33 53.3229 -14.2589 57.4863 0.7719 -0.0828 0.6304 0.9867 0.8733
33 25.2580 -29.1413 68.7661 0.3053 -0.8342 0.4593 0.7765 0.9919
KMUA_NPC_423.tga
39 -18.7285 31.1620 67.4311 -0.2654 0.9099 0.3188 0.2262 0.9911
39 -22.9352 37.1441 49.2850 -0.1982 0.9086 0.3677 0.2262 0.8733
35 -35.9127 15.4293 69.9189 -0.8428 0.3016 0.4457 0.0154 0.9911
KMUA_NPC_423.tga
39 -22.9352 37.1441 49.2850 -0.1982 0.9086 0.3677 0.2262 0.8733
39 -18.7285 31.1620 67.4311 -0.2654 0.9099 0.3188 0.2262 0.9911
39 6.9834 32.4335 44.0887 0.3385 0.9137 0.2249 0.5007 0.8733
KMUA_NPC_423.tga
33 39.8658 13.7272 45.6646 0.6826 0.6629 0.3075 0.7765 0.8733
33 32.7687 12.4476 63.7236 0.7266 0.6243 0.2868 0.7765 0.9911
33 53.3229 -14.2589 57.4863 0.7719 -0.0828 0.6304 0.9867 0.8733
KMUA_NPC_423.tga
33 39.8658 13.7272 45.6646 0.6826 0.6629 0.3075 0.7765 0.8733
39 6.9834 32.4335 44.0887 0.3385 0.9137 0.2249 0.5007 0.8733
33 32.7687 12.4476 63.7236 0.7266 0.6243 0.2868 0.7765 0.9911
KMUA_NPC_423.tga
18 -30.5833 20.3571 99.9580 -0.2736 -0.9534 0.1269 0.4887 0.2799
18 -40.9061 31.4197 94.6555 -0.9970 -0.0742 0.0231 0.6378 0.3695
18 -32.4999 21.7777 95.0474 -0.4410 -0.8909 -0.1085 0.6000 0.2643
KMUA_NPC_423.tga
18 -32.4999 21.7777 95.0474 -0.4410 -0.8909 -0.1085 0.6000 0.2643
18 -17.9445 25.3423 93.9445 0.6244 -0.6321 -0.4590 0.5405 0.1053
18 -30.5833 20.3571 99.9580 -0.2736 -0.9534 0.1269 0.4887 0.2799
KMUA_NPC_423.tga
18 -15.3258 24.3402 98.3922 0.7667 -0.6353 -0.0925 0.4519 0.1312
18 -30.5833 20.3571 99.9580 -0.2736 -0.9534 0.1269 0.4887 0.2799
18 -17.9445 25.3423 93.9445 0.6244 -0.6321 -0.4590 0.5405 0.1053
KMUA_NPC_423.tga
18 -40.9061 31.4197 94.6555 -0.9970 -0.0742 0.0231 0.6378 0.3695
18 -39.2266 31.1667 90.5904 -0.9391 -0.1038 -0.3275 0.7053 0.3392
18 -32.4999 21.7777 95.0474 -0.4410 -0.8909 -0.1085 0.6000 0.2643
KMUA_NPC_423.tga
18 -40.9061 31.4197 94.6555 -0.9970 -0.0742 0.0231 0.6378 0.3695
18 -35.4932 43.3221 92.4489 -0.6538 0.7557 -0.0380 0.6664 0.4857
18 -39.2266 31.1667 90.5904 -0.9391 -0.1038 -0.3275 0.7053 0.3392
KMUA_NPC_423.tga
18 -15.3258 24.3402 98.3922 0.7667 -0.6353 -0.0925 0.4519 0.1312
18 -17.9445 25.3423 93.9445 0.6244 -0.6321 -0.4590 0.5405 0.1053
18 -14.2354 38.4102 96.0914 0.9346 0.3502 -0.0617 0.4887 0.2799
KMUA_NPC_423.tga
18 -15.5247 38.2592 89.2801 0.8858 0.4084 -0.2204 0.6000 0.2643
18 -14.2354 38.4102 96.0914 0.9346 0.3502 -0.0617 0.4887 0.2799
18 -17.9445 25.3423 93.9445 0.6244 -0.6321 -0.4590 0.5405 0.1053
KMUA_NPC_423.tga
18 -14.2354 38.4102 96.0914 0.9346 0.3502 -0.0617 0.4887 0.2799
18 -15.5247 38.2592 89.2801 0.8858 0.4084 -0.2204 0.6000 0.2643
18 -23.4199 46.0595 89.9811 0.1996 0.9653 -0.1683 0.6378 0.3695
KMUA_NPC_423.tga
18 -23.4199 46.0595 89.9811 0.1996 0.9653 -0.1683 0.6378 0.3695
18 -15.5247 38.2592 89.2801 0.8858 0.4084 -0.2204 0.6000 0.2643
18 -22.4354 43.8288 85.4126 0.2456 0.8698 -0.4280 0.7053 0.3392
KMUA_NPC_423.tga
18 -23.4199 46.0595 89.9811 0.1996 0.9653 -0.1683 0.6378 0.3695
18 -22.4354 43.8288 85.4126 0.2456 0.8698 -0.4280 0.7053 0.3392
18 -35.4932 43.3221 92.4489 -0.6538 0.7557 -0.0380 0.6664 0.4857
KMUA_NPC_423.tga
4 -4.2996 31.8262 136.5036 0.1743 0.9795 -0.1015 0.6351 0.8580
4 -5.0601 32.3909 148.0581 0.1491 0.9723 0.1800 0.6175 0.7345
4 11.4265 28.9983 133.1446 0.3014 0.9530 -0.0301 0.8161 0.8650
KMUA_NPC_423.tga
4 10.2095 29.5554 147.1999 0.2723 0.9428 0.1921 0.7887 0.7166
4 11.4265 28.9983 133.1446 0.3014 0.9530 -0.0301 0.8161 0.8650
4 -5.0601 32.3909 148.0581 0.1491 0.9723 0.1800 0.6175 0.7345
KMUA_NPC_423.tga
4 11.4265 28.9983 133.1446 0.3014 0.9530 -0.0301 0.8161 0.8650
4 10.2095 29.5554 147.1999 0.2723 0.9428 0.1921 0.7887 0.7166
4 21.6941 24.4469 138.0495 0.3888 0.9205 -0.0378 0.9295 0.7899
KMUA_NPC_423.tga
4 -4.2996 31.8262 136.5036 0.1743 0.9795 -0.1015 0.6351 0.8580
15 -11.8462 36.0965 144.7856 0.3091 0.9387 0.1524 0.5065 0.7828
4 -5.0601 32.3909 148.0581 0.1491 0.9723 0.1800 0.6175 0.7345
KMUA_NPC_423.tga
4 28.6619 23.2617 147.7146 0.3224 0.8890 0.3251 0.9838 0.6751
4 21.6941 24.4469 138.0495 0.3888 0.9205 -0.0378 0.9295 0.7899
4 10.2095 29.5554 147.1999 0.2723 0.9428 0.1921 0.7887 0.7166
KMUA_NPC_423.tga
4 19.0844 19.3952 161.7177 0.4001 0.7474 0.5305 0.8998 0.5247
4 28.6619 23.2617 147.7146 0.3224 0.8890 0.3251 0.9838 0.6751
4 10.2095 29.5554 147.1999 0.2723 0.9428 0.1921 0.7887 0.7166
KMUA_NPC_423.tga
4 28.6619 23.2617 147.7146 0.3224 0.8890 0.3251 0.9838 0.6751
4 19.0844 19.3952 161.7177 0.4001 0.7474 0.5305 0.8998 0.5247
6 28.9336 13.6404 159.5331 0.4837 0.5622 0.6708 0.9922 0.5133
KMUA_NPC_423.tga
23 19.6302 15.7955 164.8497 0.5549 0.4209 0.7176 0.9138 0.4656
6 28.9336 13.6404 159.5331 0.4837 0.5622 0.6708 0.9922 0.5133
4 19.0844 19.3952 161.7177 0.4001 0.7474 0.5305 0.8998 0.5247
KMUA_NPC_423.tga
23 5.6993 -7.4829 161.3730 0.3067 -0.8032 0.5108 0.8508 0.3145
4 8.9386 -6.2141 158.2469 0.4724 -0.8328 0.2886 0.9509 0.3317
23 10.9202 -3.1693 164.0909 0.3458 -0.7517 0.5615 0.9440 0.2051
KMUA_NPC_423.tga
4 3.5039 -10.1159 153.9676 0.3042 -0.9092 0.2842 0.8941 0.4682
4 8.9386 -6.2141 158.2469 0.4724 -0.8328 0.2886 0.9509 0.3317
23 5.6993 -7.4829 161.3730 0.3067 -0.8032 0.5108 0.8508 0.3145
KMUA_NPC_423.tga
23 5.6993 -7.4829 161.3730 0.3067 -0.8032 0.5108 0.8508 0.3145
4 -2.7946 -12.0734 153.6109 -0.1447 -0.9169 0.3718 0.7738 0.5274
4 3.5039 -10.1159 153.9676 0.3042 -0.9092 0.2842 0.8941 0.4682
KMUA_NPC_423.tga
4 -5.7147 -13.8122 147.0714 -0.3094 -0.8914 0.3312 0.8049 0.6667
4 3.5039 -10.1159 153.9676 0.3042 -0.9092 0.2842 0.8941 0.4682
4 -2.7946 -12.0734 153.6109 -0.1447 -0.9169 0.3718 0.7738 0.5274
KMUA_NPC_423.tga
4 -5.7147 -13.8122 147.0714 -0.3094 -0.8914 0.3312 0.8049 0.6667
4 -2.7946 -12.0734 153.6109 -0.1447 -0.9169 0.3718 0.7738 0.5274
4 -9.2440 -9.7459 149.9878 -0.6425 -0.6632 0.3838 0.6722 0.6149
KMUA_NPC_423.tga
4 -7.0413 -8.8156 153.6480 -0.6668 -0.6277 0.4016 0.6693 0.5280
4 -9.2440 -9.7459 149.9878 -0.6425 -0.6632 0.3838 0.6722 0.6149
4 -2.7946 -12.0734 153.6109 -0.1447 -0.9169 0.3718 0.7738 0.5274
KMUA_NPC_423.tga
4 -9.2440 -9.7459 149.9878 -0.6425 -0.6632 0.3838 0.6722 0.6149
4 -7.0413 -8.8156 153.6480 -0.6668 -0.6277 0.4016 0.6693 0.5280
4 -9.1877 -5.2394 153.8592 -0.8022 -0.4913 0.3392 0.5866 0.5116
KMUA_NPC_423.tga
4 -7.0413 -8.8156 153.6480 -0.6668 -0.6277 0.4016 0.6693 0.5280
23 -5.4558 -5.4432 160.9705 -0.5842 -0.6168 0.5275 0.6166 0.3723
4 -9.1877 -5.2394 153.8592 -0.8022 -0.4913 0.3392 0.5866 0.5116
KMUA_NPC_423.tga
4 -10.0035 -0.7232 158.0975 -0.8092 -0.4949 0.3168 0.5046 0.4168
4 -9.1877 -5.2394 153.8592 -0.8022 -0.4913 0.3392 0.5866 0.5116
23 -5.4558 -5.4432 160.9705 -0.5842 -0.6168 0.5275 0.6166 0.3723
KMUA_NPC_423.tga
23 -9.4578 1.0897 162.8539 -0.6144 -0.5409 0.5744 0.4704 0.3085
4 -10.0035 -0.7232 158.0975 -0.8092 -0.4949 0.3168 0.5046 0.4168
23 -5.4558 -5.4432 160.9705 -0.5842 -0.6168 0.5275 0.6166 0.3723
KMUA_NPC_423.tga
8 34.5355 -13.9852 102.9705 -0.5038 -0.7932 0.3420 0.8737 0.1008
9 32.5307 -17.3510 96.4135 -0.4572 -0.7260 0.5137 0.8737 0.0060
8 42.5422 -13.5843 102.9183 0.4645 -0.8396 0.2816 0.9943 0.1008
KMUA_NPC_423.tga
9 43.0713 -16.9639 95.3184 0.5316 -0.7671 0.3591 0.9943 0.0060
8 42.5422 -13.5843 102.9183 0.4645 -0.8396 0.2816 0.9943 0.1008
9 32.5307 -17.3510 96.4135 -0.4572 -0.7260 0.5137 0.8737 0.0060
KMUA_NPC_423.tga
9 32.5307 -17.3510 96.4135 -0.4572 -0.7260 0.5137 0.8737 0.0060
8 34.5355 -13.9852 102.9705 -0.5038 -0.7932 0.3420 0.8737 0.1008
9 27.9919 -5.5997 95.8888 -0.8955 -0.0675 0.4399 0.7114 0.0060
KMUA_NPC_423.tga
8 30.9094 -4.9037 101.8073 -0.9659 0.0118 0.2585 0.7114 0.1008
9 27.9919 -5.5997 95.8888 -0.8955 -0.0675 0.4399 0.7114 0.0060
8 34.5355 -13.9852 102.9705 -0.5038 -0.7932 0.3420 0.8737 0.1008
KMUA_NPC_423.tga
9 27.9919 -5.5997 95.8888 -0.8955 -0.0675 0.4399 0.7114 0.0060
8 30.9094 -4.9037 101.8073 -0.9659 0.0118 0.2585 0.7114 0.1008
9 29.7148 4.9566 95.1492 -0.6172 0.6457 0.4496 0.5570 0.0060
KMUA_NPC_423.tga
8 33.8329 3.7009 100.9465 -0.6071 0.7104 0.3560 0.5570 0.1008
9 29.7148 4.9566 95.1492 -0.6172 0.6457 0.4496 0.5570 0.0060
8 30.9094 -4.9037 101.8073 -0.9659 0.0118 0.2585 0.7114 0.1008
KMUA_NPC_423.tga
9 43.0713 -16.9639 95.3184 0.5316 -0.7671 0.3591 0.9943 0.0060
9 49.4641 -5.5087 92.3921 0.9876 -0.1459 -0.0572 0.8737 0.0060
8 42.5422 -13.5843 102.9183 0.4645 -0.8396 0.2816 0.9943 0.1008
KMUA_NPC_423.tga
8 50.4579 -4.8864 100.0371 0.9877 -0.1513 0.0398 0.8737 0.1008
8 42.5422 -13.5843 102.9183 0.4645 -0.8396 0.2816 0.9943 0.1008
9 49.4641 -5.5087 92.3921 0.9876 -0.1459 -0.0572 0.8737 0.0060
KMUA_NPC_423.tga
9 49.4641 -5.5087 92.3921 0.9876 -0.1459 -0.0572 0.8737 0.0060
9 44.7522 8.4695 91.9178 0.4915 0.8680 0.0712 0.7114 0.0060
8 50.4579 -4.8864 100.0371 0.9877 -0.1513 0.0398 0.8737 0.1008
KMUA_NPC_423.tga
9 44.7522 8.4695 91.9178 0.4915 0.8680 0.0712 0.7114 0.0060
9 29.7148 4.9566 95.1492 -0.6172 0.6457 0.4496 0.5570 0.0060
8 45.0348 7.4130 99.5193 0.4254 0.8791 0.2151 0.7114 0.1008
KMUA_NPC_423.tga
8 33.8329 3.7009 100.9465 -0.6071 0.7104 0.3560 0.5570 0.1008
8 45.0348 7.4130 99.5193 0.4254 0.8791 0.2151 0.7114 0.1008
9 29.7148 4.9566 95.1492 -0.6172 0.6457 0.4496 0.5570 0.0060
KMUA_NPC_423.tga
8 45.0348 7.4130 99.5193 0.4254 0.8791 0.2151 0.7114 0.1008
8 50.4579 -4.8864 100.0371 0.9877 -0.1513 0.0398 0.8737 0.1008
9 44.7522 8.4695 91.9178 0.4915 0.8680 0.0712 0.7114 0.0060
end
