0
0	6	613	0	0	610	611	0	0	0	0	1	1	10	65	3000000	1	32	0	0	0	0	0	0	0	0	0	0	0	0	0	0	0	0	0	0	0	0	0	0	0	0	0	0	0	0	0	0	0	0	0	0	0	0	0	0	0	0	0	0	0	0	0	0	0	0	0	0	0	0	0	0	0	0	0	0	0	0	0	0	0	90	65	65	85	0	7190	7190	0	255	0	255	0	255	1	1	0	6159	6159	0	255	0	255	0	255	1	1	0	0	0	0	0	0	0	0	0	0	0	0	0	0	0	0	0	0	0	0	0	0	0	0	0	0	0	0	0	0	0	0	0	0	0	0	0	0	0	0	0	0	0	0	0	0	0	0	0	0	0	0	0	0	0	0	0	0	0	0	0	0	0	0	0	0	0	2
1	3	604	0	0	606	607	608	0	0	0	5	4	10	65	2000000	3	0	1112014848	1	0	64	0	0	0	0	0	0	0	0	0	0	0	0	0	0	0	0	0	0	0	0	0	0	0	0	0	0	0	0	0	0	0	0	0	0	0	0	0	0	0	0	0	0	0	0	0	0	0	0	0	0	0	0	0	0	0	0	0	0	0	75	69	65	65	0	0	7167	9	9	0	255	0	255	1	1	1	6159	6159	0	255	0	255	0	255	1	1	0	7181	7181	0	255	0	255	0	255	1	1	0	7182	7182	0	255	0	255	0	255	1	1	0	0	0	0	0	0	0	0	0	0	0	0	0	0	0	0	0	0	0	0	0	0	0	0	0	0	0	0	0	0	0	0	0	0	0	0	0	0	0	0	0	0	0	0	0	4
2	3	604	0	0	606	607	608	0	0	0	5	4	10	65	2000000	3	0	1112014848	1	0	64	0	0	0	0	0	0	0	0	0	0	0	0	0	0	0	0	0	0	0	0	0	0	0	0	0	0	0	0	0	0	0	0	0	0	0	0	0	0	0	0	0	0	0	0	0	0	0	0	0	0	0	0	0	0	0	0	0	0	0	75	69	65	65	0	0	7167	9	9	0	255	0	255	1	1	4	6159	6159	0	255	0	255	0	255	1	1	0	7181	7181	0	255	0	255	0	255	1	1	0	7182	7182	0	255	0	255	0	255	1	1	0	0	0	0	0	0	0	0	0	0	0	0	0	0	0	0	0	0	0	0	0	0	0	0	0	0	0	0	0	0	0	0	0	0	0	0	0	0	0	0	0	0	0	0	0	4
3	3	604	0	0	606	607	608	0	0	0	5	4	10	65	2000000	3	0	1112014848	1	0	64	0	0	0	0	0	0	0	0	0	0	0	0	0	0	0	0	0	0	0	0	0	0	0	0	0	0	0	0	0	0	0	0	0	0	0	0	0	0	0	0	0	0	0	0	0	0	0	0	0	0	0	0	0	0	0	0	0	0	0	75	69	65	65	0	0	7167	9	9	0	255	0	255	1	1	2	6159	6159	0	255	0	255	0	255	1	1	0	7181	7181	0	255	0	255	0	255	1	1	0	7182	7182	0	255	0	255	0	255	1	1	0	0	0	0	0	0	0	0	0	0	0	0	0	0	0	0	0	0	0	0	0	0	0	0	0	0	0	0	0	0	0	0	0	0	0	0	0	0	0	0	0	0	0	0	0	4
4	3	604	0	0	606	607	608	0	0	0	5	4	10	65	2000000	3	0	1109393408	1	0	64	0	0	0	0	0	0	0	0	0	0	0	0	0	0	0	0	0	0	0	0	0	0	0	0	0	0	0	0	0	0	0	0	0	0	0	0	0	0	0	0	0	0	0	0	0	0	0	0	0	0	0	0	0	0	0	0	0	0	0	65	69	65	65	0	0	7167	9	9	0	255	0	255	1	1	16	6159	6159	0	255	0	255	0	255	1	1	0	7181	7181	0	255	0	255	0	255	1	1	0	7182	7182	0	255	0	255	0	255	1	1	0	0	0	0	0	0	0	0	0	0	0	0	0	0	0	0	0	0	0	0	0	0	0	0	0	0	0	0	0	0	0	0	0	0	0	0	0	0	0	0	0	0	0	0	0	4
5	3	604	0	0	606	607	608	0	0	0	5	4	10	65	2000000	3	0	1114636288	1	0	64	0	0	0	0	0	0	0	0	0	0	0	0	0	0	0	0	0	0	0	0	0	0	0	0	0	0	0	0	0	0	0	0	0	0	0	0	0	0	0	0	0	0	0	0	0	0	0	0	0	0	0	0	0	0	0	0	0	0	0	85	69	65	65	0	0	7167	9	9	0	255	0	255	1	1	0	6159	6159	0	255	0	255	0	255	1	1	0	7181	7181	0	255	0	255	0	255	1	1	0	7182	7182	0	255	0	255	0	255	1	1	0	0	0	0	0	0	0	0	0	0	0	0	0	0	0	0	0	0	0	0	0	0	0	0	0	0	0	0	0	0	0	0	0	0	0	0	0	0	0	0	0	0	0	0	0	4
6	4	605	0	0	606	607	608	0	0	0	5	4	10	65	4000000	3	0	1112014848	1	0	64	0	0	0	0	0	0	0	0	0	0	0	0	0	0	0	0	0	0	0	0	0	0	0	0	0	0	0	0	0	0	0	0	0	0	0	0	0	0	0	0	0	0	0	0	0	0	0	0	0	0	0	0	0	0	0	0	0	0	0	75	69	65	65	0	0	7167	10	10	0	255	0	255	1	1	1	6159	6159	0	255	0	255	0	255	1	1	0	7181	7181	0	255	0	255	0	255	2	2	0	7182	7182	0	255	0	255	0	255	2	2	0	0	0	0	0	0	0	0	0	0	0	0	0	0	0	0	0	0	0	0	0	0	0	0	0	0	0	0	0	0	0	0	0	0	0	0	0	0	0	0	0	0	0	0	0	4
7	4	605	0	0	606	607	608	0	0	0	5	4	10	65	4000000	3	0	1112014848	1	0	64	0	0	0	0	0	0	0	0	0	0	0	0	0	0	0	0	0	0	0	0	0	0	0	0	0	0	0	0	0	0	0	0	0	0	0	0	0	0	0	0	0	0	0	0	0	0	0	0	0	0	0	0	0	0	0	0	0	0	0	75	69	65	65	0	0	7167	10	10	0	255	0	255	1	1	4	6159	6159	0	255	0	255	0	255	1	1	0	7181	7181	0	255	0	255	0	255	2	2	0	7182	7182	0	255	0	255	0	255	2	2	0	0	0	0	0	0	0	0	0	0	0	0	0	0	0	0	0	0	0	0	0	0	0	0	0	0	0	0	0	0	0	0	0	0	0	0	0	0	0	0	0	0	0	0	0	4
8	4	605	0	0	606	607	608	0	0	0	5	4	10	65	4000000	3	0	1112014848	1	0	64	0	0	0	0	0	0	0	0	0	0	0	0	0	0	0	0	0	0	0	0	0	0	0	0	0	0	0	0	0	0	0	0	0	0	0	0	0	0	0	0	0	0	0	0	0	0	0	0	0	0	0	0	0	0	0	0	0	0	0	75	69	65	65	0	0	7167	10	10	0	255	0	255	1	1	2	6159	6159	0	255	0	255	0	255	1	1	0	7181	7181	0	255	0	255	0	255	2	2	0	7182	7182	0	255	0	255	0	255	2	2	0	0	0	0	0	0	0	0	0	0	0	0	0	0	0	0	0	0	0	0	0	0	0	0	0	0	0	0	0	0	0	0	0	0	0	0	0	0	0	0	0	0	0	0	0	4
9	4	605	0	0	606	607	608	0	0	0	5	4	10	65	4000000	3	0	1109393408	1	0	64	0	0	0	0	0	0	983552	16781312	0	0	0	0	0	0	0	0	0	0	0	0	0	0	0	0	0	0	0	0	0	0	0	0	0	0	0	0	0	0	0	0	0	0	0	0	0	0	0	0	0	0	0	0	0	0	0	0	0	0	0	65	69	65	65	0	0	7167	10	10	0	255	0	255	1	1	16	6159	6159	0	255	0	255	0	255	1	1	0	7181	7181	0	255	0	255	0	255	2	2	0	7182	7182	0	255	0	255	0	255	2	2	0	0	0	0	0	0	0	0	0	0	0	0	0	0	0	0	0	0	0	0	0	0	0	0	0	0	0	0	0	0	0	0	0	0	0	0	0	0	0	0	0	0	0	0	0	4
10	4	605	0	0	606	607	608	0	0	0	5	4	10	65	4000000	3	0	1114636288	1	0	64	0	0	0	0	0	0	0	0	0	0	0	0	0	0	0	0	0	0	0	0	0	0	0	0	0	0	0	0	0	0	0	0	0	0	0	0	0	0	0	0	0	0	0	0	0	0	0	0	0	0	0	0	0	0	0	0	0	0	0	85	69	65	65	0	0	7167	10	10	0	255	0	255	1	1	0	6159	6159	0	255	0	255	0	255	1	1	0	7181	7181	0	255	0	255	0	255	2	2	0	7182	7182	0	255	0	255	0	255	2	2	0	0	0	0	0	0	0	0	0	0	0	0	0	0	0	0	0	0	0	0	0	0	0	0	0	0	0	0	0	0	0	0	0	0	0	0	0	0	0	0	0	0	0	0	0	4
11	22	665	0	0	606	607	608	0	0	0	5	4	10	65	6000000	3	0	1110704128	1	0	64	0	0	0	0	0	0	0	0	0	0	0	0	0	0	0	0	0	0	0	0	0	0	0	0	0	0	0	0	0	0	0	0	0	0	0	0	0	0	0	0	0	0	0	0	0	0	0	0	0	0	0	0	0	0	0	0	0	0	0	50	69	65	65	0	0	7167	11	11	0	255	0	255	1	1	1	6159	6159	0	255	0	255	0	255	1	1	0	7181	7181	0	255	0	255	0	255	3	3	0	7182	7182	0	255	0	255	0	255	3	3	0	0	0	0	0	0	0	0	0	0	0	0	0	0	0	0	0	0	0	0	0	0	0	0	0	0	0	0	0	0	0	0	0	0	0	0	0	0	0	0	0	0	0	0	0	4
12	22	665	0	0	606	607	608	0	0	0	5	4	10	65	6000000	3	0	1110704128	1	0	64	0	0	0	0	0	0	0	0	0	0	0	0	0	0	0	0	0	0	0	0	0	0	0	0	0	0	0	0	0	0	0	0	0	0	0	0	0	0	0	0	0	0	0	0	0	0	0	0	0	0	0	0	0	0	0	0	0	0	0	50	69	65	65	0	0	7167	11	11	0	255	0	255	1	1	4	6159	6159	0	255	0	255	0	255	1	1	0	7181	7181	0	255	0	255	0	255	3	3	0	7182	7182	0	255	0	255	0	255	3	3	0	0	0	0	0	0	0	0	0	0	0	0	0	0	0	0	0	0	0	0	0	0	0	0	0	0	0	0	0	0	0	0	0	0	0	0	0	0	0	0	0	0	0	0	0	4
13	22	665	0	0	606	607	608	0	0	0	5	4	10	65	6000000	3	0	1110704128	1	0	64	0	0	0	0	0	0	0	0	0	0	0	0	0	0	0	0	0	0	0	0	0	0	0	0	0	0	0	0	0	0	0	0	0	0	0	0	0	0	0	0	0	0	0	0	0	0	0	0	0	0	0	0	0	0	0	0	0	0	0	50	69	65	65	0	0	7167	11	11	0	255	0	255	1	1	2	6159	6159	0	255	0	255	0	255	1	1	0	7181	7181	0	255	0	255	0	255	3	3	0	7182	7182	0	255	0	255	0	255	3	3	0	0	0	0	0	0	0	0	0	0	0	0	0	0	0	0	0	0	0	0	0	0	0	0	0	0	0	0	0	0	0	0	0	0	0	0	0	0	0	0	0	0	0	0	0	4
14	22	665	0	0	606	607	608	0	0	0	5	4	10	65	6000000	3	0	1108082688	1	0	64	0	0	0	0	0	0	0	0	0	0	0	0	0	0	0	0	0	0	0	0	0	0	0	0	0	0	0	0	0	0	0	0	0	0	0	0	0	0	0	0	0	0	0	0	0	0	0	0	0	0	0	0	0	0	0	0	0	0	0	60	69	65	65	0	0	7167	11	11	0	255	0	255	1	1	16	6159	6159	0	255	0	255	0	255	1	1	0	7181	7181	0	255	0	255	0	255	3	3	0	7182	7182	0	255	0	255	0	255	3	3	0	0	0	0	0	0	0	0	0	0	0	0	0	0	0	0	0	0	0	0	0	0	0	0	0	0	0	0	0	0	0	0	0	0	0	0	0	0	0	0	0	0	0	0	0	4
15	22	665	0	0	606	607	608	0	0	0	5	4	10	65	6000000	3	0	1113325568	1	0	64	0	0	0	0	0	0	0	0	0	0	0	0	0	0	0	0	0	0	0	0	0	0	0	0	0	0	0	0	0	0	0	0	0	0	1901056	16781312	0	0	0	0	0	0	0	0	0	0	0	0	0	0	0	0	0	0	0	0	0	0	0	80	69	65	65	0	0	7167	11	11	0	255	0	255	1	1	0	6159	6159	0	255	0	255	0	255	1	1	0	7181	7181	0	255	0	255	0	255	3	3	0	7182	7182	0	255	0	255	0	255	3	3	0	0	0	0	0	0	0	0	0	0	0	0	0	0	0	0	0	0	0	0	0	0	0	0	0	0	0	0	0	0	0	0	0	0	0	0	0	0	0	0	0	0	0	0	0	4
16	23	666	0	0	606	607	608	0	0	0	5	4	10	65	8000000	3	0	1110704128	1	0	64	0	0	0	0	0	0	0	0	0	0	0	0	0	0	0	0	0	0	0	0	0	0	0	0	0	0	0	0	0	0	0	0	0	0	0	0	0	0	0	0	0	0	0	0	0	0	0	0	0	0	0	0	0	0	0	0	0	0	0	40	69	65	65	0	0	7167	12	12	0	255	0	255	1	1	1	6159	6159	0	255	0	255	0	255	1	1	0	7181	7181	0	255	0	255	0	255	4	4	0	7182	7182	0	255	0	255	0	255	4	4	0	0	0	0	0	0	0	0	0	0	0	0	0	0	0	0	0	0	0	0	0	0	0	0	0	0	0	0	0	0	0	0	0	0	0	0	0	0	0	0	0	0	0	0	0	4
17	23	666	0	0	606	607	608	0	0	0	5	4	10	65	8000000	3	0	1110704128	1	0	64	0	0	0	0	0	0	0	0	0	0	0	0	0	0	0	0	0	0	0	0	0	0	0	0	0	0	0	0	0	0	0	0	0	0	0	0	0	0	0	0	0	0	0	0	0	0	0	0	0	0	0	0	0	0	0	0	0	0	0	40	69	65	65	0	0	7167	12	12	0	255	0	255	1	1	4	6159	6159	0	255	0	255	0	255	1	1	0	7181	7181	0	255	0	255	0	255	4	4	0	7182	7182	0	255	0	255	0	255	4	4	0	0	0	0	0	0	0	0	0	0	0	0	0	0	0	0	0	0	0	0	0	0	0	0	0	0	0	0	0	0	0	0	0	0	0	0	0	0	0	0	0	0	0	0	0	4
18	23	666	0	0	606	607	608	0	0	0	5	4	10	65	8000000	3	0	1110704128	1	0	64	0	0	0	0	0	0	0	0	0	0	0	0	0	0	0	0	0	0	0	0	0	0	0	0	0	0	0	0	0	0	0	0	0	0	0	0	0	0	0	0	0	0	0	0	0	0	0	0	0	0	0	0	0	0	0	0	0	0	0	40	69	65	65	0	0	7167	12	12	0	255	0	255	1	1	2	6159	6159	0	255	0	255	0	255	1	1	0	7181	7181	0	255	0	255	0	255	4	4	0	7182	7182	0	255	0	255	0	255	4	4	0	0	0	0	0	0	0	0	0	0	0	0	0	0	0	0	0	0	0	0	0	0	0	0	0	0	0	0	0	0	0	0	0	0	0	0	0	0	0	0	0	0	0	0	0	4
19	23	666	0	0	606	607	608	0	0	0	5	4	10	65	8000000	3	0	1108082688	1	0	64	0	0	0	0	0	0	0	0	0	0	0	0	0	0	0	0	0	0	0	0	0	0	0	0	0	0	0	0	0	0	0	0	0	0	0	0	0	0	0	0	0	0	0	0	0	0	0	0	0	0	0	0	0	0	0	0	0	0	0	60	69	65	65	0	0	7167	12	12	0	255	0	255	1	1	16	6159	6159	0	255	0	255	0	255	1	1	0	7181	7181	0	255	0	255	0	255	4	4	0	7182	7182	0	255	0	255	0	255	4	4	0	0	0	0	0	0	0	0	0	0	0	0	0	0	0	0	0	0	0	0	0	0	0	0	0	0	0	0	0	0	0	0	0	0	0	0	0	0	0	0	0	0	0	0	0	4
20	23	666	0	0	606	607	608	0	0	0	5	4	10	65	8000000	3	0	1113325568	1	0	64	0	0	0	0	0	0	0	0	0	0	0	0	0	0	0	0	0	0	0	0	0	0	0	0	0	0	0	0	0	0	0	0	0	0	0	0	0	0	0	0	0	0	0	0	0	0	0	0	0	0	0	0	0	0	0	0	0	0	0	80	69	65	65	0	0	7167	12	12	0	255	0	255	1	1	0	6159	6159	0	255	0	255	0	255	1	1	0	7181	7181	0	255	0	255	0	255	4	4	0	7182	7182	0	255	0	255	0	255	4	4	0	0	0	0	0	0	0	0	0	0	0	0	0	0	0	0	0	0	0	0	0	0	0	0	0	0	0	0	0	0	0	0	0	0	0	0	0	0	0	0	0	0	0	0	0	4
21	49	3086	0	0	606	607	608	0	0	0	5	4	10	65	10000000	3	0	1109393408	1	0	64	0	0	0	0	0	0	0	0	0	0	0	0	0	0	0	0	0	0	0	0	0	0	0	0	0	0	0	0	0	0	0	0	0	0	0	0	0	0	0	0	0	0	0	0	0	0	0	0	0	0	0	0	0	0	0	0	0	0	0	20	69	65	65	0	0	7167	13	13	0	255	0	255	1	1	1	6159	6159	0	255	0	255	0	255	1	1	0	7181	7181	0	255	0	255	0	255	5	5	0	7182	7182	0	255	0	255	0	255	5	5	0	0	0	0	0	0	0	0	0	0	0	0	0	0	0	0	0	0	0	0	0	0	0	0	0	0	0	0	0	0	0	0	0	0	0	0	0	0	0	0	0	0	0	0	0	4
22	49	3086	0	0	606	607	608	0	0	0	5	4	10	65	10000000	3	0	1109393408	1	0	64	0	0	0	0	0	0	0	0	0	0	0	0	0	0	0	0	0	0	0	0	0	0	0	0	0	0	0	0	0	0	0	0	0	0	0	0	0	0	0	0	0	0	0	0	0	0	0	0	0	0	0	0	0	0	0	0	0	0	0	20	69	65	65	0	0	7167	13	13	0	255	0	255	1	1	4	6159	6159	0	255	0	255	0	255	1	1	0	7181	7181	0	255	0	255	0	255	5	5	0	7182	7182	0	255	0	255	0	255	5	5	0	0	0	0	0	0	0	0	0	0	0	0	0	0	0	0	0	0	0	0	0	0	0	0	0	0	0	0	0	0	0	0	0	0	0	0	0	0	0	0	0	0	0	0	0	4
23	49	3086	0	0	606	607	608	0	0	0	5	4	10	65	10000000	3	0	1109393408	1	0	64	0	0	0	0	0	0	0	0	0	0	0	0	0	0	0	0	0	0	0	0	0	0	0	0	0	0	0	0	0	0	0	0	0	0	0	0	0	0	0	0	0	0	0	0	0	0	0	0	0	0	0	0	0	0	0	0	0	0	0	20	69	65	65	0	0	7167	13	13	0	255	0	255	1	1	2	6159	6159	0	255	0	255	0	255	1	1	0	7181	7181	0	255	0	255	0	255	5	5	0	7182	7182	0	255	0	255	0	255	5	5	0	0	0	0	0	0	0	0	0	0	0	0	0	0	0	0	0	0	0	0	0	0	0	0	0	0	0	0	0	0	0	0	0	0	0	0	0	0	0	0	0	0	0	0	0	4
24	49	3086	0	0	606	607	608	0	0	0	5	4	10	65	10000000	3	0	1106247680	1	0	64	0	0	0	0	0	0	0	0	0	0	0	0	0	0	0	0	0	0	0	0	0	0	0	0	0	0	0	0	0	0	0	0	0	0	0	0	0	0	0	0	0	0	0	0	0	0	0	0	0	0	0	0	0	0	0	0	0	0	0	15	69	65	65	0	0	7167	13	13	0	255	0	255	1	1	16	6159	6159	0	255	0	255	0	255	1	1	0	7181	7181	0	255	0	255	0	255	5	5	0	7182	7182	0	255	0	255	0	255	5	5	0	0	0	0	0	0	0	0	0	0	0	0	0	0	0	0	0	0	0	0	0	0	0	0	0	0	0	0	0	0	0	0	0	0	0	0	0	0	0	0	0	0	0	0	0	4
25	49	3086	0	0	606	607	608	0	0	0	5	4	10	65	10000000	3	0	1112014848	1	0	64	0	0	0	0	0	0	0	0	0	0	0	0	0	0	0	0	0	0	0	0	0	0	0	0	0	0	0	0	0	0	0	0	0	0	0	0	0	0	0	0	0	0	0	0	0	0	0	0	0	0	0	0	0	0	0	0	0	0	0	25	69	65	65	0	0	7167	13	13	0	255	0	255	1	1	0	6159	6159	0	255	0	255	0	255	1	1	0	7181	7181	0	255	0	255	0	255	5	5	0	7182	7182	0	255	0	255	0	255	5	5	0	0	0	0	0	0	0	0	0	0	0	0	0	0	0	0	0	0	0	0	0	0	0	0	0	0	0	0	0	0	0	0	0	0	0	0	0	0	0	0	0	0	0	0	0	4
26	50	3087	0	0	606	607	608	0	0	0	5	4	10	65	12000000	3	0	1109393408	1	0	64	0	0	0	0	0	0	0	0	0	0	0	0	0	0	0	0	0	0	0	0	0	0	0	0	0	0	0	0	0	0	0	0	0	0	0	0	0	0	0	0	0	0	0	0	0	0	0	0	0	0	0	0	0	0	0	0	0	0	0	10	69	65	65	0	0	7167	14	14	0	255	0	255	1	1	1	6159	6159	0	255	0	255	0	255	1	1	0	7181	7181	0	255	0	255	0	255	6	6	0	7182	7182	0	255	0	255	0	255	6	6	0	0	0	0	0	0	0	0	0	0	0	0	0	0	0	0	0	0	0	0	0	0	0	0	0	0	0	0	0	0	0	0	0	0	0	0	0	0	0	0	0	0	0	0	0	4
27	50	3087	0	0	606	607	608	0	0	0	5	4	10	65	12000000	3	0	1109393408	1	0	64	0	0	0	0	0	0	0	0	0	0	0	0	0	0	0	0	0	0	0	0	0	0	0	0	0	0	0	0	0	0	0	0	0	0	0	0	0	0	0	0	0	0	0	0	0	0	0	0	0	0	0	0	0	0	0	0	0	0	0	10	69	65	65	0	0	7167	14	14	0	255	0	255	1	1	4	6159	6159	0	255	0	255	0	255	1	1	0	7181	7181	0	255	0	255	0	255	6	6	0	7182	7182	0	255	0	255	0	255	6	6	0	0	0	0	0	0	0	0	0	0	0	0	0	0	0	0	0	0	0	0	0	0	0	0	0	0	0	0	0	0	0	0	0	0	0	0	0	0	0	0	0	0	0	0	0	4
28	50	3087	0	0	606	607	608	0	0	0	5	4	10	65	12000000	3	0	1109393408	1	0	64	0	0	0	0	0	0	0	0	0	0	0	0	0	0	0	0	0	0	0	0	0	0	0	0	0	0	0	0	0	0	0	0	0	0	0	0	0	0	0	0	0	0	0	0	0	0	0	0	0	0	0	0	0	0	0	0	0	0	0	10	69	65	65	0	0	7167	14	14	0	255	0	255	1	1	2	6159	6159	0	255	0	255	0	255	1	1	0	7181	7181	0	255	0	255	0	255	6	6	0	7182	7182	0	255	0	255	0	255	6	6	0	0	0	0	0	0	0	0	0	0	0	0	0	0	0	0	0	0	0	0	0	0	0	0	0	0	0	0	0	0	0	0	0	0	0	0	0	0	0	0	0	0	0	0	0	4
29	50	3087	0	0	606	607	608	0	0	0	5	4	10	65	12000000	3	0	1106247680	1	0	64	0	0	0	0	0	0	0	0	0	0	0	0	0	0	0	0	0	0	0	0	0	0	0	0	0	0	0	0	0	0	0	0	0	0	0	0	0	0	0	0	0	0	0	0	0	0	0	0	0	0	0	0	0	0	0	0	0	0	0	5	69	65	65	0	0	7167	14	14	0	255	0	255	1	1	16	6159	6159	0	255	0	255	0	255	1	1	0	7181	7181	0	255	0	255	0	255	6	6	0	7182	7182	0	255	0	255	0	255	6	6	0	0	0	0	0	0	0	0	0	0	0	0	0	0	0	0	0	0	0	0	0	0	0	0	0	0	0	0	0	0	0	0	0	0	0	0	0	0	0	0	0	0	0	0	0	4
30	50	3087	0	0	606	607	608	0	0	0	5	4	10	65	12000000	3	0	1112014848	1	0	64	0	0	0	0	0	0	0	0	0	0	0	0	0	0	0	0	0	0	0	0	0	0	0	0	0	0	0	0	0	0	0	0	0	0	0	0	0	0	0	0	0	0	0	0	0	0	0	0	0	0	0	0	0	0	0	0	0	0	0	15	69	65	65	0	0	7167	14	14	0	255	0	255	1	1	0	6159	6159	0	255	0	255	0	255	1	1	0	7181	7181	0	255	0	255	0	255	6	6	0	7182	7182	0	255	0	255	0	255	6	6	0	0	0	0	0	0	0	0	0	0	0	0	0	0	0	0	0	0	0	0	0	0	0	0	0	0	0	0	0	0	0	0	0	0	0	0	0	0	0	0	0	0	0	0	0	4
31	11	614	0	0	610	611	0	0	0	0	5	4	10	66	10000	3	33	0	4	0	0	1184645120	0	0	0	0	0	0	0	0	0	0	0	0	0	0	0	0	0	0	0	0	0	0	0	0	0	0	0	0	0	0	0	0	0	0	0	0	0	0	0	0	0	0	0	0	0	0	0	0	0	0	0	0	0	0	0	0	0	0	60	65	65	85	0	1030	1030	4	255	4	255	0	255	1	1	0	6159	6159	0	255	0	255	0	255	1	255	0	7182	7182	0	255	0	255	0	255	0	255	0	7181	7181	0	255	0	255	0	255	0	255	0	0	6143	4	255	4	255	0	255	0	255	0	0	0	0	0	0	0	0	0	0	0	0	0	0	0	0	0	0	0	0	0	0	0	0	0	0	0	0	0	0	0	0	0	0	5
32	11	614	0	0	610	611	0	0	0	0	5	4	10	66	10000	3	33	0	4	0	0	1184645120	0	0	0	0	0	0	0	0	0	0	0	0	0	0	0	0	0	0	0	0	0	0	0	0	0	0	0	0	0	0	0	0	0	0	0	0	0	0	0	0	0	0	0	0	0	0	0	0	0	0	0	0	0	0	0	0	0	0	60	65	65	85	0	2054	2054	4	255	4	255	0	255	1	1	0	6159	6159	0	255	0	255	0	255	1	255	0	7182	7182	0	255	0	255	0	255	0	255	0	7181	7181	0	255	0	255	0	255	0	255	0	0	6143	4	255	4	255	0	255	0	255	0	0	0	0	0	0	0	0	0	0	0	0	0	0	0	0	0	0	0	0	0	0	0	0	0	0	0	0	0	0	0	0	0	0	5
33	11	614	0	0	610	611	0	0	0	0	5	4	10	66	10000	3	33	0	4	0	0	1184645120	0	0	0	0	0	0	0	0	0	0	0	0	0	0	0	0	0	0	0	0	0	0	0	0	0	0	0	0	0	0	0	0	0	0	0	0	0	0	0	0	0	0	0	0	0	0	0	0	0	0	0	0	0	0	0	0	0	0	60	65	65	85	0	2567	2567	4	255	4	255	0	255	1	1	0	6159	6159	0	255	0	255	0	255	1	255	0	7182	7182	0	255	0	255	0	255	0	255	0	7181	7181	0	255	0	255	0	255	0	255	0	0	6143	4	255	4	255	0	255	0	255	0	0	0	0	0	0	0	0	0	4653568	16781312	0	0	0	0	0	0	0	0	0	0	0	0	0	0	0	0	0	0	0	0	0	0	0	5
34	7	2499	0	0	610	611	0	0	0	0	5	4	10	65	5000000	13	7	0	5	0	34	0	4	0	0	1249125376	6	0	1	0	7	0	5	0	35	0	4	0	0	1193033728	6	0	0	0	0	0	0	0	0	0	0	0	0	0	0	0	0	0	0	0	0	0	0	0	0	0	0	0	0	0	0	0	0	0	0	0	0	0	0	0	30	65	65	85	0	6144	6146	0	255	0	255	0	255	1	1	0	6670	6670	0	0	0	255	0	255	1	1	0	6159	6159	0	255	0	255	0	255	1	1	0	0	6143	4	255	0	255	0	255	0	255	1	0	0	0	0	0	0	0	0	0	0	0	0	0	0	0	0	0	0	0	0	0	0	0	0	0	0	0	0	0	0	0	0	0	0	0	0	0	0	0	0	0	0	0	0	4
35	7	2499	0	0	610	611	0	0	0	0	5	4	10	65	5000000	13	7	0	5	0	34	0	4	0	0	1249125376	6	0	1	0	7	0	5	0	35	0	4	0	0	1193033728	6	0	0	0	0	0	0	0	0	0	0	0	0	0	0	0	0	0	0	0	0	0	0	0	0	0	0	0	0	0	0	0	0	0	0	0	0	0	0	0	30	65	65	85	0	6185	6185	0	255	0	255	0	255	1	1	0	6670	6670	0	0	0	255	0	255	1	1	0	6159	6159	0	255	0	255	0	255	1	1	0	0	6143	4	255	0	255	0	255	0	255	1	0	0	0	0	0	0	0	0	0	0	0	0	0	0	0	0	0	0	0	0	0	0	0	0	0	0	0	0	0	0	0	0	0	0	0	0	0	0	0	0	0	0	0	0	4
36	5	612	0	0	610	611	0	0	0	0	1	1	10	65	500000	1	32	0	0	0	0	0	0	0	0	0	0	0	0	0	0	0	0	0	0	0	0	0	0	0	0	0	0	0	0	0	0	0	0	0	0	0	0	0	0	0	0	0	0	0	0	0	0	0	0	0	0	0	0	0	0	0	0	0	0	0	0	0	0	0	70	65	85	85	0	6658	6658	0	255	0	255	255	255	10	10	0	6159	6159	0	255	0	255	0	255	1	1	0	0	0	0	0	0	0	0	0	0	0	0	0	0	0	0	0	0	0	0	0	0	0	0	0	0	0	0	0	0	0	0	0	0	0	0	0	0	0	0	0	0	0	0	0	0	0	0	0	0	0	0	0	0	0	0	0	0	0	0	0	0	0	0	0	0	0	2
37	8	615	0	0	610	611	0	600	0	0	2	2	15	65	50000	1	32	0	0	0	0	0	0	0	0	0	0	0	0	0	0	0	0	0	0	0	0	0	0	0	0	0	0	0	0	0	0	0	0	0	0	0	0	0	0	0	0	0	0	0	0	0	0	0	0	0	0	0	0	0	0	0	0	0	0	0	0	0	0	0	80	70	65	85	0	6672	6672	1	1	0	255	0	255	1	1	0	6673	6673	1	1	0	255	0	255	1	1	0	6159	6159	0	255	0	255	0	255	1	1	0	0	0	0	0	0	0	0	0	0	0	0	0	0	0	0	0	0	0	0	0	0	0	0	0	0	0	0	0	0	0	0	0	0	0	0	0	0	0	0	0	0	0	0	0	0	0	0	0	0	0	0	0	0	0	0	3
38	8	615	0	0	610	611	0	600	0	0	2	2	15	65	80000	1	32	0	0	0	0	0	0	0	0	0	0	0	0	0	0	0	0	0	0	0	0	0	0	0	0	0	0	0	0	0	0	0	0	0	0	0	0	0	0	0	0	0	0	0	0	0	0	0	0	0	0	0	0	0	0	0	0	0	0	0	0	0	0	0	80	70	65	85	0	6672	6672	2	2	0	255	0	255	1	1	0	6673	6673	2	2	0	255	0	255	1	1	0	6159	6159	0	255	0	255	0	255	1	1	0	0	0	0	0	0	0	0	0	0	0	0	0	0	0	0	0	0	0	0	0	0	0	0	0	0	0	0	0	0	0	0	0	0	0	0	0	0	0	0	0	0	0	0	0	0	0	0	0	0	0	0	0	0	0	0	3
39	8	615	0	0	610	611	0	600	0	0	2	2	15	65	150000	1	32	0	0	0	0	0	0	0	0	0	0	0	0	0	0	0	0	0	0	0	0	0	0	0	0	0	0	0	0	0	0	0	0	0	0	0	0	0	0	0	0	0	0	0	0	0	0	0	0	0	0	0	0	0	0	0	0	0	0	0	0	0	0	0	80	70	65	85	0	6672	6672	3	3	0	255	0	255	1	1	0	6673	6673	3	3	0	255	0	255	1	1	0	6159	6159	0	255	0	255	0	255	1	1	0	0	0	0	0	0	0	0	0	0	0	0	0	0	0	0	0	0	0	0	0	0	0	0	0	0	0	0	0	0	0	0	0	0	0	0	0	0	0	0	0	0	0	0	0	0	0	0	0	0	0	0	0	0	0	0	3
40	8	615	0	0	610	611	0	600	0	0	2	2	15	65	250000	1	32	0	0	0	0	0	0	0	0	0	0	0	0	0	0	0	0	0	0	0	0	0	0	0	0	0	0	0	0	0	0	0	0	0	0	0	0	0	0	0	0	0	0	0	0	0	0	0	0	0	0	0	0	0	0	0	0	0	0	0	0	0	0	0	80	70	65	85	0	6672	6672	4	4	0	255	0	255	1	1	0	6673	6673	4	4	0	255	0	255	1	1	0	6159	6159	0	255	0	255	0	255	1	1	0	0	0	0	0	0	0	0	0	0	0	0	0	0	0	0	0	0	0	0	0	0	0	0	0	0	0	0	0	0	0	0	0	0	0	0	0	0	0	0	0	0	0	0	0	0	0	0	0	0	0	0	0	0	0	0	3
41	8	615	0	0	610	611	0	600	0	0	2	2	15	65	400000	1	32	0	0	0	0	0	0	0	0	0	0	0	0	0	0	0	0	0	0	0	0	0	0	0	0	0	0	0	0	0	0	0	0	0	0	0	0	0	0	0	0	0	0	0	0	0	0	0	0	0	0	0	0	0	0	0	0	0	0	0	0	0	0	0	80	70	65	85	0	6672	6672	5	5	0	255	0	255	1	1	0	6673	6673	5	5	0	255	0	255	1	1	0	6159	6159	0	255	0	255	0	255	1	1	0	0	0	0	0	0	0	0	0	0	0	0	0	0	0	0	0	0	0	0	0	0	0	0	0	0	0	0	0	0	0	0	0	0	0	0	0	0	0	0	0	0	0	0	0	0	0	0	0	0	0	0	0	0	0	0	3
42	8	615	0	0	610	611	0	600	0	0	2	2	15	65	600000	1	32	0	0	0	0	0	0	0	0	0	0	0	0	0	0	0	0	0	0	0	0	0	0	0	0	0	0	0	0	0	0	0	0	0	0	0	0	0	0	0	0	0	0	0	0	0	0	0	0	0	0	0	0	0	0	0	0	0	0	0	0	0	0	0	80	70	65	85	0	6672	6672	6	6	0	255	0	255	1	1	0	6673	6673	6	6	0	255	0	255	1	1	0	6159	6159	0	255	0	255	0	255	1	1	0	0	0	0	0	0	0	0	0	0	0	0	0	0	0	0	0	0	0	0	0	0	0	0	0	0	0	0	0	0	0	0	0	0	0	0	0	0	0	0	0	0	0	0	0	0	0	0	0	0	0	0	0	0	0	0	3
43	8	615	0	0	610	611	0	600	0	0	2	2	15	65	850000	1	32	0	0	0	0	0	0	0	0	0	0	0	0	0	0	0	0	0	0	0	0	0	0	0	0	0	0	0	0	0	0	0	0	0	0	0	0	0	0	0	0	0	0	0	0	0	0	0	0	0	0	0	0	0	0	0	0	0	0	0	0	0	0	0	80	70	65	85	0	6672	6672	7	7	0	255	0	255	1	1	0	6673	6673	7	7	0	255	0	255	1	1	0	6159	6159	0	255	0	255	0	255	1	1	0	0	0	0	0	0	0	0	0	0	0	0	0	0	0	0	0	0	0	0	0	0	0	0	0	0	0	0	0	0	0	0	0	0	0	0	0	0	0	0	0	0	0	0	0	0	0	0	0	0	0	0	0	0	0	0	3
44	8	615	0	0	610	611	0	600	0	0	2	2	15	65	1050000	1	32	0	0	0	0	0	0	0	0	0	0	0	0	0	0	0	0	0	0	0	0	0	0	0	0	0	0	0	0	0	0	0	0	0	0	0	0	0	0	0	0	0	0	0	0	0	0	0	0	0	0	0	0	0	0	0	0	0	0	0	0	0	0	0	80	70	65	85	0	6672	6672	8	8	0	255	0	255	1	1	0	6673	6673	8	8	0	255	0	255	1	1	0	6159	6159	0	255	0	255	0	255	1	1	0	0	0	0	0	0	0	0	0	0	0	0	0	0	0	0	0	0	0	0	0	0	0	0	0	0	0	0	0	0	0	0	0	0	0	0	0	0	0	0	0	0	0	0	0	0	0	0	0	0	0	0	0	0	0	0	3
45	2	603	0	0	610	611	0	600	0	0	1	1	10	65	100000	1	32	0	0	0	0	0	0	0	0	0	0	0	0	0	0	0	0	0	0	0	0	0	0	0	0	0	0	0	0	0	0	0	0	0	0	0	0	0	0	0	0	0	0	0	0	0	0	0	0	0	0	0	0	0	0	0	0	0	0	0	0	0	0	0	60	70	65	85	0	7185	7185	0	0	0	255	0	255	1	1	0	7186	7186	0	0	0	255	0	255	1	1	0	6159	6159	0	255	0	255	0	255	1	1	0	0	0	0	0	0	0	0	0	0	0	0	0	0	0	0	0	0	0	0	0	0	0	0	0	0	0	0	0	0	0	0	0	0	0	0	0	0	0	0	0	0	0	0	0	0	0	0	0	0	0	0	0	0	0	0	3
46	2	603	0	0	610	611	0	600	0	0	1	1	10	65	100000	1	32	0	0	0	0	0	0	0	0	0	0	0	0	1049088	16781312	0	0	0	0	0	0	0	0	0	0	0	0	0	0	0	0	0	0	0	0	0	0	0	0	0	0	0	0	0	0	0	0	0	0	0	0	0	0	0	0	0	0	0	0	0	0	0	0	0	80	70	65	85	0	7185	7185	1	1	0	255	0	255	1	1	0	7186	7186	1	1	0	255	0	255	1	1	0	6159	6159	0	255	0	255	0	255	1	1	0	0	0	0	0	0	0	0	0	0	0	0	0	0	0	0	0	0	0	0	0	0	0	0	0	0	0	0	0	0	0	0	0	0	0	0	0	0	0	0	0	0	0	0	0	0	0	0	0	0	0	0	0	0	0	0	3
47	2	603	0	0	610	611	0	600	0	0	1	1	10	65	200000	1	32	0	0	0	0	0	0	0	0	0	0	0	0	0	0	0	0	0	0	0	0	0	0	0	0	0	0	0	0	0	0	0	0	0	0	0	0	0	0	0	0	0	0	0	0	0	0	0	0	0	0	0	0	0	0	0	0	0	0	0	0	0	0	0	80	70	65	85	0	7185	7185	2	2	0	255	0	255	1	1	0	7186	7186	2	2	0	255	0	255	1	1	0	6159	6159	0	255	0	255	0	255	1	1	0	0	0	0	0	0	0	0	0	0	0	0	0	0	0	0	0	0	0	0	0	0	0	0	0	0	0	0	0	0	0	0	0	0	0	0	0	0	0	0	0	0	0	0	0	0	0	0	0	0	0	0	0	0	0	0	3
48	2	603	0	0	610	611	0	600	0	0	1	1	10	65	400000	1	32	0	0	0	0	0	0	0	0	0	0	0	0	0	0	0	0	0	0	0	0	0	0	0	0	0	0	0	0	0	0	0	0	0	0	0	0	0	0	0	0	0	0	0	0	0	0	0	0	0	0	0	0	0	0	0	0	0	0	0	0	0	0	0	80	70	65	85	0	7185	7185	3	3	0	255	0	255	1	1	0	7186	7186	3	3	0	255	0	255	1	1	0	6159	6159	0	255	0	255	0	255	1	1	0	0	0	0	0	0	0	0	0	0	0	0	0	0	0	0	0	0	0	0	0	0	0	0	0	0	0	0	0	0	0	0	0	0	0	0	0	0	0	0	0	0	0	0	0	0	0	0	0	0	0	0	0	0	0	0	3
49	2	603	0	0	610	611	0	600	0	0	1	1	10	65	700000	1	32	0	0	0	0	0	0	0	0	0	0	0	0	0	0	0	0	0	0	0	0	0	0	0	0	0	0	0	0	0	0	0	0	0	0	0	0	0	0	0	0	0	0	0	0	0	0	0	0	0	0	0	0	0	0	0	0	0	0	0	0	0	0	0	80	70	65	85	0	7185	7185	4	4	0	255	0	255	1	1	0	7186	7186	4	4	0	255	0	255	1	1	0	6159	6159	0	255	0	255	0	255	1	1	0	0	0	0	0	0	0	0	0	0	0	0	0	0	0	0	0	0	0	0	0	0	0	0	0	0	0	0	0	0	0	0	0	0	0	0	0	0	0	0	0	0	0	0	0	0	0	0	0	0	0	0	0	0	0	0	3
50	2	603	0	0	610	611	0	600	0	0	1	1	10	65	1100000	1	32	0	0	0	0	0	0	0	0	0	0	0	0	0	0	0	0	0	0	0	0	0	0	0	0	0	0	0	0	0	0	0	0	0	0	0	0	0	0	0	0	0	0	0	0	0	0	0	0	0	0	0	0	0	0	0	0	0	0	0	0	0	0	0	70	70	65	85	0	7185	7185	5	5	0	255	0	255	1	1	0	7186	7186	5	5	0	255	0	255	1	1	0	6159	6159	0	255	0	255	0	255	1	1	0	0	0	0	0	0	0	0	0	0	0	0	0	0	0	0	0	0	0	0	0	0	0	0	0	0	0	0	0	0	0	0	0	0	0	0	0	0	0	0	0	0	0	0	0	0	0	0	0	0	0	0	0	0	0	0	3
51	2	603	0	0	610	611	0	600	0	0	1	1	10	65	1600000	1	32	0	0	0	0	0	0	0	0	0	0	0	0	0	0	0	0	0	0	0	0	0	0	0	0	0	0	0	0	0	0	0	0	0	0	0	0	0	0	0	0	0	0	0	0	0	0	0	0	0	0	0	0	0	0	0	0	0	0	0	0	0	0	0	70	70	65	85	0	7185	7185	6	6	0	255	0	255	1	1	0	7186	7186	6	6	0	255	0	255	1	1	0	6159	6159	0	255	0	255	0	255	1	1	0	0	0	0	0	0	0	0	0	0	0	0	0	0	0	0	0	0	0	0	0	0	0	0	0	0	0	0	0	0	0	0	0	0	0	0	0	0	0	0	0	0	0	0	0	0	0	0	0	0	0	0	0	0	0	0	3
52	2	603	0	0	610	611	0	600	0	0	1	1	10	65	2000000	1	32	0	0	0	0	0	0	0	0	0	0	0	0	0	0	0	0	0	0	0	0	0	0	0	0	0	0	0	0	0	0	0	0	0	0	0	0	0	0	0	0	1966592	16781312	0	0	0	0	0	0	0	0	0	0	0	0	0	0	0	0	0	0	0	0	0	70	70	65	85	0	7185	7185	7	7	0	255	0	255	1	1	0	7186	7186	7	7	0	255	0	255	1	1	0	6159	6159	0	255	0	255	0	255	1	1	0	0	0	0	0	0	0	0	0	0	0	0	0	0	0	0	0	0	0	0	0	0	0	0	0	0	0	0	0	0	0	0	0	0	0	0	0	0	0	0	0	0	0	0	0	0	0	0	0	0	0	0	0	0	0	0	3
53	24	1172	0	0	610	611	0	0	0	0	3	3	10	65	5000000	13	7	0	5	0	34	0	4	0	0	1249125376	6	0	1	0	7	0	5	0	35	0	4	0	0	1193033728	6	0	0	0	0	0	0	0	0	0	0	0	0	0	0	0	0	0	0	0	0	0	0	0	0	0	0	0	0	0	0	0	0	0	0	0	0	0	0	0	30	65	65	85	0	6144	6146	0	255	0	255	0	255	1	1	0	6670	6670	1	1	0	255	0	255	1	1	0	6159	6159	0	255	0	255	0	255	1	1	0	0	6143	4	255	0	255	0	255	0	255	1	0	0	0	0	0	0	0	0	0	0	0	0	0	0	0	0	0	0	0	0	0	0	0	0	0	0	0	0	0	0	0	0	0	0	0	0	0	0	0	0	0	0	0	0	4
54	24	1172	0	0	610	611	0	0	0	0	3	3	10	65	5000000	13	7	0	5	0	34	0	4	0	0	1249125376	6	0	1	0	7	0	5	0	35	0	4	0	0	1193033728	6	0	0	0	0	0	0	0	0	0	0	0	0	0	0	0	0	0	0	0	0	0	0	0	0	0	0	0	0	0	0	0	0	0	0	0	0	0	0	0	30	65	65	85	0	6185	6185	0	255	0	255	0	255	1	1	0	6670	6670	1	1	0	255	0	255	1	1	0	6159	6159	0	255	0	255	0	255	1	1	0	0	6143	4	255	0	255	0	255	0	255	1	0	0	0	0	0	0	0	0	0	0	0	0	0	0	0	0	0	0	0	0	0	0	0	0	0	0	0	0	0	0	0	0	0	0	0	0	0	0	0	0	0	0	0	0	4
55	25	1921	1412	0	610	611	0	0	0	0	1	1	10	65	0	1	32	0	0	0	0	0	0	0	0	0	0	0	0	0	0	0	0	0	0	0	0	0	0	0	0	0	0	0	0	0	0	0	0	0	0	0	0	0	0	0	0	0	0	0	0	0	0	0	0	0	0	0	0	0	0	0	0	0	0	0	0	0	0	0	70	65	65	85	0	6688	6688	0	255	0	255	20	20	1	1	0	6689	6689	0	255	0	255	20	20	1	1	0	6159	6159	0	255	0	255	0	255	1	1	0	0	0	0	0	0	0	0	0	0	0	0	0	0	0	0	0	0	0	0	0	0	0	0	0	0	0	0	0	0	0	0	0	0	0	0	0	0	0	0	0	0	0	0	0	0	0	0	0	0	0	0	0	0	0	0	3
56	26	1922	1412	0	610	611	0	0	0	0	2	2	10	65	0	1	32	0	0	0	0	0	0	0	0	0	0	0	0	0	0	0	0	0	0	0	0	0	0	0	0	0	0	0	0	0	0	0	0	0	0	0	0	0	0	0	0	0	0	0	0	0	0	0	0	0	0	0	0	0	0	0	0	0	0	0	0	0	0	0	50	65	65	85	0	6690	6690	0	255	0	255	10	10	1	1	0	6691	6691	0	255	0	255	0	255	5	5	0	6159	6159	0	255	0	255	0	255	1	1	0	0	0	0	0	0	0	0	0	0	0	0	0	0	0	0	0	0	0	0	0	0	0	0	0	0	0	0	0	0	0	0	0	0	0	0	0	0	0	0	0	0	0	0	0	0	0	0	0	0	0	0	0	0	0	0	3
57	27	1923	1412	0	610	611	0	0	0	0	2	2	10	65	10000000	1	32	0	0	0	0	0	0	0	0	0	0	0	0	0	0	0	0	0	0	0	0	0	0	0	0	0	0	0	0	0	0	0	0	0	0	0	0	0	0	0	0	0	0	0	0	0	0	0	0	0	0	0	0	0	0	0	0	0	0	0	0	0	0	0	30	65	65	85	0	6692	6692	0	255	0	255	0	255	1	1	0	7184	7184	0	255	0	255	0	255	3	3	0	6159	6159	0	255	0	255	0	255	1	1	0	0	0	0	0	0	0	0	0	0	0	0	0	0	0	0	0	0	0	0	0	0	0	0	0	0	0	0	0	0	0	0	0	0	0	0	0	0	0	0	0	0	0	0	0	0	0	0	0	0	0	0	0	0	0	0	3
58	28	1923	1863	1412	610	611	0	0	0	0	2	2	10	65	10000000	7	5	0	36	0	3	0	0	1120403456	6	0	4	0	0	1245125376	0	0	0	0	0	0	0	0	0	0	0	0	0	0	0	0	0	0	0	0	0	0	0	0	0	0	0	0	0	0	0	0	0	0	0	0	0	0	0	0	0	0	0	0	0	0	0	0	0	0	20	68	65	85	0	6693	6693	0	255	0	255	0	255	1	1	0	7184	7184	0	255	0	255	0	255	5	5	0	6159	6159	0	255	0	255	0	255	1	1	0	0	3071	4	255	4	255	0	255	1	255	0	0	0	0	0	0	0	0	0	0	0	0	0	0	0	0	0	0	0	0	0	0	0	0	0	0	0	0	0	0	0	0	0	0	0	0	0	0	0	0	0	0	0	0	0	4
59	28	1923	1864	1412	610	611	0	0	0	0	2	2	10	65	10000000	7	5	0	36	0	3	0	0	1120403456	6	0	4	0	0	1245125376	0	0	0	0	0	0	0	0	0	0	0	0	0	0	0	0	0	0	0	0	0	0	0	0	0	0	0	0	0	0	0	0	0	0	0	0	0	0	0	0	0	0	0	0	0	0	0	0	0	0	20	68	65	85	0	6693	6693	0	255	0	255	0	255	1	1	0	7184	7184	0	255	0	255	0	255	5	5	0	6159	6159	0	255	0	255	0	255	1	1	0	3072	6143	4	255	4	255	0	255	1	255	0	0	0	0	0	0	0	0	0	0	0	0	0	0	0	0	0	0	0	0	0	0	0	0	0	0	0	0	0	0	0	0	0	0	0	0	0	0	0	0	0	0	0	0	0	4
60	30	2038	1412	0	610	611	0	0	0	0	1	1	10	65	100000	1	32	0	0	0	0	0	0	0	0	0	0	0	0	0	0	0	0	0	0	0	0	0	0	0	0	0	0	0	0	0	0	0	0	0	0	0	0	0	0	0	0	0	0	0	0	0	0	0	0	0	0	0	0	0	0	0	0	0	0	0	0	0	0	0	50	65	65	85	0	7171	7171	0	255	0	255	0	255	3	3	0	0	0	0	0	0	0	0	0	0	0	0	0	0	0	0	0	0	0	0	0	0	0	0	0	0	0	0	0	0	0	0	0	0	0	0	0	0	0	0	0	0	0	0	0	0	0	0	0	0	0	0	0	0	0	0	0	0	0	0	0	0	0	0	0	0	0	0	0	0	0	0	0	0	0	0	0	0	1
61	31	2038	1412	0	610	611	0	0	0	0	1	1	10	65	500000	1	32	0	0	0	0	0	0	0	0	0	0	0	0	0	0	0	0	0	0	0	0	0	0	0	0	0	0	0	0	0	0	0	0	0	0	0	0	0	0	0	0	0	0	0	0	0	0	0	0	0	0	0	0	0	0	0	0	0	0	0	0	0	0	0	30	65	65	85	0	7206	7206	0	255	0	255	0	255	3	3	0	0	0	0	0	0	0	0	0	0	0	0	0	0	0	0	0	0	0	0	0	0	0	0	0	0	0	0	0	0	0	0	0	0	0	0	0	0	0	0	0	0	0	0	0	0	0	0	0	0	0	0	0	0	0	0	0	0	0	0	0	0	0	0	0	0	0	0	0	0	0	0	0	0	0	0	0	0	1
62	32	2038	1412	0	610	611	0	0	0	0	1	1	10	65	1000000	1	32	0	0	0	0	0	0	0	0	0	0	0	0	0	0	0	0	0	0	0	0	0	0	0	0	0	0	0	0	0	0	0	0	0	0	0	0	0	0	0	0	0	0	0	0	0	0	0	0	0	0	0	0	0	0	0	0	0	0	0	0	0	0	0	30	65	65	85	0	7207	7207	0	255	0	255	0	255	3	3	0	0	0	0	0	0	0	0	0	0	0	0	0	0	0	0	0	0	0	0	0	0	0	0	0	0	0	0	0	0	0	0	0	0	0	0	0	0	0	0	0	0	0	0	0	0	0	0	0	0	0	0	0	0	0	0	0	0	0	0	0	0	0	0	0	0	0	0	0	0	0	0	0	0	0	0	0	0	1
63	15	1413	1412	0	0	0	0	0	0	0	1	1	10	67	100000	1	32	0	0	0	0	0	0	0	0	0	0	0	0	0	0	0	0	0	0	0	0	0	0	0	0	0	0	0	0	0	0	0	0	0	0	0	0	0	0	0	0	0	0	0	0	0	0	0	0	0	0	0	0	0	0	0	0	0	0	0	0	0	0	0	100	65	85	85	0	7181	7181	0	255	0	255	0	255	1	25	0	0	0	0	0	0	0	0	0	0	0	0	0	0	0	0	0	0	0	0	0	0	0	0	0	0	0	0	0	0	0	0	0	0	0	0	0	0	0	0	0	0	0	0	0	0	0	0	0	0	0	0	0	0	0	0	0	0	0	0	0	0	0	0	0	0	0	0	0	0	0	0	0	0	0	0	0	0	1
64	16	1414	1412	0	0	0	0	0	0	0	1	1	10	67	50000	1	32	0	0	0	0	0	0	0	0	0	0	0	0	0	0	0	0	0	0	0	0	0	0	0	0	0	0	0	0	0	0	0	0	0	0	0	0	0	0	0	0	0	0	0	0	0	0	0	0	0	0	0	0	0	0	0	0	0	0	0	0	0	0	0	100	65	85	85	0	7182	7182	0	255	0	255	0	255	1	25	0	0	0	0	0	0	0	0	0	0	0	0	0	0	0	0	0	0	0	0	0	0	0	0	0	3801600	16781312	0	0	0	0	0	0	0	0	0	0	0	0	0	0	0	0	0	0	0	0	0	0	0	0	0	0	0	0	0	0	0	0	0	0	0	0	0	0	0	0	0	0	0	0	0	0	0	0	0	0	0	1
65	17	1415	1412	0	0	0	0	0	0	0	1	1	10	65	5000000	1	32	0	0	0	0	0	0	0	0	0	0	0	0	0	0	0	0	0	0	0	0	0	0	0	0	0	0	0	0	0	0	0	0	0	0	0	0	0	0	0	0	0	0	0	0	0	0	0	0	0	0	0	0	0	0	0	0	0	0	0	0	0	0	0	100	65	85	85	0	7181	7181	0	255	0	255	0	255	5	5	0	7182	7182	0	255	0	255	0	255	5	5	0	7199	7199	0	255	0	255	0	255	1	1	0	6159	6159	0	255	0	255	0	255	1	1	0	0	0	0	0	0	0	0	0	0	0	0	0	0	0	0	0	0	0	0	0	0	0	0	0	0	0	0	0	0	0	0	0	0	0	0	0	0	0	0	0	0	0	0	0	4
66	37	2396	1412	0	610	611	0	600	0	0	2	2	10	65	3000000	1	32	0	0	0	0	0	0	0	0	0	0	0	0	0	0	0	0	0	0	0	0	0	0	0	0	0	0	0	0	0	0	0	0	0	0	0	0	0	0	0	0	0	0	0	0	0	0	0	0	0	0	0	0	0	0	0	0	0	0	0	0	0	0	0	70	70	65	85	0	6705	6705	1	1	0	255	0	255	1	1	0	6706	6706	1	1	0	255	0	255	1	1	0	6159	6159	0	255	0	255	0	255	1	1	0	0	0	0	0	0	0	0	0	0	0	0	0	0	0	0	0	0	0	0	0	0	0	0	0	0	0	0	0	0	0	0	0	0	0	0	0	0	0	0	0	0	0	0	0	0	0	0	0	0	0	0	0	0	0	0	3
67	37	2396	1412	0	610	611	0	600	0	0	2	2	10	65	5000000	1	32	0	0	0	0	0	0	0	0	0	0	0	0	0	0	0	0	0	0	0	0	0	0	0	0	0	0	0	0	0	0	0	0	0	0	0	0	0	0	0	0	0	0	0	0	0	0	0	0	0	0	0	0	0	0	0	0	0	0	0	0	0	0	0	70	70	65	85	0	6705	6705	2	2	0	255	0	255	1	1	0	6706	6706	2	2	0	255	0	255	1	1	0	6159	6159	0	255	0	255	0	255	1	1	0	0	0	0	0	0	0	0	0	0	0	0	0	0	0	0	0	0	0	0	0	0	0	0	0	0	0	0	0	0	0	0	0	0	0	0	0	0	0	0	0	0	0	0	0	0	0	0	0	0	0	0	0	0	0	0	3
68	37	2396	1412	0	610	611	0	600	0	0	2	2	10	65	7000000	1	32	0	0	0	0	0	0	0	0	0	0	0	0	0	0	0	0	0	0	0	0	0	0	0	0	0	0	0	0	0	0	0	0	0	0	0	0	0	0	0	0	0	0	0	0	0	0	0	0	0	0	0	0	0	0	0	0	0	0	0	0	0	0	0	70	70	65	85	0	6705	6705	3	3	0	255	0	255	1	1	0	6706	6706	3	3	0	255	0	255	1	1	0	6159	6159	0	255	0	255	0	255	1	1	0	0	0	0	0	0	0	0	0	0	0	0	0	0	0	0	0	0	0	0	0	0	0	0	0	0	0	0	0	0	0	0	0	0	0	0	0	0	0	0	0	0	0	0	0	0	0	0	0	0	0	0	0	0	0	0	3
69	37	2396	1412	0	610	611	0	600	0	0	2	2	10	65	9000000	1	32	0	0	0	0	0	0	0	0	0	0	0	0	0	0	0	0	0	0	0	0	0	0	0	0	0	0	0	0	0	0	0	0	0	0	0	0	0	0	0	0	0	0	0	0	0	0	0	0	0	0	0	0	0	0	0	0	0	0	0	0	0	0	0	70	70	65	85	0	6705	6705	4	4	0	255	0	255	1	1	0	6706	6706	4	4	0	255	0	255	1	1	0	6159	6159	0	255	0	255	0	255	1	1	0	0	0	0	0	0	0	0	0	0	0	0	0	0	0	0	0	0	0	0	0	0	0	0	0	0	0	0	0	0	0	0	0	0	0	0	0	0	0	0	0	0	0	0	0	0	0	0	0	0	0	0	0	0	0	0	3
70	37	2396	1412	0	610	611	0	600	0	0	2	2	10	65	11000000	1	32	0	0	0	0	0	0	0	0	0	0	0	0	0	0	0	0	0	0	0	0	0	0	0	0	0	0	0	0	0	0	0	0	0	0	0	0	0	0	0	0	0	0	0	0	0	0	0	0	0	0	0	0	0	0	0	0	0	0	0	0	0	0	0	70	70	65	85	0	6705	6705	5	5	0	255	0	255	1	1	0	6706	6706	5	5	0	255	0	255	1	1	0	6159	6159	0	255	0	255	0	255	1	1	0	0	0	0	0	0	0	0	0	0	0	0	0	0	0	0	0	0	0	0	0	0	0	0	0	0	0	0	0	0	0	0	0	4719104	4096	256	0	0	0	0	0	0	0	0	0	0	0	0	0	0	0	0	0	0	0	0	3
71	37	2396	1412	0	610	611	0	600	0	0	2	2	10	65	13000000	1	32	0	0	0	0	0	0	0	0	0	0	0	0	0	0	0	0	0	0	0	0	0	0	0	0	0	0	0	0	0	0	0	0	0	0	0	0	0	0	0	0	0	0	0	0	0	0	0	0	0	0	0	0	0	0	0	0	0	0	0	0	0	0	0	70	70	65	85	0	6705	6705	6	6	0	255	0	255	1	1	0	6706	6706	6	6	0	255	0	255	1	1	0	6159	6159	0	255	0	255	0	255	1	1	0	0	0	0	0	0	0	0	0	0	0	0	0	0	0	0	0	0	0	0	0	0	0	0	0	0	0	0	0	0	0	0	0	0	0	0	0	0	0	0	0	0	0	0	0	0	0	0	0	0	0	0	0	0	0	0	3
72	38	1666	1412	0	610	611	0	0	0	0	2	1	10	66	200000	5	37	0	4	0	0	1217559552	1	0	0	1065353216	0	0	0	0	0	0	0	0	0	0	0	0	0	0	0	0	0	0	0	0	0	0	0	0	0	0	0	0	0	0	0	0	0	0	0	0	0	0	0	0	0	0	0	0	0	0	0	0	0	0	0	0	0	0	60	65	65	85	0	6147	6150	9	255	4	255	0	255	1	1	0	6159	6159	0	255	0	255	0	255	1	1	0	6175	6175	0	0	0	255	0	255	1	1	0	7190	7190	0	255	0	255	0	255	1	1	0	0	6143	7	255	4	255	0	255	1	255	4	0	0	0	0	0	0	0	0	0	0	0	0	0	0	0	0	0	0	0	0	0	0	0	0	0	0	0	0	0	0	0	0	0	5
73	38	1666	1412	0	610	611	0	0	0	0	2	1	10	66	200000	5	37	0	4	0	0	1217559552	1	0	0	1065353216	0	0	0	0	0	0	0	0	0	0	0	0	0	0	0	0	0	0	0	0	0	0	0	0	0	0	0	0	0	0	0	0	0	0	0	0	0	0	0	0	0	0	0	0	0	0	0	0	0	0	0	0	0	0	60	65	65	85	0	6686	6686	9	255	4	255	0	255	1	1	0	6159	6159	0	255	0	255	0	255	1	1	0	6175	6175	0	0	0	255	0	255	1	1	0	7190	7190	0	255	0	255	0	255	1	1	0	0	6143	7	255	4	255	0	255	1	255	4	0	0	0	0	0	0	0	0	0	0	0	0	0	0	0	0	0	0	0	0	0	0	0	0	0	0	0	0	0	0	0	0	0	5
74	38	1666	1412	0	610	611	0	0	0	0	2	1	10	66	200000	5	37	0	4	0	0	1217559552	1	0	0	1065353216	0	0	0	0	0	0	0	0	0	0	0	0	0	0	0	0	0	0	0	0	0	0	0	0	0	0	0	0	0	0	0	0	0	0	0	0	0	0	0	0	0	0	0	0	0	0	0	0	0	0	0	0	0	0	60	65	65	85	0	6186	6186	9	255	4	255	0	255	1	1	0	6159	6159	0	255	0	255	0	255	1	1	0	6175	6175	0	0	0	255	0	255	1	1	0	7190	7190	0	255	0	255	0	255	1	1	0	0	6143	7	255	4	255	0	255	1	255	4	0	0	0	0	0	0	0	0	0	0	0	0	0	0	0	0	0	0	0	0	0	0	0	0	0	0	0	0	0	0	0	0	0	5
75	38	1666	1412	0	610	611	0	0	0	0	2	1	10	66	200000	5	37	0	4	0	0	1217559552	1	0	0	1065353216	0	0	0	0	0	0	0	0	0	0	0	0	0	0	0	0	0	0	0	0	0	0	0	0	0	0	0	0	0	0	0	0	0	0	0	0	0	0	0	0	0	0	0	0	0	0	0	0	0	0	0	0	0	0	60	65	65	85	0	6193	6193	9	255	4	255	0	255	1	1	0	6159	6159	0	255	0	255	0	255	1	1	0	6175	6175	0	0	0	255	0	255	1	1	0	7190	7190	0	255	0	255	0	255	1	1	0	0	6143	7	255	4	255	0	255	1	255	4	0	0	0	0	0	0	0	0	0	0	0	0	0	0	0	0	0	0	0	0	0	0	0	0	0	0	0	0	0	0	0	0	0	5
76	39	1667	1412	0	610	611	0	0	0	0	5	4	10	66	200000	5	35	0	4	0	0	1245125376	1	0	0	1065353216	0	0	0	0	0	0	0	0	0	0	0	0	0	0	0	0	0	0	0	0	0	0	0	0	0	0	0	0	0	0	0	0	0	0	0	0	0	0	0	0	0	0	0	0	0	0	0	0	0	0	0	0	0	0	5	65	65	85	0	6709	6709	0	255	0	255	0	255	1	1	0	6708	6708	0	255	0	255	0	255	1	1	0	6159	6159	0	255	0	255	0	255	1	1	0	6174	6174	0	0	0	255	0	255	1	1	0	6175	6175	0	0	0	255	0	255	1	1	0	7190	7190	0	255	0	255	0	255	1	1	0	0	6143	9	255	4	255	0	255	1	255	1	0	0	0	0	0	0	0	0	0	0	0	7
77	46	2791	0	0	0	0	0	0	0	0	1	1	10	65	1000000	1	32	0	0	0	0	0	0	0	0	0	0	0	0	0	0	0	0	0	0	0	0	0	0	0	0	0	0	0	0	0	0	0	0	0	0	0	0	0	0	0	0	0	0	0	0	0	0	0	0	0	0	0	0	0	0	0	0	0	0	0	0	0	0	0	100	65	85	85	0	7271	7271	0	255	0	255	0	255	1	1	0	7272	7272	0	255	0	255	0	255	1	1	0	7273	7273	0	255	0	255	0	255	1	1	0	7274	7274	0	255	0	255	0	255	1	1	0	7275	7275	0	255	0	255	0	255	1	1	0	7276	7276	0	255	0	255	0	255	1	1	0	0	0	0	0	0	0	0	0	0	0	0	0	0	0	0	0	0	0	0	0	0	0	6
78	47	2881	0	0	0	0	0	0	0	0	2	2	1	65	0	1	32	0	0	0	0	0	0	0	0	0	0	0	0	0	0	0	0	0	0	0	0	0	0	0	0	0	0	0	0	0	0	0	0	0	0	0	0	0	0	0	0	0	0	0	0	0	0	0	0	0	0	0	0	0	0	0	0	0	0	0	0	0	0	0	100	65	85	85	0	7281	7281	0	255	0	255	0	255	1	1	0	7289	7289	0	255	0	255	0	255	1	1	0	0	0	0	0	0	0	0	0	0	0	0	0	0	0	0	0	0	0	0	0	0	0	0	0	0	0	0	0	0	0	0	0	0	0	0	0	0	0	0	0	0	0	0	0	0	0	0	0	0	0	0	0	0	0	0	0	0	0	0	0	0	0	0	0	0	0	2
79	47	2882	0	0	0	0	0	0	0	0	2	2	1	65	0	1	32	0	0	0	0	0	0	0	0	0	0	0	0	0	0	0	0	0	0	0	0	0	0	0	0	0	0	0	0	0	0	0	0	0	0	0	0	0	0	0	0	0	0	0	0	0	0	0	0	0	0	0	0	0	0	0	0	0	0	0	0	0	0	0	100	65	85	85	0	7280	7280	0	255	0	255	0	255	1	1	0	7290	7290	0	255	0	255	0	255	1	1	0	0	0	0	0	0	0	0	0	0	0	0	0	0	0	0	0	0	0	0	0	0	0	0	0	0	0	0	0	0	0	0	0	0	0	0	0	0	0	0	0	0	0	0	0	0	0	0	0	0	0	0	0	0	0	0	0	0	0	0	0	0	0	0	0	0	0	2

80	60	2948	0	0	610	611	0	0	0	0	4	4	10	65	10000000	1	32	0	0	0	0	0	0	0	0	0	0	0	0	0	0	0	0	0	0	0	0	0	0	0	0	0	0	0	0	0	0	0	0	0	0	0	0	0	0	0	0	0	0	0	0	0	0	0	0	0	0	0	0	0	0	0	0	0	0	0	0	0	0	0	30	65	85	85	0	19	    19	    13	 255	4	255	0	255	1	1	0	7384	7384	0	0	0	255	0	255	1	1	0	6285	6285	2	2	0	255	0	255	1	1	0	6174	6174	2	2	0	255	0	255	1	1	0	6175	6175	2	2	0	255	0	255	1	1	0	6281	6281	2	2	0	255	0	255	1	1	0	6280	6280	2   2	0	255	0	255	1	1	0	0	0	0	0	0	0	0	0	0	0	0	7
81	60	2948	0	0	610	611	0	0	0	0	4	4	10	65	10000000	1	32	0	0	0	0	0	0	0	0	0	0	0	0	0	0	0	0	0	0	0	0	0	0	0	0	0	0	0	0	0	0	0	0	0	0	0	0	0	0	0	0	0	0	0	0	0	0	0	0	0	0	0	0	0	0	0	0	0	0	0	0	0	0	0	30	65	85	85	0	1037	1037	13	 255	4	255	0	255	1	1	0	7384	7384	0	0	0	255	0	255	1	1	0	6285	6285	2	2	0	255	0	255	1	1	0	6174	6174	2	2	0	255	0	255	1	1	0	6175	6175	2	2	0	255	0	255	1	1	0	6281	6281	2	2	0	255	0	255	1	1	0	6280	6280	2   2	0	255	0	255	1	1	0	0	0	0	0	0	0	0	0	0	0	0	7
82	60	2948	0	0	610	611	0	0	0	0	4	4	10	65	10000000	1	32	0	0	0	0	0	0	0	0	0	0	0	0	0	0	0	0	0	0	0	0	0	0	0	0	0	0	0	0	0	0	0	0	0	0	0	0	0	0	0	0	0	0	0	0	0	0	0	0	0	0	0	0	0	0	0	0	0	0	0	0	0	0	0	30	65	85	85	0	2066	2066	13	 255	4	255	0	255	1	1	0	7384	7384	0	0	0	255	0	255	1	1	0	6285	6285	2	2	0	255	0	255	1	1	0	6174	6174	2	2	0	255	0	255	1	1	0	6175	6175	2	2	0	255	0	255	1	1	0	6281	6281	2	2	0	255	0	255	1	1	0	6280	6280	2   2	0	255	0	255	1	1	0	0	0	0	0	0	0	0	0	0	0	0	7
83	60	2948	0	0	610	611	0	0	0	0	4	4	10	65	10000000	1	32	0	0	0	0	0	0	0	0	0	0	0	0	0	0	0	0	0	0	0	0	0	0	0	0	0	0	0	0	0	0	0	0	0	0	0	0	0	0	0	0	0	0	0	0	0	0	0	0	0	0	0	0	0	0	0	0	0	0	0	0	0	0	0	30	65	85	85	0	2570	2570	13	 255	4	255	0	255	1	1	0	7384	7384	0	0	0	255	0	255	1	1	0	6285	6285	2	2	0	255	0	255	1	1	0	6174	6174	2	2	0	255	0	255	1	1	0	6175	6175	2	2	0	255	0	255	1	1	0	6281	6281	2	2	0	255	0	255	1	1	0	6280	6280	2   2	0	255	0	255	1	1	0	0	0	0	0	0	0	0	0	0	0	0	7
84	60	2948	0	0	610	611	0	0	0	0	4	4	10	65	10000000	1	32	0	0	0	0	0	0	0	0	0	0	0	0	0	0	0	0	0	0	0	0	0	0	0	0	0	0	0	0	0	0	0	0	0	0	0	0	0	0	0	0	0	0	0	0	0	0	0	0	0	0	0	0	0	0	0	0	0	0	0	0	0	0	0	30	65	85	85	0	2596	2596	13	 255	4	255	0	255	1	1	0	7384	7384	0	0	0	255	0	255	1	1	0	6285	6285	2	2	0	255	0	255	1	1	0	6174	6174	2	2	0	255	0	255	1	1	0	6175	6175	2	2	0	255	0	255	1	1	0	6281	6281	2	2	0	255	0	255	1	1	0	6280	6280	2   2	0	255	0	255	1	1	0	0	0	0	0	0	0	0	0	0	0	0	7
85	60	2948	0	0	610	611	0	0	0	0	4	4	10	65	10000000	1	32	0	0	0	0	0	0	0	0	0	0	0	0	0	0	0	0	0	0	0	0	0	0	0	0	0	0	0	0	0	0	0	0	0	0	0	0	0	0	0	0	0	0	0	0	0	0	0	0	0	0	0	0	0	0	0	0	0	0	0	0	0	0	0	30	65	85	85	0	60	    60	    13	 255	4	255	0	255	1	1	0	7384	7384	0	0	0	255	0	255	1	1	0	6285	6285	2	2	0	255	0	255	1	1	0	6174	6174	2	2	0	255	0	255	1	1	0	6175	6175	2	2	0	255	0	255	1	1	0	6281	6281	2	2	0	255	0	255	1	1	0	6280	6280	2   2	0	255	0	255	1	1	0	0	0	0	0	0	0	0	0	0	0	0	7
86	60	2948	0	0	610	611	0	0	0	0	4	4	10	65	10000000	1	32	0	0	0	0	0	0	0	0	0	0	0	0	0	0	0	0	0	0	0	0	0	0	0	0	0	0	0	0	0	0	0	0	0	0	0	0	0	0	0	0	0	0	0	0	0	0	0	0	0	0	0	0	0	0	0	0	0	0	0	0	0	0	0	30	65	85	85	0	47	    47	    13	 255	4	255	0	255	1	1	0	7384	7384	0	0	0	255	0	255	1	1	0	6285	6285	2	2	0	255	0	255	1	1	0	6174	6174	2	2	0	255	0	255	1	1	0	6175	6175	2	2	0	255	0	255	1	1	0	6281	6281	2	2	0	255	0	255	1	1	0	6280	6280	2   2	0	255	0	255	1	1	0	0	0	0	0	0	0	0	0	0	0	0	7

87	61	2947	0	0	610	611	0	0	0	0	4	4	10	65	10000000	1	32	0	0	0	0	0	0	0	0	0	0	0	0	0	0	0	0	0	0	0	0	0	0	0	0	0	0	0	0	0	0	0	0	0	0	0	0	0	0	0	0	0	0	0	0	0	0	0	0	0	0	0	0	0	0	0	0	0	0	0	0	0	0	0	30	65	85	85	0	20	    20	    13	 255	4	255	0	255	1	1	0	7384	7384	0	0	0	255	0	255	1	1	0	6285	6285	2	2	0	255	0	255	1	1	0	6174	6174	2	2	0	255	0	255	1	1	0	6175	6175	2	2	0	255	0	255	1	1	0	6281	6281	2	2	0	255	0	255	1	1	0	6280	6280	2   2	0	255	0	255	1	1	0	0	0	0	0	0	0	0	0	0	0	0	7
88	61	2947	0	0	610	611	0	0	0	0	4	4	10	65	10000000	1	32	0	0	0	0	0	0	0	0	0	0	0	0	0	0	0	0	0	0	0	0	0	0	0	0	0	0	0	0	0	0	0	0	0	0	0	0	0	0	0	0	0	0	0	0	0	0	0	0	0	0	0	0	0	0	0	0	0	0	0	0	0	0	0	30	65	85	85	0	21		21		13	 255	4	255	0	255	1	1	0	7384	7384	0	0	0	255	0	255	1	1	0	6285	6285	2	2	0	255	0	255	1	1	0	6174	6174	2	2	0	255	0	255	1	1	0	6175	6175	2	2	0	255	0	255	1	1	0	6281	6281	2	2	0	255	0	255	1	1	0	6280	6280	2   2	0	255	0	255	1	1	0	0	0	0	0	0	0	0	0	0	0	0	7
89	61	2947	0	0	610	611	0	0	0	0	4	4	10	65	10000000	1	32	0	0	0	0	0	0	0	0	0	0	0	0	0	0	0	0	0	0	0	0	0	0	0	0	0	0	0	0	0	0	0	0	0	0	0	0	0	0	0	0	0	0	0	0	0	0	0	0	0	0	0	0	0	0	0	0	0	0	0	0	0	0	0	30	65	85	85	0	34		34		13	 255	4	255	0	255	1	1	0	7384	7384	0	0	0	255	0	255	1	1	0	6285	6285	2	2	0	255	0	255	1	1	0	6174	6174	2	2	0	255	0	255	1	1	0	6175	6175	2	2	0	255	0	255	1	1	0	6281	6281	2	2	0	255	0	255	1	1	0	6280	6280	2   2	0	255	0	255	1	1	0	0	0	0	0	0	0	0	0	0	0	0	7
90	61	2947	0	0	610	611	0	0	0	0	4	4	10	65	10000000	1	32	0	0	0	0	0	0	0	0	0	0	0	0	0	0	0	0	0	0	0	0	0	0	0	0	0	0	0	0	0	0	0	0	0	0	0	0	0	0	0	0	0	0	0	0	0	0	0	0	0	0	0	0	0	0	0	0	0	0	0	0	0	0	0	30	65	85	85	0	1036	1036	13	 255	4	255	0	255	1	1	0	7384	7384	0	0	0	255	0	255	1	1	0	6285	6285	2	2	0	255	0	255	1	1	0	6174	6174	2	2	0	255	0	255	1	1	0	6175	6175	2	2	0	255	0	255	1	1	0	6281	6281	2	2	0	255	0	255	1	1	0	6280	6280	2   2	0	255	0	255	1	1	0	0	0	0	0	0	0	0	0	0	0	0	7
91	61	2947	0	0	610	611	0	0	0	0	4	4	10	65	10000000	1	32	0	0	0	0	0	0	0	0	0	0	0	0	0	0	0	0	0	0	0	0	0	0	0	0	0	0	0	0	0	0	0	0	0	0	0	0	0	0	0	0	0	0	0	0	0	0	0	0	0	0	0	0	0	0	0	0	0	0	0	0	0	0	0	30	65	85	85	0	2067	2067	13	 255	4	255	0	255	1	1	0	7384	7384	0	0	0	255	0	255	1	1	0	6285	6285	2	2	0	255	0	255	1	1	0	6174	6174	2	2	0	255	0	255	1	1	0	6175	6175	2	2	0	255	0	255	1	1	0	6281	6281	2	2	0	255	0	255	1	1	0	6280	6280	2   2	0	255	0	255	1	1	0	0	0	0	0	0	0	0	0	0	0	0	7
92	61	2947	0	0	610	611	0	0	0	0	4	4	10	65	10000000	1	32	0	0	0	0	0	0	0	0	0	0	0	0	0	0	0	0	0	0	0	0	0	0	0	0	0	0	0	0	0	0	0	0	0	0	0	0	0	0	0	0	0	0	0	0	0	0	0	0	0	0	0	0	0	0	0	0	0	0	0	0	0	0	0	30	65	85	85	0	2573    2573    13	 255	4	255	0	255	1	1	0	7384	7384	0	0	0	255	0	255	1	1	0	6285	6285	2	2	0	255	0	255	1	1	0	6174	6174	2	2	0	255	0	255	1	1	0	6175	6175	2	2	0	255	0	255	1	1	0	6281	6281	2	2	0	255	0	255	1	1	0	6280	6280	2   2	0	255	0	255	1	1	0	0	0	0	0	0	0	0	0	0	0	0	7
93	61	2947	0	0	610	611	0	0	0	0	4	4	10	65	10000000	1	32	0	0	0	0	0	0	0	0	0	0	0	0	0	0	0	0	0	0	0	0	0	0	0	0	0	0	0	0	0	0	0	0	0	0	0	0	0	0	0	0	0	0	0	0	0	0	0	0	0	0	0	0	0	0	0	0	0	0	0	0	0	0	0	30	65	85	85	0	2594    2594    13	 255	4	255	0	255	1	1	0	7384	7384	0	0	0	255	0	255	1	1	0	6285	6285	2	2	0	255	0	255	1	1	0	6174	6174	2	2	0	255	0	255	1	1	0	6175	6175	2	2	0	255	0	255	1	1	0	6281	6281	2	2	0	255	0	255	1	1	0	6280	6280	2   2	0	255	0	255	1	1	0	0	0	0	0	0	0	0	0	0	0	0	7

94	70	2949	0	0	610	611	0	0	0	0	4	4	10	65	10000000	1	32	0	0	0	0	0	0	0	0	0	0	0	0	0	0	0	0	0	0	0	0	0	0	0	0	0	0	0	0	0	0	0	0	0	0	0	0	0	0	0	0	0	0	0	0	0	0	0	0	0	0	0	0	0	0	0	0	0	0	0	0	0	0	0	30	65	85	85	0	17		17	    13	 255	4	255	0	255	1	1	0	7384	7384	0	0	0	255	0	255	1	1	0	6285	6285	2	2	0	255	0	255	1	1	0	6174	6174	2	2	0	255	0	255	1	1	0	6175	6175	2	2	0	255	0	255	1	1	0	6281	6281	2	2	0	255	0	255	1	1	0	6280	6280	2   2	0	255	0	255	1	1	0	0	0	0	0	0	0	0	0	0	0	0	7
95	70	2949	0	0	610	611	0	0	0	0	4	4	10	65	10000000	1	32	0	0	0	0	0	0	0	0	0	0	0	0	0	0	0	0	0	0	0	0	0	0	0	0	0	0	0	0	0	0	0	0	0	0	0	0	0	0	0	0	0	0	0	0	0	0	0	0	0	0	0	0	0	0	0	0	0	0	0	0	0	0	0	30	65	85	85	0	31		31		13	 255	4	255	0	255	1	1	0	7384	7384	0	0	0	255	0	255	1	1	0	6285	6285	2	2	0	255	0	255	1	1	0	6174	6174	2	2	0	255	0	255	1	1	0	6175	6175	2	2	0	255	0	255	1	1	0	6281	6281	2	2	0	255	0	255	1	1	0	6280	6280	2   2	0	255	0	255	1	1	0	0	0	0	0	0	0	0	0	0	0	0	7
96	70	2949	0	0	610	611	0	0	0	0	4	4	10	65	10000000	1	32	0	0	0	0	0	0	0	0	0	0	0	0	0	0	0	0	0	0	0	0	0	0	0	0	0	0	0	0	0	0	0	0	0	0	0	0	0	0	0	0	0	0	0	0	0	0	0	0	0	0	0	0	0	0	0	0	0	0	0	0	0	0	0	30	65	85	85	0	32		32		13	 255	4	255	0	255	1	1	0	7384	7384	0	0	0	255	0	255	1	1	0	6285	6285	2	2	0	255	0	255	1	1	0	6174	6174	2	2	0	255	0	255	1	1	0	6175	6175	2	2	0	255	0	255	1	1	0	6281	6281	2	2	0	255	0	255	1	1	0	6280	6280	2   2	0	255	0	255	1	1	0	0	0	0	0	0	0	0	0	0	0	0	7
97	70	2949	0	0	610	611	0	0	0	0	4	4	10	65	10000000	1	32	0	0	0	0	0	0	0	0	0	0	0	0	0	0	0	0	0	0	0	0	0	0	0	0	0	0	0	0	0	0	0	0	0	0	0	0	0	0	0	0	0	0	0	0	0	0	0	0	0	0	0	0	0	0	0	0	0	0	0	0	0	0	0	30	65	85	85	0	1035	1035	13	 255	4	255	0	255	1	1	0	7384	7384	0	0	0	255	0	255	1	1	0	6285	6285	2	2	0	255	0	255	1	1	0	6174	6174	2	2	0	255	0	255	1	1	0	6175	6175	2	2	0	255	0	255	1	1	0	6281	6281	2	2	0	255	0	255	1	1	0	6280	6280	2   2	0	255	0	255	1	1	0	0	0	0	0	0	0	0	0	0	0	0	7
98	70	2949	0	0	610	611	0	0	0	0	4	4	10	65	10000000	1	32	0	0	0	0	0	0	0	0	0	0	0	0	0	0	0	0	0	0	0	0	0	0	0	0	0	0	0	0	0	0	0	0	0	0	0	0	0	0	0	0	0	0	0	0	0	0	0	0	0	0	0	0	0	0	0	0	0	0	0	0	0	0	0	30	65	85	85	0	2065	2065	13	 255	4	255	0	255	1	1	0	7384	7384	0	0	0	255	0	255	1	1	0	6285	6285	2	2	0	255	0	255	1	1	0	6174	6174	2	2	0	255	0	255	1	1	0	6175	6175	2	2	0	255	0	255	1	1	0	6281	6281	2	2	0	255	0	255	1	1	0	6280	6280	2   2	0	255	0	255	1	1	0	0	0	0	0	0	0	0	0	0	0	0	7
99	70	2949	0	0	610	611	0	0	0	0	4	4	10	65	10000000	1	32	0	0	0	0	0	0	0	0	0	0	0	0	0	0	0	0	0	0	0	0	0	0	0	0	0	0	0	0	0	0	0	0	0	0	0	0	0	0	0	0	0	0	0	0	0	0	0	0	0	0	0	0	0	0	0	0	0	0	0	0	0	0	0	30	65	85	85	0	2569	2569    13	 255	4	255	0	255	1	1	0	7384	7384	0	0	0	255	0	255	1	1	0	6285	6285	2	2	0	255	0	255	1	1	0	6174	6174	2	2	0	255	0	255	1	1	0	6175	6175	2	2	0	255	0	255	1	1	0	6281	6281	2	2	0	255	0	255	1	1	0	6280	6280	2   2	0	255	0	255	1	1	0	0	0	0	0	0	0	0	0	0	0	0	7
100	70	2949	0	0	610	611	0	0	0	0	4	4	10	65	10000000	1	32	0	0	0	0	0	0	0	0	0	0	0	0	0	0	0	0	0	0	0	0	0	0	0	0	0	0	0	0	0	0	0	0	0	0	0	0	0	0	0	0	0	0	0	0	0	0	0	0	0	0	0	0	0	0	0	0	0	0	0	0	0	0	0	30	65	85	85	0	2576	2576    13	 255	4	255	0	255	1	1	0	7384	7384	0	0	0	255	0	255	1	1	0	6285	6285	2	2	0	255	0	255	1	1	0	6174	6174	2	2	0	255	0	255	1	1	0	6175	6175	2	2	0	255	0	255	1	1	0	6281	6281	2	2	0	255	0	255	1	1	0	6280	6280	2   2	0	255	0	255	1	1	0	0	0	0	0	0	0	0	0	0	0	0	7
101	70	2949	0	0	610	611	0	0	0	0	4	4	10	65	10000000	1	32	0	0	0	0	0	0	0	0	0	0	0	0	0	0	0	0	0	0	0	0	0	0	0	0	0	0	0	0	0	0	0	0	0	0	0	0	0	0	0	0	0	0	0	0	0	0	0	0	0	0	0	0	0	0	0	0	0	0	0	0	0	0	0	30	65	85	85	0	2581	2581    13	 255	4	255	0	255	1	1	0	7384	7384	0	0	0	255	0	255	1	1	0	6285	6285	2	2	0	255	0	255	1	1	0	6174	6174	2	2	0	255	0	255	1	1	0	6175	6175	2	2	0	255	0	255	1	1	0	6281	6281	2	2	0	255	0	255	1	1	0	6280	6280	2   2	0	255	0	255	1	1	0	0	0	0	0	0	0	0	0	0	0	0	7

102	71	2950	0	0	610	611	0	0	0	0	4	4	10	65	10000000	1	32	0	0	0	0	0	0	0	0	0	0	0	0	0	0	0	0	0	0	0	0	0	0	0	0	0	0	0	0	0	0	0	0	0	0	0	0	0	0	0	0	0	0	0	0	0	0	0	0	0	0	0	0	0	0	0	0	0	0	0	0	0	0	0	30	65	85	85	0	24	    24	    13	 255	4	255	0	255	1	1	0	7384	7384	0	0	0	255	0	255	1	1	0	6285	6285	2	2	0	255	0	255	1	1	0	6174	6174	2	2	0	255	0	255	1	1	0	6175	6175	2	2	0	255	0	255	1	1	0	6281	6281	2	2	0	255	0	255	1	1	0	6280	6280	2   2	0	255	0	255	1	1	0	0	0	0	0	0	0	0	0	0	0	0	7
103	71	2950	0	0	610	611	0	0	0	0	4	4	10	65	10000000	1	32	0	0	0	0	0	0	0	0	0	0	0	0	0	0	0	0	0	0	0	0	0	0	0	0	0	0	0	0	0	0	0	0	0	0	0	0	0	0	0	0	0	0	0	0	0	0	0	0	0	0	0	0	0	0	0	0	0	0	0	0	0	0	0	30	65	85	85	0	25		25	    13	 255	4	255	0	255	1	1	0	7384	7384	0	0	0	255	0	255	1	1	0	6285	6285	2	2	0	255	0	255	1	1	0	6174	6174	2	2	0	255	0	255	1	1	0	6175	6175	2	2	0	255	0	255	1	1	0	6281	6281	2	2	0	255	0	255	1	1	0	6280	6280	2   2	0	255	0	255	1	1	0	0	0	0	0	0	0	0	0	0	0	0	7
104	71	2950	0	0	610	611	0	0	0	0	4	4	10	65	10000000	1	32	0	0	0	0	0	0	0	0	0	0	0	0	0	0	0	0	0	0	0	0	0	0	0	0	0	0	0	0	0	0	0	0	0	0	0	0	0	0	0	0	0	0	0	0	0	0	0	0	0	0	0	0	0	0	0	0	0	0	0	0	0	0	0	30	65	85	85	0	33		33	    13	 255	4	255	0	255	1	1	0	7384	7384	0	0	0	255	0	255	1	1	0	6285	6285	2	2	0	255	0	255	1	1	0	6174	6174	2	2	0	255	0	255	1	1	0	6175	6175	2	2	0	255	0	255	1	1	0	6281	6281	2	2	0	255	0	255	1	1	0	6280	6280	2   2	0	255	0	255	1	1	0	0	0	0	0	0	0	0	0	0	0	0	7
105	71	2950	0	0	610	611	0	0	0	0	4	4	10	65	10000000	1	32	0	0	0	0	0	0	0	0	0	0	0	0	0	0	0	0	0	0	0	0	0	0	0	0	0	0	0	0	0	0	0	0	0	0	0	0	0	0	0	0	0	0	0	0	0	0	0	0	0	0	0	0	0	0	0	0	0	0	0	0	0	0	0	30	65	85	85	0	1039	1039    13	 255	4	255	0	255	1	1	0	7384	7384	0	0	0	255	0	255	1	1	0	6285	6285	2	2	0	255	0	255	1	1	0	6174	6174	2	2	0	255	0	255	1	1	0	6175	6175	2	2	0	255	0	255	1	1	0	6281	6281	2	2	0	255	0	255	1	1	0	6280	6280	2   2	0	255	0	255	1	1	0	0	0	0	0	0	0	0	0	0	0	0	7
106	71	2950	0	0	610	611	0	0	0	0	4	4	10	65	10000000	1	32	0	0	0	0	0	0	0	0	0	0	0	0	0	0	0	0	0	0	0	0	0	0	0	0	0	0	0	0	0	0	0	0	0	0	0	0	0	0	0	0	0	0	0	0	0	0	0	0	0	0	0	0	0	0	0	0	0	0	0	0	0	0	0	30	65	85	85	0	2070	2070    13	 255	4	255	0	255	1	1	0	7384	7384	0	0	0	255	0	255	1	1	0	6285	6285	2	2	0	255	0	255	1	1	0	6174	6174	2	2	0	255	0	255	1	1	0	6175	6175	2	2	0	255	0	255	1	1	0	6281	6281	2	2	0	255	0	255	1	1	0	6280	6280	2   2	0	255	0	255	1	1	0	0	0	0	0	0	0	0	0	0	0	0	7
107	71	2950	0	0	610	611	0	0	0	0	4	4	10	65	10000000	1	32	0	0	0	0	0	0	0	0	0	0	0	0	0	0	0	0	0	0	0	0	0	0	0	0	0	0	0	0	0	0	0	0	0	0	0	0	0	0	0	0	0	0	0	0	0	0	0	0	0	0	0	0	0	0	0	0	0	0	0	0	0	0	0	30	65	85	85	0	2571    2571    13	 255	4	255	0	255	1	1	0	7384	7384	0	0	0	255	0	255	1	1	0	6285	6285	2	2	0	255	0	255	1	1	0	6174	6174	2	2	0	255	0	255	1	1	0	6175	6175	2	2	0	255	0	255	1	1	0	6281	6281	2	2	0	255	0	255	1	1	0	6280	6280	2   2	0	255	0	255	1	1	0	0	0	0	0	0	0	0	0	0	0	0	7
108	71	2950	0	0	610	611	0	0	0	0	4	4	10	65	10000000	1	32	0	0	0	0	0	0	0	0	0	0	0	0	0	0	0	0	0	0	0	0	0	0	0	0	0	0	0	0	0	0	0	0	0	0	0	0	0	0	0	0	0	0	0	0	0	0	0	0	0	0	0	0	0	0	0	0	0	0	0	0	0	0	0	30	65	85	85	0	2577    2577    13	 255	4	255	0	255	1	1	0	7384	7384	0	0	0	255	0	255	1	1	0	6285	6285	2	2	0	255	0	255	1	1	0	6174	6174	2	2	0	255	0	255	1	1	0	6175	6175	2	2	0	255	0	255	1	1	0	6281	6281	2	2	0	255	0	255	1	1	0	6280	6280	2   2	0	255	0	255	1	1	0	0	0	0	0	0	0	0	0	0	0	0	7
109	71	2950	0	0	610	611	0	0	0	0	4	4	10	65	10000000	1	32	0	0	0	0	0	0	0	0	0	0	0	0	0	0	0	0	0	0	0	0	0	0	0	0	0	0	0	0	0	0	0	0	0	0	0	0	0	0	0	0	0	0	0	0	0	0	0	0	0	0	0	0	0	0	0	0	0	0	0	0	0	0	0	30	65	85	85	0	2582    2582    13	 255	4	255	0	255	1	1	0	7384	7384	0	0	0	255	0	255	1	1	0	6285	6285	2	2	0	255	0	255	1	1	0	6174	6174	2	2	0	255	0	255	1	1	0	6175	6175	2	2	0	255	0	255	1	1	0	6281	6281	2	2	0	255	0	255	1	1	0	6280	6280	2   2	0	255	0	255	1	1	0	0	0	0	0	0	0	0	0	0	0	0	7

110	66	3019	0	0	610	611	0	0	0	0	4	4	10	65	10000000	1	32	0	0	0	0	0	0	0	0	0	0	0	0	0	0	0	0	0	0	0	0	0	0	0	0	0	0	0	0	0	0	0	0	0	0	0	0	0	0	0	0	0	0	0	0	0	0	0	0	0	0	0	0	0	0	0	0	0	0	0	0	0	0	0	30	65	85	85	0	3600	3600	13	 255	0	255	0	255	1	1	0	7385	7385	0	0	0	255	0	255	1	1	0	6285	6285	2	2	0	255	0	255	1	1	0	6174	6174	2	2	0	255	0	255	1	1	0	6175	6175	2	2	0	255	0	255	1	1	0	6281	6281	2	2	0	255	0	255	1	1	0	6280	6280	2	2	0	255	0	255	1	1	0	0	0	0	0	0	0	0	0	0	0	0	7
111	66	3019	0	0	610	611	0	0	0	0	4	4	10	65	10000000	1	32	0	0	0	0	0	0	0	0	0	0	0	0	0	0	0	0	0	0	0	0	0	0	0	0	0	0	0	0	0	0	0	0	0	0	0	0	0	0	0	0	0	0	0	0	0	0	0	0	0	0	0	0	0	0	0	0	0	0	0	0	0	0	0	30	65	85	85	0	4112	4112	13	 255	0	255	0	255	1	1	0	7385	7385	0	0	0	255	0	255	1	1	0	6285	6285	2	2	0	255	0	255	1	1	0	6174	6174	2	2	0	255	0	255	1	1	0	6175	6175	2	2	0	255	0	255	1	1	0	6281	6281	2	2	0	255	0	255	1	1	0	6280	6280	2	2	0	255	0	255	1	1	0	0	0	0	0	0	0	0	0	0	0	0	7
112	66	3019	0	0	610	611	0	0	0	0	4	4	10	65	10000000	1	32	0	0	0	0	0	0	0	0	0	0	0	0	0	0	0	0	0	0	0	0	0	0	0	0	0	0	0	0	0	0	0	0	0	0	0	0	0	0	0	0	0	0	0	0	0	0	0	0	0	0	0	0	0	0	0	0	0	0	0	0	0	0	0	30	65	85	85	0	4624	4624	13	 255	0	255	0	255	1	1	0	7385	7385	0	0	0	255	0	255	1	1	0	6285	6285	2	2	0	255	0	255	1	1	0	6174	6174	2	2	0	255	0	255	1	1	0	6175	6175	2	2	0	255	0	255	1	1	0	6281	6281	2	2	0	255	0	255	1	1	0	6280	6280	2	2	0	255	0	255	1	1	0	0	0	0	0	0	0	0	0	0	0	0	7
113	66	3019	0	0	610	611	0	0	0	0	4	4	10	65	10000000	1	32	0	0	0	0	0	0	0	0	0	0	0	0	0	0	0	0	0	0	0	0	0	0	0	0	0	0	0	0	0	0	0	0	0	0	0	0	0	0	0	0	0	0	0	0	0	0	0	0	0	0	0	0	0	0	0	0	0	0	0	0	0	0	0	30	65	85	85	0	5136	5136	13	 255	0	255	0	255	1	1	0	7385	7385	0	0	0	255	0	255	1	1	0	6285	6285	2	2	0	255	0	255	1	1	0	6174	6174	2	2	0	255	0	255	1	1	0	6175	6175	2	2	0	255	0	255	1	1	0	6281	6281	2	2	0	255	0	255	1	1	0	6280	6280	2	2	0	255	0	255	1	1	0	0	0	0	0	0	0	0	0	0	0	0	7
114	66	3019	0	0	610	611	0	0	0	0	4	4	10	65	10000000	1	32	0	0	0	0	0	0	0	0	0	0	0	0	0	0	0	0	0	0	0	0	0	0	0	0	0	0	0	0	0	0	0	0	0	0	0	0	0	0	0	0	0	0	0	0	0	0	0	0	0	0	0	0	0	0	0	0	0	0	0	0	0	0	0	30	65	85	85	0	5648	5648	13	 255	0	255	0	255	1	1	0	7385	7385	0	0	0	255	0	255	1	1	0	6285	6285	2	2	0	255	0	255	1	1	0	6174	6174	2	2	0	255	0	255	1	1	0	6175	6175	2	2	0	255	0	255	1	1	0	6281	6281	2	2	0	255	0	255	1	1	0	6280	6280	2	2	0	255	0	255	1	1	0	0	0	0	0	0	0	0	0	0	0	0	7
115	66	3019	0	0	610	611	0	0	0	0	4	4	10	65	10000000	1	32	0	0	0	0	0	0	0	0	0	0	0	0	0	0	0	0	0	0	0	0	0	0	0	0	0	0	0	0	0	0	0	0	0	0	0	0	0	0	0	0	0	0	0	0	0	0	0	0	0	0	0	0	0	0	0	0	0	0	0	0	0	0	0	30	65	85	85	0	3619	3619	13	 255	0	255	0	255	1	1	0	7385	7385	0	0	0	255	0	255	1	1	0	6285	6285	2	2	0	255	0	255	1	1	0	6174	6174	2	2	0	255	0	255	1	1	0	6175	6175	2	2	0	255	0	255	1	1	0	6281	6281	2	2	0	255	0	255	1	1	0	6280	6280	2	2	0	255	0	255	1	1	0	0	0	0	0	0	0	0	0	0	0	0	7
116	66	3019	0	0	610	611	0	0	0	0	4	4	10	65	10000000	1	32	0	0	0	0	0	0	0	0	0	0	0	0	0	0	0	0	0	0	0	0	0	0	0	0	0	0	0	0	0	0	0	0	0	0	0	0	0	0	0	0	0	0	0	0	0	0	0	0	0	0	0	0	0	0	0	0	0	0	0	0	0	0	0	30	65	85	85	0	4131	4131	13	 255	0	255	0	255	1	1	0	7385	7385	0	0	0	255	0	255	1	1	0	6285	6285	2	2	0	255	0	255	1	1	0	6174	6174	2	2	0	255	0	255	1	1	0	6175	6175	2	2	0	255	0	255	1	1	0	6281	6281	2	2	0	255	0	255	1	1	0	6280	6280	2	2	0	255	0	255	1	1	0	0	0	0	0	0	0	0	0	0	0	0	7
117	66	3019	0	0	610	611	0	0	0	0	4	4	10	65	10000000	1	32	0	0	0	0	0	0	0	0	0	0	0	0	0	0	0	0	0	0	0	0	0	0	0	0	0	0	0	0	0	0	0	0	0	0	0	0	0	0	0	0	0	0	0	0	0	0	0	0	0	0	0	0	0	0	0	0	0	0	0	0	0	0	0	30	65	85	85	0	4643	4643	13	 255	0	255	0	255	1	1	0	7385	7385	0	0	0	255	0	255	1	1	0	6285	6285	2	2	0	255	0	255	1	1	0	6174	6174	2	2	0	255	0	255	1	1	0	6175	6175	2	2	0	255	0	255	1	1	0	6281	6281	2	2	0	255	0	255	1	1	0	6280	6280	2	2	0	255	0	255	1	1	0	0	0	0	0	0	0	0	0	0	0	0	7
118	66	3019	0	0	610	611	0	0	0	0	4	4	10	65	10000000	1	32	0	0	0	0	0	0	0	0	0	0	0	0	0	0	0	0	0	0	0	0	0	0	0	0	0	0	0	0	0	0	0	0	0	0	0	0	0	0	0	0	0	0	0	0	0	0	0	0	0	0	0	0	0	0	0	0	0	0	0	0	0	0	0	30	65	85	85	0	5155	5155	13	 255	0	255	0	255	1	1	0	7385	7385	0	0	0	255	0	255	1	1	0	6285	6285	2	2	0	255	0	255	1	1	0	6174	6174	2	2	0	255	0	255	1	1	0	6175	6175	2	2	0	255	0	255	1	1	0	6281	6281	2	2	0	255	0	255	1	1	0	6280	6280	2	2	0	255	0	255	1	1	0	0	0	0	0	0	0	0	0	0	0	0	7
119	66	3019	0	0	610	611	0	0	0	0	4	4	10	65	10000000	1	32	0	0	0	0	0	0	0	0	0	0	0	0	0	0	0	0	0	0	0	0	0	0	0	0	0	0	0	0	0	0	0	0	0	0	0	0	0	0	0	0	0	0	0	0	0	0	0	0	0	0	0	0	0	0	0	0	0	0	0	0	0	0	0	30	65	85	85	0	5667	5667	13	 255	0	255	0	255	1	1	0	7385	7385	0	0	0	255	0	255	1	1	0	6285	6285	2	2	0	255	0	255	1	1	0	6174	6174	2	2	0	255	0	255	1	1	0	6175	6175	2	2	0	255	0	255	1	1	0	6281	6281	2	2	0	255	0	255	1	1	0	6280	6280	2	2	0	255	0	255	1	1	0	0	0	0	0	0	0	0	0	0	0	0	7
120	66	3019	0	0	610	611	0	0	0	0	4	4	10	65	10000000	1	32	0	0	0	0	0	0	0	0	0	0	0	0	0	0	0	0	0	0	0	0	0	0	0	0	0	0	0	0	0	0	0	0	0	0	0	0	0	0	0	0	0	0	0	0	0	0	0	0	0	0	0	0	0	0	0	0	0	0	0	0	0	0	0	30	65	85	85	0	3620	3620	13	 255	0	255	0	255	1	1	0	7385	7385	0	0	0	255	0	255	1	1	0	6285	6285	2	2	0	255	0	255	1	1	0	6174	6174	2	2	0	255	0	255	1	1	0	6175	6175	2	2	0	255	0	255	1	1	0	6281	6281	2	2	0	255	0	255	1	1	0	6280	6280	2	2	0	255	0	255	1	1	0	0	0	0	0	0	0	0	0	0	0	0	7
121	66	3019	0	0	610	611	0	0	0	0	4	4	10	65	10000000	1	32	0	0	0	0	0	0	0	0	0	0	0	0	0	0	0	0	0	0	0	0	0	0	0	0	0	0	0	0	0	0	0	0	0	0	0	0	0	0	0	0	0	0	0	0	0	0	0	0	0	0	0	0	0	0	0	0	0	0	0	0	0	0	0	30	65	85	85	0	4132	4132	13	 255	0	255	0	255	1	1	0	7385	7385	0	0	0	255	0	255	1	1	0	6285	6285	2	2	0	255	0	255	1	1	0	6174	6174	2	2	0	255	0	255	1	1	0	6175	6175	2	2	0	255	0	255	1	1	0	6281	6281	2	2	0	255	0	255	1	1	0	6280	6280	2	2	0	255	0	255	1	1	0	0	0	0	0	0	0	0	0	0	0	0	7
122	66	3019	0	0	610	611	0	0	0	0	4	4	10	65	10000000	1	32	0	0	0	0	0	0	0	0	0	0	0	0	0	0	0	0	0	0	0	0	0	0	0	0	0	0	0	0	0	0	0	0	0	0	0	0	0	0	0	0	0	0	0	0	0	0	0	0	0	0	0	0	0	0	0	0	0	0	0	0	0	0	0	30	65	85	85	0	4644	4644	13	 255	0	255	0	255	1	1	0	7385	7385	0	0	0	255	0	255	1	1	0	6285	6285	2	2	0	255	0	255	1	1	0	6174	6174	2	2	0	255	0	255	1	1	0	6175	6175	2	2	0	255	0	255	1	1	0	6281	6281	2	2	0	255	0	255	1	1	0	6280	6280	2	2	0	255	0	255	1	1	0	0	0	0	0	0	0	0	0	0	0	0	7
123	66	3019	0	0	610	611	0	0	0	0	4	4	10	65	10000000	1	32	0	0	0	0	0	0	0	0	0	0	0	0	0	0	0	0	0	0	0	0	0	0	0	0	0	0	0	0	0	0	0	0	0	0	0	0	0	0	0	0	0	0	0	0	0	0	0	0	0	0	0	0	0	0	0	0	0	0	0	0	0	0	0	30	65	85	85	0	5156	5156	13	 255	0	255	0	255	1	1	0	7385	7385	0	0	0	255	0	255	1	1	0	6285	6285	2	2	0	255	0	255	1	1	0	6174	6174	2	2	0	255	0	255	1	1	0	6175	6175	2	2	0	255	0	255	1	1	0	6281	6281	2	2	0	255	0	255	1	1	0	6280	6280	2	2	0	255	0	255	1	1	0	0	0	0	0	0	0	0	0	0	0	0	7
124	66	3019	0	0	610	611	0	0	0	0	4	4	10	65	10000000	1	32	0	0	0	0	0	0	0	0	0	0	0	0	0	0	0	0	0	0	0	0	0	0	0	0	0	0	0	0	0	0	0	0	0	0	0	0	0	0	0	0	0	0	0	0	0	0	0	0	0	0	0	0	0	0	0	0	0	0	0	0	0	0	0	30	65	85	85	0	5668	5668	13	 255	0	255	0	255	1	1	0	7385	7385	0	0	0	255	0	255	1	1	0	6285	6285	2	2	0	255	0	255	1	1	0	6174	6174	2	2	0	255	0	255	1	1	0	6175	6175	2	2	0	255	0	255	1	1	0	6281	6281	2	2	0	255	0	255	1	1	0	6280	6280	2	2	0	255	0	255	1	1	0	0	0	0	0	0	0	0	0	0	0	0	7
125	66	3019	0	0	610	611	0	0	0	0	4	4	10	65	10000000	1	32	0	0	0	0	0	0	0	0	0	0	0	0	0	0	0	0	0	0	0	0	0	0	0	0	0	0	0	0	0	0	0	0	0	0	0	0	0	0	0	0	0	0	0	0	0	0	0	0	0	0	0	0	0	0	0	0	0	0	0	0	0	0	0	30	65	85	85	0	4133	4133	13	 255	0	255	0	255	1	1	0	7385	7385	0	0	0	255	0	255	1	1	0	6285	6285	2	2	0	255	0	255	1	1	0	6174	6174	2	2	0	255	0	255	1	1	0	6175	6175	2	2	0	255	0	255	1	1	0	6281	6281	2	2	0	255	0	255	1	1	0	6280	6280	2	2	0	255	0	255	1	1	0	0	0	0	0	0	0	0	0	0	0	0	7
126	66	3019	0	0	610	611	0	0	0	0	4	4	10	65	10000000	1	32	0	0	0	0	0	0	0	0	0	0	0	0	0	0	0	0	0	0	0	0	0	0	0	0	0	0	0	0	0	0	0	0	0	0	0	0	0	0	0	0	0	0	0	0	0	0	0	0	0	0	0	0	0	0	0	0	0	0	0	0	0	0	0	30	65	85	85	0	4645	4645	13	 255	0	255	0	255	1	1	0	7385	7385	0	0	0	255	0	255	1	1	0	6285	6285	2	2	0	255	0	255	1	1	0	6174	6174	2	2	0	255	0	255	1	1	0	6175	6175	2	2	0	255	0	255	1	1	0	6281	6281	2	2	0	255	0	255	1	1	0	6280	6280	2	2	0	255	0	255	1	1	0	0	0	0	0	0	0	0	0	0	0	0	7
127	66	3019	0	0	610	611	0	0	0	0	4	4	10	65	10000000	1	32	0	0	0	0	0	0	0	0	0	0	0	0	0	0	0	0	0	0	0	0	0	0	0	0	0	0	0	0	0	0	0	0	0	0	0	0	0	0	0	0	0	0	0	0	0	0	0	0	0	0	0	0	0	0	0	0	0	0	0	0	0	0	0	30	65	85	85	0	5157	5157	13	 255	0	255	0	255	1	1	0	7385	7385	0	0	0	255	0	255	1	1	0	6285	6285	2	2	0	255	0	255	1	1	0	6174	6174	2	2	0	255	0	255	1	1	0	6175	6175	2	2	0	255	0	255	1	1	0	6281	6281	2	2	0	255	0	255	1	1	0	6280	6280	2	2	0	255	0	255	1	1	0	0	0	0	0	0	0	0	0	0	0	0	7
128	66	3019	0	0	610	611	0	0	0	0	4	4	10	65	10000000	1	32	0	0	0	0	0	0	0	0	0	0	0	0	0	0	0	0	0	0	0	0	0	0	0	0	0	0	0	0	0	0	0	0	0	0	0	0	0	0	0	0	0	0	0	0	0	0	0	0	0	0	0	0	0	0	0	0	0	0	0	0	0	0	0	30	65	85	85	0	5669	5669	13	 255	0	255	0	255	1	1	0	7385	7385	0	0	0	255	0	255	1	1	0	6285	6285	2	2	0	255	0	255	1	1	0	6174	6174	2	2	0	255	0	255	1	1	0	6175	6175	2	2	0	255	0	255	1	1	0	6281	6281	2	2	0	255	0	255	1	1	0	6280	6280	2	2	0	255	0	255	1	1	0	0	0	0	0	0	0	0	0	0	0	0	7
129	66	3019	0	0	610	611	0	0	0	0	4	4	10	65	10000000	1	32	0	0	0	0	0	0	0	0	0	0	0	0	0	0	0	0	0	0	0	0	0	0	0	0	0	0	0	0	0	0	0	0	0	0	0	0	0	0	0	0	0	0	0	0	0	0	0	0	0	0	0	0	0	0	0	0	0	0	0	0	0	0	0	30	65	85	85	0	3611	3611	13	 255	0	255	0	255	1	1	0	7385	7385	0	0	0	255	0	255	1	1	0	6285	6285	2	2	0	255	0	255	1	1	0	6174	6174	2	2	0	255	0	255	1	1	0	6175	6175	2	2	0	255	0	255	1	1	0	6281	6281	2	2	0	255	0	255	1	1	0	6280	6280	2	2	0	255	0	255	1	1	0	0	0	0	0	0	0	0	0	0	0	0	7
130	66	3019	0	0	610	611	0	0	0	0	4	4	10	65	10000000	1	32	0	0	0	0	0	0	0	0	0	0	0	0	0	0	0	0	0	0	0	0	0	0	0	0	0	0	0	0	0	0	0	0	0	0	0	0	0	0	0	0	0	0	0	0	0	0	0	0	0	0	0	0	0	0	0	0	0	0	0	0	0	0	0	30	65	85	85	0	4123	4123	13	 255	0	255	0	255	1	1	0	7385	7385	0	0	0	255	0	255	1	1	0	6285	6285	2	2	0	255	0	255	1	1	0	6174	6174	2	2	0	255	0	255	1	1	0	6175	6175	2	2	0	255	0	255	1	1	0	6281	6281	2	2	0	255	0	255	1	1	0	6280	6280	2	2	0	255	0	255	1	1	0	0	0	0	0	0	0	0	0	0	0	0	7
131	66	3019	0	0	610	611	0	0	0	0	4	4	10	65	10000000	1	32	0	0	0	0	0	0	0	0	0	0	0	0	0	0	0	0	0	0	0	0	0	0	0	0	0	0	0	0	0	0	0	0	0	0	0	0	0	0	0	0	0	0	0	0	0	0	0	0	0	0	0	0	0	0	0	0	0	0	0	0	0	0	0	30	65	85	85	0	4635	4635	13	 255	0	255	0	255	1	1	0	7385	7385	0	0	0	255	0	255	1	1	0	6285	6285	2	2	0	255	0	255	1	1	0	6174	6174	2	2	0	255	0	255	1	1	0	6175	6175	2	2	0	255	0	255	1	1	0	6281	6281	2	2	0	255	0	255	1	1	0	6280	6280	2	2	0	255	0	255	1	1	0	0	0	0	0	0	0	0	0	0	0	0	7
132	66	3019	0	0	610	611	0	0	0	0	4	4	10	65	10000000	1	32	0	0	0	0	0	0	0	0	0	0	0	0	0	0	0	0	0	0	0	0	0	0	0	0	0	0	0	0	0	0	0	0	0	0	0	0	0	0	0	0	0	0	0	0	0	0	0	0	0	0	0	0	0	0	0	0	0	0	0	0	0	0	0	30	65	85	85	0	5147	5147	13	 255	0	255	0	255	1	1	0	7385	7385	0	0	0	255	0	255	1	1	0	6285	6285	2	2	0	255	0	255	1	1	0	6174	6174	2	2	0	255	0	255	1	1	0	6175	6175	2	2	0	255	0	255	1	1	0	6281	6281	2	2	0	255	0	255	1	1	0	6280	6280	2	2	0	255	0	255	1	1	0	0	0	0	0	0	0	0	0	0	0	0	7
133	66	3019	0	0	610	611	0	0	0	0	4	4	10	65	10000000	1	32	0	0	0	0	0	0	0	0	0	0	0	0	0	0	0	0	0	0	0	0	0	0	0	0	0	0	0	0	0	0	0	0	0	0	0	0	0	0	0	0	0	0	0	0	0	0	0	0	0	0	0	0	0	0	0	0	0	0	0	0	0	0	0	30	65	85	85	0	5659	5659	13	 255	0	255	0	255	1	1	0	7385	7385	0	0	0	255	0	255	1	1	0	6285	6285	2	2	0	255	0	255	1	1	0	6174	6174	2	2	0	255	0	255	1	1	0	6175	6175	2	2	0	255	0	255	1	1	0	6281	6281	2	2	0	255	0	255	1	1	0	6280	6280	2	2	0	255	0	255	1	1	0	0	0	0	0	0	0	0	0	0	0	0	7
134	66	3019	0	0	610	611	0	0	0	0	4	4	10	65	10000000	1	32	0	0	0	0	0	0	0	0	0	0	0	0	0	0	0	0	0	0	0	0	0	0	0	0	0	0	0	0	0	0	0	0	0	0	0	0	0	0	0	0	0	0	0	0	0	0	0	0	0	0	0	0	0	0	0	0	0	0	0	0	0	0	0	30	65	85	85	0	3624	3624	13	 255	0	255	0	255	1	1	0	7385	7385	0	0	0	255	0	255	1	1	0	6285	6285	2	2	0	255	0	255	1	1	0	6174	6174	2	2	0	255	0	255	1	1	0	6175	6175	2	2	0	255	0	255	1	1	0	6281	6281	2	2	0	255	0	255	1	1	0	6280	6280	2	2	0	255	0	255	1	1	0	0	0	0	0	0	0	0	0	0	0	0	7
135	66	3019	0	0	610	611	0	0	0	0	4	4	10	65	10000000	1	32	0	0	0	0	0	0	0	0	0	0	0	0	0	0	0	0	0	0	0	0	0	0	0	0	0	0	0	0	0	0	0	0	0	0	0	0	0	0	0	0	0	0	0	0	0	0	0	0	0	0	0	0	0	0	0	0	0	0	0	0	0	0	0	30	65	85	85	0	4136	4136	13	 255	0	255	0	255	1	1	0	7385	7385	0	0	0	255	0	255	1	1	0	6285	6285	2	2	0	255	0	255	1	1	0	6174	6174	2	2	0	255	0	255	1	1	0	6175	6175	2	2	0	255	0	255	1	1	0	6281	6281	2	2	0	255	0	255	1	1	0	6280	6280	2	2	0	255	0	255	1	1	0	0	0	0	0	0	0	0	0	0	0	0	7
136	66	3019	0	0	610	611	0	0	0	0	4	4	10	65	10000000	1	32	0	0	0	0	0	0	0	0	0	0	0	0	0	0	0	0	0	0	0	0	0	0	0	0	0	0	0	0	0	0	0	0	0	0	0	0	0	0	0	0	0	0	0	0	0	0	0	0	0	0	0	0	0	0	0	0	0	0	0	0	0	0	0	30	65	85	85	0	4648	4648	13	 255	0	255	0	255	1	1	0	7385	7385	0	0	0	255	0	255	1	1	0	6285	6285	2	2	0	255	0	255	1	1	0	6174	6174	2	2	0	255	0	255	1	1	0	6175	6175	2	2	0	255	0	255	1	1	0	6281	6281	2	2	0	255	0	255	1	1	0	6280	6280	2	2	0	255	0	255	1	1	0	0	0	0	0	0	0	0	0	0	0	0	7
137	66	3019	0	0	610	611	0	0	0	0	4	4	10	65	10000000	1	32	0	0	0	0	0	0	0	0	0	0	0	0	0	0	0	0	0	0	0	0	0	0	0	0	0	0	0	0	0	0	0	0	0	0	0	0	0	0	0	0	0	0	0	0	0	0	0	0	0	0	0	0	0	0	0	0	0	0	0	0	0	0	0	30	65	85	85	0	5160	5160	13	 255	0	255	0	255	1	1	0	7385	7385	0	0	0	255	0	255	1	1	0	6285	6285	2	2	0	255	0	255	1	1	0	6174	6174	2	2	0	255	0	255	1	1	0	6175	6175	2	2	0	255	0	255	1	1	0	6281	6281	2	2	0	255	0	255	1	1	0	6280	6280	2	2	0	255	0	255	1	1	0	0	0	0	0	0	0	0	0	0	0	0	7
138	66	3019	0	0	610	611	0	0	0	0	4	4	10	65	10000000	1	32	0	0	0	0	0	0	0	0	0	0	0	0	0	0	0	0	0	0	0	0	0	0	0	0	0	0	0	0	0	0	0	0	0	0	0	0	0	0	0	0	0	0	0	0	0	0	0	0	0	0	0	0	0	0	0	0	0	0	0	0	0	0	0	30	65	85	85	0	5672	5672	13	 255	0	255	0	255	1	1	0	7385	7385	0	0	0	255	0	255	1	1	0	6285	6285	2	2	0	255	0	255	1	1	0	6174	6174	2	2	0	255	0	255	1	1	0	6175	6175	2	2	0	255	0	255	1	1	0	6281	6281	2	2	0	255	0	255	1	1	0	6280	6280	2	2	0	255	0	255	1	1	0	0	0	0	0	0	0	0	0	0	0	0	7
139	66	3019	0	0	610	611	0	0	0	0	4	4	10	65	10000000	1	32	0	0	0	0	0	0	0	0	0	0	0	0	0	0	0	0	0	0	0	0	0	0	0	0	0	0	0	0	0	0	0	0	0	0	0	0	0	0	0	0	0	0	0	0	0	0	0	0	0	0	0	0	0	0	0	0	0	0	0	0	0	0	0	30	65	85	85	0	3643	3643	13	 255	0	255	0	255	1	1	0	7385	7385	0	0	0	255	0	255	1	1	0	6285	6285	2	2	0	255	0	255	1	1	0	6174	6174	2	2	0	255	0	255	1	1	0	6175	6175	2	2	0	255	0	255	1	1	0	6281	6281	2	2	0	255	0	255	1	1	0	6280	6280	2	2	0	255	0	255	1	1	0	0	0	0	0	0	0	0	0	0	0	0	7
140	66	3019	0	0	610	611	0	0	0	0	4	4	10	65	10000000	1	32	0	0	0	0	0	0	0	0	0	0	0	0	0	0	0	0	0	0	0	0	0	0	0	0	0	0	0	0	0	0	0	0	0	0	0	0	0	0	0	0	0	0	0	0	0	0	0	0	0	0	0	0	0	0	0	0	0	0	0	0	0	0	0	30	65	85	85	0	4155	4155	13	 255	0	255	0	255	1	1	0	7385	7385	0	0	0	255	0	255	1	1	0	6285	6285	2	2	0	255	0	255	1	1	0	6174	6174	2	2	0	255	0	255	1	1	0	6175	6175	2	2	0	255	0	255	1	1	0	6281	6281	2	2	0	255	0	255	1	1	0	6280	6280	2	2	0	255	0	255	1	1	0	0	0	0	0	0	0	0	0	0	0	0	7
141	66	3019	0	0	610	611	0	0	0	0	4	4	10	65	10000000	1	32	0	0	0	0	0	0	0	0	0	0	0	0	0	0	0	0	0	0	0	0	0	0	0	0	0	0	0	0	0	0	0	0	0	0	0	0	0	0	0	0	0	0	0	0	0	0	0	0	0	0	0	0	0	0	0	0	0	0	0	0	0	0	0	30	65	85	85	0	4667	4667	13	 255	0	255	0	255	1	1	0	7385	7385	0	0	0	255	0	255	1	1	0	6285	6285	2	2	0	255	0	255	1	1	0	6174	6174	2	2	0	255	0	255	1	1	0	6175	6175	2	2	0	255	0	255	1	1	0	6281	6281	2	2	0	255	0	255	1	1	0	6280	6280	2	2	0	255	0	255	1	1	0	0	0	0	0	0	0	0	0	0	0	0	7
142	66	3019	0	0	610	611	0	0	0	0	4	4	10	65	10000000	1	32	0	0	0	0	0	0	0	0	0	0	0	0	0	0	0	0	0	0	0	0	0	0	0	0	0	0	0	0	0	0	0	0	0	0	0	0	0	0	0	0	0	0	0	0	0	0	0	0	0	0	0	0	0	0	0	0	0	0	0	0	0	0	0	30	65	85	85	0	5691	5691	13	 255	0	255	0	255	1	1	0	7385	7385	0	0	0	255	0	255	1	1	0	6285	6285	2	2	0	255	0	255	1	1	0	6174	6174	2	2	0	255	0	255	1	1	0	6175	6175	2	2	0	255	0	255	1	1	0	6281	6281	2	2	0	255	0	255	1	1	0	6280	6280	2	2	0	255	0	255	1	1	0	0	0	0	0	0	0	0	0	0	0	0	7
143	67	3020	0	0	610	611	0	0	0	0	4	4	10	65	10000000	1	32	0	0	0	0	0	0	0	0	0	0	0	0	0	0	0	0	0	0	0	0	0	0	0	0	0	0	0	0	0	0	0	0	0	0	0	0	0	0	0	0	0	0	0	0	0	0	0	0	0	0	0	0	0	0	0	0	0	0	0	0	0	0	0	30	65	85	85	0	3601	3601	13	 255	0	255	0	255	1	1	0	7385	7385	0	0	0	255	0	255	1	1	0	6285	6285	2	2	0	255	0	255	1	1	0	6174	6174	2	2	0	255	0	255	1	1	0	6175	6175	2	2	0	255	0	255	1	1	0	6281	6281	2	2	0	255	0	255	1	1	0	6280	6280	2	2	0	255	0	255	1	1	0	0	0	0	0	0	0	0	0	0	0	0	7
144	67	3020	0	0	610	611	0	0	0	0	4	4	10	65	10000000	1	32	0	0	0	0	0	0	0	0	0	0	0	0	0	0	0	0	0	0	0	0	0	0	0	0	0	0	0	0	0	0	0	0	0	0	0	0	0	0	0	0	0	0	0	0	0	0	0	0	0	0	0	0	0	0	0	0	0	0	0	0	0	0	0	30	65	85	85	0	4113	4113	13	 255	0	255	0	255	1	1	0	7385	7385	0	0	0	255	0	255	1	1	0	6285	6285	2	2	0	255	0	255	1	1	0	6174	6174	2	2	0	255	0	255	1	1	0	6175	6175	2	2	0	255	0	255	1	1	0	6281	6281	2	2	0	255	0	255	1	1	0	6280	6280	2	2	0	255	0	255	1	1	0	0	0	0	0	0	0	0	0	0	0	0	7
145	67	3020	0	0	610	611	0	0	0	0	4	4	10	65	10000000	1	32	0	0	0	0	0	0	0	0	0	0	0	0	0	0	0	0	0	0	0	0	0	0	0	0	0	0	0	0	0	0	0	0	0	0	0	0	0	0	0	0	0	0	0	0	0	0	0	0	0	0	0	0	0	0	0	0	0	0	0	0	0	0	0	30	65	85	85	0	4625	4625	13	 255	0	255	0	255	1	1	0	7385	7385	0	0	0	255	0	255	1	1	0	6285	6285	2	2	0	255	0	255	1	1	0	6174	6174	2	2	0	255	0	255	1	1	0	6175	6175	2	2	0	255	0	255	1	1	0	6281	6281	2	2	0	255	0	255	1	1	0	6280	6280	2	2	0	255	0	255	1	1	0	0	0	0	0	0	0	0	0	0	0	0	7
146	67	3020	0	0	610	611	0	0	0	0	4	4	10	65	10000000	1	32	0	0	0	0	0	0	0	0	0	0	0	0	0	0	0	0	0	0	0	0	0	0	0	0	0	0	0	0	0	0	0	0	0	0	0	0	0	0	0	0	0	0	0	0	0	0	0	0	0	0	0	0	0	0	0	0	0	0	0	0	0	0	0	30	65	85	85	0	5137	5137	13	 255	0	255	0	255	1	1	0	7385	7385	0	0	0	255	0	255	1	1	0	6285	6285	2	2	0	255	0	255	1	1	0	6174	6174	2	2	0	255	0	255	1	1	0	6175	6175	2	2	0	255	0	255	1	1	0	6281	6281	2	2	0	255	0	255	1	1	0	6280	6280	2	2	0	255	0	255	1	1	0	0	0	0	0	0	0	0	0	0	0	0	7
147	67	3020	0	0	610	611	0	0	0	0	4	4	10	65	10000000	1	32	0	0	0	0	0	0	0	0	0	0	0	0	0	0	0	0	0	0	0	0	0	0	0	0	0	0	0	0	0	0	0	0	0	0	0	0	0	0	0	0	0	0	0	0	0	0	0	0	0	0	0	0	0	0	0	0	0	0	0	0	0	0	0	30	65	85	85	0	5649	5649	13	 255	0	255	0	255	1	1	0	7385	7385	0	0	0	255	0	255	1	1	0	6285	6285	2	2	0	255	0	255	1	1	0	6174	6174	2	2	0	255	0	255	1	1	0	6175	6175	2	2	0	255	0	255	1	1	0	6281	6281	2	2	0	255	0	255	1	1	0	6280	6280	2	2	0	255	0	255	1	1	0	0	0	0	0	0	0	0	0	0	0	0	7
148	67	3020	0	0	610	611	0	0	0	0	4	4	10	65	10000000	1	32	0	0	0	0	0	0	0	0	0	0	0	0	0	0	0	0	0	0	0	0	0	0	0	0	0	0	0	0	0	0	0	0	0	0	0	0	0	0	0	0	0	0	0	0	0	0	0	0	0	0	0	0	0	0	0	0	0	0	0	0	0	0	0	30	65	85	85	0	3602	3602	13	 255	0	255	0	255	1	1	0	7385	7385	0	0	0	255	0	255	1	1	0	6285	6285	2	2	0	255	0	255	1	1	0	6174	6174	2	2	0	255	0	255	1	1	0	6175	6175	2	2	0	255	0	255	1	1	0	6281	6281	2	2	0	255	0	255	1	1	0	6280	6280	2	2	0	255	0	255	1	1	0	0	0	0	0	0	0	0	0	0	0	0	7
149	67	3020	0	0	610	611	0	0	0	0	4	4	10	65	10000000	1	32	0	0	0	0	0	0	0	0	0	0	0	0	0	0	0	0	0	0	0	0	0	0	0	0	0	0	0	0	0	0	0	0	0	0	0	0	0	0	0	0	0	0	0	0	0	0	0	0	0	0	0	0	0	0	0	0	0	0	0	0	0	0	0	30	65	85	85	0	4114	4114	13	 255	0	255	0	255	1	1	0	7385	7385	0	0	0	255	0	255	1	1	0	6285	6285	2	2	0	255	0	255	1	1	0	6174	6174	2	2	0	255	0	255	1	1	0	6175	6175	2	2	0	255	0	255	1	1	0	6281	6281	2	2	0	255	0	255	1	1	0	6280	6280	2	2	0	255	0	255	1	1	0	0	0	0	0	0	0	0	0	0	0	0	7
150	67	3020	0	0	610	611	0	0	0	0	4	4	10	65	10000000	1	32	0	0	0	0	0	0	0	0	0	0	0	0	0	0	0	0	0	0	0	0	0	0	0	0	0	0	0	0	0	0	0	0	0	0	0	0	0	0	0	0	0	0	0	0	0	0	0	0	0	0	0	0	0	0	0	0	0	0	0	0	0	0	0	30	65	85	85	0	4626	4626	13	 255	0	255	0	255	1	1	0	7385	7385	0	0	0	255	0	255	1	1	0	6285	6285	2	2	0	255	0	255	1	1	0	6174	6174	2	2	0	255	0	255	1	1	0	6175	6175	2	2	0	255	0	255	1	1	0	6281	6281	2	2	0	255	0	255	1	1	0	6280	6280	2	2	0	255	0	255	1	1	0	0	0	0	0	0	0	0	0	0	0	0	7
151	67	3020	0	0	610	611	0	0	0	0	4	4	10	65	10000000	1	32	0	0	0	0	0	0	0	0	0	0	0	0	0	0	0	0	0	0	0	0	0	0	0	0	0	0	0	0	0	0	0	0	0	0	0	0	0	0	0	0	0	0	0	0	0	0	0	0	0	0	0	0	0	0	0	0	0	0	0	0	0	0	0	30	65	85	85	0	5138	5138	13	 255	0	255	0	255	1	1	0	7385	7385	0	0	0	255	0	255	1	1	0	6285	6285	2	2	0	255	0	255	1	1	0	6174	6174	2	2	0	255	0	255	1	1	0	6175	6175	2	2	0	255	0	255	1	1	0	6281	6281	2	2	0	255	0	255	1	1	0	6280	6280	2	2	0	255	0	255	1	1	0	0	0	0	0	0	0	0	0	0	0	0	7
152	67	3020	0	0	610	611	0	0	0	0	4	4	10	65	10000000	1	32	0	0	0	0	0	0	0	0	0	0	0	0	0	0	0	0	0	0	0	0	0	0	0	0	0	0	0	0	0	0	0	0	0	0	0	0	0	0	0	0	0	0	0	0	0	0	0	0	0	0	0	0	0	0	0	0	0	0	0	0	0	0	0	30	65	85	85	0	5650	5650	13	 255	0	255	0	255	1	1	0	7385	7385	0	0	0	255	0	255	1	1	0	6285	6285	2	2	0	255	0	255	1	1	0	6174	6174	2	2	0	255	0	255	1	1	0	6175	6175	2	2	0	255	0	255	1	1	0	6281	6281	2	2	0	255	0	255	1	1	0	6280	6280	2	2	0	255	0	255	1	1	0	0	0	0	0	0	0	0	0	0	0	0	7
153	67	3020	0	0	610	611	0	0	0	0	4	4	10	65	10000000	1	32	0	0	0	0	0	0	0	0	0	0	0	0	0	0	0	0	0	0	0	0	0	0	0	0	0	0	0	0	0	0	0	0	0	0	0	0	0	0	0	0	0	0	0	0	0	0	0	0	0	0	0	0	0	0	0	0	0	0	0	0	0	0	0	30	65	85	85	0	3603	3603	13	 255	0	255	0	255	1	1	0	7385	7385	0	0	0	255	0	255	1	1	0	6285	6285	2	2	0	255	0	255	1	1	0	6174	6174	2	2	0	255	0	255	1	1	0	6175	6175	2	2	0	255	0	255	1	1	0	6281	6281	2	2	0	255	0	255	1	1	0	6280	6280	2	2	0	255	0	255	1	1	0	0	0	0	0	0	0	0	0	0	0	0	7
154	67	3020	0	0	610	611	0	0	0	0	4	4	10	65	10000000	1	32	0	0	0	0	0	0	0	0	0	0	0	0	0	0	0	0	0	0	0	0	0	0	0	0	0	0	0	0	0	0	0	0	0	0	0	0	0	0	0	0	0	0	0	0	0	0	0	0	0	0	0	0	0	0	0	0	0	0	0	0	0	0	0	30	65	85	85	0	4115	4115	13	 255	0	255	0	255	1	1	0	7385	7385	0	0	0	255	0	255	1	1	0	6285	6285	2	2	0	255	0	255	1	1	0	6174	6174	2	2	0	255	0	255	1	1	0	6175	6175	2	2	0	255	0	255	1	1	0	6281	6281	2	2	0	255	0	255	1	1	0	6280	6280	2	2	0	255	0	255	1	1	0	0	0	0	0	0	0	0	0	0	0	0	7
155	67	3020	0	0	610	611	0	0	0	0	4	4	10	65	10000000	1	32	0	0	0	0	0	0	0	0	0	0	0	0	0	0	0	0	0	0	0	0	0	0	0	0	0	0	0	0	0	0	0	0	0	0	0	0	0	0	0	0	0	0	0	0	0	0	0	0	0	0	0	0	0	0	0	0	0	0	0	0	0	0	0	30	65	85	85	0	4627	4627	13	 255	0	255	0	255	1	1	0	7385	7385	0	0	0	255	0	255	1	1	0	6285	6285	2	2	0	255	0	255	1	1	0	6174	6174	2	2	0	255	0	255	1	1	0	6175	6175	2	2	0	255	0	255	1	1	0	6281	6281	2	2	0	255	0	255	1	1	0	6280	6280	2	2	0	255	0	255	1	1	0	0	0	0	0	0	0	0	0	0	0	0	7
156	67	3020	0	0	610	611	0	0	0	0	4	4	10	65	10000000	1	32	0	0	0	0	0	0	0	0	0	0	0	0	0	0	0	0	0	0	0	0	0	0	0	0	0	0	0	0	0	0	0	0	0	0	0	0	0	0	0	0	0	0	0	0	0	0	0	0	0	0	0	0	0	0	0	0	0	0	0	0	0	0	0	30	65	85	85	0	5139	5139	13	 255	0	255	0	255	1	1	0	7385	7385	0	0	0	255	0	255	1	1	0	6285	6285	2	2	0	255	0	255	1	1	0	6174	6174	2	2	0	255	0	255	1	1	0	6175	6175	2	2	0	255	0	255	1	1	0	6281	6281	2	2	0	255	0	255	1	1	0	6280	6280	2	2	0	255	0	255	1	1	0	0	0	0	0	0	0	0	0	0	0	0	7
157	67	3020	0	0	610	611	0	0	0	0	4	4	10	65	10000000	1	32	0	0	0	0	0	0	0	0	0	0	0	0	0	0	0	0	0	0	0	0	0	0	0	0	0	0	0	0	0	0	0	0	0	0	0	0	0	0	0	0	0	0	0	0	0	0	0	0	0	0	0	0	0	0	0	0	0	0	0	0	0	0	0	30	65	85	85	0	5651	5651	13	 255	0	255	0	255	1	1	0	7385	7385	0	0	0	255	0	255	1	1	0	6285	6285	2	2	0	255	0	255	1	1	0	6174	6174	2	2	0	255	0	255	1	1	0	6175	6175	2	2	0	255	0	255	1	1	0	6281	6281	2	2	0	255	0	255	1	1	0	6280	6280	2	2	0	255	0	255	1	1	0	0	0	0	0	0	0	0	0	0	0	0	7
158	67	3020	0	0	610	611	0	0	0	0	4	4	10	65	10000000	1	32	0	0	0	0	0	0	0	0	0	0	0	0	0	0	0	0	0	0	0	0	0	0	0	0	0	0	0	0	0	0	0	0	0	0	0	0	0	0	0	0	0	0	0	0	0	0	0	0	0	0	0	0	0	0	0	0	0	0	0	0	0	0	0	30	65	85	85	0	4116	4116	13	 255	0	255	0	255	1	1	0	7385	7385	0	0	0	255	0	255	1	1	0	6285	6285	2	2	0	255	0	255	1	1	0	6174	6174	2	2	0	255	0	255	1	1	0	6175	6175	2	2	0	255	0	255	1	1	0	6281	6281	2	2	0	255	0	255	1	1	0	6280	6280	2	2	0	255	0	255	1	1	0	0	0	0	0	0	0	0	0	0	0	0	7
159	67	3020	0	0	610	611	0	0	0	0	4	4	10	65	10000000	1	32	0	0	0	0	0	0	0	0	0	0	0	0	0	0	0	0	0	0	0	0	0	0	0	0	0	0	0	0	0	0	0	0	0	0	0	0	0	0	0	0	0	0	0	0	0	0	0	0	0	0	0	0	0	0	0	0	0	0	0	0	0	0	0	30	65	85	85	0	4628	4628	13	 255	0	255	0	255	1	1	0	7385	7385	0	0	0	255	0	255	1	1	0	6285	6285	2	2	0	255	0	255	1	1	0	6174	6174	2	2	0	255	0	255	1	1	0	6175	6175	2	2	0	255	0	255	1	1	0	6281	6281	2	2	0	255	0	255	1	1	0	6280	6280	2	2	0	255	0	255	1	1	0	0	0	0	0	0	0	0	0	0	0	0	7
160	67	3020	0	0	610	611	0	0	0	0	4	4	10	65	10000000	1	32	0	0	0	0	0	0	0	0	0	0	0	0	0	0	0	0	0	0	0	0	0	0	0	0	0	0	0	0	0	0	0	0	0	0	0	0	0	0	0	0	0	0	0	0	0	0	0	0	0	0	0	0	0	0	0	0	0	0	0	0	0	0	0	30	65	85	85	0	5140	5140	13	 255	0	255	0	255	1	1	0	7385	7385	0	0	0	255	0	255	1	1	0	6285	6285	2	2	0	255	0	255	1	1	0	6174	6174	2	2	0	255	0	255	1	1	0	6175	6175	2	2	0	255	0	255	1	1	0	6281	6281	2	2	0	255	0	255	1	1	0	6280	6280	2	2	0	255	0	255	1	1	0	0	0	0	0	0	0	0	0	0	0	0	7
161	67	3020	0	0	610	611	0	0	0	0	4	4	10	65	10000000	1	32	0	0	0	0	0	0	0	0	0	0	0	0	0	0	0	0	0	0	0	0	0	0	0	0	0	0	0	0	0	0	0	0	0	0	0	0	0	0	0	0	0	0	0	0	0	0	0	0	0	0	0	0	0	0	0	0	0	0	0	0	0	0	0	30	65	85	85	0	5652	5652	13	 255	0	255	0	255	1	1	0	7385	7385	0	0	0	255	0	255	1	1	0	6285	6285	2	2	0	255	0	255	1	1	0	6174	6174	2	2	0	255	0	255	1	1	0	6175	6175	2	2	0	255	0	255	1	1	0	6281	6281	2	2	0	255	0	255	1	1	0	6280	6280	2	2	0	255	0	255	1	1	0	0	0	0	0	0	0	0	0	0	0	0	7
162	67	3020	0	0	610	611	0	0	0	0	4	4	10	65	10000000	1	32	0	0	0	0	0	0	0	0	0	0	0	0	0	0	0	0	0	0	0	0	0	0	0	0	0	0	0	0	0	0	0	0	0	0	0	0	0	0	0	0	0	0	0	0	0	0	0	0	0	0	0	0	0	0	0	0	0	0	0	0	0	0	0	30	65	85	85	0	3622	3622	13	 255	0	255	0	255	1	1	0	7385	7385	0	0	0	255	0	255	1	1	0	6285	6285	2	2	0	255	0	255	1	1	0	6174	6174	2	2	0	255	0	255	1	1	0	6175	6175	2	2	0	255	0	255	1	1	0	6281	6281	2	2	0	255	0	255	1	1	0	6280	6280	2	2	0	255	0	255	1	1	0	0	0	0	0	0	0	0	0	0	0	0	7
163	67	3020	0	0	610	611	0	0	0	0	4	4	10	65	10000000	1	32	0	0	0	0	0	0	0	0	0	0	0	0	0	0	0	0	0	0	0	0	0	0	0	0	0	0	0	0	0	0	0	0	0	0	0	0	0	0	0	0	0	0	0	0	0	0	0	0	0	0	0	0	0	0	0	0	0	0	0	0	0	0	0	30	65	85	85	0	4134	4134	13	 255	0	255	0	255	1	1	0	7385	7385	0	0	0	255	0	255	1	1	0	6285	6285	2	2	0	255	0	255	1	1	0	6174	6174	2	2	0	255	0	255	1	1	0	6175	6175	2	2	0	255	0	255	1	1	0	6281	6281	2	2	0	255	0	255	1	1	0	6280	6280	2	2	0	255	0	255	1	1	0	0	0	0	0	0	0	0	0	0	0	0	7
164	67	3020	0	0	610	611	0	0	0	0	4	4	10	65	10000000	1	32	0	0	0	0	0	0	0	0	0	0	0	0	0	0	0	0	0	0	0	0	0	0	0	0	0	0	0	0	0	0	0	0	0	0	0	0	0	0	0	0	0	0	0	0	0	0	0	0	0	0	0	0	0	0	0	0	0	0	0	0	0	0	0	30	65	85	85	0	4646	4646	13	 255	0	255	0	255	1	1	0	7385	7385	0	0	0	255	0	255	1	1	0	6285	6285	2	2	0	255	0	255	1	1	0	6174	6174	2	2	0	255	0	255	1	1	0	6175	6175	2	2	0	255	0	255	1	1	0	6281	6281	2	2	0	255	0	255	1	1	0	6280	6280	2	2	0	255	0	255	1	1	0	0	0	0	0	0	0	0	0	0	0	0	7
165	67	3020	0	0	610	611	0	0	0	0	4	4	10	65	10000000	1	32	0	0	0	0	0	0	0	0	0	0	0	0	0	0	0	0	0	0	0	0	0	0	0	0	0	0	0	0	0	0	0	0	0	0	0	0	0	0	0	0	0	0	0	0	0	0	0	0	0	0	0	0	0	0	0	0	0	0	0	0	0	0	0	30	65	85	85	0	5158	5158	13	 255	0	255	0	255	1	1	0	7385	7385	0	0	0	255	0	255	1	1	0	6285	6285	2	2	0	255	0	255	1	1	0	6174	6174	2	2	0	255	0	255	1	1	0	6175	6175	2	2	0	255	0	255	1	1	0	6281	6281	2	2	0	255	0	255	1	1	0	6280	6280	2	2	0	255	0	255	1	1	0	0	0	0	0	0	0	0	0	0	0	0	7
166	67	3020	0	0	610	611	0	0	0	0	4	4	10	65	10000000	1	32	0	0	0	0	0	0	0	0	0	0	0	0	0	0	0	0	0	0	0	0	0	0	0	0	0	0	0	0	0	0	0	0	0	0	0	0	0	0	0	0	0	0	0	0	0	0	0	0	0	0	0	0	0	0	0	0	0	0	0	0	0	0	0	30	65	85	85	0	5670	5670	13	 255	0	255	0	255	1	1	0	7385	7385	0	0	0	255	0	255	1	1	0	6285	6285	2	2	0	255	0	255	1	1	0	6174	6174	2	2	0	255	0	255	1	1	0	6175	6175	2	2	0	255	0	255	1	1	0	6281	6281	2	2	0	255	0	255	1	1	0	6280	6280	2	2	0	255	0	255	1	1	0	0	0	0	0	0	0	0	0	0	0	0	7
167	67	3020	0	0	610	611	0	0	0	0	4	4	10	65	10000000	1	32	0	0	0	0	0	0	0	0	0	0	0	0	0	0	0	0	0	0	0	0	0	0	0	0	0	0	0	0	0	0	0	0	0	0	0	0	0	0	0	0	0	0	0	0	0	0	0	0	0	0	0	0	0	0	0	0	0	0	0	0	0	0	0	30	65	85	85	0	3625	3625	13	 255	0	255	0	255	1	1	0	7385	7385	0	0	0	255	0	255	1	1	0	6285	6285	2	2	0	255	0	255	1	1	0	6174	6174	2	2	0	255	0	255	1	1	0	6175	6175	2	2	0	255	0	255	1	1	0	6281	6281	2	2	0	255	0	255	1	1	0	6280	6280	2	2	0	255	0	255	1	1	0	0	0	0	0	0	0	0	0	0	0	0	7
168	67	3020	0	0	610	611	0	0	0	0	4	4	10	65	10000000	1	32	0	0	0	0	0	0	0	0	0	0	0	0	0	0	0	0	0	0	0	0	0	0	0	0	0	0	0	0	0	0	0	0	0	0	0	0	0	0	0	0	0	0	0	0	0	0	0	0	0	0	0	0	0	0	0	0	0	0	0	0	0	0	0	30	65	85	85	0	4137	4137	13	 255	0	255	0	255	1	1	0	7385	7385	0	0	0	255	0	255	1	1	0	6285	6285	2	2	0	255	0	255	1	1	0	6174	6174	2	2	0	255	0	255	1	1	0	6175	6175	2	2	0	255	0	255	1	1	0	6281	6281	2	2	0	255	0	255	1	1	0	6280	6280	2	2	0	255	0	255	1	1	0	0	0	0	0	0	0	0	0	0	0	0	7
169	67	3020	0	0	610	611	0	0	0	0	4	4	10	65	10000000	1	32	0	0	0	0	0	0	0	0	0	0	0	0	0	0	0	0	0	0	0	0	0	0	0	0	0	0	0	0	0	0	0	0	0	0	0	0	0	0	0	0	0	0	0	0	0	0	0	0	0	0	0	0	0	0	0	0	0	0	0	0	0	0	0	30	65	85	85	0	4649	4649	13	 255	0	255	0	255	1	1	0	7385	7385	0	0	0	255	0	255	1	1	0	6285	6285	2	2	0	255	0	255	1	1	0	6174	6174	2	2	0	255	0	255	1	1	0	6175	6175	2	2	0	255	0	255	1	1	0	6281	6281	2	2	0	255	0	255	1	1	0	6280	6280	2	2	0	255	0	255	1	1	0	0	0	0	0	0	0	0	0	0	0	0	7
170	67	3020	0	0	610	611	0	0	0	0	4	4	10	65	10000000	1	32	0	0	0	0	0	0	0	0	0	0	0	0	0	0	0	0	0	0	0	0	0	0	0	0	0	0	0	0	0	0	0	0	0	0	0	0	0	0	0	0	0	0	0	0	0	0	0	0	0	0	0	0	0	0	0	0	0	0	0	0	0	0	0	30	65	85	85	0	5161	5161	13	 255	0	255	0	255	1	1	0	7385	7385	0	0	0	255	0	255	1	1	0	6285	6285	2	2	0	255	0	255	1	1	0	6174	6174	2	2	0	255	0	255	1	1	0	6175	6175	2	2	0	255	0	255	1	1	0	6281	6281	2	2	0	255	0	255	1	1	0	6280	6280	2	2	0	255	0	255	1	1	0	0	0	0	0	0	0	0	0	0	0	0	7
171	67	3020	0	0	610	611	0	0	0	0	4	4	10	65	10000000	1	32	0	0	0	0	0	0	0	0	0	0	0	0	0	0	0	0	0	0	0	0	0	0	0	0	0	0	0	0	0	0	0	0	0	0	0	0	0	0	0	0	0	0	0	0	0	0	0	0	0	0	0	0	0	0	0	0	0	0	0	0	0	0	0	30	65	85	85	0	5673	5673	13	 255	0	255	0	255	1	1	0	7385	7385	0	0	0	255	0	255	1	1	0	6285	6285	2	2	0	255	0	255	1	1	0	6174	6174	2	2	0	255	0	255	1	1	0	6175	6175	2	2	0	255	0	255	1	1	0	6281	6281	2	2	0	255	0	255	1	1	0	6280	6280	2	2	0	255	0	255	1	1	0	0	0	0	0	0	0	0	0	0	0	0	7
172	67	3020	0	0	610	611	0	0	0	0	4	4	10	65	10000000	1	32	0	0	0	0	0	0	0	0	0	0	0	0	0	0	0	0	0	0	0	0	0	0	0	0	0	0	0	0	0	0	0	0	0	0	0	0	0	0	0	0	0	0	0	0	0	0	0	0	0	0	0	0	0	0	0	0	0	0	0	0	0	0	0	30	65	85	85	0	3644	3644	13	 255	0	255	0	255	1	1	0	7385	7385	0	0	0	255	0	255	1	1	0	6285	6285	2	2	0	255	0	255	1	1	0	6174	6174	2	2	0	255	0	255	1	1	0	6175	6175	2	2	0	255	0	255	1	1	0	6281	6281	2	2	0	255	0	255	1	1	0	6280	6280	2	2	0	255	0	255	1	1	0	0	0	0	0	0	0	0	0	0	0	0	7
173	67	3020	0	0	610	611	0	0	0	0	4	4	10	65	10000000	1	32	0	0	0	0	0	0	0	0	0	0	0	0	0	0	0	0	0	0	0	0	0	0	0	0	0	0	0	0	0	0	0	0	0	0	0	0	0	0	0	0	0	0	0	0	0	0	0	0	0	0	0	0	0	0	0	0	0	0	0	0	0	0	0	30	65	85	85	0	4156	4156	13	 255	0	255	0	255	1	1	0	7385	7385	0	0	0	255	0	255	1	1	0	6285	6285	2	2	0	255	0	255	1	1	0	6174	6174	2	2	0	255	0	255	1	1	0	6175	6175	2	2	0	255	0	255	1	1	0	6281	6281	2	2	0	255	0	255	1	1	0	6280	6280	2	2	0	255	0	255	1	1	0	0	0	0	0	0	0	0	0	0	0	0	7
174	67	3020	0	0	610	611	0	0	0	0	4	4	10	65	10000000	1	32	0	0	0	0	0	0	0	0	0	0	0	0	0	0	0	0	0	0	0	0	0	0	0	0	0	0	0	0	0	0	0	0	0	0	0	0	0	0	0	0	0	0	0	0	0	0	0	0	0	0	0	0	0	0	0	0	0	0	0	0	0	0	0	30	65	85	85	0	4668	4668	13	 255	0	255	0	255	1	1	0	7385	7385	0	0	0	255	0	255	1	1	0	6285	6285	2	2	0	255	0	255	1	1	0	6174	6174	2	2	0	255	0	255	1	1	0	6175	6175	2	2	0	255	0	255	1	1	0	6281	6281	2	2	0	255	0	255	1	1	0	6280	6280	2	2	0	255	0	255	1	1	0	0	0	0	0	0	0	0	0	0	0	0	7
175	67	3020	0	0	610	611	0	0	0	0	4	4	10	65	10000000	1	32	0	0	0	0	0	0	0	0	0	0	0	0	0	0	0	0	0	0	0	0	0	0	0	0	0	0	0	0	0	0	0	0	0	0	0	0	0	0	0	0	0	0	0	0	0	0	0	0	0	0	0	0	0	0	0	0	0	0	0	0	0	0	0	30	65	85	85	0	5692	5692	13	 255	0	255	0	255	1	1	0	7385	7385	0	0	0	255	0	255	1	1	0	6285	6285	2	2	0	255	0	255	1	1	0	6174	6174	2	2	0	255	0	255	1	1	0	6175	6175	2	2	0	255	0	255	1	1	0	6281	6281	2	2	0	255	0	255	1	1	0	6280	6280	2	2	0	255	0	255	1	1	0	0	0	0	0	0	0	0	0	0	0	0	7
176	68	3021	0	0	610	611	0	0	0	0	4	4	10	65	10000000	1	32	0	0	0	0	0	0	0	0	0	0	0	0	0	0	0	0	0	0	0	0	0	0	0	0	0	0	0	0	0	0	0	0	0	0	0	0	0	0	0	0	0	0	0	0	0	0	0	0	0	0	0	0	0	0	0	0	0	0	0	0	0	0	0	30	65	85	85	0	3605	3605	13	 255	0	255	0	255	1	1	0	7385	7385	0	0	0	255	0	255	1	1	0	6285	6285	2	2	0	255	0	255	1	1	0	6174	6174	2	2	0	255	0	255	1	1	0	6175	6175	2	2	0	255	0	255	1	1	0	6281	6281	2	2	0	255	0	255	1	1	0	6280	6280	2	2	0	255	0	255	1	1	0	0	0	0	0	0	0	0	0	0	0	0	7
177	68	3021	0	0	610	611	0	0	0	0	4	4	10	65	10000000	1	32	0	0	0	0	0	0	0	0	0	0	0	0	0	0	0	0	0	0	0	0	0	0	0	0	0	0	0	0	0	0	0	0	0	0	0	0	0	0	0	0	0	0	0	0	0	0	0	0	0	0	0	0	0	0	0	0	0	0	0	0	0	0	0	30	65	85	85	0	4117	4117	13	 255	0	255	0	255	1	1	0	7385	7385	0	0	0	255	0	255	1	1	0	6285	6285	2	2	0	255	0	255	1	1	0	6174	6174	2	2	0	255	0	255	1	1	0	6175	6175	2	2	0	255	0	255	1	1	0	6281	6281	2	2	0	255	0	255	1	1	0	6280	6280	2	2	0	255	0	255	1	1	0	0	0	0	0	0	0	0	0	0	0	0	7
178	68	3021	0	0	610	611	0	0	0	0	4	4	10	65	10000000	1	32	0	0	0	0	0	0	0	0	0	0	0	0	0	0	0	0	0	0	0	0	0	0	0	0	0	0	0	0	0	0	0	0	0	0	0	0	0	0	0	0	0	0	0	0	0	0	0	0	0	0	0	0	0	0	0	0	0	0	0	0	0	0	0	30	65	85	85	0	4629	4629	13	 255	0	255	0	255	1	1	0	7385	7385	0	0	0	255	0	255	1	1	0	6285	6285	2	2	0	255	0	255	1	1	0	6174	6174	2	2	0	255	0	255	1	1	0	6175	6175	2	2	0	255	0	255	1	1	0	6281	6281	2	2	0	255	0	255	1	1	0	6280	6280	2	2	0	255	0	255	1	1	0	0	0	0	0	0	0	0	0	0	0	0	7
179	68	3021	0	0	610	611	0	0	0	0	4	4	10	65	10000000	1	32	0	0	0	0	0	0	0	0	0	0	0	0	0	0	0	0	0	0	0	0	0	0	0	0	0	0	0	0	0	0	0	0	0	0	0	0	0	0	0	0	0	0	0	0	0	0	0	0	0	0	0	0	0	0	0	0	0	0	0	0	0	0	0	30	65	85	85	0	5141	5141	13	 255	0	255	0	255	1	1	0	7385	7385	0	0	0	255	0	255	1	1	0	6285	6285	2	2	0	255	0	255	1	1	0	6174	6174	2	2	0	255	0	255	1	1	0	6175	6175	2	2	0	255	0	255	1	1	0	6281	6281	2	2	0	255	0	255	1	1	0	6280	6280	2	2	0	255	0	255	1	1	0	0	0	0	0	0	0	0	0	0	0	0	7
180	68	3021	0	0	610	611	0	0	0	0	4	4	10	65	10000000	1	32	0	0	0	0	0	0	0	0	0	0	0	0	0	0	0	0	0	0	0	0	0	0	0	0	0	0	0	0	0	0	0	0	0	0	0	0	0	0	0	0	0	0	0	0	0	0	0	0	0	0	0	0	0	0	0	0	0	0	0	0	0	0	0	30	65	85	85	0	5653	5653	13	 255	0	255	0	255	1	1	0	7385	7385	0	0	0	255	0	255	1	1	0	6285	6285	2	2	0	255	0	255	1	1	0	6174	6174	2	2	0	255	0	255	1	1	0	6175	6175	2	2	0	255	0	255	1	1	0	6281	6281	2	2	0	255	0	255	1	1	0	6280	6280	2	2	0	255	0	255	1	1	0	0	0	0	0	0	0	0	0	0	0	0	7
181	68	3021	0	0	610	611	0	0	0	0	4	4	10	65	10000000	1	32	0	0	0	0	0	0	0	0	0	0	0	0	0	0	0	0	0	0	0	0	0	0	0	0	0	0	0	0	0	0	0	0	0	0	0	0	0	0	0	0	0	0	0	0	0	0	0	0	0	0	0	0	0	0	0	0	0	0	0	0	0	0	0	30	65	85	85	0	3606	3606	13	 255	0	255	0	255	1	1	0	7385	7385	0	0	0	255	0	255	1	1	0	6285	6285	2	2	0	255	0	255	1	1	0	6174	6174	2	2	0	255	0	255	1	1	0	6175	6175	2	2	0	255	0	255	1	1	0	6281	6281	2	2	0	255	0	255	1	1	0	6280	6280	2	2	0	255	0	255	1	1	0	0	0	0	0	0	0	0	0	0	0	0	7
182	68	3021	0	0	610	611	0	0	0	0	4	4	10	65	10000000	1	32	0	0	0	0	0	0	0	0	0	0	0	0	0	0	0	0	0	0	0	0	0	0	0	0	0	0	0	0	0	0	0	0	0	0	0	0	0	0	0	0	0	0	0	0	0	0	0	0	0	0	0	0	0	0	0	0	0	0	0	0	0	0	0	30	65	85	85	0	4118	4118	13	 255	0	255	0	255	1	1	0	7385	7385	0	0	0	255	0	255	1	1	0	6285	6285	2	2	0	255	0	255	1	1	0	6174	6174	2	2	0	255	0	255	1	1	0	6175	6175	2	2	0	255	0	255	1	1	0	6281	6281	2	2	0	255	0	255	1	1	0	6280	6280	2	2	0	255	0	255	1	1	0	0	0	0	0	0	0	0	0	0	0	0	7
183	68	3021	0	0	610	611	0	0	0	0	4	4	10	65	10000000	1	32	0	0	0	0	0	0	0	0	0	0	0	0	0	0	0	0	0	0	0	0	0	0	0	0	0	0	0	0	0	0	0	0	0	0	0	0	0	0	0	0	0	0	0	0	0	0	0	0	0	0	0	0	0	0	0	0	0	0	0	0	0	0	0	30	65	85	85	0	4630	4630	13	 255	0	255	0	255	1	1	0	7385	7385	0	0	0	255	0	255	1	1	0	6285	6285	2	2	0	255	0	255	1	1	0	6174	6174	2	2	0	255	0	255	1	1	0	6175	6175	2	2	0	255	0	255	1	1	0	6281	6281	2	2	0	255	0	255	1	1	0	6280	6280	2	2	0	255	0	255	1	1	0	0	0	0	0	0	0	0	0	0	0	0	7
184	68	3021	0	0	610	611	0	0	0	0	4	4	10	65	10000000	1	32	0	0	0	0	0	0	0	0	0	0	0	0	0	0	0	0	0	0	0	0	0	0	0	0	0	0	0	0	0	0	0	0	0	0	0	0	0	0	0	0	0	0	0	0	0	0	0	0	0	0	0	0	0	0	0	0	0	0	0	0	0	0	0	30	65	85	85	0	5142	5142	13	 255	0	255	0	255	1	1	0	7385	7385	0	0	0	255	0	255	1	1	0	6285	6285	2	2	0	255	0	255	1	1	0	6174	6174	2	2	0	255	0	255	1	1	0	6175	6175	2	2	0	255	0	255	1	1	0	6281	6281	2	2	0	255	0	255	1	1	0	6280	6280	2	2	0	255	0	255	1	1	0	0	0	0	0	0	0	0	0	0	0	0	7
185	68	3021	0	0	610	611	0	0	0	0	4	4	10	65	10000000	1	32	0	0	0	0	0	0	0	0	0	0	0	0	0	0	0	0	0	0	0	0	0	0	0	0	0	0	0	0	0	0	0	0	0	0	0	0	0	0	0	0	0	0	0	0	0	0	0	0	0	0	0	0	0	0	0	0	0	0	0	0	0	0	0	30	65	85	85	0	5654	5654	13	 255	0	255	0	255	1	1	0	7385	7385	0	0	0	255	0	255	1	1	0	6285	6285	2	2	0	255	0	255	1	1	0	6174	6174	2	2	0	255	0	255	1	1	0	6175	6175	2	2	0	255	0	255	1	1	0	6281	6281	2	2	0	255	0	255	1	1	0	6280	6280	2	2	0	255	0	255	1	1	0	0	0	0	0	0	0	0	0	0	0	0	7
186	68	3021	0	0	610	611	0	0	0	0	4	4	10	65	10000000	1	32	0	0	0	0	0	0	0	0	0	0	0	0	0	0	0	0	0	0	0	0	0	0	0	0	0	0	0	0	0	0	0	0	0	0	0	0	0	0	0	0	0	0	0	0	0	0	0	0	0	0	0	0	0	0	0	0	0	0	0	0	0	0	0	30	65	85	85	0	3608	3608	13	 255	0	255	0	255	1	1	0	7385	7385	0	0	0	255	0	255	1	1	0	6285	6285	2	2	0	255	0	255	1	1	0	6174	6174	2	2	0	255	0	255	1	1	0	6175	6175	2	2	0	255	0	255	1	1	0	6281	6281	2	2	0	255	0	255	1	1	0	6280	6280	2	2	0	255	0	255	1	1	0	0	0	0	0	0	0	0	0	0	0	0	7
187	68	3021	0	0	610	611	0	0	0	0	4	4	10	65	10000000	1	32	0	0	0	0	0	0	0	0	0	0	0	0	0	0	0	0	0	0	0	0	0	0	0	0	0	0	0	0	0	0	0	0	0	0	0	0	0	0	0	0	0	0	0	0	0	0	0	0	0	0	0	0	0	0	0	0	0	0	0	0	0	0	0	30	65	85	85	0	4120	4120	13	 255	0	255	0	255	1	1	0	7385	7385	0	0	0	255	0	255	1	1	0	6285	6285	2	2	0	255	0	255	1	1	0	6174	6174	2	2	0	255	0	255	1	1	0	6175	6175	2	2	0	255	0	255	1	1	0	6281	6281	2	2	0	255	0	255	1	1	0	6280	6280	2	2	0	255	0	255	1	1	0	0	0	0	0	0	0	0	0	0	0	0	7
188	68	3021	0	0	610	611	0	0	0	0	4	4	10	65	10000000	1	32	0	0	0	0	0	0	0	0	0	0	0	0	0	0	0	0	0	0	0	0	0	0	0	0	0	0	0	0	0	0	0	0	0	0	0	0	0	0	0	0	0	0	0	0	0	0	0	0	0	0	0	0	0	0	0	0	0	0	0	0	0	0	0	30	65	85	85	0	4632	4632	13	 255	0	255	0	255	1	1	0	7385	7385	0	0	0	255	0	255	1	1	0	6285	6285	2	2	0	255	0	255	1	1	0	6174	6174	2	2	0	255	0	255	1	1	0	6175	6175	2	2	0	255	0	255	1	1	0	6281	6281	2	2	0	255	0	255	1	1	0	6280	6280	2	2	0	255	0	255	1	1	0	0	0	0	0	0	0	0	0	0	0	0	7
189	68	3021	0	0	610	611	0	0	0	0	4	4	10	65	10000000	1	32	0	0	0	0	0	0	0	0	0	0	0	0	0	0	0	0	0	0	0	0	0	0	0	0	0	0	0	0	0	0	0	0	0	0	0	0	0	0	0	0	0	0	0	0	0	0	0	0	0	0	0	0	0	0	0	0	0	0	0	0	0	0	0	30	65	85	85	0	5144	5144	13	 255	0	255	0	255	1	1	0	7385	7385	0	0	0	255	0	255	1	1	0	6285	6285	2	2	0	255	0	255	1	1	0	6174	6174	2	2	0	255	0	255	1	1	0	6175	6175	2	2	0	255	0	255	1	1	0	6281	6281	2	2	0	255	0	255	1	1	0	6280	6280	2	2	0	255	0	255	1	1	0	0	0	0	0	0	0	0	0	0	0	0	7
190	68	3021	0	0	610	611	0	0	0	0	4	4	10	65	10000000	1	32	0	0	0	0	0	0	0	0	0	0	0	0	0	0	0	0	0	0	0	0	0	0	0	0	0	0	0	0	0	0	0	0	0	0	0	0	0	0	0	0	0	0	0	0	0	0	0	0	0	0	0	0	0	0	0	0	0	0	0	0	0	0	0	30	65	85	85	0	5656	5656	13	 255	0	255	0	255	1	1	0	7385	7385	0	0	0	255	0	255	1	1	0	6285	6285	2	2	0	255	0	255	1	1	0	6174	6174	2	2	0	255	0	255	1	1	0	6175	6175	2	2	0	255	0	255	1	1	0	6281	6281	2	2	0	255	0	255	1	1	0	6280	6280	2	2	0	255	0	255	1	1	0	0	0	0	0	0	0	0	0	0	0	0	7
191	68	3021	0	0	610	611	0	0	0	0	4	4	10	65	10000000	1	32	0	0	0	0	0	0	0	0	0	0	0	0	0	0	0	0	0	0	0	0	0	0	0	0	0	0	0	0	0	0	0	0	0	0	0	0	0	0	0	0	0	0	0	0	0	0	0	0	0	0	0	0	0	0	0	0	0	0	0	0	0	0	0	30	65	85	85	0	4119	4119	13	 255	0	255	0	255	1	1	0	7385	7385	0	0	0	255	0	255	1	1	0	6285	6285	2	2	0	255	0	255	1	1	0	6174	6174	2	2	0	255	0	255	1	1	0	6175	6175	2	2	0	255	0	255	1	1	0	6281	6281	2	2	0	255	0	255	1	1	0	6280	6280	2	2	0	255	0	255	1	1	0	0	0	0	0	0	0	0	0	0	0	0	7
192	68	3021	0	0	610	611	0	0	0	0	4	4	10	65	10000000	1	32	0	0	0	0	0	0	0	0	0	0	0	0	0	0	0	0	0	0	0	0	0	0	0	0	0	0	0	0	0	0	0	0	0	0	0	0	0	0	0	0	0	0	0	0	0	0	0	0	0	0	0	0	0	0	0	0	0	0	0	0	0	0	0	30	65	85	85	0	4631	4631	13	 255	0	255	0	255	1	1	0	7385	7385	0	0	0	255	0	255	1	1	0	6285	6285	2	2	0	255	0	255	1	1	0	6174	6174	2	2	0	255	0	255	1	1	0	6175	6175	2	2	0	255	0	255	1	1	0	6281	6281	2	2	0	255	0	255	1	1	0	6280	6280	2	2	0	255	0	255	1	1	0	0	0	0	0	0	0	0	0	0	0	0	7
193	68	3021	0	0	610	611	0	0	0	0	4	4	10	65	10000000	1	32	0	0	0	0	0	0	0	0	0	0	0	0	0	0	0	0	0	0	0	0	0	0	0	0	0	0	0	0	0	0	0	0	0	0	0	0	0	0	0	0	0	0	0	0	0	0	0	0	0	0	0	0	0	0	0	0	0	0	0	0	0	0	0	30	65	85	85	0	5143	5143	13	 255	0	255	0	255	1	1	0	7385	7385	0	0	0	255	0	255	1	1	0	6285	6285	2	2	0	255	0	255	1	1	0	6174	6174	2	2	0	255	0	255	1	1	0	6175	6175	2	2	0	255	0	255	1	1	0	6281	6281	2	2	0	255	0	255	1	1	0	6280	6280	2	2	0	255	0	255	1	1	0	0	0	0	0	0	0	0	0	0	0	0	7
194	68	3021	0	0	610	611	0	0	0	0	4	4	10	65	10000000	1	32	0	0	0	0	0	0	0	0	0	0	0	0	0	0	0	0	0	0	0	0	0	0	0	0	0	0	0	0	0	0	0	0	0	0	0	0	0	0	0	0	0	0	0	0	0	0	0	0	0	0	0	0	0	0	0	0	0	0	0	0	0	0	0	30	65	85	85	0	5655	5655	13	 255	0	255	0	255	1	1	0	7385	7385	0	0	0	255	0	255	1	1	0	6285	6285	2	2	0	255	0	255	1	1	0	6174	6174	2	2	0	255	0	255	1	1	0	6175	6175	2	2	0	255	0	255	1	1	0	6281	6281	2	2	0	255	0	255	1	1	0	6280	6280	2	2	0	255	0	255	1	1	0	0	0	0	0	0	0	0	0	0	0	0	7
195	68	3021	0	0	610	611	0	0	0	0	4	4	10	65	10000000	1	32	0	0	0	0	0	0	0	0	0	0	0	0	0	0	0	0	0	0	0	0	0	0	0	0	0	0	0	0	0	0	0	0	0	0	0	0	0	0	0	0	0	0	0	0	0	0	0	0	0	0	0	0	0	0	0	0	0	0	0	0	0	0	0	30	65	85	85	0	3612	3612	13	 255	0	255	0	255	1	1	0	7385	7385	0	0	0	255	0	255	1	1	0	6285	6285	2	2	0	255	0	255	1	1	0	6174	6174	2	2	0	255	0	255	1	1	0	6175	6175	2	2	0	255	0	255	1	1	0	6281	6281	2	2	0	255	0	255	1	1	0	6280	6280	2	2	0	255	0	255	1	1	0	0	0	0	0	0	0	0	0	0	0	0	7
196	68	3021	0	0	610	611	0	0	0	0	4	4	10	65	10000000	1	32	0	0	0	0	0	0	0	0	0	0	0	0	0	0	0	0	0	0	0	0	0	0	0	0	0	0	0	0	0	0	0	0	0	0	0	0	0	0	0	0	0	0	0	0	0	0	0	0	0	0	0	0	0	0	0	0	0	0	0	0	0	0	0	30	65	85	85	0	4124	4124	13	 255	0	255	0	255	1	1	0	7385	7385	0	0	0	255	0	255	1	1	0	6285	6285	2	2	0	255	0	255	1	1	0	6174	6174	2	2	0	255	0	255	1	1	0	6175	6175	2	2	0	255	0	255	1	1	0	6281	6281	2	2	0	255	0	255	1	1	0	6280	6280	2	2	0	255	0	255	1	1	0	0	0	0	0	0	0	0	0	0	0	0	7
197	68	3021	0	0	610	611	0	0	0	0	4	4	10	65	10000000	1	32	0	0	0	0	0	0	0	0	0	0	0	0	0	0	0	0	0	0	0	0	0	0	0	0	0	0	0	0	0	0	0	0	0	0	0	0	0	0	0	0	0	0	0	0	0	0	0	0	0	0	0	0	0	0	0	0	0	0	0	0	0	0	0	30	65	85	85	0	4636	4636	13	 255	0	255	0	255	1	1	0	7385	7385	0	0	0	255	0	255	1	1	0	6285	6285	2	2	0	255	0	255	1	1	0	6174	6174	2	2	0	255	0	255	1	1	0	6175	6175	2	2	0	255	0	255	1	1	0	6281	6281	2	2	0	255	0	255	1	1	0	6280	6280	2	2	0	255	0	255	1	1	0	0	0	0	0	0	0	0	0	0	0	0	7
198	68	3021	0	0	610	611	0	0	0	0	4	4	10	65	10000000	1	32	0	0	0	0	0	0	0	0	0	0	0	0	0	0	0	0	0	0	0	0	0	0	0	0	0	0	0	0	0	0	0	0	0	0	0	0	0	0	0	0	0	0	0	0	0	0	0	0	0	0	0	0	0	0	0	0	0	0	0	0	0	0	0	30	65	85	85	0	5148	5148	13	 255	0	255	0	255	1	1	0	7385	7385	0	0	0	255	0	255	1	1	0	6285	6285	2	2	0	255	0	255	1	1	0	6174	6174	2	2	0	255	0	255	1	1	0	6175	6175	2	2	0	255	0	255	1	1	0	6281	6281	2	2	0	255	0	255	1	1	0	6280	6280	2	2	0	255	0	255	1	1	0	0	0	0	0	0	0	0	0	0	0	0	7
199	68	3021	0	0	610	611	0	0	0	0	4	4	10	65	10000000	1	32	0	0	0	0	0	0	0	0	0	0	0	0	0	0	0	0	0	0	0	0	0	0	0	0	0	0	0	0	0	0	0	0	0	0	0	0	0	0	0	0	0	0	0	0	0	0	0	0	0	0	0	0	0	0	0	0	0	0	0	0	0	0	0	30	65	85	85	0	5660	5660	13	 255	0	255	0	255	1	1	0	7385	7385	0	0	0	255	0	255	1	1	0	6285	6285	2	2	0	255	0	255	1	1	0	6174	6174	2	2	0	255	0	255	1	1	0	6175	6175	2	2	0	255	0	255	1	1	0	6281	6281	2	2	0	255	0	255	1	1	0	6280	6280	2	2	0	255	0	255	1	1	0	0	0	0	0	0	0	0	0	0	0	0	7
200	68	3021	0	0	610	611	0	0	0	0	4	4	10	65	10000000	1	32	0	0	0	0	0	0	0	0	0	0	0	0	0	0	0	0	0	0	0	0	0	0	0	0	0	0	0	0	0	0	0	0	0	0	0	0	0	0	0	0	0	0	0	0	0	0	0	0	0	0	0	0	0	0	0	0	0	0	0	0	0	0	0	30	65	85	85	0	3626	3626	13	 255	0	255	0	255	1	1	0	7385	7385	0	0	0	255	0	255	1	1	0	6285	6285	2	2	0	255	0	255	1	1	0	6174	6174	2	2	0	255	0	255	1	1	0	6175	6175	2	2	0	255	0	255	1	1	0	6281	6281	2	2	0	255	0	255	1	1	0	6280	6280	2	2	0	255	0	255	1	1	0	0	0	0	0	0	0	0	0	0	0	0	7
201	68	3021	0	0	610	611	0	0	0	0	4	4	10	65	10000000	1	32	0	0	0	0	0	0	0	0	0	0	0	0	0	0	0	0	0	0	0	0	0	0	0	0	0	0	0	0	0	0	0	0	0	0	0	0	0	0	0	0	0	0	0	0	0	0	0	0	0	0	0	0	0	0	0	0	0	0	0	0	0	0	0	30	65	85	85	0	4138	4138	13	 255	0	255	0	255	1	1	0	7385	7385	0	0	0	255	0	255	1	1	0	6285	6285	2	2	0	255	0	255	1	1	0	6174	6174	2	2	0	255	0	255	1	1	0	6175	6175	2	2	0	255	0	255	1	1	0	6281	6281	2	2	0	255	0	255	1	1	0	6280	6280	2	2	0	255	0	255	1	1	0	0	0	0	0	0	0	0	0	0	0	0	7
202	68	3021	0	0	610	611	0	0	0	0	4	4	10	65	10000000	1	32	0	0	0	0	0	0	0	0	0	0	0	0	0	0	0	0	0	0	0	0	0	0	0	0	0	0	0	0	0	0	0	0	0	0	0	0	0	0	0	0	0	0	0	0	0	0	0	0	0	0	0	0	0	0	0	0	0	0	0	0	0	0	0	30	65	85	85	0	4650	4650	13	 255	0	255	0	255	1	1	0	7385	7385	0	0	0	255	0	255	1	1	0	6285	6285	2	2	0	255	0	255	1	1	0	6174	6174	2	2	0	255	0	255	1	1	0	6175	6175	2	2	0	255	0	255	1	1	0	6281	6281	2	2	0	255	0	255	1	1	0	6280	6280	2	2	0	255	0	255	1	1	0	0	0	0	0	0	0	0	0	0	0	0	7
203	68	3021	0	0	610	611	0	0	0	0	4	4	10	65	10000000	1	32	0	0	0	0	0	0	0	0	0	0	0	0	0	0	0	0	0	0	0	0	0	0	0	0	0	0	0	0	0	0	0	0	0	0	0	0	0	0	0	0	0	0	0	0	0	0	0	0	0	0	0	0	0	0	0	0	0	0	0	0	0	0	0	30	65	85	85	0	5162	5162	13	 255	0	255	0	255	1	1	0	7385	7385	0	0	0	255	0	255	1	1	0	6285	6285	2	2	0	255	0	255	1	1	0	6174	6174	2	2	0	255	0	255	1	1	0	6175	6175	2	2	0	255	0	255	1	1	0	6281	6281	2	2	0	255	0	255	1	1	0	6280	6280	2	2	0	255	0	255	1	1	0	0	0	0	0	0	0	0	0	0	0	0	7
204	68	3021	0	0	610	611	0	0	0	0	4	4	10	65	10000000	1	32	0	0	0	0	0	0	0	0	0	0	0	0	0	0	0	0	0	0	0	0	0	0	0	0	0	0	0	0	0	0	0	0	0	0	0	0	0	0	0	0	0	0	0	0	0	0	0	0	0	0	0	0	0	0	0	0	0	0	0	0	0	0	0	30	65	85	85	0	5674	5674	13	 255	0	255	0	255	1	1	0	7385	7385	0	0	0	255	0	255	1	1	0	6285	6285	2	2	0	255	0	255	1	1	0	6174	6174	2	2	0	255	0	255	1	1	0	6175	6175	2	2	0	255	0	255	1	1	0	6281	6281	2	2	0	255	0	255	1	1	0	6280	6280	2	2	0	255	0	255	1	1	0	0	0	0	0	0	0	0	0	0	0	0	7
205	68	3021	0	0	610	611	0	0	0	0	4	4	10	65	10000000	1	32	0	0	0	0	0	0	0	0	0	0	0	0	0	0	0	0	0	0	0	0	0	0	0	0	0	0	0	0	0	0	0	0	0	0	0	0	0	0	0	0	0	0	0	0	0	0	0	0	0	0	0	0	0	0	0	0	0	0	0	0	0	0	0	30	65	85	85	0	3645	3645	13	 255	0	255	0	255	1	1	0	7385	7385	0	0	0	255	0	255	1	1	0	6285	6285	2	2	0	255	0	255	1	1	0	6174	6174	2	2	0	255	0	255	1	1	0	6175	6175	2	2	0	255	0	255	1	1	0	6281	6281	2	2	0	255	0	255	1	1	0	6280	6280	2	2	0	255	0	255	1	1	0	0	0	0	0	0	0	0	0	0	0	0	7
206	68	3021	0	0	610	611	0	0	0	0	4	4	10	65	10000000	1	32	0	0	0	0	0	0	0	0	0	0	0	0	0	0	0	0	0	0	0	0	0	0	0	0	0	0	0	0	0	0	0	0	0	0	0	0	0	0	0	0	0	0	0	0	0	0	0	0	0	0	0	0	0	0	0	0	0	0	0	0	0	0	0	30	65	85	85	0	4157	4157	13	 255	0	255	0	255	1	1	0	7385	7385	0	0	0	255	0	255	1	1	0	6285	6285	2	2	0	255	0	255	1	1	0	6174	6174	2	2	0	255	0	255	1	1	0	6175	6175	2	2	0	255	0	255	1	1	0	6281	6281	2	2	0	255	0	255	1	1	0	6280	6280	2	2	0	255	0	255	1	1	0	0	0	0	0	0	0	0	0	0	0	0	7
207	68	3021	0	0	610	611	0	0	0	0	4	4	10	65	10000000	1	32	0	0	0	0	0	0	0	0	0	0	0	0	0	0	0	0	0	0	0	0	0	0	0	0	0	0	0	0	0	0	0	0	0	0	0	0	0	0	0	0	0	0	0	0	0	0	0	0	0	0	0	0	0	0	0	0	0	0	0	0	0	0	0	30	65	85	85	0	4669	4669	13	 255	0	255	0	255	1	1	0	7385	7385	0	0	0	255	0	255	1	1	0	6285	6285	2	2	0	255	0	255	1	1	0	6174	6174	2	2	0	255	0	255	1	1	0	6175	6175	2	2	0	255	0	255	1	1	0	6281	6281	2	2	0	255	0	255	1	1	0	6280	6280	2	2	0	255	0	255	1	1	0	0	0	0	0	0	0	0	0	0	0	0	7
208	68	3021	0	0	610	611	0	0	0	0	4	4	10	65	10000000	1	32	0	0	0	0	0	0	0	0	0	0	0	0	0	0	0	0	0	0	0	0	0	0	0	0	0	0	0	0	0	0	0	0	0	0	0	0	0	0	0	0	0	0	0	0	0	0	0	0	0	0	0	0	0	0	0	0	0	0	0	0	0	0	0	30	65	85	85	0	5693	5693	13	 255	0	255	0	255	1	1	0	7385	7385	0	0	0	255	0	255	1	1	0	6285	6285	2	2	0	255	0	255	1	1	0	6174	6174	2	2	0	255	0	255	1	1	0	6175	6175	2	2	0	255	0	255	1	1	0	6281	6281	2	2	0	255	0	255	1	1	0	6280	6280	2	2	0	255	0	255	1	1	0	0	0	0	0	0	0	0	0	0	0	0	7
209	69	3073	0	0	610	611	0	0	0	0	4	4	10	65	10000000	1	32	0	0	0	0	0	0	0	0	0	0	0	0	0	0	0	0	0	0	0	0	0	0	0	0	0	0	0	0	0	0	0	0	0	0	0	0	0	0	0	0	0	0	0	0	0	0	0	0	0	0	0	0	0	0	0	0	0	0	0	0	0	0	0	30	65	85	85	0	3613	3613	13	 255	0	255	0	255	1	1	0	7385	7385	0	0	0	255	0	255	1	1	0	6285	6285	2	2	0	255	0	255	1	1	0	6174	6174	2	2	0	255	0	255	1	1	0	6175	6175	2	2	0	255	0	255	1	1	0	6281	6281	2	2	0	255	0	255	1	1	0	6280	6280	2	2	0	255	0	255	1	1	0	0	0	0	0	0	0	0	0	0	0	0	7
210	69	3073	0	0	610	611	0	0	0	0	4	4	10	65	10000000	1	32	0	0	0	0	0	0	0	0	0	0	0	0	0	0	0	0	0	0	0	0	0	0	0	0	0	0	0	0	0	0	0	0	0	0	0	0	0	0	0	0	0	0	0	0	0	0	0	0	0	0	0	0	0	0	0	0	0	0	0	0	0	0	0	30	65	85	85	0	4125	4125	13	 255	0	255	0	255	1	1	0	7385	7385	0	0	0	255	0	255	1	1	0	6285	6285	2	2	0	255	0	255	1	1	0	6174	6174	2	2	0	255	0	255	1	1	0	6175	6175	2	2	0	255	0	255	1	1	0	6281	6281	2	2	0	255	0	255	1	1	0	6280	6280	2	2	0	255	0	255	1	1	0	0	0	0	0	0	0	0	0	0	0	0	7
211	69	3073	0	0	610	611	0	0	0	0	4	4	10	65	10000000	1	32	0	0	0	0	0	0	0	0	0	0	0	0	0	0	0	0	0	0	0	0	0	0	0	0	0	0	0	0	0	0	0	0	0	0	0	0	0	0	0	0	0	0	0	0	0	0	0	0	0	0	0	0	0	0	0	0	0	0	0	0	0	0	0	30	65	85	85	0	4637	4637	13	 255	0	255	0	255	1	1	0	7385	7385	0	0	0	255	0	255	1	1	0	6285	6285	2	2	0	255	0	255	1	1	0	6174	6174	2	2	0	255	0	255	1	1	0	6175	6175	2	2	0	255	0	255	1	1	0	6281	6281	2	2	0	255	0	255	1	1	0	6280	6280	2	2	0	255	0	255	1	1	0	0	0	0	0	0	0	0	0	0	0	0	7
212	69	3073	0	0	610	611	0	0	0	0	4	4	10	65	10000000	1	32	0	0	0	0	0	0	0	0	0	0	0	0	0	0	0	0	0	0	0	0	0	0	0	0	0	0	0	0	0	0	0	0	0	0	0	0	0	0	0	0	0	0	0	0	0	0	0	0	0	0	0	0	0	0	0	0	0	0	0	0	0	0	0	30	65	85	85	0	5149	5149	13	 255	0	255	0	255	1	1	0	7385	7385	0	0	0	255	0	255	1	1	0	6285	6285	2	2	0	255	0	255	1	1	0	6174	6174	2	2	0	255	0	255	1	1	0	6175	6175	2	2	0	255	0	255	1	1	0	6281	6281	2	2	0	255	0	255	1	1	0	6280	6280	2	2	0	255	0	255	1	1	0	0	0	0	0	0	0	0	0	0	0	0	7
213	69	3073	0	0	610	611	0	0	0	0	4	4	10	65	10000000	1	32	0	0	0	0	0	0	0	0	0	0	0	0	0	0	0	0	0	0	0	0	0	0	0	0	0	0	0	0	0	0	0	0	0	0	0	0	0	0	0	0	0	0	0	0	0	0	0	0	0	0	0	0	0	0	0	0	0	0	0	0	0	0	0	30	65	85	85	0	5661	5661	13	 255	0	255	0	255	1	1	0	7385	7385	0	0	0	255	0	255	1	1	0	6285	6285	2	2	0	255	0	255	1	1	0	6174	6174	2	2	0	255	0	255	1	1	0	6175	6175	2	2	0	255	0	255	1	1	0	6281	6281	2	2	0	255	0	255	1	1	0	6280	6280	2	2	0	255	0	255	1	1	0	0	0	0	0	0	0	0	0	0	0	0	7
214	69	3073	0	0	610	611	0	0	0	0	4	4	10	65	10000000	1	32	0	0	0	0	0	0	0	0	0	0	0	0	0	0	0	0	0	0	0	0	0	0	0	0	0	0	0	0	0	0	0	0	0	0	0	0	0	0	0	0	0	0	0	0	0	0	0	0	0	0	0	0	0	0	0	0	0	0	0	0	0	0	0	30	65	85	85	0	3614	3614	13	 255	0	255	0	255	1	1	0	7385	7385	0	0	0	255	0	255	1	1	0	6285	6285	2	2	0	255	0	255	1	1	0	6174	6174	2	2	0	255	0	255	1	1	0	6175	6175	2	2	0	255	0	255	1	1	0	6281	6281	2	2	0	255	0	255	1	1	0	6280	6280	2	2	0	255	0	255	1	1	0	0	0	0	0	0	0	0	0	0	0	0	7
215	69	3073	0	0	610	611	0	0	0	0	4	4	10	65	10000000	1	32	0	0	0	0	0	0	0	0	0	0	0	0	0	0	0	0	0	0	0	0	0	0	0	0	0	0	0	0	0	0	0	0	0	0	0	0	0	0	0	0	0	0	0	0	0	0	0	0	0	0	0	0	0	0	0	0	0	0	0	0	0	0	0	30	65	85	85	0	4126	4126	13	 255	0	255	0	255	1	1	0	7385	7385	0	0	0	255	0	255	1	1	0	6285	6285	2	2	0	255	0	255	1	1	0	6174	6174	2	2	0	255	0	255	1	1	0	6175	6175	2	2	0	255	0	255	1	1	0	6281	6281	2	2	0	255	0	255	1	1	0	6280	6280	2	2	0	255	0	255	1	1	0	0	0	0	0	0	0	0	0	0	0	0	7
216	69	3073	0	0	610	611	0	0	0	0	4	4	10	65	10000000	1	32	0	0	0	0	0	0	0	0	0	0	0	0	0	0	0	0	0	0	0	0	0	0	0	0	0	0	0	0	0	0	0	0	0	0	0	0	0	0	0	0	0	0	0	0	0	0	0	0	0	0	0	0	0	0	0	0	0	0	0	0	0	0	0	30	65	85	85	0	4638	4638	13	 255	0	255	0	255	1	1	0	7385	7385	0	0	0	255	0	255	1	1	0	6285	6285	2	2	0	255	0	255	1	1	0	6174	6174	2	2	0	255	0	255	1	1	0	6175	6175	2	2	0	255	0	255	1	1	0	6281	6281	2	2	0	255	0	255	1	1	0	6280	6280	2	2	0	255	0	255	1	1	0	0	0	0	0	0	0	0	0	0	0	0	7
217	69	3073	0	0	610	611	0	0	0	0	4	4	10	65	10000000	1	32	0	0	0	0	0	0	0	0	0	0	0	0	0	0	0	0	0	0	0	0	0	0	0	0	0	0	0	0	0	0	0	0	0	0	0	0	0	0	0	0	0	0	0	0	0	0	0	0	0	0	0	0	0	0	0	0	0	0	0	0	0	0	0	30	65	85	85	0	5150	5150	13	 255	0	255	0	255	1	1	0	7385	7385	0	0	0	255	0	255	1	1	0	6285	6285	2	2	0	255	0	255	1	1	0	6174	6174	2	2	0	255	0	255	1	1	0	6175	6175	2	2	0	255	0	255	1	1	0	6281	6281	2	2	0	255	0	255	1	1	0	6280	6280	2	2	0	255	0	255	1	1	0	0	0	0	0	0	0	0	0	0	0	0	7
218	69	3073	0	0	610	611	0	0	0	0	4	4	10	65	10000000	1	32	0	0	0	0	0	0	0	0	0	0	0	0	0	0	0	0	0	0	0	0	0	0	0	0	0	0	0	0	0	0	0	0	0	0	0	0	0	0	0	0	0	0	0	0	0	0	0	0	0	0	0	0	0	0	0	0	0	0	0	0	0	0	0	30	65	85	85	0	5662	5662	13	 255	0	255	0	255	1	1	0	7385	7385	0	0	0	255	0	255	1	1	0	6285	6285	2	2	0	255	0	255	1	1	0	6174	6174	2	2	0	255	0	255	1	1	0	6175	6175	2	2	0	255	0	255	1	1	0	6281	6281	2	2	0	255	0	255	1	1	0	6280	6280	2	2	0	255	0	255	1	1	0	0	0	0	0	0	0	0	0	0	0	0	7
219	69	3073	0	0	610	611	0	0	0	0	4	4	10	65	10000000	1	32	0	0	0	0	0	0	0	0	0	0	0	0	0	0	0	0	0	0	0	0	0	0	0	0	0	0	0	0	0	0	0	0	0	0	0	0	0	0	0	0	0	0	0	0	0	0	0	0	0	0	0	0	0	0	0	0	0	0	0	0	0	0	0	30	65	85	85	0	3615	3615	13	 255	0	255	0	255	1	1	0	7385	7385	0	0	0	255	0	255	1	1	0	6285	6285	2	2	0	255	0	255	1	1	0	6174	6174	2	2	0	255	0	255	1	1	0	6175	6175	2	2	0	255	0	255	1	1	0	6281	6281	2	2	0	255	0	255	1	1	0	6280	6280	2	2	0	255	0	255	1	1	0	0	0	0	0	0	0	0	0	0	0	0	7
220	69	3073	0	0	610	611	0	0	0	0	4	4	10	65	10000000	1	32	0	0	0	0	0	0	0	0	0	0	0	0	0	0	0	0	0	0	0	0	0	0	0	0	0	0	0	0	0	0	0	0	0	0	0	0	0	0	0	0	0	0	0	0	0	0	0	0	0	0	0	0	0	0	0	0	0	0	0	0	0	0	0	30	65	85	85	0	4127	4127	13	 255	0	255	0	255	1	1	0	7385	7385	0	0	0	255	0	255	1	1	0	6285	6285	2	2	0	255	0	255	1	1	0	6174	6174	2	2	0	255	0	255	1	1	0	6175	6175	2	2	0	255	0	255	1	1	0	6281	6281	2	2	0	255	0	255	1	1	0	6280	6280	2	2	0	255	0	255	1	1	0	0	0	0	0	0	0	0	0	0	0	0	7
221	69	3073	0	0	610	611	0	0	0	0	4	4	10	65	10000000	1	32	0	0	0	0	0	0	0	0	0	0	0	0	0	0	0	0	0	0	0	0	0	0	0	0	0	0	0	0	0	0	0	0	0	0	0	0	0	0	0	0	0	0	0	0	0	0	0	0	0	0	0	0	0	0	0	0	0	0	0	0	0	0	0	30	65	85	85	0	4639	4639	13	 255	0	255	0	255	1	1	0	7385	7385	0	0	0	255	0	255	1	1	0	6285	6285	2	2	0	255	0	255	1	1	0	6174	6174	2	2	0	255	0	255	1	1	0	6175	6175	2	2	0	255	0	255	1	1	0	6281	6281	2	2	0	255	0	255	1	1	0	6280	6280	2	2	0	255	0	255	1	1	0	0	0	0	0	0	0	0	0	0	0	0	7
222	69	3073	0	0	610	611	0	0	0	0	4	4	10	65	10000000	1	32	0	0	0	0	0	0	0	0	0	0	0	0	0	0	0	0	0	0	0	0	0	0	0	0	0	0	0	0	0	0	0	0	0	0	0	0	0	0	0	0	0	0	0	0	0	0	0	0	0	0	0	0	0	0	0	0	0	0	0	0	0	0	0	30	65	85	85	0	5151	5151	13	 255	0	255	0	255	1	1	0	7385	7385	0	0	0	255	0	255	1	1	0	6285	6285	2	2	0	255	0	255	1	1	0	6174	6174	2	2	0	255	0	255	1	1	0	6175	6175	2	2	0	255	0	255	1	1	0	6281	6281	2	2	0	255	0	255	1	1	0	6280	6280	2	2	0	255	0	255	1	1	0	0	0	0	0	0	0	0	0	0	0	0	7
223	69	3073	0	0	610	611	0	0	0	0	4	4	10	65	10000000	1	32	0	0	0	0	0	0	0	0	0	0	0	0	0	0	0	0	0	0	0	0	0	0	0	0	0	0	0	0	0	0	0	0	0	0	0	0	0	0	0	0	0	0	0	0	0	0	0	0	0	0	0	0	0	0	0	0	0	0	0	0	0	0	0	30	65	85	85	0	5663	5663	13	 255	0	255	0	255	1	1	0	7385	7385	0	0	0	255	0	255	1	1	0	6285	6285	2	2	0	255	0	255	1	1	0	6174	6174	2	2	0	255	0	255	1	1	0	6175	6175	2	2	0	255	0	255	1	1	0	6281	6281	2	2	0	255	0	255	1	1	0	6280	6280	2	2	0	255	0	255	1	1	0	0	0	0	0	0	0	0	0	0	0	0	7
224	69	3073	0	0	610	611	0	0	0	0	4	4	10	65	10000000	1	32	0	0	0	0	0	0	0	0	0	0	0	0	0	0	0	0	0	0	0	0	0	0	0	0	0	0	0	0	0	0	0	0	0	0	0	0	0	0	0	0	0	0	0	0	0	0	0	0	0	0	0	0	0	0	0	0	0	0	0	0	0	0	0	30	65	85	85	0	4128	4128	13	 255	0	255	0	255	1	1	0	7385	7385	0	0	0	255	0	255	1	1	0	6285	6285	2	2	0	255	0	255	1	1	0	6174	6174	2	2	0	255	0	255	1	1	0	6175	6175	2	2	0	255	0	255	1	1	0	6281	6281	2	2	0	255	0	255	1	1	0	6280	6280	2	2	0	255	0	255	1	1	0	0	0	0	0	0	0	0	0	0	0	0	7
225	69	3073	0	0	610	611	0	0	0	0	4	4	10	65	10000000	1	32	0	0	0	0	0	0	0	0	0	0	0	0	0	0	0	0	0	0	0	0	0	0	0	0	0	0	0	0	0	0	0	0	0	0	0	0	0	0	0	0	0	0	0	0	0	0	0	0	0	0	0	0	0	0	0	0	0	0	0	0	0	0	0	30	65	85	85	0	4640	4640	13	 255	0	255	0	255	1	1	0	7385	7385	0	0	0	255	0	255	1	1	0	6285	6285	2	2	0	255	0	255	1	1	0	6174	6174	2	2	0	255	0	255	1	1	0	6175	6175	2	2	0	255	0	255	1	1	0	6281	6281	2	2	0	255	0	255	1	1	0	6280	6280	2	2	0	255	0	255	1	1	0	0	0	0	0	0	0	0	0	0	0	0	7
226	69	3073	0	0	610	611	0	0	0	0	4	4	10	65	10000000	1	32	0	0	0	0	0	0	0	0	0	0	0	0	0	0	0	0	0	0	0	0	0	0	0	0	0	0	0	0	0	0	0	0	0	0	0	0	0	0	0	0	0	0	0	0	0	0	0	0	0	0	0	0	0	0	0	0	0	0	0	0	0	0	0	30	65	85	85	0	5152	5152	13	 255	0	255	0	255	1	1	0	7385	7385	0	0	0	255	0	255	1	1	0	6285	6285	2	2	0	255	0	255	1	1	0	6174	6174	2	2	0	255	0	255	1	1	0	6175	6175	2	2	0	255	0	255	1	1	0	6281	6281	2	2	0	255	0	255	1	1	0	6280	6280	2	2	0	255	0	255	1	1	0	0	0	0	0	0	0	0	0	0	0	0	7
227	69	3073	0	0	610	611	0	0	0	0	4	4	10	65	10000000	1	32	0	0	0	0	0	0	0	0	0	0	0	0	0	0	0	0	0	0	0	0	0	0	0	0	0	0	0	0	0	0	0	0	0	0	0	0	0	0	0	0	0	0	0	0	0	0	0	0	0	0	0	0	0	0	0	0	0	0	0	0	0	0	0	30	65	85	85	0	5664	5664	13	 255	0	255	0	255	1	1	0	7385	7385	0	0	0	255	0	255	1	1	0	6285	6285	2	2	0	255	0	255	1	1	0	6174	6174	2	2	0	255	0	255	1	1	0	6175	6175	2	2	0	255	0	255	1	1	0	6281	6281	2	2	0	255	0	255	1	1	0	6280	6280	2	2	0	255	0	255	1	1	0	0	0	0	0	0	0	0	0	0	0	0	7
228	69	3073	0	0	610	611	0	0	0	0	4	4	10	65	10000000	1	32	0	0	0	0	0	0	0	0	0	0	0	0	0	0	0	0	0	0	0	0	0	0	0	0	0	0	0	0	0	0	0	0	0	0	0	0	0	0	0	0	0	0	0	0	0	0	0	0	0	0	0	0	0	0	0	0	0	0	0	0	0	0	0	30	65	85	85	0	3617	3617	13	 255	0	255	0	255	1	1	0	7385	7385	0	0	0	255	0	255	1	1	0	6285	6285	2	2	0	255	0	255	1	1	0	6174	6174	2	2	0	255	0	255	1	1	0	6175	6175	2	2	0	255	0	255	1	1	0	6281	6281	2	2	0	255	0	255	1	1	0	6280	6280	2	2	0	255	0	255	1	1	0	0	0	0	0	0	0	0	0	0	0	0	7
229	69	3073	0	0	610	611	0	0	0	0	4	4	10	65	10000000	1	32	0	0	0	0	0	0	0	0	0	0	0	0	0	0	0	0	0	0	0	0	0	0	0	0	0	0	0	0	0	0	0	0	0	0	0	0	0	0	0	0	0	0	0	0	0	0	0	0	0	0	0	0	0	0	0	0	0	0	0	0	0	0	0	30	65	85	85	0	4129	4129	13	 255	0	255	0	255	1	1	0	7385	7385	0	0	0	255	0	255	1	1	0	6285	6285	2	2	0	255	0	255	1	1	0	6174	6174	2	2	0	255	0	255	1	1	0	6175	6175	2	2	0	255	0	255	1	1	0	6281	6281	2	2	0	255	0	255	1	1	0	6280	6280	2	2	0	255	0	255	1	1	0	0	0	0	0	0	0	0	0	0	0	0	7
230	69	3073	0	0	610	611	0	0	0	0	4	4	10	65	10000000	1	32	0	0	0	0	0	0	0	0	0	0	0	0	0	0	0	0	0	0	0	0	0	0	0	0	0	0	0	0	0	0	0	0	0	0	0	0	0	0	0	0	0	0	0	0	0	0	0	0	0	0	0	0	0	0	0	0	0	0	0	0	0	0	0	30	65	85	85	0	4641	4641	13	 255	0	255	0	255	1	1	0	7385	7385	0	0	0	255	0	255	1	1	0	6285	6285	2	2	0	255	0	255	1	1	0	6174	6174	2	2	0	255	0	255	1	1	0	6175	6175	2	2	0	255	0	255	1	1	0	6281	6281	2	2	0	255	0	255	1	1	0	6280	6280	2	2	0	255	0	255	1	1	0	0	0	0	0	0	0	0	0	0	0	0	7
231	69	3073	0	0	610	611	0	0	0	0	4	4	10	65	10000000	1	32	0	0	0	0	0	0	0	0	0	0	0	0	0	0	0	0	0	0	0	0	0	0	0	0	0	0	0	0	0	0	0	0	0	0	0	0	0	0	0	0	0	0	0	0	0	0	0	0	0	0	0	0	0	0	0	0	0	0	0	0	0	0	0	30	65	85	85	0	5153	5153	13	 255	0	255	0	255	1	1	0	7385	7385	0	0	0	255	0	255	1	1	0	6285	6285	2	2	0	255	0	255	1	1	0	6174	6174	2	2	0	255	0	255	1	1	0	6175	6175	2	2	0	255	0	255	1	1	0	6281	6281	2	2	0	255	0	255	1	1	0	6280	6280	2	2	0	255	0	255	1	1	0	0	0	0	0	0	0	0	0	0	0	0	7
232	69	3073	0	0	610	611	0	0	0	0	4	4	10	65	10000000	1	32	0	0	0	0	0	0	0	0	0	0	0	0	0	0	0	0	0	0	0	0	0	0	0	0	0	0	0	0	0	0	0	0	0	0	0	0	0	0	0	0	0	0	0	0	0	0	0	0	0	0	0	0	0	0	0	0	0	0	0	0	0	0	0	30	65	85	85	0	5665	5665	13	 255	0	255	0	255	1	1	0	7385	7385	0	0	0	255	0	255	1	1	0	6285	6285	2	2	0	255	0	255	1	1	0	6174	6174	2	2	0	255	0	255	1	1	0	6175	6175	2	2	0	255	0	255	1	1	0	6281	6281	2	2	0	255	0	255	1	1	0	6280	6280	2	2	0	255	0	255	1	1	0	0	0	0	0	0	0	0	0	0	0	0	7
233	69	3073	0	0	610	611	0	0	0	0	4	4	10	65	10000000	1	32	0	0	0	0	0	0	0	0	0	0	0	0	0	0	0	0	0	0	0	0	0	0	0	0	0	0	0	0	0	0	0	0	0	0	0	0	0	0	0	0	0	0	0	0	0	0	0	0	0	0	0	0	0	0	0	0	0	0	0	0	0	0	0	30	65	85	85	0	3627	3627	13	 255	0	255	0	255	1	1	0	7385	7385	0	0	0	255	0	255	1	1	0	6285	6285	2	2	0	255	0	255	1	1	0	6174	6174	2	2	0	255	0	255	1	1	0	6175	6175	2	2	0	255	0	255	1	1	0	6281	6281	2	2	0	255	0	255	1	1	0	6280	6280	2	2	0	255	0	255	1	1	0	0	0	0	0	0	0	0	0	0	0	0	7
234	69	3073	0	0	610	611	0	0	0	0	4	4	10	65	10000000	1	32	0	0	0	0	0	0	0	0	0	0	0	0	0	0	0	0	0	0	0	0	0	0	0	0	0	0	0	0	0	0	0	0	0	0	0	0	0	0	0	0	0	0	0	0	0	0	0	0	0	0	0	0	0	0	0	0	0	0	0	0	0	0	0	30	65	85	85	0	4139	4139	13	 255	0	255	0	255	1	1	0	7385	7385	0	0	0	255	0	255	1	1	0	6285	6285	2	2	0	255	0	255	1	1	0	6174	6174	2	2	0	255	0	255	1	1	0	6175	6175	2	2	0	255	0	255	1	1	0	6281	6281	2	2	0	255	0	255	1	1	0	6280	6280	2	2	0	255	0	255	1	1	0	0	0	0	0	0	0	0	0	0	0	0	7
235	69	3073	0	0	610	611	0	0	0	0	4	4	10	65	10000000	1	32	0	0	0	0	0	0	0	0	0	0	0	0	0	0	0	0	0	0	0	0	0	0	0	0	0	0	0	0	0	0	0	0	0	0	0	0	0	0	0	0	0	0	0	0	0	0	0	0	0	0	0	0	0	0	0	0	0	0	0	0	0	0	0	30	65	85	85	0	4651	4651	13	 255	0	255	0	255	1	1	0	7385	7385	0	0	0	255	0	255	1	1	0	6285	6285	2	2	0	255	0	255	1	1	0	6174	6174	2	2	0	255	0	255	1	1	0	6175	6175	2	2	0	255	0	255	1	1	0	6281	6281	2	2	0	255	0	255	1	1	0	6280	6280	2	2	0	255	0	255	1	1	0	0	0	0	0	0	0	0	0	0	0	0	7
236	69	3073	0	0	610	611	0	0	0	0	4	4	10	65	10000000	1	32	0	0	0	0	0	0	0	0	0	0	0	0	0	0	0	0	0	0	0	0	0	0	0	0	0	0	0	0	0	0	0	0	0	0	0	0	0	0	0	0	0	0	0	0	0	0	0	0	0	0	0	0	0	0	0	0	0	0	0	0	0	0	0	30	65	85	85	0	5163	5163	13	 255	0	255	0	255	1	1	0	7385	7385	0	0	0	255	0	255	1	1	0	6285	6285	2	2	0	255	0	255	1	1	0	6174	6174	2	2	0	255	0	255	1	1	0	6175	6175	2	2	0	255	0	255	1	1	0	6281	6281	2	2	0	255	0	255	1	1	0	6280	6280	2	2	0	255	0	255	1	1	0	0	0	0	0	0	0	0	0	0	0	0	7
237	69	3073	0	0	610	611	0	0	0	0	4	4	10	65	10000000	1	32	0	0	0	0	0	0	0	0	0	0	0	0	0	0	0	0	0	0	0	0	0	0	0	0	0	0	0	0	0	0	0	0	0	0	0	0	0	0	0	0	0	0	0	0	0	0	0	0	0	0	0	0	0	0	0	0	0	0	0	0	0	0	0	30	65	85	85	0	5675	5675	13	 255	0	255	0	255	1	1	0	7385	7385	0	0	0	255	0	255	1	1	0	6285	6285	2	2	0	255	0	255	1	1	0	6174	6174	2	2	0	255	0	255	1	1	0	6175	6175	2	2	0	255	0	255	1	1	0	6281	6281	2	2	0	255	0	255	1	1	0	6280	6280	2	2	0	255	0	255	1	1	0	0	0	0	0	0	0	0	0	0	0	0	7
238	69	3073	0	0	610	611	0	0	0	0	4	4	10	65	10000000	1	32	0	0	0	0	0	0	0	0	0	0	0	0	0	0	0	0	0	0	0	0	0	0	0	0	0	0	0	0	0	0	0	0	0	0	0	0	0	0	0	0	0	0	0	0	0	0	0	0	0	0	0	0	0	0	0	0	0	0	0	0	0	0	0	30	65	85	85	0	3657	3657	13	 255	0	255	0	255	1	1	0	7385	7385	0	0	0	255	0	255	1	1	0	6285	6285	2	2	0	255	0	255	1	1	0	6174	6174	2	2	0	255	0	255	1	1	0	6175	6175	2	2	0	255	0	255	1	1	0	6281	6281	2	2	0	255	0	255	1	1	0	6280	6280	2	2	0	255	0	255	1	1	0	0	0	0	0	0	0	0	0	0	0	0	7
239	69	3073	0	0	610	611	0	0	0	0	4	4	10	65	10000000	1	32	0	0	0	0	0	0	0	0	0	0	0	0	0	0	0	0	0	0	0	0	0	0	0	0	0	0	0	0	0	0	0	0	0	0	0	0	0	0	0	0	0	0	0	0	0	0	0	0	0	0	0	0	0	0	0	0	0	0	0	0	0	0	0	30	65	85	85	0	4169	4169	13	 255	0	255	0	255	1	1	0	7385	7385	0	0	0	255	0	255	1	1	0	6285	6285	2	2	0	255	0	255	1	1	0	6174	6174	2	2	0	255	0	255	1	1	0	6175	6175	2	2	0	255	0	255	1	1	0	6281	6281	2	2	0	255	0	255	1	1	0	6280	6280	2	2	0	255	0	255	1	1	0	0	0	0	0	0	0	0	0	0	0	0	7
240	69	3073	0	0	610	611	0	0	0	0	4	4	10	65	10000000	1	32	0	0	0	0	0	0	0	0	0	0	0	0	0	0	0	0	0	0	0	0	0	0	0	0	0	0	0	0	0	0	0	0	0	0	0	0	0	0	0	0	0	0	0	0	0	0	0	0	0	0	0	0	0	0	0	0	0	0	0	0	0	0	0	30	65	85	85	0	4681	4681	13	 255	0	255	0	255	1	1	0	7385	7385	0	0	0	255	0	255	1	1	0	6285	6285	2	2	0	255	0	255	1	1	0	6174	6174	2	2	0	255	0	255	1	1	0	6175	6175	2	2	0	255	0	255	1	1	0	6281	6281	2	2	0	255	0	255	1	1	0	6280	6280	2	2	0	255	0	255	1	1	0	0	0	0	0	0	0	0	0	0	0	0	7
241	69	3073	0	0	610	611	0	0	0	0	4	4	10	65	10000000	1	32	0	0	0	0	0	0	0	0	0	0	0	0	0	0	0	0	0	0	0	0	0	0	0	0	0	0	0	0	0	0	0	0	0	0	0	0	0	0	0	0	0	0	0	0	0	0	0	0	0	0	0	0	0	0	0	0	0	0	0	0	0	0	0	30	65	85	85	0	5705	5705	13	 255	0	255	0	255	1	1	0	7385	7385	0	0	0	255	0	255	1	1	0	6285	6285	2	2	0	255	0	255	1	1	0	6174	6174	2	2	0	255	0	255	1	1	0	6175	6175	2	2	0	255	0	255	1	1	0	6281	6281	2	2	0	255	0	255	1	1	0	6280	6280	2	2	0	255	0	255	1	1	0	0	0	0	0	0	0	0	0	0	0	0	7

242	72	3222	0	0	610	611	0	0	0	0	4	4	10	65	10000000	1	32	0	0	0	0	0	0	0	0	0	0	0	0	0	0	0	0	0	0	0	0	0	0	0	0	0	0	0	0	0	0	0	0	0	0	0	0	0	0	0	0	0	0	0	0	0	0	0	0	0	0	0	0	0	0	0	0	0	0	0	0	0	0	0	30	65	85	85	0	22		22	    13	 255	4	255	0	255	1	1	0	7384	7384	0	0	0	255	0	255	1	1	0	6285	6285	2	2	0	255	0	255	1	1	0	6174	6174	2	2	0	255	0	255	1	1	0	6175	6175	2	2	0	255	0	255	1	1	0	6281	6281	2	2	0	255	0	255	1	1	0	6280	6280	2   2	0	255	0	255	1	1	0	0	0	0	0	0	0	0	0	0	0	0	7
243	72	3222	0	0	610	611	0	0	0	0	4	4	10	65	10000000	1	32	0	0	0	0	0	0	0	0	0	0	0	0	0	0	0	0	0	0	0	0	0	0	0	0	0	0	0	0	0	0	0	0	0	0	0	0	0	0	0	0	0	0	0	0	0	0	0	0	0	0	0	0	0	0	0	0	0	0	0	0	0	0	0	30	65	85	85	0	1038	1038	13	 255	4	255	0	255	1	1	0	7384	7384	0	0	0	255	0	255	1	1	0	6285	6285	2	2	0	255	0	255	1	1	0	6174	6174	2	2	0	255	0	255	1	1	0	6175	6175	2	2	0	255	0	255	1	1	0	6281	6281	2	2	0	255	0	255	1	1	0	6280	6280	2   2	0	255	0	255	1	1	0	0	0	0	0	0	0	0	0	0	0	0	7
244	72	3222	0	0	610	611	0	0	0	0	4	4	10	65	10000000	1	32	0	0	0	0	0	0	0	0	0	0	0	0	0	0	0	0	0	0	0	0	0	0	0	0	0	0	0	0	0	0	0	0	0	0	0	0	0	0	0	0	0	0	0	0	0	0	0	0	0	0	0	0	0	0	0	0	0	0	0	0	0	0	0	30	65	85	85	0	2069	2069	13	 255	4	255	0	255	1	1	0	7384	7384	0	0	0	255	0	255	1	1	0	6285	6285	2	2	0	255	0	255	1	1	0	6174	6174	2	2	0	255	0	255	1	1	0	6175	6175	2	2	0	255	0	255	1	1	0	6281	6281	2	2	0	255	0	255	1	1	0	6280	6280	2   2	0	255	0	255	1	1	0	0	0	0	0	0	0	0	0	0	0	0	7
245	72	3222	0	0	610	611	0	0	0	0	4	4	10	65	10000000	1	32	0	0	0	0	0	0	0	0	0	0	0	0	0	0	0	0	0	0	0	0	0	0	0	0	0	0	0	0	0	0	0	0	0	0	0	0	0	0	0	0	0	0	0	0	0	0	0	0	0	0	0	0	0	0	0	0	0	0	0	0	0	0	0	30	65	85	85	0	2572	2572	13	 255	4	255	0	255	1	1	0	7384	7384	0	0	0	255	0	255	1	1	0	6285	6285	2	2	0	255	0	255	1	1	0	6174	6174	2	2	0	255	0	255	1	1	0	6175	6175	2	2	0	255	0	255	1	1	0	6281	6281	2	2	0	255	0	255	1	1	0	6280	6280	2   2	0	255	0	255	1	1	0	0	0	0	0	0	0	0	0	0	0	0	7
246	72	3222	0	0	610	611	0	0	0	0	4	4	10	65	10000000	1	32	0	0	0	0	0	0	0	0	0	0	0	0	0	0	0	0	0	0	0	0	0	0	0	0	0	0	0	0	0	0	0	0	0	0	0	0	0	0	0	0	0	0	0	0	0	0	0	0	0	0	0	0	0	0	0	0	0	0	0	0	0	0	0	30	65	85	85	0	2579	2579	13	 255	4	255	0	255	1	1	0	7384	7384	0	0	0	255	0	255	1	1	0	6285	6285	2	2	0	255	0	255	1	1	0	6174	6174	2	2	0	255	0	255	1	1	0	6175	6175	2	2	0	255	0	255	1	1	0	6281	6281	2	2	0	255	0	255	1	1	0	6280	6280	2   2	0	255	0	255	1	1	0	0	0	0	0	0	0	0	0	0	0	0	7
247	72	3222	0	0	610	611	0	0	0	0	4	4	10	65	10000000	1	32	0	0	0	0	0	0	0	0	0	0	0	0	0	0	0	0	0	0	0	0	0	0	0	0	0	0	0	0	0	0	0	0	0	0	0	0	0	0	0	0	0	0	0	0	0	0	0	0	0	0	0	0	0	0	0	0	0	0	0	0	0	0	0	30	65	85	85	0	35		35	    13	 255	4	255	0	255	1	1	0	7384	7384	0	0	0	255	0	255	1	1	0	6285	6285	2	2	0	255	0	255	1	1	0	6174	6174	2	2	0	255	0	255	1	1	0	6175	6175	2	2	0	255	0	255	1	1	0	6281	6281	2	2	0	255	0	255	1	1	0	6280	6280	2   2	0	255	0	255	1	1	0	0	0	0	0	0	0	0	0	0	0	0	7
248	72	3222	0	0	610	611	0	0	0	0	4	4	10	65	10000000	1	32	0	0	0	0	0	0	0	0	0	0	0	0	0	0	0	0	0	0	0	0	0	0	0	0	0	0	0	0	0	0	0	0	0	0	0	0	0	0	0	0	0	0	0	0	0	0	0	0	0	0	0	0	0	0	0	0	0	0	0	0	0	0	0	30	65	85	85	0	23		23	    13	 255	4	255	0	255	1	1	0	7384	7384	0	0	0	255	0	255	1	1	0	6285	6285	2	2	0	255	0	255	1	1	0	6174	6174	2	2	0	255	0	255	1	1	0	6175	6175	2	2	0	255	0	255	1	1	0	6281	6281	2	2	0	255	0	255	1	1	0	6280	6280	2   2	0	255	0	255	1	1	0	0	0	0	0	0	0	0	0	0	0	0	7

249	73	3800	0	0	610	611	0	0	0	0	4	4	10	65	10000000	1	32	0	0	0	0	0	0	0	0	0	0	0	0	0	0	0	0	0	0	0	0	0	0	0	0	0	0	0	0	0	0	0	0	0	0	0	0	0	0	0	0	0	0	0	0	0	0	0	0	0	0	0	0	0	0	0	0	0	0	0	0	0	0	0	30	65	85	85	0	6147	6150	    11	 255	4	255	0	255	1	1	0	7344	7344	0	0	0	255	0	255	1	1	0	6285	6285	0	0	0	255	0	255	1	1	0	6174	6174	0	0	0	255	0	255	1	1	0	6175	6175	0	0	0	255	0	255	1	1	0	6281	6281	0	0	0	255	0	255	1	1	0	6280	6280	0	0	0	255	0	255	1	1	0	0	0	0	0	0	0	0	0	0	0	0	7
250	73	3800	0	0	610	611	0	0	0	0	4	4	10	65	10000000	1	32	0	0	0	0	0	0	0	0	0	0	0	0	0	0	0	0	0	0	0	0	0	0	0	0	0	0	0	0	0	0	0	0	0	0	0	0	0	0	0	0	0	0	0	0	0	0	0	0	0	0	0	0	0	0	0	0	0	0	0	0	0	0	0	30	65	85	85	0	6186	6186	    11	 255	4	255	0	255	1	1	0	7344	7344	0	0	0	255	0	255	1	1	0	6285	6285	0	0	0	255	0	255	1	1	0	6174	6174	0	0	0	255	0	255	1	1	0	6175	6175	0	0	0	255	0	255	1	1	0	6281	6281	0	0	0	255	0	255	1	1	0	6280	6280	0	0	0	255	0	255	1	1	0	0	0	0	0	0	0	0	0	0	0	0	7
251	73	3800	0	0	610	611	0	0	0	0	4	4	10	65	10000000	1	32	0	0	0	0	0	0	0	0	0	0	0	0	0	0	0	0	0	0	0	0	0	0	0	0	0	0	0	0	0	0	0	0	0	0	0	0	0	0	0	0	0	0	0	0	0	0	0	0	0	0	0	0	0	0	0	0	0	0	0	0	0	0	0	30	65	85	85	0	6193	6193	    11	 255	4	255	0	255	1	1	0	7344	7344	0	0	0	255	0	255	1	1	0	6285	6285	0	0	0	255	0	255	1	1	0	6174	6174	0	0	0	255	0	255	1	1	0	6175	6175	0	0	0	255	0	255	1	1	0	6281	6281	0	0	0	255	0	255	1	1	0	6280	6280	0	0	0	255	0	255	1	1	0	0	0	0	0	0	0	0	0	0	0	0	7
252	73	3800	0	0	610	611	0	0	0	0	4	4	10	65	10000000	1	32	0	0	0	0	0	0	0	0	0	0	0	0	0	0	0	0	0	0	0	0	0	0	0	0	0	0	0	0	0	0	0	0	0	0	0	0	0	0	0	0	0	0	0	0	0	0	0	0	0	0	0	0	0	0	0	0	0	0	0	0	0	0	0	30	65	85	85	0	6686	6686	    11	 255	4	255	0	255	1	1	0	7344	7344	0	0	0	255	0	255	1	1	0	6285	6285	0	0	0	255	0	255	1	1	0	6174	6174	0	0	0	255	0	255	1	1	0	6175	6175	0	0	0	255	0	255	1	1	0	6281	6281	0	0	0	255	0	255	1	1	0	6280	6280	0	0	0	255	0	255	1	1	0	0	0	0	0	0	0	0	0	0	0	0	7
253	74	3801	0	0	610	611	0	0	0	0	4	4	10	65	10000000	1	32	0	0	0	0	0	0	0	0	0	0	0	0	0	0	0	0	0	0	0	0	0	0	0	0	0	0	0	0	0	0	0	0	0	0	0	0	0	0	0	0	0	0	0	0	0	0	0	0	0	0	0	0	0	0	0	0	0	0	0	0	0	0	0	30	65	85	85	0	6147	6150	    11	 255	4	255	0	255	1	1	0	7345	7345	0	0	0	255	0	255	1	1	0	6285	6285	0	0	0	255	0	255	1	1	0	6174	6174	0	0	0	255	0	255	1	1	0	6175	6175	0	0	0	255	0	255	1	1	0	6281	6281	0	0	0	255	0	255	1	1	0	6280	6280	0	0	0	255	0	255	1	1	0	0	0	0	0	0	0	0	0	0	0	0	7
254	74	3801	0	0	610	611	0	0	0	0	4	4	10	65	10000000	1	32	0	0	0	0	0	0	0	0	0	0	0	0	0	0	0	0	0	0	0	0	0	0	0	0	0	0	0	0	0	0	0	0	0	0	0	0	0	0	0	0	0	0	0	0	0	0	0	0	0	0	0	0	0	0	0	0	0	0	0	0	0	0	0	30	65	85	85	0	6186	6186	    11	 255	4	255	0	255	1	1	0	7345	7345	0	0	0	255	0	255	1	1	0	6285	6285	0	0	0	255	0	255	1	1	0	6174	6174	0	0	0	255	0	255	1	1	0	6175	6175	0	0	0	255	0	255	1	1	0	6281	6281	0	0	0	255	0	255	1	1	0	6280	6280	0	0	0	255	0	255	1	1	0	0	0	0	0	0	0	0	0	0	0	0	7
255	74	3801	0	0	610	611	0	0	0	0	4	4	10	65	10000000	1	32	0	0	0	0	0	0	0	0	0	0	0	0	0	0	0	0	0	0	0	0	0	0	0	0	0	0	0	0	0	0	0	0	0	0	0	0	0	0	0	0	0	0	0	0	0	0	0	0	0	0	0	0	0	0	0	0	0	0	0	0	0	0	0	30	65	85	85	0	6193	6193	    11	 255	4	255	0	255	1	1	0	7345	7345	0	0	0	255	0	255	1	1	0	6285	6285	0	0	0	255	0	255	1	1	0	6174	6174	0	0	0	255	0	255	1	1	0	6175	6175	0	0	0	255	0	255	1	1	0	6281	6281	0	0	0	255	0	255	1	1	0	6280	6280	0	0	0	255	0	255	1	1	0	0	0	0	0	0	0	0	0	0	0	0	7
256	74	3801	0	0	610	611	0	0	0	0	4	4	10	65	10000000	1	32	0	0	0	0	0	0	0	0	0	0	0	0	0	0	0	0	0	0	0	0	0	0	0	0	0	0	0	0	0	0	0	0	0	0	0	0	0	0	0	0	0	0	0	0	0	0	0	0	0	0	0	0	0	0	0	0	0	0	0	0	0	0	0	30	65	85	85	0	6686	6686	    11	 255	4	255	0	255	1	1	0	7345	7345	0	0	0	255	0	255	1	1	0	6285	6285	0	0	0	255	0	255	1	1	0	6174	6174	0	0	0	255	0	255	1	1	0	6175	6175	0	0	0	255	0	255	1	1	0	6281	6281	0	0	0	255	0	255	1	1	0	6280	6280	0	0	0	255	0	255	1	1	0	0	0	0	0	0	0	0	0	0	0	0	7
257	75	3802	0	0	610	611	0	0	0	0	4	4	10	65	10000000	1	32	0	0	0	0	0	0	0	0	0	0	0	0	0	0	0	0	0	0	0	0	0	0	0	0	0	0	0	0	0	0	0	0	0	0	0	0	0	0	0	0	0	0	0	0	0	0	0	0	0	0	0	0	0	0	0	0	0	0	0	0	0	0	0	30	65	85	85	0	6147	6150	    11	 255	4	255	0	255	1	1	0	7346	7346	0	0	0	255	0	255	1	1	0	6285	6285	0	0	0	255	0	255	1	1	0	6174	6174	0	0	0	255	0	255	1	1	0	6175	6175	0	0	0	255	0	255	1	1	0	6281	6281	0	0	0	255	0	255	1	1	0	6280	6280	0	0	0	255	0	255	1	1	0	0	0	0	0	0	0	0	0	0	0	0	7
258	75	3802	0	0	610	611	0	0	0	0	4	4	10	65	10000000	1	32	0	0	0	0	0	0	0	0	0	0	0	0	0	0	0	0	0	0	0	0	0	0	0	0	0	0	0	0	0	0	0	0	0	0	0	0	0	0	0	0	0	0	0	0	0	0	0	0	0	0	0	0	0	0	0	0	0	0	0	0	0	0	0	30	65	85	85	0	6186	6186	    11	 255	4	255	0	255	1	1	0	7346	7346	0	0	0	255	0	255	1	1	0	6285	6285	0	0	0	255	0	255	1	1	0	6174	6174	0	0	0	255	0	255	1	1	0	6175	6175	0	0	0	255	0	255	1	1	0	6281	6281	0	0	0	255	0	255	1	1	0	6280	6280	0	0	0	255	0	255	1	1	0	0	0	0	0	0	0	0	0	0	0	0	7
259	75	3802	0	0	610	611	0	0	0	0	4	4	10	65	10000000	1	32	0	0	0	0	0	0	0	0	0	0	0	0	0	0	0	0	0	0	0	0	0	0	0	0	0	0	0	0	0	0	0	0	0	0	0	0	0	0	0	0	0	0	0	0	0	0	0	0	0	0	0	0	0	0	0	0	0	0	0	0	0	0	0	30	65	85	85	0	6193	6193	    11	 255	4	255	0	255	1	1	0	7346	7346	0	0	0	255	0	255	1	1	0	6285	6285	0	0	0	255	0	255	1	1	0	6174	6174	0	0	0	255	0	255	1	1	0	6175	6175	0	0	0	255	0	255	1	1	0	6281	6281	0	0	0	255	0	255	1	1	0	6280	6280	0	0	0	255	0	255	1	1	0	0	0	0	0	0	0	0	0	0	0	0	7
260	75	3802	0	0	610	611	0	0	0	0	4	4	10	65	10000000	1	32	0	0	0	0	0	0	0	0	0	0	0	0	0	0	0	0	0	0	0	0	0	0	0	0	0	0	0	0	0	0	0	0	0	0	0	0	0	0	0	0	0	0	0	0	0	0	0	0	0	0	0	0	0	0	0	0	0	0	0	0	0	0	0	30	65	85	85	0	6686	6686	    11	 255	4	255	0	255	1	1	0	7346	7346	0	0	0	255	0	255	1	1	0	6285	6285	0	0	0	255	0	255	1	1	0	6174	6174	0	0	0	255	0	255	1	1	0	6175	6175	0	0	0	255	0	255	1	1	0	6281	6281	0	0	0	255	0	255	1	1	0	6280	6280	0	0	0	255	0	255	1	1	0	0	0	0	0	0	0	0	0	0	0	0	7
261	76	3803	0	0	610	611	0	0	0	0	4	4	10	65	10000000	1	32	0	0	0	0	0	0	0	0	0	0	0	0	0	0	0	0	0	0	0	0	0	0	0	0	0	0	0	0	0	0	0	0	0	0	0	0	0	0	0	0	0	0	0	0	0	0	0	0	0	0	0	0	0	0	0	0	0	0	0	0	0	0	0	30	65	85	85	0	6147	6150	    11	 255	4	255	0	255	1	1	0	7347	7347	0	0	0	255	0	255	1	1	0	6285	6285	0	0	0	255	0	255	1	1	0	6174	6174	0	0	0	255	0	255	1	1	0	6175	6175	0	0	0	255	0	255	1	1	0	6281	6281	0	0	0	255	0	255	1	1	0	6280	6280	0	0	0	255	0	255	1	1	0	0	0	0	0	0	0	0	0	0	0	0	7
262	76	3803	0	0	610	611	0	0	0	0	4	4	10	65	10000000	1	32	0	0	0	0	0	0	0	0	0	0	0	0	0	0	0	0	0	0	0	0	0	0	0	0	0	0	0	0	0	0	0	0	0	0	0	0	0	0	0	0	0	0	0	0	0	0	0	0	0	0	0	0	0	0	0	0	0	0	0	0	0	0	0	30	65	85	85	0	6186	6186	    11	 255	4	255	0	255	1	1	0	7347	7347	0	0	0	255	0	255	1	1	0	6285	6285	0	0	0	255	0	255	1	1	0	6174	6174	0	0	0	255	0	255	1	1	0	6175	6175	0	0	0	255	0	255	1	1	0	6281	6281	0	0	0	255	0	255	1	1	0	6280	6280	0	0	0	255	0	255	1	1	0	0	0	0	0	0	0	0	0	0	0	0	7
263	76	3803	0	0	610	611	0	0	0	0	4	4	10	65	10000000	1	32	0	0	0	0	0	0	0	0	0	0	0	0	0	0	0	0	0	0	0	0	0	0	0	0	0	0	0	0	0	0	0	0	0	0	0	0	0	0	0	0	0	0	0	0	0	0	0	0	0	0	0	0	0	0	0	0	0	0	0	0	0	0	0	30	65	85	85	0	6193	6193	    11	 255	4	255	0	255	1	1	0	7347	7347	0	0	0	255	0	255	1	1	0	6285	6285	0	0	0	255	0	255	1	1	0	6174	6174	0	0	0	255	0	255	1	1	0	6175	6175	0	0	0	255	0	255	1	1	0	6281	6281	0	0	0	255	0	255	1	1	0	6280	6280	0	0	0	255	0	255	1	1	0	0	0	0	0	0	0	0	0	0	0	0	7
264	76	3803	0	0	610	611	0	0	0	0	4	4	10	65	10000000	1	32	0	0	0	0	0	0	0	0	0	0	0	0	0	0	0	0	0	0	0	0	0	0	0	0	0	0	0	0	0	0	0	0	0	0	0	0	0	0	0	0	0	0	0	0	0	0	0	0	0	0	0	0	0	0	0	0	0	0	0	0	0	0	0	30	65	85	85	0	6686	6686	    11	 255	4	255	0	255	1	1	0	7347	7347	0	0	0	255	0	255	1	1	0	6285	6285	0	0	0	255	0	255	1	1	0	6174	6174	0	0	0	255	0	255	1	1	0	6175	6175	0	0	0	255	0	255	1	1	0	6281	6281	0	0	0	255	0	255	1	1	0	6280	6280	0	0	0	255	0	255	1	1	0	0	0	0	0	0	0	0	0	0	0	0	7
265	77	3875	0	0	610	611	0	0	0	0	4	4	10	65	10000000	1	32	0	0	0	0	0	0	0	0	0	0	0	0	0	0	0	0	0	0	0	0	0	0	0	0	0	0	0	0	0	0	0	0	0	0	0	0	0	0	0	0	0	0	0	0	0	0	0	0	0	0	0	0	0	0	0	0	0	0	0	0	0	0	0	30	65	85	85	0	6180	6180	    11	 255	4	255	0	255	1	1	0	7386	7386	0	0	0	255	0	255	1	1	0	6285	6285	2	2	0	255	0	255	1	1	0	6174	6174	2	2	0	255	0	255	1	1	0	6175	6175	2	2	0	255	0	255	1	1	0	6281	6281	2	2	0	255	0	255	1	1	0	6280	6280	2	2	0	255	0	255	1	1	0	0	0	0	0	0	0	0	0	0	0	0	7
266	77	3876	0	0	610	611	0	0	0	0	4	4	10	65	10000000	1	32	0	0	0	0	0	0	0	0	0	0	0	0	0	0	0	0	0	0	0	0	0	0	0	0	0	0	0	0	0	0	0	0	0	0	0	0	0	0	0	0	0	0	0	0	0	0	0	0	0	0	0	0	0	0	0	0	0	0	0	0	0	0	0	30	65	85	85	0	6181	6181	    11	 255	4	255	0	255	1	1	0	7386	7386	0	0	0	255	0	255	1	1	0	6285	6285	2	2	0	255	0	255	1	1	0	6174	6174	2	2	0	255	0	255	1	1	0	6175	6175	2	2	0	255	0	255	1	1	0	6281	6281	2	2	0	255	0	255	1	1	0	6280	6280	2	2	0	255	0	255	1	1	0	0	0	0	0	0	0	0	0	0	0	0	7
267	77	3877	0	0	610	611	0	0	0	0	4	4	10	65	10000000	1	32	0	0	0	0	0	0	0	0	0	0	0	0	0	0	0	0	0	0	0	0	0	0	0	0	0	0	0	0	0	0	0	0	0	0	0	0	0	0	0	0	0	0	0	0	0	0	0	0	0	0	0	0	0	0	0	0	0	0	0	0	0	0	0	30	65	85	85	0	6182	6182	    11	 255	4	255	0	255	1	1	0	7386	7386	0	0	0	255	0	255	1	1	0	6285	6285	2	2	0	255	0	255	1	1	0	6174	6174	2	2	0	255	0	255	1	1	0	6175	6175	2	2	0	255	0	255	1	1	0	6281	6281	2	2	0	255	0	255	1	1	0	6280	6280	2	2	0	255	0	255	1	1	0	0	0	0	0	0	0	0	0	0	0	0	7
268	77	3878	0	0	610	611	0	0	0	0	4	4	10	65	10000000	1	32	0	0	0	0	0	0	0	0	0	0	0	0	0	0	0	0	0	0	0	0	0	0	0	0	0	0	0	0	0	0	0	0	0	0	0	0	0	0	0	0	0	0	0	0	0	0	0	0	0	0	0	0	0	0	0	0	0	0	0	0	0	0	0	30	65	85	85	0	6183	6183	    11	 255	4	255	0	255	1	1	0	7386	7386	0	0	0	255	0	255	1	1	0	6285	6285	2	2	0	255	0	255	1	1	0	6174	6174	2	2	0	255	0	255	1	1	0	6175	6175	2	2	0	255	0	255	1	1	0	6281	6281	2	2	0	255	0	255	1	1	0	6280	6280	2	2	0	255	0	255	1	1	0	0	0	0	0	0	0	0	0	0	0	0	7
269	77	3879	0	0	610	611	0	0	0	0	4	4	10	65	10000000	1	32	0	0	0	0	0	0	0	0	0	0	0	0	0	0	0	0	0	0	0	0	0	0	0	0	0	0	0	0	0	0	0	0	0	0	0	0	0	0	0	0	0	0	0	0	0	0	0	0	0	0	0	0	0	0	0	0	0	0	0	0	0	0	0	30	65	85	85	0	6184	6184	    11	 255	4	255	0	255	1	1	0	7386	7386	0	0	0	255	0	255	1	1	0	6285	6285	2	2	0	255	0	255	1	1	0	6174	6174	2	2	0	255	0	255	1	1	0	6175	6175	2	2	0	255	0	255	1	1	0	6281	6281	2	2	0	255	0	255	1	1	0	6280	6280	2	2	0	255	0	255	1	1	0	0	0	0	0	0	0	0	0	0	0	0	7
270	77	3880	0	0	610	611	0	0	0	0	4	4	10	65	10000000	1	32	0	0	0	0	0	0	0	0	0	0	0	0	0	0	0	0	0	0	0	0	0	0	0	0	0	0	0	0	0	0	0	0	0	0	0	0	0	0	0	0	0	0	0	0	0	0	0	0	0	0	0	0	0	0	0	0	0	0	0	0	0	0	0	30	65	85	85	0	6187	6187	    11	 255	4	255	0	255	1	1	0	7386	7386	0	0	0	255	0	255	1	1	0	6285	6285	2	2	0	255	0	255	1	1	0	6174	6174	2	2	0	255	0	255	1	1	0	6175	6175	2	2	0	255	0	255	1	1	0	6281	6281	2	2	0	255	0	255	1	1	0	6280	6280	2	2	0	255	0	255	1	1	0	0	0	0	0	0	0	0	0	0	0	0	7
271	77	3881	0	0	610	611	0	0	0	0	4	4	10	65	10000000	1	32	0	0	0	0	0	0	0	0	0	0	0	0	0	0	0	0	0	0	0	0	0	0	0	0	0	0	0	0	0	0	0	0	0	0	0	0	0	0	0	0	0	0	0	0	0	0	0	0	0	0	0	0	0	0	0	0	0	0	0	0	0	0	0	30	65	85	85	0	6194	6194	    11	 255	4	255	0	255	1	1	0	7386	7386	0	0	0	255	0	255	1	1	0	6285	6285	2	2	0	255	0	255	1	1	0	6174	6174	2	2	0	255	0	255	1	1	0	6175	6175	2	2	0	255	0	255	1	1	0	6281	6281	2	2	0	255	0	255	1	1	0	6280	6280	2	2	0	255	0	255	1	1	0	0	0	0	0	0	0	0	0	0	0	0	7
272	78	3805	0	0	610	611	0	0	0	0	4	4	10	65	10000000	1	32	0	0	0	0	0	0	0	0	0	0	0	0	0	0	0	0	0	0	0	0	0	0	0	0	0	0	0	0	0	0	0	0	0	0	0	0	0	0	0	0	0	0	0	0	0	0	0	0	0	0	0	0	0	0	0	0	0	0	0	0	0	0	0	30	65	85	85	0	6300	6306	    11	 255	4	255	0	255	1	1	0	7386	7386	0	0	0	255	0	255	1	1	0	6285	6285	2	2	0	255	0	255	1	1	0	6174	6174	2	2	0	255	0	255	1	1	0	6175	6175	2	2	0	255	0	255	1	1	0	6281	6281	2	2	0	255	0	255	1	1	0	6280	6280	2	2	0	255	0	255	1	1	0	0	0	0	0	0	0	0	0	0	0	0	7
273	201	1859	0	0	610	611	0	0	0	0	4	4	10	65	10000000	1	32	0	0	0	0	0	0	0	0	0	0	0	0	0	0	0	0	0	0	0	0	0	0	0	0	0	0	0	0	0	0	0	0	0	0	0	0	0	0	0	0	0	0	0	0	0	0	0	0	0	0	0	0	0	0	0	0	0	0	0	0	0	0	0	30	65	85	5	0	6693	6693	0	255	0	255	0	255	3	3	0	0	0	0	0	0	0	0	0	0	0	0	0	0	0	0	0	0	0	0	0	0	0	0	0	0	0	0	0	0	0	0	0	0	0	0	0	0	0	0	0	0	0	0	0	0	0	0	0	0	0	0	0	0	0	0	0	0	0	0	0	0	0	0	0	0	0	0	0	0	0	0	0	0	0	0	0	0	1

end
1
0	1	736	0	0	588	589	590	588	589	590	5	4	10	66	10000	3	33	0	4	0	0	1184645120	0	0	0	0	0	0	0	0	0	0	0	0	0	0	0	0	0	0	0	0	0	0	0	0	0	0	0	0	0	0	0	0	0	0	0	0	0	0	0	0	0	0	0	0	0	0	0	0	0	0	0	0	0	0	0	0	0	0	80	66	85	85	0	0	6143	4	255	4	255	0	255	1	255	0	6159	6159	0	255	0	255	0	255	1	255	0	7182	7182	0	255	0	255	0	255	0	255	0	7181	7181	0	255	0	255	0	255	0	255	0	0	0	0	0	0	0	0	0	0	0	0	0	0	0	0	0	0	0	0	0	0	0	0	0	0	0	0	0	0	0	0	0	0	0	0	0	0	0	0	0	0	0	0	0	4
end
2
0	36	2194	1412	0	0	0	0	0	0	0	-1	-1	10	65	10000000	14	0	1112014848	1	0	7	0	5	0	5	0	38	0	2	0	0	1082130432	6	0	4	0	0	1077936128	6	0	3	0	0	1092616192	0	0	0	0	0	0	0	0	0	0	0	0	0	0	0	0	0	0	0	0	0	0	0	0	0	0	0	0	0	0	0	0	0	0	0	0	70	67	85	85	0	0	6143	4	255	4	255	0	255	1	1	2	7199	7199	0	255	0	255	0	255	1	1	0	7210	7210	0	255	0	255	0	255	1	1	0	0	0	0	0	0	0	0	0	0	0	0	0	0	0	0	0	0	0	0	0	0	0	0	0	0	0	0	0	0	0	0	0	0	0	0	0	0	0	0	0	0	0	0	0	0	0	0	0	0	0	0	0	0	0	0	3
end
3
0	18	1640	0	0	0	0	0	0	0	0	4	5	10	65	1000000000	1	32	0	0	0	0	0	0	0	0	0	0	0	0	0	0	0	0	0	0	0	0	0	0	0	0	0	0	0	0	0	0	0	0	0	0	0	0	0	0	0	0	0	0	0	0	0	0	0	0	0	0	0	0	0	0	0	0	0	0	0	0	0	0	0	100	65	85	85	0	7199	7199	0	255	0	255	0	255	30	30	0	6174	6174	2	2	0	255	0	255	1	1	0	6175	6175	2	2	0	255	0	255	1	1	0	0	0	0	0	0	0	0	0	0	0	0	0	0	0	0	0	0	0	0	0	0	0	0	0	0	0	0	0	0	0	0	0	0	0	0	0	0	0	0	0	0	0	0	0	0	0	0	0	0	0	0	0	0	0	0	3
end
4
0	14	1214	1212	0	0	0	0	0	0	0	1	1	1	65	1000000	1	32	0	0	0	0	0	0	0	0	0	0	0	0	0	0	1114624	16781312	0	0	0	0	0	0	0	0	0	0	0	0	0	0	0	0	0	0	0	0	0	0	0	0	0	0	0	0	0	0	0	0	0	0	0	0	0	0	0	0	0	0	0	0	0	0	0	60	65	65	85	0	6687	6687	1	1	0	255	0	255	1	1	0	7181	7181	0	255	0	255	0	255	2	2	0	7182	7182	0	255	0	255	0	255	2	2	0	7190	7190	0	255	0	255	0	255	1	1	0	6159	6159	0	255	0	255	0	255	1	1	0	0	0	0	0	0	0	0	0	0	0	0	0	0	0	0	0	0	0	0	0	0	0	0	0	0	0	0	0	0	0	0	0	0	5
1	13	1187	1212	0	0	0	0	0	0	0	1	1	1	65	5000000	1	32	0	0	0	0	0	0	0	0	0	0	0	0	0	0	0	0	0	0	0	0	0	0	0	0	0	0	0	0	0	0	0	0	0	0	0	0	0	0	0	0	0	0	0	0	0	0	0	0	0	0	0	0	0	0	0	0	0	0	0	0	0	0	0	60	65	65	85	0	6687	6687	0	0	0	255	0	255	1	1	0	7181	7181	0	255	0	255	0	255	5	5	0	7182	7182	0	255	0	255	0	255	5	5	0	7190	7190	0	255	0	255	0	255	1	1	0	6159	6159	0	255	0	255	0	255	1	1	0	0	0	0	0	0	0	0	0	0	0	0	0	0	0	0	0	0	0	0	0	0	0	0	0	0	0	0	0	0	0	0	0	0	5
end
5
0	34	2061	0	0	0	0	0	2222	0	0	1	1	1	65	0	1	32	0	0	0	0	0	0	0	0	0	0	0	0	0	0	0	0	0	0	0	0	0	0	0	0	0	0	0	0	0	0	0	0	0	0	0	0	0	0	0	0	0	0	0	0	0	0	0	0	0	0	0	0	0	0	0	0	0	0	0	0	0	0	0	50	71	85	85	0	0	6143	0	255	0	255	0	255	1	1	1	0	0	0	0	0	0	0	0	0	0	0	0	0	0	0	0	0	0	0	0	0	0	0	0	0	0	0	0	0	0	0	0	0	0	0	0	0	0	0	0	0	0	0	0	0	0	0	0	0	0	0	0	0	0	0	0	0	0	0	0	0	0	0	0	0	0	0	0	0	0	0	0	0	0	0	0	0	1
1	34	2061	0	0	0	0	0	2222	0	0	1	1	1	65	0	1	32	0	0	0	0	0	0	0	0	0	0	0	0	0	0	0	0	0	0	0	0	0	0	0	0	0	0	0	0	0	0	0	0	0	0	0	0	0	0	0	0	0	0	0	0	0	0	0	0	0	0	0	0	0	0	0	0	0	0	0	0	0	0	0	20	71	85	85	0	0	6143	0	255	0	255	0	255	1	1	0	0	0	0	0	0	0	0	0	0	0	0	0	0	0	0	0	0	0	0	0	0	0	0	0	0	0	0	0	0	0	0	0	0	0	0	0	0	0	0	0	0	0	0	0	0	0	0	0	0	0	0	0	0	0	0	0	0	0	0	0	0	0	0	0	0	0	0	0	0	0	0	0	0	0	0	0	0	1
end
6
0	35	1550	2336	2062	0	0	0	0	0	0	-1	-1	1	68	0	1	32	0	0	0	0	0	0	0	0	0	0	0	0	0	0	0	0	0	0	0	0	0	0	0	0	0	0	0	0	0	0	0	0	0	0	0	0	0	0	0	0	0	0	0	0	0	0	0	0	0	0	0	0	0	0	0	0	0	0	0	0	0	0	0	100	65	85	85	0	0	6143	0	255	0	255	0	255	1	1	8	0	0	0	0	0	0	0	0	0	0	0	0	0	0	0	0	0	0	0	0	0	0	0	0	0	0	0	0	0	0	0	0	0	0	0	0	0	0	0	0	0	0	0	0	0	0	0	0	0	0	0	0	0	0	0	0	0	0	0	0	0	0	0	0	0	0	0	0	0	0	0	0	0	0	0	0	0	1
end
7
0	33	2203	0	0	0	0	0	0	0	0	1	1	1	65	0	1	32	0	0	0	0	0	0	0	0	0	0	0	0	0	0	0	0	0	0	0	0	0	0	0	0	0	0	0	0	0	0	0	0	0	0	0	0	0	0	0	0	0	0	0	0	0	0	0	0	0	0	0	0	0	0	0	0	0	0	0	0	0	0	0	80	65	85	85	0	7209	7209	0	255	0	255	0	255	1	1	0	0	0	0	0	0	0	0	0	0	0	0	0	0	0	0	0	0	0	0	0	0	0	0	0	0	0	0	0	0	0	0	0	0	0	0	0	0	0	0	0	0	0	0	0	0	0	0	0	0	0	0	0	0	0	0	0	0	0	0	0	0	0	0	0	0	0	0	0	0	0	0	0	0	0	0	0	0	1
end
8
0	40	2265	0	0	2261	2263	2267	0	0	0	2	4	1	65	0	1	32	0	0	0	0	0	0	0	0	0	0	0	0	0	0	0	0	0	0	0	0	0	0	0	0	0	0	0	0	0	0	0	0	0	0	0	0	0	0	0	0	0	0	2032128	16781312	0	0	0	0	0	0	0	0	0	0	0	0	0	0	0	0	0	0	0	100	65	85	85	0	7263	7263	0	255	0	255	0	255	1	1	0	0	0	0	0	0	0	0	0	0	0	0	0	0	0	0	0	0	0	0	0	0	0	0	0	0	0	0	0	0	0	0	0	0	0	0	0	0	0	0	0	0	0	0	0	0	0	0	0	0	0	0	0	0	0	0	0	0	0	0	0	0	0	0	0	0	0	0	0	0	0	0	0	0	0	0	0	0	1
1	40	2265	0	0	2261	2263	2267	0	0	0	2	4	1	65	0	1	32	0	0	0	0	0	0	0	0	0	0	0	0	0	0	0	0	0	0	0	0	0	0	0	0	0	0	0	0	0	0	0	0	0	0	0	0	0	0	0	0	0	0	0	0	0	0	0	0	0	0	0	0	0	0	0	0	0	0	0	0	0	0	0	100	65	85	85	0	7222	7222	0	255	0	255	0	255	1	1	0	0	0	0	0	0	0	0	0	0	0	0	0	0	0	0	0	0	0	0	0	0	0	0	0	0	0	0	0	0	0	0	0	0	0	0	0	0	0	0	0	0	0	0	0	0	0	0	0	0	0	0	0	0	0	0	0	0	0	0	0	0	0	0	0	0	0	0	0	0	0	0	0	0	0	0	0	0	1
2	40	2265	0	0	2261	2263	2267	0	0	0	2	4	1	65	0	1	32	0	0	0	0	0	0	0	0	0	0	0	0	0	0	0	0	0	0	0	0	0	0	0	0	0	0	0	0	0	0	0	0	0	0	0	0	0	0	0	0	0	0	0	0	0	0	0	0	0	0	0	0	0	0	0	0	0	0	0	0	0	0	0	100	65	85	85	0	7260	7260	0	255	0	255	0	255	1	1	0	0	0	0	0	0	0	0	0	0	0	0	0	0	0	0	0	0	0	0	0	0	0	0	0	0	0	0	0	0	0	0	0	0	0	0	0	0	0	0	0	0	0	0	0	0	0	0	0	0	0	0	0	0	0	0	0	0	0	0	0	0	0	0	0	0	0	0	0	0	0	0	0	0	0	0	0	0	1
3	40	2265	0	0	2261	2263	2267	0	0	0	2	4	1	65	0	1	32	0	0	0	0	0	0	0	0	0	0	0	0	0	0	0	0	0	0	0	0	0	0	0	0	0	0	0	0	0	0	0	0	0	0	0	0	0	0	0	0	0	0	0	0	0	0	0	0	0	0	0	0	0	0	0	0	0	0	0	0	0	0	0	100	65	85	85	0	7261	7261	0	255	0	255	0	255	1	1	0	0	0	0	0	0	0	0	0	0	0	0	0	0	0	0	0	0	0	0	0	0	0	0	0	0	0	0	0	0	0	0	0	0	0	0	0	0	0	0	0	0	0	0	0	0	0	0	0	0	0	0	0	0	0	0	0	0	0	0	0	0	0	0	0	0	0	0	0	0	0	0	0	0	0	0	0	0	1
end
9
0	41	2560	0	0	0	0	0	0	0	0	2	4	1	65	0	1	32	0	0	0	0	0	0	0	0	0	0	0	0	0	0	0	0	0	0	0	0	0	0	0	0	0	0	0	0	0	0	0	0	0	0	0	0	0	0	0	0	0	0	0	0	0	0	0	0	0	0	0	0	0	0	0	0	0	0	0	0	0	0	0	100	65	85	85	0	7258	7258	0	255	0	255	0	255	255	255	0	0	0	0	0	0	0	0	0	0	0	0	0	0	0	0	0	0	0	0	0	0	0	0	0	0	0	0	0	0	0	0	0	0	0	0	0	0	0	0	0	0	0	0	0	0	0	0	0	0	0	0	0	0	0	0	0	0	0	0	0	0	0	0	0	0	0	0	0	0	0	0	0	0	0	0	0	0	1
end
10
0	42	2664	0	0	0	0	0	0	0	0	1	1	10	65	1000000	9	0	1117782016	1	0	5	0	35	0	1	0	37	0	6	0	4	0	0	1212370944	0	0	0	0	0	0	0	0	0	0	0	0	0	0	0	0	0	0	0	0	0	0	0	0	0	0	0	0	0	0	0	0	0	0	0	0	0	0	0	0	0	0	0	0	0	0	90	65	85	85	0	0	6143	4	255	0	255	0	255	1	1	1	0	6143	4	255	0	255	0	255	1	1	4	7210	7210	0	255	0	255	0	255	1	1	0	6159	6159	0	255	0	255	0	255	1	1	0	7190	7190	0	255	0	255	0	255	1	1	0	0	0	0	0	0	0	0	0	0	0	0	0	0	0	0	0	0	0	0	0	0	0	0	0	0	0	0	0	0	0	0	0	0	5
end
11
0	43	2665	0	0	0	0	0	0	0	0	1	1	10	65	1000000	5	0	1117782016	1	0	39	0	4	0	0	1212370944	0	0	0	0	0	0	0	0	0	0	0	0	0	0	0	0	0	0	0	0	0	0	0	0	0	0	0	0	0	0	0	0	0	0	0	0	0	0	0	0	0	0	0	0	0	0	0	0	0	0	0	0	0	0	90	65	85	85	0	6204	6209	0	255	0	255	0	255	1	1	0	6214	6218	0	255	0	255	0	255	1	1	0	6159	6159	0	255	0	255	0	255	1	1	0	7190	7190	0	255	0	255	0	255	1	1	0	0	0	0	0	0	0	0	0	0	0	0	0	0	0	0	0	0	0	0	0	0	0	0	0	0	0	0	0	0	0	0	0	0	0	0	0	0	0	0	0	0	0	0	0	4
end
12
0	44	2669	0	0	0	0	0	0	0	0	-1	-1	10	65	1000000	1	32	0	0	0	0	0	0	0	0	0	0	0	0	0	0	0	0	0	0	0	0	0	0	0	0	0	0	0	0	0	0	0	0	0	0	0	0	0	0	0	0	0	0	0	0	0	0	0	0	0	0	0	0	0	0	0	0	0	0	0	0	0	0	0	100	72	85	85	0	0	3071	0	255	0	255	0	255	1	1	16	6244	6272	0	255	0	255	0	255	1	1	0	6159	6159	0	255	0	255	0	255	1	1	0	7190	7190	0	255	0	255	0	255	1	1	0	0	0	0	0	0	0	0	0	0	0	0	0	0	0	0	0	0	0	0	0	0	0	0	0	0	0	0	0	0	0	0	0	0	0	0	0	0	0	0	0	0	0	0	0	4
1	44	2669	0	0	0	0	0	0	0	0	-1	-1	10	65	1000000	1	32	0	0	0	0	0	0	0	0	0	0	0	0	0	0	0	0	0	0	0	0	0	0	0	0	0	0	0	0	0	0	0	0	0	0	0	0	0	0	0	0	0	0	0	0	0	0	0	0	0	0	0	0	0	0	0	0	0	0	0	0	0	0	0	100	73	85	85	0	3072	6143	0	255	0	255	0	255	1	1	16	6245	6273	0	255	0	255	0	255	1	1	0	6159	6159	0	255	0	255	0	255	1	1	0	7190	7190	0	255	0	255	0	255	1	1	0	0	0	0	0	0	0	0	0	0	0	0	0	0	0	0	0	0	0	0	0	0	0	0	0	0	0	0	0	0	0	0	0	0	0	0	0	0	0	0	0	0	0	0	0	4
end
13
0	45	2670	0	0	0	0	0	0	0	0	-1	-1	10	65	1000000	1	32	0	0	0	0	0	0	0	0	0	0	0	0	0	0	0	0	0	0	0	0	0	0	0	0	0	0	0	0	0	0	0	0	0	0	0	0	0	0	0	0	0	0	0	0	0	0	0	0	0	0	0	0	0	0	0	0	0	0	0	0	0	0	0	100	65	85	85	0	0	6143	0	255	0	255	0	255	1	1	16	0	0	0	0	0	0	0	0	0	0	0	0	0	0	0	0	0	0	0	0	0	0	0	0	0	0	0	0	0	0	0	0	0	0	0	0	0	0	0	0	0	0	0	0	0	0	0	0	0	0	0	0	0	0	0	0	0	0	0	0	0	0	0	0	0	0	0	0	0	0	0	0	0	0	0	0	0	1
end
