//=======================================================
//FACEBOOK: https://www.facebook.com/mukynguyen/
//Zalo + SĐT : 0968092399
//Hỗ Trợ Config Sever Muonline MU KỶ NGUYÊN
//=======================================================
//-- TEXT_BLUE		    =	1
//-- TEXT_RED		    =	2
//-- TEXT_GOLD		    =	3
//-- TEXT_GREN		    =	4
//-- TEXT_WHITE_RED	    =	5
//-- TEXT_PINK		    =	6
//-- TEXT_WHITE_BLUE	=	7
//-- TEXT_WHITE_YELLOW	=	8
//-- TEXT_GREN_BLUE	    =	9
//-- TEXT_GRAY		    =	10
//-- TEXT_PINK2		    =	11
//-- TEXT_PURPLE	    =	12
//-- TEXT_ORANGE	    =	13
//-- TEXT_WHITE		    =	14
//-- DeepPink1		    =	15 (255 20 147)
//-- RoyalBlue1		    =	16 (72 118 255)
//-- SlateBlue1		    =	17 (131 111 255)
//-- Azure2		        =	18 (224 238 238)
//-- DarkSlateGray1	    =	19 (151 255 255)
//-- SlateGray1		    =	20 (198 226 255)
//-- MistyRose1		    =	21 (255 228 225)
//-- LightSlateBlue	    =	22 (132 112 255)
//-- DeepSkyBlue1	    =	23 (0 191 255)
//-- Turquoise1		    =	24 (0 245 255)
//=======================================================
//Section	ID			     Name				      Color	 Index1	 Color1 Index2	Color2	Index3	Color3	Index4	Color4	Index5	Color5	Index6	Color6	Index7	Color7	Index8	Color8	Index9	Color9	Index10	Color10	Index11	Color11	Index12	Color12	Index13	Color13	Index14	Color14	Index15	Color15
//Bộ Cấp 1 - 4
7			0			"Thuộc Tính Cường Hóa"		    7		1		11		2		11		3		11		4		11		15		5		-1		-1		-1		-1		-1		-1		-1		-1		-1		-1		-1		-1		-1		-1		-1		-1		-1		-1		-1		-1
7			1			"Thuộc Tính Cường Hóa"		    7		1		11		2		11		3		11		4		11		15		5		-1		-1		-1		-1		-1		-1		-1		-1		-1		-1		-1		-1		-1		-1		-1		-1		-1		-1		-1		-1
7			2			"Thuộc Tính Cường Hóa"		    7		1		11		2		11		3		11		4		11		15		5		-1		-1		-1		-1		-1		-1		-1		-1		-1		-1		-1		-1		-1		-1		-1		-1		-1		-1		-1		-1
7			3			"Thuộc Tính Cường Hóa"		    7		1		11		2		11		3		11		4		11		15		5		-1		-1		-1		-1		-1		-1		-1		-1		-1		-1		-1		-1		-1		-1		-1		-1		-1		-1		-1		-1
7			4			"Thuộc Tính Cường Hóa"		    7		1		11		2		11		3		11		4		11		15		5		-1		-1		-1		-1		-1		-1		-1		-1		-1		-1		-1		-1		-1		-1		-1		-1		-1		-1		-1		-1
7			5			"Thuộc Tính Cường Hóa"		    7		1		11		2		11		3		11		4		11		15		5		-1		-1		-1		-1		-1		-1		-1		-1		-1		-1		-1		-1		-1		-1		-1		-1		-1		-1		-1		-1
7			6			"Thuộc Tính Cường Hóa"		    7		1		11		2		11		3		11		4		11		15		5		-1		-1		-1		-1		-1		-1		-1		-1		-1		-1		-1		-1		-1		-1		-1		-1		-1		-1		-1		-1
7			7			"Thuộc Tính Cường Hóa"		    7		1		11		2		11		3		11		4		11		15		5		-1		-1		-1		-1		-1		-1		-1		-1		-1		-1		-1		-1		-1		-1		-1		-1		-1		-1		-1		-1
7			8			"Thuộc Tính Cường Hóa"		    7		1		11		2		11		3		11		4		11		15		5		-1		-1		-1		-1		-1		-1		-1		-1		-1		-1		-1		-1		-1		-1		-1		-1		-1		-1		-1		-1
7			9			"Thuộc Tính Cường Hóa"		    7		1		11		2		11		3		11		4		11		15		5		-1		-1		-1		-1		-1		-1		-1		-1		-1		-1		-1		-1		-1		-1		-1		-1		-1		-1		-1		-1
7			10			"Thuộc Tính Cường Hóa"		    7		1		11		2		11		3		11		4		11		15		5		-1		-1		-1		-1		-1		-1		-1		-1		-1		-1		-1		-1		-1		-1		-1		-1		-1		-1		-1		-1
7			11			"Thuộc Tính Cường Hóa"		    7		1		11		2		11		3		11		4		11		15		5		-1		-1		-1		-1		-1		-1		-1		-1		-1		-1		-1		-1		-1		-1		-1		-1		-1		-1		-1		-1
7			12			"Thuộc Tính Cường Hóa"		    7		1		11		2		11		3		11		4		11		15		5		-1		-1		-1		-1		-1		-1		-1		-1		-1		-1		-1		-1		-1		-1		-1		-1		-1		-1		-1		-1
7			13			"Thuộc Tính Cường Hóa"		    7		1		11		2		11		3		11		4		11		15		5		-1		-1		-1		-1		-1		-1		-1		-1		-1		-1		-1		-1		-1		-1		-1		-1		-1		-1		-1		-1
7			14			"Thuộc Tính Cường Hóa"		    7		1		11		2		11		3		11		4		11		15		5		-1		-1		-1		-1		-1		-1		-1		-1		-1		-1		-1		-1		-1		-1		-1		-1		-1		-1		-1		-1
7			25			"Thuộc Tính Cường Hóa"		    7		1		11		2		11		3		11		4		11		15		5		-1		-1		-1		-1		-1		-1		-1		-1		-1		-1		-1		-1		-1		-1		-1		-1		-1		-1		-1		-1
7			26			"Thuộc Tính Cường Hóa"		    7		1		11		2		11		3		11		4		11		15		5		-1		-1		-1		-1		-1		-1		-1		-1		-1		-1		-1		-1		-1		-1		-1		-1		-1		-1		-1		-1
7			39			"Thuộc Tính Cường Hóa"		    7		1		11		2		11		3		11		4		11		15		5		-1		-1		-1		-1		-1		-1		-1		-1		-1		-1		-1		-1		-1		-1		-1		-1		-1		-1		-1		-1

8			0			"Thuộc Tính Cường Hóa"		    7		1		11		2		11		3		11		4		11		15		5		-1		-1		-1		-1		-1		-1		-1		-1		-1		-1		-1		-1		-1		-1		-1		-1		-1		-1		-1		-1
8			1			"Thuộc Tính Cường Hóa"		    7		1		11		2		11		3		11		4		11		15		5		-1		-1		-1		-1		-1		-1		-1		-1		-1		-1		-1		-1		-1		-1		-1		-1		-1		-1		-1		-1
8			2			"Thuộc Tính Cường Hóa"		    7		1		11		2		11		3		11		4		11		15		5		-1		-1		-1		-1		-1		-1		-1		-1		-1		-1		-1		-1		-1		-1		-1		-1		-1		-1		-1		-1
8			3			"Thuộc Tính Cường Hóa"		    7		1		11		2		11		3		11		4		11		15		5		-1		-1		-1		-1		-1		-1		-1		-1		-1		-1		-1		-1		-1		-1		-1		-1		-1		-1		-1		-1
8			4			"Thuộc Tính Cường Hóa"		    7		1		11		2		11		3		11		4		11		15		5		-1		-1		-1		-1		-1		-1		-1		-1		-1		-1		-1		-1		-1		-1		-1		-1		-1		-1		-1		-1
8			5			"Thuộc Tính Cường Hóa"		    7		1		11		2		11		3		11		4		11		15		5		-1		-1		-1		-1		-1		-1		-1		-1		-1		-1		-1		-1		-1		-1		-1		-1		-1		-1		-1		-1
8			6			"Thuộc Tính Cường Hóa"		    7		1		11		2		11		3		11		4		11		15		5		-1		-1		-1		-1		-1		-1		-1		-1		-1		-1		-1		-1		-1		-1		-1		-1		-1		-1		-1		-1
8			7			"Thuộc Tính Cường Hóa"		    7		1		11		2		11		3		11		4		11		15		5		-1		-1		-1		-1		-1		-1		-1		-1		-1		-1		-1		-1		-1		-1		-1		-1		-1		-1		-1		-1
8			8			"Thuộc Tính Cường Hóa"		    7		1		11		2		11		3		11		4		11		15		5		-1		-1		-1		-1		-1		-1		-1		-1		-1		-1		-1		-1		-1		-1		-1		-1		-1		-1		-1		-1
8			9			"Thuộc Tính Cường Hóa"		    7		1		11		2		11		3		11		4		11		15		5		-1		-1		-1		-1		-1		-1		-1		-1		-1		-1		-1		-1		-1		-1		-1		-1		-1		-1		-1		-1
8			10			"Thuộc Tính Cường Hóa"		    7		1		11		2		11		3		11		4		11		15		5		-1		-1		-1		-1		-1		-1		-1		-1		-1		-1		-1		-1		-1		-1		-1		-1		-1		-1		-1		-1
8			11			"Thuộc Tính Cường Hóa"		    7		1		11		2		11		3		11		4		11		15		5		-1		-1		-1		-1		-1		-1		-1		-1		-1		-1		-1		-1		-1		-1		-1		-1		-1		-1		-1		-1
8			12			"Thuộc Tính Cường Hóa"		    7		1		11		2		11		3		11		4		11		15		5		-1		-1		-1		-1		-1		-1		-1		-1		-1		-1		-1		-1		-1		-1		-1		-1		-1		-1		-1		-1
8			13			"Thuộc Tính Cường Hóa"		    7		1		11		2		11		3		11		4		11		15		5		-1		-1		-1		-1		-1		-1		-1		-1		-1		-1		-1		-1		-1		-1		-1		-1		-1		-1		-1		-1
8			14			"Thuộc Tính Cường Hóa"		    7		1		11		2		11		3		11		4		11		15		5		-1		-1		-1		-1		-1		-1		-1		-1		-1		-1		-1		-1		-1		-1		-1		-1		-1		-1		-1		-1
8			15			"Thuộc Tính Cường Hóa"		    7		1		11		2		11		3		11		4		11		15		5		-1		-1		-1		-1		-1		-1		-1		-1		-1		-1		-1		-1		-1		-1		-1		-1		-1		-1		-1		-1
8			25			"Thuộc Tính Cường Hóa"		    7		1		11		2		11		3		11		4		11		15		5		-1		-1		-1		-1		-1		-1		-1		-1		-1		-1		-1		-1		-1		-1		-1		-1		-1		-1		-1		-1
8			26			"Thuộc Tính Cường Hóa"		    7		1		11		2		11		3		11		4		11		15		5		-1		-1		-1		-1		-1		-1		-1		-1		-1		-1		-1		-1		-1		-1		-1		-1		-1		-1		-1		-1
8			39			"Thuộc Tính Cường Hóa"		    7		1		11		2		11		3		11		4		11		15		5		-1		-1		-1		-1		-1		-1		-1		-1		-1		-1		-1		-1		-1		-1		-1		-1		-1		-1		-1		-1

9			0			"Thuộc Tính Cường Hóa"		    7		1		11		2		11		3		11		4		11		15		5		-1		-1		-1		-1		-1		-1		-1		-1		-1		-1		-1		-1		-1		-1		-1		-1		-1		-1		-1		-1
9			1			"Thuộc Tính Cường Hóa"		    7		1		11		2		11		3		11		4		11		15		5		-1		-1		-1		-1		-1		-1		-1		-1		-1		-1		-1		-1		-1		-1		-1		-1		-1		-1		-1		-1
9			2			"Thuộc Tính Cường Hóa"		    7		1		11		2		11		3		11		4		11		15		5		-1		-1		-1		-1		-1		-1		-1		-1		-1		-1		-1		-1		-1		-1		-1		-1		-1		-1		-1		-1
9			3			"Thuộc Tính Cường Hóa"		    7		1		11		2		11		3		11		4		11		15		5		-1		-1		-1		-1		-1		-1		-1		-1		-1		-1		-1		-1		-1		-1		-1		-1		-1		-1		-1		-1
9			4			"Thuộc Tính Cường Hóa"		    7		1		11		2		11		3		11		4		11		15		5		-1		-1		-1		-1		-1		-1		-1		-1		-1		-1		-1		-1		-1		-1		-1		-1		-1		-1		-1		-1
9			5			"Thuộc Tính Cường Hóa"		    7		1		11		2		11		3		11		4		11		15		5		-1		-1		-1		-1		-1		-1		-1		-1		-1		-1		-1		-1		-1		-1		-1		-1		-1		-1		-1		-1
9			6			"Thuộc Tính Cường Hóa"		    7		1		11		2		11		3		11		4		11		15		5		-1		-1		-1		-1		-1		-1		-1		-1		-1		-1		-1		-1		-1		-1		-1		-1		-1		-1		-1		-1
9			7			"Thuộc Tính Cường Hóa"		    7		1		11		2		11		3		11		4		11		15		5		-1		-1		-1		-1		-1		-1		-1		-1		-1		-1		-1		-1		-1		-1		-1		-1		-1		-1		-1		-1
9			8			"Thuộc Tính Cường Hóa"		    7		1		11		2		11		3		11		4		11		15		5		-1		-1		-1		-1		-1		-1		-1		-1		-1		-1		-1		-1		-1		-1		-1		-1		-1		-1		-1		-1
9			9			"Thuộc Tính Cường Hóa"		    7		1		11		2		11		3		11		4		11		15		5		-1		-1		-1		-1		-1		-1		-1		-1		-1		-1		-1		-1		-1		-1		-1		-1		-1		-1		-1		-1
9			10			"Thuộc Tính Cường Hóa"		    7		1		11		2		11		3		11		4		11		15		5		-1		-1		-1		-1		-1		-1		-1		-1		-1		-1		-1		-1		-1		-1		-1		-1		-1		-1		-1		-1
9			11			"Thuộc Tính Cường Hóa"		    7		1		11		2		11		3		11		4		11		15		5		-1		-1		-1		-1		-1		-1		-1		-1		-1		-1		-1		-1		-1		-1		-1		-1		-1		-1		-1		-1
9			12			"Thuộc Tính Cường Hóa"		    7		1		11		2		11		3		11		4		11		15		5		-1		-1		-1		-1		-1		-1		-1		-1		-1		-1		-1		-1		-1		-1		-1		-1		-1		-1		-1		-1
9			13			"Thuộc Tính Cường Hóa"		    7		1		11		2		11		3		11		4		11		15		5		-1		-1		-1		-1		-1		-1		-1		-1		-1		-1		-1		-1		-1		-1		-1		-1		-1		-1		-1		-1
9			14			"Thuộc Tính Cường Hóa"		    7		1		11		2		11		3		11		4		11		15		5		-1		-1		-1		-1		-1		-1		-1		-1		-1		-1		-1		-1		-1		-1		-1		-1		-1		-1		-1		-1
9			15			"Thuộc Tính Cường Hóa"		    7		1		11		2		11		3		11		4		11		15		5		-1		-1		-1		-1		-1		-1		-1		-1		-1		-1		-1		-1		-1		-1		-1		-1		-1		-1		-1		-1
9			25			"Thuộc Tính Cường Hóa"		    7		1		11		2		11		3		11		4		11		15		5		-1		-1		-1		-1		-1		-1		-1		-1		-1		-1		-1		-1		-1		-1		-1		-1		-1		-1		-1		-1
9			26			"Thuộc Tính Cường Hóa"		    7		1		11		2		11		3		11		4		11		15		5		-1		-1		-1		-1		-1		-1		-1		-1		-1		-1		-1		-1		-1		-1		-1		-1		-1		-1		-1		-1
9			39			"Thuộc Tính Cường Hóa"		    7		1		11		2		11		3		11		4		11		15		5		-1		-1		-1		-1		-1		-1		-1		-1		-1		-1		-1		-1		-1		-1		-1		-1		-1		-1		-1		-1

10			0			"Thuộc Tính Cường Hóa"		    7		1		11		2		11		3		11		4		11		15		5		-1		-1		-1		-1		-1		-1		-1		-1		-1		-1		-1		-1		-1		-1		-1		-1		-1		-1		-1		-1
10			1			"Thuộc Tính Cường Hóa"		    7		1		11		2		11		3		11		4		11		15		5		-1		-1		-1		-1		-1		-1		-1		-1		-1		-1		-1		-1		-1		-1		-1		-1		-1		-1		-1		-1
10			2			"Thuộc Tính Cường Hóa"		    7		1		11		2		11		3		11		4		11		15		5		-1		-1		-1		-1		-1		-1		-1		-1		-1		-1		-1		-1		-1		-1		-1		-1		-1		-1		-1		-1
10			3			"Thuộc Tính Cường Hóa"		    7		1		11		2		11		3		11		4		11		15		5		-1		-1		-1		-1		-1		-1		-1		-1		-1		-1		-1		-1		-1		-1		-1		-1		-1		-1		-1		-1
10			4			"Thuộc Tính Cường Hóa"		    7		1		11		2		11		3		11		4		11		15		5		-1		-1		-1		-1		-1		-1		-1		-1		-1		-1		-1		-1		-1		-1		-1		-1		-1		-1		-1		-1
10			5			"Thuộc Tính Cường Hóa"		    7		1		11		2		11		3		11		4		11		15		5		-1		-1		-1		-1		-1		-1		-1		-1		-1		-1		-1		-1		-1		-1		-1		-1		-1		-1		-1		-1
10			6			"Thuộc Tính Cường Hóa"		    7		1		11		2		11		3		11		4		11		15		5		-1		-1		-1		-1		-1		-1		-1		-1		-1		-1		-1		-1		-1		-1		-1		-1		-1		-1		-1		-1
10			7			"Thuộc Tính Cường Hóa"		    7		1		11		2		11		3		11		4		11		15		5		-1		-1		-1		-1		-1		-1		-1		-1		-1		-1		-1		-1		-1		-1		-1		-1		-1		-1		-1		-1
10			8			"Thuộc Tính Cường Hóa"		    7		1		11		2		11		3		11		4		11		15		5		-1		-1		-1		-1		-1		-1		-1		-1		-1		-1		-1		-1		-1		-1		-1		-1		-1		-1		-1		-1
10			9			"Thuộc Tính Cường Hóa"		    7		1		11		2		11		3		11		4		11		15		5		-1		-1		-1		-1		-1		-1		-1		-1		-1		-1		-1		-1		-1		-1		-1		-1		-1		-1		-1		-1
10			10			"Thuộc Tính Cường Hóa"		    7		1		11		2		11		3		11		4		11		15		5		-1		-1		-1		-1		-1		-1		-1		-1		-1		-1		-1		-1		-1		-1		-1		-1		-1		-1		-1		-1
10			11			"Thuộc Tính Cường Hóa"		    7		1		11		2		11		3		11		4		11		15		5		-1		-1		-1		-1		-1		-1		-1		-1		-1		-1		-1		-1		-1		-1		-1		-1		-1		-1		-1		-1
10			12			"Thuộc Tính Cường Hóa"		    7		1		11		2		11		3		11		4		11		15		5		-1		-1		-1		-1		-1		-1		-1		-1		-1		-1		-1		-1		-1		-1		-1		-1		-1		-1		-1		-1
10			13			"Thuộc Tính Cường Hóa"		    7		1		11		2		11		3		11		4		11		15		5		-1		-1		-1		-1		-1		-1		-1		-1		-1		-1		-1		-1		-1		-1		-1		-1		-1		-1		-1		-1
10			14			"Thuộc Tính Cường Hóa"		    7		1		11		2		11		3		11		4		11		15		5		-1		-1		-1		-1		-1		-1		-1		-1		-1		-1		-1		-1		-1		-1		-1		-1		-1		-1		-1		-1
10			15			"Thuộc Tính Cường Hóa"		    7		1		11		2		11		3		11		4		11		15		5		-1		-1		-1		-1		-1		-1		-1		-1		-1		-1		-1		-1		-1		-1		-1		-1		-1		-1		-1		-1
10			25			"Thuộc Tính Cường Hóa"		    7		1		11		2		11		3		11		4		11		15		5		-1		-1		-1		-1		-1		-1		-1		-1		-1		-1		-1		-1		-1		-1		-1		-1		-1		-1		-1		-1
10			26			"Thuộc Tính Cường Hóa"		    7		1		11		2		11		3		11		4		11		15		5		-1		-1		-1		-1		-1		-1		-1		-1		-1		-1		-1		-1		-1		-1		-1		-1		-1		-1		-1		-1
10			39			"Thuộc Tính Cường Hóa"		    7		1		11		2		11		3		11		4		11		15		5		-1		-1		-1		-1		-1		-1		-1		-1		-1		-1		-1		-1		-1		-1		-1		-1		-1		-1		-1		-1

11			0			"Thuộc Tính Cường Hóa"		    7		1		11		2		11		3		11		4		11		15		5		-1		-1		-1		-1		-1		-1		-1		-1		-1		-1		-1		-1		-1		-1		-1		-1		-1		-1		-1		-1
11			1			"Thuộc Tính Cường Hóa"		    7		1		11		2		11		3		11		4		11		15		5		-1		-1		-1		-1		-1		-1		-1		-1		-1		-1		-1		-1		-1		-1		-1		-1		-1		-1		-1		-1
11			2			"Thuộc Tính Cường Hóa"		    7		1		11		2		11		3		11		4		11		15		5		-1		-1		-1		-1		-1		-1		-1		-1		-1		-1		-1		-1		-1		-1		-1		-1		-1		-1		-1		-1
11			3			"Thuộc Tính Cường Hóa"		    7		1		11		2		11		3		11		4		11		15		5		-1		-1		-1		-1		-1		-1		-1		-1		-1		-1		-1		-1		-1		-1		-1		-1		-1		-1		-1		-1
11			4			"Thuộc Tính Cường Hóa"		    7		1		11		2		11		3		11		4		11		15		5		-1		-1		-1		-1		-1		-1		-1		-1		-1		-1		-1		-1		-1		-1		-1		-1		-1		-1		-1		-1
11			5			"Thuộc Tính Cường Hóa"		    7		1		11		2		11		3		11		4		11		15		5		-1		-1		-1		-1		-1		-1		-1		-1		-1		-1		-1		-1		-1		-1		-1		-1		-1		-1		-1		-1
11			6			"Thuộc Tính Cường Hóa"		    7		1		11		2		11		3		11		4		11		15		5		-1		-1		-1		-1		-1		-1		-1		-1		-1		-1		-1		-1		-1		-1		-1		-1		-1		-1		-1		-1
11			7			"Thuộc Tính Cường Hóa"		    7		1		11		2		11		3		11		4		11		15		5		-1		-1		-1		-1		-1		-1		-1		-1		-1		-1		-1		-1		-1		-1		-1		-1		-1		-1		-1		-1
11			8			"Thuộc Tính Cường Hóa"		    7		1		11		2		11		3		11		4		11		15		5		-1		-1		-1		-1		-1		-1		-1		-1		-1		-1		-1		-1		-1		-1		-1		-1		-1		-1		-1		-1
11			9			"Thuộc Tính Cường Hóa"		    7		1		11		2		11		3		11		4		11		15		5		-1		-1		-1		-1		-1		-1		-1		-1		-1		-1		-1		-1		-1		-1		-1		-1		-1		-1		-1		-1
11			10			"Thuộc Tính Cường Hóa"		    7		1		11		2		11		3		11		4		11		15		5		-1		-1		-1		-1		-1		-1		-1		-1		-1		-1		-1		-1		-1		-1		-1		-1		-1		-1		-1		-1
11			11			"Thuộc Tính Cường Hóa"		    7		1		11		2		11		3		11		4		11		15		5		-1		-1		-1		-1		-1		-1		-1		-1		-1		-1		-1		-1		-1		-1		-1		-1		-1		-1		-1		-1
11			12			"Thuộc Tính Cường Hóa"		    7		1		11		2		11		3		11		4		11		15		5		-1		-1		-1		-1		-1		-1		-1		-1		-1		-1		-1		-1		-1		-1		-1		-1		-1		-1		-1		-1
11			13			"Thuộc Tính Cường Hóa"		    7		1		11		2		11		3		11		4		11		15		5		-1		-1		-1		-1		-1		-1		-1		-1		-1		-1		-1		-1		-1		-1		-1		-1		-1		-1		-1		-1
11			14			"Thuộc Tính Cường Hóa"		    7		1		11		2		11		3		11		4		11		15		5		-1		-1		-1		-1		-1		-1		-1		-1		-1		-1		-1		-1		-1		-1		-1		-1		-1		-1		-1		-1
11			15			"Thuộc Tính Cường Hóa"		    7		1		11		2		11		3		11		4		11		15		5		-1		-1		-1		-1		-1		-1		-1		-1		-1		-1		-1		-1		-1		-1		-1		-1		-1		-1		-1		-1
11			25			"Thuộc Tính Cường Hóa"		    7		1		11		2		11		3		11		4		11		15		5		-1		-1		-1		-1		-1		-1		-1		-1		-1		-1		-1		-1		-1		-1		-1		-1		-1		-1		-1		-1
11			26			"Thuộc Tính Cường Hóa"		    7		1		11		2		11		3		11		4		11		15		5		-1		-1		-1		-1		-1		-1		-1		-1		-1		-1		-1		-1		-1		-1		-1		-1		-1		-1		-1		-1
11			39			"Thuộc Tính Cường Hóa"		    7		1		11		2		11		3		11		4		11		15		5		-1		-1		-1		-1		-1		-1		-1		-1		-1		-1		-1		-1		-1		-1		-1		-1		-1		-1		-1		-1
//Bộ Cấp 5
7			16			"Thuộc Tính Cường Hóa"		    7		5		11		6		11		7		11		8		11		15		5		-1		-1		-1		-1		-1		-1		-1		-1		-1		-1		-1		-1		-1		-1		-1		-1		-1		-1		-1		-1
7			27			"Thuộc Tính Cường Hóa"		    7		5		11		6		11		7		11		8		11		15		5		-1		-1		-1		-1		-1		-1		-1		-1		-1		-1		-1		-1		-1		-1		-1		-1		-1		-1		-1		-1
7			34			"Thuộc Tính Cường Hóa"		    7		5		11		6		11		7		11		8		11		15		5		-1		-1		-1		-1		-1		-1		-1		-1		-1		-1		-1		-1		-1		-1		-1		-1		-1		-1		-1		-1
7			35			"Thuộc Tính Cường Hóa"		    7		5		11		6		11		7		11		8		11		15		5		-1		-1		-1		-1		-1		-1		-1		-1		-1		-1		-1		-1		-1		-1		-1		-1		-1		-1		-1		-1
7			36			"Thuộc Tính Cường Hóa"		    7		5		11		6		11		7		11		8		11		15		5		-1		-1		-1		-1		-1		-1		-1		-1		-1		-1		-1		-1		-1		-1		-1		-1		-1		-1		-1		-1
7			37			"Thuộc Tính Cường Hóa"		    7		5		11		6		11		7		11		8		11		15		5		-1		-1		-1		-1		-1		-1		-1		-1		-1		-1		-1		-1		-1		-1		-1		-1		-1		-1		-1		-1
7			40			"Thuộc Tính Cường Hóa"		    7		5		11		6		11		7		11		8		11		15		5		-1		-1		-1		-1		-1		-1		-1		-1		-1		-1		-1		-1		-1		-1		-1		-1		-1		-1		-1		-1
7			59			"Thuộc Tính Cường Hóa"		    7		5		11		6		11		7		11		8		11		15		5		-1		-1		-1		-1		-1		-1		-1		-1		-1		-1		-1		-1		-1		-1		-1		-1		-1		-1		-1		-1

8			16			"Thuộc Tính Cường Hóa"		    7		5		11		6		11		7		11		8		11		15		5		-1		-1		-1		-1		-1		-1		-1		-1		-1		-1		-1		-1		-1		-1		-1		-1		-1		-1		-1		-1
8			27			"Thuộc Tính Cường Hóa"		    7		5		11		6		11		7		11		8		11		15		5		-1		-1		-1		-1		-1		-1		-1		-1		-1		-1		-1		-1		-1		-1		-1		-1		-1		-1		-1		-1
8			34			"Thuộc Tính Cường Hóa"		    7		5		11		6		11		7		11		8		11		15		5		-1		-1		-1		-1		-1		-1		-1		-1		-1		-1		-1		-1		-1		-1		-1		-1		-1		-1		-1		-1
8			35			"Thuộc Tính Cường Hóa"		    7		5		11		6		11		7		11		8		11		15		5		-1		-1		-1		-1		-1		-1		-1		-1		-1		-1		-1		-1		-1		-1		-1		-1		-1		-1		-1		-1
8			36			"Thuộc Tính Cường Hóa"		    7		5		11		6		11		7		11		8		11		15		5		-1		-1		-1		-1		-1		-1		-1		-1		-1		-1		-1		-1		-1		-1		-1		-1		-1		-1		-1		-1
8			37			"Thuộc Tính Cường Hóa"		    7		5		11		6		11		7		11		8		11		15		5		-1		-1		-1		-1		-1		-1		-1		-1		-1		-1		-1		-1		-1		-1		-1		-1		-1		-1		-1		-1
8			40			"Thuộc Tính Cường Hóa"		    7		5		11		6		11		7		11		8		11		15		5		-1		-1		-1		-1		-1		-1		-1		-1		-1		-1		-1		-1		-1		-1		-1		-1		-1		-1		-1		-1
8			59			"Thuộc Tính Cường Hóa"		    7		5		11		6		11		7		11		8		11		15		5		-1		-1		-1		-1		-1		-1		-1		-1		-1		-1		-1		-1		-1		-1		-1		-1		-1		-1		-1		-1

9			16			"Thuộc Tính Cường Hóa"		    7		5		11		6		11		7		11		8		11		15		5		-1		-1		-1		-1		-1		-1		-1		-1		-1		-1		-1		-1		-1		-1		-1		-1		-1		-1		-1		-1
9			27			"Thuộc Tính Cường Hóa"		    7		5		11		6		11		7		11		8		11		15		5		-1		-1		-1		-1		-1		-1		-1		-1		-1		-1		-1		-1		-1		-1		-1		-1		-1		-1		-1		-1
9			34			"Thuộc Tính Cường Hóa"		    7		5		11		6		11		7		11		8		11		15		5		-1		-1		-1		-1		-1		-1		-1		-1		-1		-1		-1		-1		-1		-1		-1		-1		-1		-1		-1		-1
9			35			"Thuộc Tính Cường Hóa"		    7		5		11		6		11		7		11		8		11		15		5		-1		-1		-1		-1		-1		-1		-1		-1		-1		-1		-1		-1		-1		-1		-1		-1		-1		-1		-1		-1
9			36			"Thuộc Tính Cường Hóa"		    7		5		11		6		11		7		11		8		11		15		5		-1		-1		-1		-1		-1		-1		-1		-1		-1		-1		-1		-1		-1		-1		-1		-1		-1		-1		-1		-1
9			37			"Thuộc Tính Cường Hóa"		    7		5		11		6		11		7		11		8		11		15		5		-1		-1		-1		-1		-1		-1		-1		-1		-1		-1		-1		-1		-1		-1		-1		-1		-1		-1		-1		-1
9			40			"Thuộc Tính Cường Hóa"		    7		5		11		6		11		7		11		8		11		15		5		-1		-1		-1		-1		-1		-1		-1		-1		-1		-1		-1		-1		-1		-1		-1		-1		-1		-1		-1		-1
9			59			"Thuộc Tính Cường Hóa"		    7		5		11		6		11		7		11		8		11		15		5		-1		-1		-1		-1		-1		-1		-1		-1		-1		-1		-1		-1		-1		-1		-1		-1		-1		-1		-1		-1

10			16			"Thuộc Tính Cường Hóa"		    7		5		11		6		11		7		11		8		11		15		5		-1		-1		-1		-1		-1		-1		-1		-1		-1		-1		-1		-1		-1		-1		-1		-1		-1		-1		-1		-1
10			27			"Thuộc Tính Cường Hóa"		    7		5		11		6		11		7		11		8		11		15		5		-1		-1		-1		-1		-1		-1		-1		-1		-1		-1		-1		-1		-1		-1		-1		-1		-1		-1		-1		-1
10			34			"Thuộc Tính Cường Hóa"		    7		5		11		6		11		7		11		8		11		15		5		-1		-1		-1		-1		-1		-1		-1		-1		-1		-1		-1		-1		-1		-1		-1		-1		-1		-1		-1		-1
10			35			"Thuộc Tính Cường Hóa"		    7		5		11		6		11		7		11		8		11		15		5		-1		-1		-1		-1		-1		-1		-1		-1		-1		-1		-1		-1		-1		-1		-1		-1		-1		-1		-1		-1
10			36			"Thuộc Tính Cường Hóa"		    7		5		11		6		11		7		11		8		11		15		5		-1		-1		-1		-1		-1		-1		-1		-1		-1		-1		-1		-1		-1		-1		-1		-1		-1		-1		-1		-1
10			37			"Thuộc Tính Cường Hóa"		    7		5		11		6		11		7		11		8		11		15		5		-1		-1		-1		-1		-1		-1		-1		-1		-1		-1		-1		-1		-1		-1		-1		-1		-1		-1		-1		-1
10			40			"Thuộc Tính Cường Hóa"		    7		5		11		6		11		7		11		8		11		15		5		-1		-1		-1		-1		-1		-1		-1		-1		-1		-1		-1		-1		-1		-1		-1		-1		-1		-1		-1		-1
10			59			"Thuộc Tính Cường Hóa"		    7		5		11		6		11		7		11		8		11		15		5		-1		-1		-1		-1		-1		-1		-1		-1		-1		-1		-1		-1		-1		-1		-1		-1		-1		-1		-1		-1

11			16			"Thuộc Tính Cường Hóa"		    7		5		11		6		11		7		11		8		11		15		5		-1		-1		-1		-1		-1		-1		-1		-1		-1		-1		-1		-1		-1		-1		-1		-1		-1		-1		-1		-1
11			27			"Thuộc Tính Cường Hóa"		    7		5		11		6		11		7		11		8		11		15		5		-1		-1		-1		-1		-1		-1		-1		-1		-1		-1		-1		-1		-1		-1		-1		-1		-1		-1		-1		-1
11			34			"Thuộc Tính Cường Hóa"		    7		5		11		6		11		7		11		8		11		15		5		-1		-1		-1		-1		-1		-1		-1		-1		-1		-1		-1		-1		-1		-1		-1		-1		-1		-1		-1		-1
11			35			"Thuộc Tính Cường Hóa"		    7		5		11		6		11		7		11		8		11		15		5		-1		-1		-1		-1		-1		-1		-1		-1		-1		-1		-1		-1		-1		-1		-1		-1		-1		-1		-1		-1
11			36			"Thuộc Tính Cường Hóa"		    7		5		11		6		11		7		11		8		11		15		5		-1		-1		-1		-1		-1		-1		-1		-1		-1		-1		-1		-1		-1		-1		-1		-1		-1		-1		-1		-1
11			37			"Thuộc Tính Cường Hóa"		    7		5		11		6		11		7		11		8		11		15		5		-1		-1		-1		-1		-1		-1		-1		-1		-1		-1		-1		-1		-1		-1		-1		-1		-1		-1		-1		-1
11			40			"Thuộc Tính Cường Hóa"		    7		5		11		6		11		7		11		8		11		15		5		-1		-1		-1		-1		-1		-1		-1		-1		-1		-1		-1		-1		-1		-1		-1		-1		-1		-1		-1		-1
11			59			"Thuộc Tính Cường Hóa"		    7		5		11		6		11		7		11		8		11		15		5		-1		-1		-1		-1		-1		-1		-1		-1		-1		-1		-1		-1		-1		-1		-1		-1		-1		-1		-1		-1
//Bộ Cấp 6
7			17			"Thuộc Tính Cường Hóa"		    7		9		11		10		11		11		11		12		11		15		5		-1		-1		-1		-1		-1		-1		-1		-1		-1		-1		-1		-1		-1		-1		-1		-1		-1		-1		-1		-1
7			18			"Thuộc Tính Cường Hóa"		    7		9		11		10		11		11		11		12		11		15		5		-1		-1		-1		-1		-1		-1		-1		-1		-1		-1		-1		-1		-1		-1		-1		-1		-1		-1		-1		-1
7			19			"Thuộc Tính Cường Hóa"		    7		9		11		10		11		11		11		12		11		15		5		-1		-1		-1		-1		-1		-1		-1		-1		-1		-1		-1		-1		-1		-1		-1		-1		-1		-1		-1		-1
7			20			"Thuộc Tính Cường Hóa"		    7		9		11		10		11		11		11		12		11		15		5		-1		-1		-1		-1		-1		-1		-1		-1		-1		-1		-1		-1		-1		-1		-1		-1		-1		-1		-1		-1
7			38			"Thuộc Tính Cường Hóa"		    7		9		11		10		11		11		11		12		11		15		5		-1		-1		-1		-1		-1		-1		-1		-1		-1		-1		-1		-1		-1		-1		-1		-1		-1		-1		-1		-1
7			41			"Thuộc Tính Cường Hóa"		    7		9		11		10		11		11		11		12		11		15		5		-1		-1		-1		-1		-1		-1		-1		-1		-1		-1		-1		-1		-1		-1		-1		-1		-1		-1		-1		-1
7			60			"Thuộc Tính Cường Hóa"		    7		9		11		10		11		11		11		12		11		15		5		-1		-1		-1		-1		-1		-1		-1		-1		-1		-1		-1		-1		-1		-1		-1		-1		-1		-1		-1		-1

8			17			"Thuộc Tính Cường Hóa"		    7		9		11		10		11		11		11		12		11		15		5		-1		-1		-1		-1		-1		-1		-1		-1		-1		-1		-1		-1		-1		-1		-1		-1		-1		-1		-1		-1
8			18			"Thuộc Tính Cường Hóa"		    7		9		11		10		11		11		11		12		11		15		5		-1		-1		-1		-1		-1		-1		-1		-1		-1		-1		-1		-1		-1		-1		-1		-1		-1		-1		-1		-1
8			19			"Thuộc Tính Cường Hóa"		    7		9		11		10		11		11		11		12		11		15		5		-1		-1		-1		-1		-1		-1		-1		-1		-1		-1		-1		-1		-1		-1		-1		-1		-1		-1		-1		-1
8			20			"Thuộc Tính Cường Hóa"		    7		9		11		10		11		11		11		12		11		15		5		-1		-1		-1		-1		-1		-1		-1		-1		-1		-1		-1		-1		-1		-1		-1		-1		-1		-1		-1		-1
8			38			"Thuộc Tính Cường Hóa"		    7		9		11		10		11		11		11		12		11		15		5		-1		-1		-1		-1		-1		-1		-1		-1		-1		-1		-1		-1		-1		-1		-1		-1		-1		-1		-1		-1
8			41			"Thuộc Tính Cường Hóa"		    7		9		11		10		11		11		11		12		11		15		5		-1		-1		-1		-1		-1		-1		-1		-1		-1		-1		-1		-1		-1		-1		-1		-1		-1		-1		-1		-1
8			60			"Thuộc Tính Cường Hóa"		    7		9		11		10		11		11		11		12		11		15		5		-1		-1		-1		-1		-1		-1		-1		-1		-1		-1		-1		-1		-1		-1		-1		-1		-1		-1		-1		-1

9			17			"Thuộc Tính Cường Hóa"		    7		9		11		10		11		11		11		12		11		15		5		-1		-1		-1		-1		-1		-1		-1		-1		-1		-1		-1		-1		-1		-1		-1		-1		-1		-1		-1		-1
9			18			"Thuộc Tính Cường Hóa"		    7		9		11		10		11		11		11		12		11		15		5		-1		-1		-1		-1		-1		-1		-1		-1		-1		-1		-1		-1		-1		-1		-1		-1		-1		-1		-1		-1
9			19			"Thuộc Tính Cường Hóa"		    7		9		11		10		11		11		11		12		11		15		5		-1		-1		-1		-1		-1		-1		-1		-1		-1		-1		-1		-1		-1		-1		-1		-1		-1		-1		-1		-1
9			20			"Thuộc Tính Cường Hóa"		    7		9		11		10		11		11		11		12		11		15		5		-1		-1		-1		-1		-1		-1		-1		-1		-1		-1		-1		-1		-1		-1		-1		-1		-1		-1		-1		-1
9			38			"Thuộc Tính Cường Hóa"		    7		9		11		10		11		11		11		12		11		15		5		-1		-1		-1		-1		-1		-1		-1		-1		-1		-1		-1		-1		-1		-1		-1		-1		-1		-1		-1		-1
9			41			"Thuộc Tính Cường Hóa"		    7		9		11		10		11		11		11		12		11		15		5		-1		-1		-1		-1		-1		-1		-1		-1		-1		-1		-1		-1		-1		-1		-1		-1		-1		-1		-1		-1
9			60			"Thuộc Tính Cường Hóa"		    7		9		11		10		11		11		11		12		11		15		5		-1		-1		-1		-1		-1		-1		-1		-1		-1		-1		-1		-1		-1		-1		-1		-1		-1		-1		-1		-1

10			17			"Thuộc Tính Cường Hóa"		    7		9		11		10		11		11		11		12		11		15		5		-1		-1		-1		-1		-1		-1		-1		-1		-1		-1		-1		-1		-1		-1		-1		-1		-1		-1		-1		-1
10			18			"Thuộc Tính Cường Hóa"		    7		9		11		10		11		11		11		12		11		15		5		-1		-1		-1		-1		-1		-1		-1		-1		-1		-1		-1		-1		-1		-1		-1		-1		-1		-1		-1		-1
10			19			"Thuộc Tính Cường Hóa"		    7		9		11		10		11		11		11		12		11		15		5		-1		-1		-1		-1		-1		-1		-1		-1		-1		-1		-1		-1		-1		-1		-1		-1		-1		-1		-1		-1
10			20			"Thuộc Tính Cường Hóa"		    7		9		11		10		11		11		11		12		11		15		5		-1		-1		-1		-1		-1		-1		-1		-1		-1		-1		-1		-1		-1		-1		-1		-1		-1		-1		-1		-1
10			38			"Thuộc Tính Cường Hóa"		    7		9		11		10		11		11		11		12		11		15		5		-1		-1		-1		-1		-1		-1		-1		-1		-1		-1		-1		-1		-1		-1		-1		-1		-1		-1		-1		-1
10			41			"Thuộc Tính Cường Hóa"		    7		9		11		10		11		11		11		12		11		15		5		-1		-1		-1		-1		-1		-1		-1		-1		-1		-1		-1		-1		-1		-1		-1		-1		-1		-1		-1		-1
10			60			"Thuộc Tính Cường Hóa"		    7		9		11		10		11		11		11		12		11		15		5		-1		-1		-1		-1		-1		-1		-1		-1		-1		-1		-1		-1		-1		-1		-1		-1		-1		-1		-1		-1

11			17			"Thuộc Tính Cường Hóa"		    7		9		11		10		11		11		11		12		11		15		5		-1		-1		-1		-1		-1		-1		-1		-1		-1		-1		-1		-1		-1		-1		-1		-1		-1		-1		-1		-1
11			18			"Thuộc Tính Cường Hóa"		    7		9		11		10		11		11		11		12		11		15		5		-1		-1		-1		-1		-1		-1		-1		-1		-1		-1		-1		-1		-1		-1		-1		-1		-1		-1		-1		-1
11			19			"Thuộc Tính Cường Hóa"		    7		9		11		10		11		11		11		12		11		15		5		-1		-1		-1		-1		-1		-1		-1		-1		-1		-1		-1		-1		-1		-1		-1		-1		-1		-1		-1		-1
11			20			"Thuộc Tính Cường Hóa"		    7		9		11		10		11		11		11		12		11		15		5		-1		-1		-1		-1		-1		-1		-1		-1		-1		-1		-1		-1		-1		-1		-1		-1		-1		-1		-1		-1
11			38			"Thuộc Tính Cường Hóa"		    7		9		11		10		11		11		11		12		11		15		5		-1		-1		-1		-1		-1		-1		-1		-1		-1		-1		-1		-1		-1		-1		-1		-1		-1		-1		-1		-1
11			41			"Thuộc Tính Cường Hóa"		    7		9		11		10		11		11		11		12		11		15		5		-1		-1		-1		-1		-1		-1		-1		-1		-1		-1		-1		-1		-1		-1		-1		-1		-1		-1		-1		-1
11			60			"Thuộc Tính Cường Hóa"		    7		9		11		10		11		11		11		12		11		15		5		-1		-1		-1		-1		-1		-1		-1		-1		-1		-1		-1		-1		-1		-1		-1		-1		-1		-1		-1		-1
//Bộ Cấp 7
7			21			"Thuộc Tính Cường Hóa"		    7		13		11		14		11		16		11		17		11		15		5		-1		-1		-1		-1		-1		-1		-1		-1		-1		-1		-1		-1		-1		-1		-1		-1		-1		-1		-1		-1
7			22			"Thuộc Tính Cường Hóa"		    7		13		11		14		11		16		11		17		11		15		5		-1		-1		-1		-1		-1		-1		-1		-1		-1		-1		-1		-1		-1		-1		-1		-1		-1		-1		-1		-1
7			23			"Thuộc Tính Cường Hóa"		    7		13		11		14		11		16		11		17		11		15		5		-1		-1		-1		-1		-1		-1		-1		-1		-1		-1		-1		-1		-1		-1		-1		-1		-1		-1		-1		-1
7			24			"Thuộc Tính Cường Hóa"		    7		13		11		14		11		16		11		17		11		15		5		-1		-1		-1		-1		-1		-1		-1		-1		-1		-1		-1		-1		-1		-1		-1		-1		-1		-1		-1		-1
7			28			"Thuộc Tính Cường Hóa"		    7		13		11		14		11		16		11		17		11		15		5		-1		-1		-1		-1		-1		-1		-1		-1		-1		-1		-1		-1		-1		-1		-1		-1		-1		-1		-1		-1
7			42			"Thuộc Tính Cường Hóa"		    7		13		11		14		11		16		11		17		11		15		5		-1		-1		-1		-1		-1		-1		-1		-1		-1		-1		-1		-1		-1		-1		-1		-1		-1		-1		-1		-1
7			61			"Thuộc Tính Cường Hóa"		    7		13		11		14		11		16		11		17		11		15		5		-1		-1		-1		-1		-1		-1		-1		-1		-1		-1		-1		-1		-1		-1		-1		-1		-1		-1		-1		-1

8			21			"Thuộc Tính Cường Hóa"		    7		13		11		14		11		16		11		17		11		15		5		-1		-1		-1		-1		-1		-1		-1		-1		-1		-1		-1		-1		-1		-1		-1		-1		-1		-1		-1		-1
8			22			"Thuộc Tính Cường Hóa"		    7		13		11		14		11		16		11		17		11		15		5		-1		-1		-1		-1		-1		-1		-1		-1		-1		-1		-1		-1		-1		-1		-1		-1		-1		-1		-1		-1
8			23			"Thuộc Tính Cường Hóa"		    7		13		11		14		11		16		11		17		11		15		5		-1		-1		-1		-1		-1		-1		-1		-1		-1		-1		-1		-1		-1		-1		-1		-1		-1		-1		-1		-1
8			24			"Thuộc Tính Cường Hóa"		    7		13		11		14		11		16		11		17		11		15		5		-1		-1		-1		-1		-1		-1		-1		-1		-1		-1		-1		-1		-1		-1		-1		-1		-1		-1		-1		-1
8			28			"Thuộc Tính Cường Hóa"		    7		13		11		14		11		16		11		17		11		15		5		-1		-1		-1		-1		-1		-1		-1		-1		-1		-1		-1		-1		-1		-1		-1		-1		-1		-1		-1		-1
8			42			"Thuộc Tính Cường Hóa"		    7		13		11		14		11		16		11		17		11		15		5		-1		-1		-1		-1		-1		-1		-1		-1		-1		-1		-1		-1		-1		-1		-1		-1		-1		-1		-1		-1
8			61			"Thuộc Tính Cường Hóa"		    7		13		11		14		11		16		11		17		11		15		5		-1		-1		-1		-1		-1		-1		-1		-1		-1		-1		-1		-1		-1		-1		-1		-1		-1		-1		-1		-1

9			21			"Thuộc Tính Cường Hóa"		    7		13		11		14		11		16		11		17		11		15		5		-1		-1		-1		-1		-1		-1		-1		-1		-1		-1		-1		-1		-1		-1		-1		-1		-1		-1		-1		-1
9			22			"Thuộc Tính Cường Hóa"		    7		13		11		14		11		16		11		17		11		15		5		-1		-1		-1		-1		-1		-1		-1		-1		-1		-1		-1		-1		-1		-1		-1		-1		-1		-1		-1		-1
9			23			"Thuộc Tính Cường Hóa"		    7		13		11		14		11		16		11		17		11		15		5		-1		-1		-1		-1		-1		-1		-1		-1		-1		-1		-1		-1		-1		-1		-1		-1		-1		-1		-1		-1
9			24			"Thuộc Tính Cường Hóa"		    7		13		11		14		11		16		11		17		11		15		5		-1		-1		-1		-1		-1		-1		-1		-1		-1		-1		-1		-1		-1		-1		-1		-1		-1		-1		-1		-1
9			28			"Thuộc Tính Cường Hóa"		    7		13		11		14		11		16		11		17		11		15		5		-1		-1		-1		-1		-1		-1		-1		-1		-1		-1		-1		-1		-1		-1		-1		-1		-1		-1		-1		-1
9			42			"Thuộc Tính Cường Hóa"		    7		13		11		14		11		16		11		17		11		15		5		-1		-1		-1		-1		-1		-1		-1		-1		-1		-1		-1		-1		-1		-1		-1		-1		-1		-1		-1		-1
9			61			"Thuộc Tính Cường Hóa"		    7		13		11		14		11		16		11		17		11		15		5		-1		-1		-1		-1		-1		-1		-1		-1		-1		-1		-1		-1		-1		-1		-1		-1		-1		-1		-1		-1

10			21			"Thuộc Tính Cường Hóa"		    7		13		11		14		11		16		11		17		11		15		5		-1		-1		-1		-1		-1		-1		-1		-1		-1		-1		-1		-1		-1		-1		-1		-1		-1		-1		-1		-1
10			22			"Thuộc Tính Cường Hóa"		    7		13		11		14		11		16		11		17		11		15		5		-1		-1		-1		-1		-1		-1		-1		-1		-1		-1		-1		-1		-1		-1		-1		-1		-1		-1		-1		-1
10			23			"Thuộc Tính Cường Hóa"		    7		13		11		14		11		16		11		17		11		15		5		-1		-1		-1		-1		-1		-1		-1		-1		-1		-1		-1		-1		-1		-1		-1		-1		-1		-1		-1		-1
10			24			"Thuộc Tính Cường Hóa"		    7		13		11		14		11		16		11		17		11		15		5		-1		-1		-1		-1		-1		-1		-1		-1		-1		-1		-1		-1		-1		-1		-1		-1		-1		-1		-1		-1
10			28			"Thuộc Tính Cường Hóa"		    7		13		11		14		11		16		11		17		11		15		5		-1		-1		-1		-1		-1		-1		-1		-1		-1		-1		-1		-1		-1		-1		-1		-1		-1		-1		-1		-1
10			42			"Thuộc Tính Cường Hóa"		    7		13		11		14		11		16		11		17		11		15		5		-1		-1		-1		-1		-1		-1		-1		-1		-1		-1		-1		-1		-1		-1		-1		-1		-1		-1		-1		-1
10			61			"Thuộc Tính Cường Hóa"		    7		13		11		14		11		16		11		17		11		15		5		-1		-1		-1		-1		-1		-1		-1		-1		-1		-1		-1		-1		-1		-1		-1		-1		-1		-1		-1		-1

11			21			"Thuộc Tính Cường Hóa"		    7		13		11		14		11		16		11		17		11		15		5		-1		-1		-1		-1		-1		-1		-1		-1		-1		-1		-1		-1		-1		-1		-1		-1		-1		-1		-1		-1
11			22			"Thuộc Tính Cường Hóa"		    7		13		11		14		11		16		11		17		11		15		5		-1		-1		-1		-1		-1		-1		-1		-1		-1		-1		-1		-1		-1		-1		-1		-1		-1		-1		-1		-1
11			23			"Thuộc Tính Cường Hóa"		    7		13		11		14		11		16		11		17		11		15		5		-1		-1		-1		-1		-1		-1		-1		-1		-1		-1		-1		-1		-1		-1		-1		-1		-1		-1		-1		-1
11			24			"Thuộc Tính Cường Hóa"		    7		13		11		14		11		16		11		17		11		15		5		-1		-1		-1		-1		-1		-1		-1		-1		-1		-1		-1		-1		-1		-1		-1		-1		-1		-1		-1		-1
11			28			"Thuộc Tính Cường Hóa"		    7		13		11		14		11		16		11		17		11		15		5		-1		-1		-1		-1		-1		-1		-1		-1		-1		-1		-1		-1		-1		-1		-1		-1		-1		-1		-1		-1
11			42			"Thuộc Tính Cường Hóa"		    7		13		11		14		11		16		11		17		11		15		5		-1		-1		-1		-1		-1		-1		-1		-1		-1		-1		-1		-1		-1		-1		-1		-1		-1		-1		-1		-1
11			61			"Thuộc Tính Cường Hóa"		    7		13		11		14		11		16		11		17		11		15		5		-1		-1		-1		-1		-1		-1		-1		-1		-1		-1		-1		-1		-1		-1		-1		-1		-1		-1		-1		-1
//Bộ Cấp 380
7			29			"Thuộc Tính Cường Hóa"		    7		18		11		19		11		20		11		21		11		15		5		-1		-1		-1		-1		-1		-1		-1		-1		-1		-1		-1		-1		-1		-1		-1		-1		-1		-1		-1		-1
7			30			"Thuộc Tính Cường Hóa"		    7		18		11		19		11		20		11		21		11		15		5		-1		-1		-1		-1		-1		-1		-1		-1		-1		-1		-1		-1		-1		-1		-1		-1		-1		-1		-1		-1
7			31			"Thuộc Tính Cường Hóa"		    7		18		11		19		11		20		11		21		11		15		5		-1		-1		-1		-1		-1		-1		-1		-1		-1		-1		-1		-1		-1		-1		-1		-1		-1		-1		-1		-1
7			32			"Thuộc Tính Cường Hóa"		    7		18		11		19		11		20		11		21		11		15		5		-1		-1		-1		-1		-1		-1		-1		-1		-1		-1		-1		-1		-1		-1		-1		-1		-1		-1		-1		-1
7			33			"Thuộc Tính Cường Hóa"		    7		18		11		19		11		20		11		21		11		15		5		-1		-1		-1		-1		-1		-1		-1		-1		-1		-1		-1		-1		-1		-1		-1		-1		-1		-1		-1		-1
7			43			"Thuộc Tính Cường Hóa"		    7		18		11		19		11		20		11		21		11		15		5		-1		-1		-1		-1		-1		-1		-1		-1		-1		-1		-1		-1		-1		-1		-1		-1		-1		-1		-1		-1
7			73			"Thuộc Tính Cường Hóa"		    7		18		11		19		11		20		11		21		11		15		5		-1		-1		-1		-1		-1		-1		-1		-1		-1		-1		-1		-1		-1		-1		-1		-1		-1		-1		-1		-1

8			29			"Thuộc Tính Cường Hóa"		    7		18		11		19		11		20		11		21		11		15		5		-1		-1		-1		-1		-1		-1		-1		-1		-1		-1		-1		-1		-1		-1		-1		-1		-1		-1		-1		-1
8			30			"Thuộc Tính Cường Hóa"		    7		18		11		19		11		20		11		21		11		15		5		-1		-1		-1		-1		-1		-1		-1		-1		-1		-1		-1		-1		-1		-1		-1		-1		-1		-1		-1		-1
8			31			"Thuộc Tính Cường Hóa"		    7		18		11		19		11		20		11		21		11		15		5		-1		-1		-1		-1		-1		-1		-1		-1		-1		-1		-1		-1		-1		-1		-1		-1		-1		-1		-1		-1
8			32			"Thuộc Tính Cường Hóa"		    7		18		11		19		11		20		11		21		11		15		5		-1		-1		-1		-1		-1		-1		-1		-1		-1		-1		-1		-1		-1		-1		-1		-1		-1		-1		-1		-1
8			33			"Thuộc Tính Cường Hóa"		    7		18		11		19		11		20		11		21		11		15		5		-1		-1		-1		-1		-1		-1		-1		-1		-1		-1		-1		-1		-1		-1		-1		-1		-1		-1		-1		-1
8			43			"Thuộc Tính Cường Hóa"		    7		18		11		19		11		20		11		21		11		15		5		-1		-1		-1		-1		-1		-1		-1		-1		-1		-1		-1		-1		-1		-1		-1		-1		-1		-1		-1		-1
8			73			"Thuộc Tính Cường Hóa"		    7		18		11		19		11		20		11		21		11		15		5		-1		-1		-1		-1		-1		-1		-1		-1		-1		-1		-1		-1		-1		-1		-1		-1		-1		-1		-1		-1

9			29			"Thuộc Tính Cường Hóa"		    7		18		11		19		11		20		11		21		11		15		5		-1		-1		-1		-1		-1		-1		-1		-1		-1		-1		-1		-1		-1		-1		-1		-1		-1		-1		-1		-1
9			30			"Thuộc Tính Cường Hóa"		    7		18		11		19		11		20		11		21		11		15		5		-1		-1		-1		-1		-1		-1		-1		-1		-1		-1		-1		-1		-1		-1		-1		-1		-1		-1		-1		-1
9			31			"Thuộc Tính Cường Hóa"		    7		18		11		19		11		20		11		21		11		15		5		-1		-1		-1		-1		-1		-1		-1		-1		-1		-1		-1		-1		-1		-1		-1		-1		-1		-1		-1		-1
9			32			"Thuộc Tính Cường Hóa"		    7		18		11		19		11		20		11		21		11		15		5		-1		-1		-1		-1		-1		-1		-1		-1		-1		-1		-1		-1		-1		-1		-1		-1		-1		-1		-1		-1
9			33			"Thuộc Tính Cường Hóa"		    7		18		11		19		11		20		11		21		11		15		5		-1		-1		-1		-1		-1		-1		-1		-1		-1		-1		-1		-1		-1		-1		-1		-1		-1		-1		-1		-1
9			43			"Thuộc Tính Cường Hóa"		    7		18		11		19		11		20		11		21		11		15		5		-1		-1		-1		-1		-1		-1		-1		-1		-1		-1		-1		-1		-1		-1		-1		-1		-1		-1		-1		-1
9			73			"Thuộc Tính Cường Hóa"		    7		18		11		19		11		20		11		21		11		15		5		-1		-1		-1		-1		-1		-1		-1		-1		-1		-1		-1		-1		-1		-1		-1		-1		-1		-1		-1		-1

10			29			"Thuộc Tính Cường Hóa"		    7		18		11		19		11		20		11		21		11		15		5		-1		-1		-1		-1		-1		-1		-1		-1		-1		-1		-1		-1		-1		-1		-1		-1		-1		-1		-1		-1
10			30			"Thuộc Tính Cường Hóa"		    7		18		11		19		11		20		11		21		11		15		5		-1		-1		-1		-1		-1		-1		-1		-1		-1		-1		-1		-1		-1		-1		-1		-1		-1		-1		-1		-1
10			31			"Thuộc Tính Cường Hóa"		    7		18		11		19		11		20		11		21		11		15		5		-1		-1		-1		-1		-1		-1		-1		-1		-1		-1		-1		-1		-1		-1		-1		-1		-1		-1		-1		-1
10			32			"Thuộc Tính Cường Hóa"		    7		18		11		19		11		20		11		21		11		15		5		-1		-1		-1		-1		-1		-1		-1		-1		-1		-1		-1		-1		-1		-1		-1		-1		-1		-1		-1		-1
10			33			"Thuộc Tính Cường Hóa"		    7		18		11		19		11		20		11		21		11		15		5		-1		-1		-1		-1		-1		-1		-1		-1		-1		-1		-1		-1		-1		-1		-1		-1		-1		-1		-1		-1
10			43			"Thuộc Tính Cường Hóa"		    7		18		11		19		11		20		11		21		11		15		5		-1		-1		-1		-1		-1		-1		-1		-1		-1		-1		-1		-1		-1		-1		-1		-1		-1		-1		-1		-1
10			73			"Thuộc Tính Cường Hóa"		    7		18		11		19		11		20		11		21		11		15		5		-1		-1		-1		-1		-1		-1		-1		-1		-1		-1		-1		-1		-1		-1		-1		-1		-1		-1		-1		-1

11			29			"Thuộc Tính Cường Hóa"		    7		18		11		19		11		20		11		21		11		15		5		-1		-1		-1		-1		-1		-1		-1		-1		-1		-1		-1		-1		-1		-1		-1		-1		-1		-1		-1		-1
11			30			"Thuộc Tính Cường Hóa"		    7		18		11		19		11		20		11		21		11		15		5		-1		-1		-1		-1		-1		-1		-1		-1		-1		-1		-1		-1		-1		-1		-1		-1		-1		-1		-1		-1
11			31			"Thuộc Tính Cường Hóa"		    7		18		11		19		11		20		11		21		11		15		5		-1		-1		-1		-1		-1		-1		-1		-1		-1		-1		-1		-1		-1		-1		-1		-1		-1		-1		-1		-1
11			32			"Thuộc Tính Cường Hóa"		    7		18		11		19		11		20		11		21		11		15		5		-1		-1		-1		-1		-1		-1		-1		-1		-1		-1		-1		-1		-1		-1		-1		-1		-1		-1		-1		-1
11			33			"Thuộc Tính Cường Hóa"		    7		18		11		19		11		20		11		21		11		15		5		-1		-1		-1		-1		-1		-1		-1		-1		-1		-1		-1		-1		-1		-1		-1		-1		-1		-1		-1		-1
11			43			"Thuộc Tính Cường Hóa"		    7		18		11		19		11		20		11		21		11		15		5		-1		-1		-1		-1		-1		-1		-1		-1		-1		-1		-1		-1		-1		-1		-1		-1		-1		-1		-1		-1
11			73			"Thuộc Tính Cường Hóa"		    7		18		11		19		11		20		11		21		11		15		5		-1		-1		-1		-1		-1		-1		-1		-1		-1		-1		-1		-1		-1		-1		-1		-1		-1		-1		-1		-1
//Bộ Cấp 400
7			44			"Thuộc Tính Cường Hóa"		    7		22		11		23		11		24		11		25		11		15		5		-1		-1		-1		-1		-1		-1		-1		-1		-1		-1		-1		-1		-1		-1		-1		-1		-1		-1		-1		-1
7			45			"Thuộc Tính Cường Hóa"		    7		22		11		23		11		24		11		25		11		15		5		-1		-1		-1		-1		-1		-1		-1		-1		-1		-1		-1		-1		-1		-1		-1		-1		-1		-1		-1		-1
7			46			"Thuộc Tính Cường Hóa"		    7		22		11		23		11		24		11		25		11		15		5		-1		-1		-1		-1		-1		-1		-1		-1		-1		-1		-1		-1		-1		-1		-1		-1		-1		-1		-1		-1
7			47			"Thuộc Tính Cường Hóa"		    7		22		11		23		11		24		11		25		11		15		5		-1		-1		-1		-1		-1		-1		-1		-1		-1		-1		-1		-1		-1		-1		-1		-1		-1		-1		-1		-1
7			48			"Thuộc Tính Cường Hóa"		    7		22		11		23		11		24		11		25		11		15		5		-1		-1		-1		-1		-1		-1		-1		-1		-1		-1		-1		-1		-1		-1		-1		-1		-1		-1		-1		-1
7			49			"Thuộc Tính Cường Hóa"		    7		22		11		23		11		24		11		25		11		15		5		-1		-1		-1		-1		-1		-1		-1		-1		-1		-1		-1		-1		-1		-1		-1		-1		-1		-1		-1		-1
7			50			"Thuộc Tính Cường Hóa"		    7		22		11		23		11		24		11		25		11		15		5		-1		-1		-1		-1		-1		-1		-1		-1		-1		-1		-1		-1		-1		-1		-1		-1		-1		-1		-1		-1
7			51			"Thuộc Tính Cường Hóa"		    7		22		11		23		11		24		11		25		11		15		5		-1		-1		-1		-1		-1		-1		-1		-1		-1		-1		-1		-1		-1		-1		-1		-1		-1		-1		-1		-1
7			52			"Thuộc Tính Cường Hóa"		    7		22		11		23		11		24		11		25		11		15		5		-1		-1		-1		-1		-1		-1		-1		-1		-1		-1		-1		-1		-1		-1		-1		-1		-1		-1		-1		-1
7			53			"Thuộc Tính Cường Hóa"		    7		22		11		23		11		24		11		25		11		15		5		-1		-1		-1		-1		-1		-1		-1		-1		-1		-1		-1		-1		-1		-1		-1		-1		-1		-1		-1		-1
7			77			"Thuộc Tính Cường Hóa"		    7		22		11		23		11		24		11		25		11		15		5		-1		-1		-1		-1		-1		-1		-1		-1		-1		-1		-1		-1		-1		-1		-1		-1		-1		-1		-1		-1

8			44			"Thuộc Tính Cường Hóa"		    7		22		11		23		11		24		11		25		11		15		5		-1		-1		-1		-1		-1		-1		-1		-1		-1		-1		-1		-1		-1		-1		-1		-1		-1		-1		-1		-1
8			45			"Thuộc Tính Cường Hóa"		    7		22		11		23		11		24		11		25		11		15		5		-1		-1		-1		-1		-1		-1		-1		-1		-1		-1		-1		-1		-1		-1		-1		-1		-1		-1		-1		-1
8			46			"Thuộc Tính Cường Hóa"		    7		22		11		23		11		24		11		25		11		15		5		-1		-1		-1		-1		-1		-1		-1		-1		-1		-1		-1		-1		-1		-1		-1		-1		-1		-1		-1		-1
8			47			"Thuộc Tính Cường Hóa"		    7		22		11		23		11		24		11		25		11		15		5		-1		-1		-1		-1		-1		-1		-1		-1		-1		-1		-1		-1		-1		-1		-1		-1		-1		-1		-1		-1
8			48			"Thuộc Tính Cường Hóa"		    7		22		11		23		11		24		11		25		11		15		5		-1		-1		-1		-1		-1		-1		-1		-1		-1		-1		-1		-1		-1		-1		-1		-1		-1		-1		-1		-1
8			49			"Thuộc Tính Cường Hóa"		    7		22		11		23		11		24		11		25		11		15		5		-1		-1		-1		-1		-1		-1		-1		-1		-1		-1		-1		-1		-1		-1		-1		-1		-1		-1		-1		-1
8			50			"Thuộc Tính Cường Hóa"		    7		22		11		23		11		24		11		25		11		15		5		-1		-1		-1		-1		-1		-1		-1		-1		-1		-1		-1		-1		-1		-1		-1		-1		-1		-1		-1		-1
8			51			"Thuộc Tính Cường Hóa"		    7		22		11		23		11		24		11		25		11		15		5		-1		-1		-1		-1		-1		-1		-1		-1		-1		-1		-1		-1		-1		-1		-1		-1		-1		-1		-1		-1
8			52			"Thuộc Tính Cường Hóa"		    7		22		11		23		11		24		11		25		11		15		5		-1		-1		-1		-1		-1		-1		-1		-1		-1		-1		-1		-1		-1		-1		-1		-1		-1		-1		-1		-1
8			53			"Thuộc Tính Cường Hóa"		    7		22		11		23		11		24		11		25		11		15		5		-1		-1		-1		-1		-1		-1		-1		-1		-1		-1		-1		-1		-1		-1		-1		-1		-1		-1		-1		-1
8			77			"Thuộc Tính Cường Hóa"		    7		22		11		23		11		24		11		25		11		15		5		-1		-1		-1		-1		-1		-1		-1		-1		-1		-1		-1		-1		-1		-1		-1		-1		-1		-1		-1		-1

9			44			"Thuộc Tính Cường Hóa"		    7		22		11		23		11		24		11		25		11		15		5		-1		-1		-1		-1		-1		-1		-1		-1		-1		-1		-1		-1		-1		-1		-1		-1		-1		-1		-1		-1
9			45			"Thuộc Tính Cường Hóa"		    7		22		11		23		11		24		11		25		11		15		5		-1		-1		-1		-1		-1		-1		-1		-1		-1		-1		-1		-1		-1		-1		-1		-1		-1		-1		-1		-1
9			46			"Thuộc Tính Cường Hóa"		    7		22		11		23		11		24		11		25		11		15		5		-1		-1		-1		-1		-1		-1		-1		-1		-1		-1		-1		-1		-1		-1		-1		-1		-1		-1		-1		-1
9			47			"Thuộc Tính Cường Hóa"		    7		22		11		23		11		24		11		25		11		15		5		-1		-1		-1		-1		-1		-1		-1		-1		-1		-1		-1		-1		-1		-1		-1		-1		-1		-1		-1		-1
9			48			"Thuộc Tính Cường Hóa"		    7		22		11		23		11		24		11		25		11		15		5		-1		-1		-1		-1		-1		-1		-1		-1		-1		-1		-1		-1		-1		-1		-1		-1		-1		-1		-1		-1
9			49			"Thuộc Tính Cường Hóa"		    7		22		11		23		11		24		11		25		11		15		5		-1		-1		-1		-1		-1		-1		-1		-1		-1		-1		-1		-1		-1		-1		-1		-1		-1		-1		-1		-1
9			50			"Thuộc Tính Cường Hóa"		    7		22		11		23		11		24		11		25		11		15		5		-1		-1		-1		-1		-1		-1		-1		-1		-1		-1		-1		-1		-1		-1		-1		-1		-1		-1		-1		-1
9			51			"Thuộc Tính Cường Hóa"		    7		22		11		23		11		24		11		25		11		15		5		-1		-1		-1		-1		-1		-1		-1		-1		-1		-1		-1		-1		-1		-1		-1		-1		-1		-1		-1		-1
9			52			"Thuộc Tính Cường Hóa"		    7		22		11		23		11		24		11		25		11		15		5		-1		-1		-1		-1		-1		-1		-1		-1		-1		-1		-1		-1		-1		-1		-1		-1		-1		-1		-1		-1
9			53			"Thuộc Tính Cường Hóa"		    7		22		11		23		11		24		11		25		11		15		5		-1		-1		-1		-1		-1		-1		-1		-1		-1		-1		-1		-1		-1		-1		-1		-1		-1		-1		-1		-1
9			77			"Thuộc Tính Cường Hóa"		    7		22		11		23		11		24		11		25		11		15		5		-1		-1		-1		-1		-1		-1		-1		-1		-1		-1		-1		-1		-1		-1		-1		-1		-1		-1		-1		-1

10			44			"Thuộc Tính Cường Hóa"		    7		22		11		23		11		24		11		25		11		15		5		-1		-1		-1		-1		-1		-1		-1		-1		-1		-1		-1		-1		-1		-1		-1		-1		-1		-1		-1		-1
10			45			"Thuộc Tính Cường Hóa"		    7		22		11		23		11		24		11		25		11		15		5		-1		-1		-1		-1		-1		-1		-1		-1		-1		-1		-1		-1		-1		-1		-1		-1		-1		-1		-1		-1
10			46			"Thuộc Tính Cường Hóa"		    7		22		11		23		11		24		11		25		11		15		5		-1		-1		-1		-1		-1		-1		-1		-1		-1		-1		-1		-1		-1		-1		-1		-1		-1		-1		-1		-1
10			47			"Thuộc Tính Cường Hóa"		    7		22		11		23		11		24		11		25		11		15		5		-1		-1		-1		-1		-1		-1		-1		-1		-1		-1		-1		-1		-1		-1		-1		-1		-1		-1		-1		-1
10			48			"Thuộc Tính Cường Hóa"		    7		22		11		23		11		24		11		25		11		15		5		-1		-1		-1		-1		-1		-1		-1		-1		-1		-1		-1		-1		-1		-1		-1		-1		-1		-1		-1		-1
10			49			"Thuộc Tính Cường Hóa"		    7		22		11		23		11		24		11		25		11		15		5		-1		-1		-1		-1		-1		-1		-1		-1		-1		-1		-1		-1		-1		-1		-1		-1		-1		-1		-1		-1
10			50			"Thuộc Tính Cường Hóa"		    7		22		11		23		11		24		11		25		11		15		5		-1		-1		-1		-1		-1		-1		-1		-1		-1		-1		-1		-1		-1		-1		-1		-1		-1		-1		-1		-1
10			51			"Thuộc Tính Cường Hóa"		    7		22		11		23		11		24		11		25		11		15		5		-1		-1		-1		-1		-1		-1		-1		-1		-1		-1		-1		-1		-1		-1		-1		-1		-1		-1		-1		-1
10			52			"Thuộc Tính Cường Hóa"		    7		22		11		23		11		24		11		25		11		15		5		-1		-1		-1		-1		-1		-1		-1		-1		-1		-1		-1		-1		-1		-1		-1		-1		-1		-1		-1		-1
10			53			"Thuộc Tính Cường Hóa"		    7		22		11		23		11		24		11		25		11		15		5		-1		-1		-1		-1		-1		-1		-1		-1		-1		-1		-1		-1		-1		-1		-1		-1		-1		-1		-1		-1
10			77			"Thuộc Tính Cường Hóa"		    7		22		11		23		11		24		11		25		11		15		5		-1		-1		-1		-1		-1		-1		-1		-1		-1		-1		-1		-1		-1		-1		-1		-1		-1		-1		-1		-1

11			44			"Thuộc Tính Cường Hóa"		    7		22		11		23		11		24		11		25		11		15		5		-1		-1		-1		-1		-1		-1		-1		-1		-1		-1		-1		-1		-1		-1		-1		-1		-1		-1		-1		-1
11			45			"Thuộc Tính Cường Hóa"		    7		22		11		23		11		24		11		25		11		15		5		-1		-1		-1		-1		-1		-1		-1		-1		-1		-1		-1		-1		-1		-1		-1		-1		-1		-1		-1		-1
11			46			"Thuộc Tính Cường Hóa"		    7		22		11		23		11		24		11		25		11		15		5		-1		-1		-1		-1		-1		-1		-1		-1		-1		-1		-1		-1		-1		-1		-1		-1		-1		-1		-1		-1
11			47			"Thuộc Tính Cường Hóa"		    7		22		11		23		11		24		11		25		11		15		5		-1		-1		-1		-1		-1		-1		-1		-1		-1		-1		-1		-1		-1		-1		-1		-1		-1		-1		-1		-1
11			48			"Thuộc Tính Cường Hóa"		    7		22		11		23		11		24		11		25		11		15		5		-1		-1		-1		-1		-1		-1		-1		-1		-1		-1		-1		-1		-1		-1		-1		-1		-1		-1		-1		-1
11			49			"Thuộc Tính Cường Hóa"		    7		22		11		23		11		24		11		25		11		15		5		-1		-1		-1		-1		-1		-1		-1		-1		-1		-1		-1		-1		-1		-1		-1		-1		-1		-1		-1		-1
11			50			"Thuộc Tính Cường Hóa"		    7		22		11		23		11		24		11		25		11		15		5		-1		-1		-1		-1		-1		-1		-1		-1		-1		-1		-1		-1		-1		-1		-1		-1		-1		-1		-1		-1
11			51			"Thuộc Tính Cường Hóa"		    7		22		11		23		11		24		11		25		11		15		5		-1		-1		-1		-1		-1		-1		-1		-1		-1		-1		-1		-1		-1		-1		-1		-1		-1		-1		-1		-1
11			52			"Thuộc Tính Cường Hóa"		    7		22		11		23		11		24		11		25		11		15		5		-1		-1		-1		-1		-1		-1		-1		-1		-1		-1		-1		-1		-1		-1		-1		-1		-1		-1		-1		-1
11			53			"Thuộc Tính Cường Hóa"		    7		22		11		23		11		24		11		25		11		15		5		-1		-1		-1		-1		-1		-1		-1		-1		-1		-1		-1		-1		-1		-1		-1		-1		-1		-1		-1		-1
11			77			"Thuộc Tính Cường Hóa"		    7		22		11		23		11		24		11		25		11		15		5		-1		-1		-1		-1		-1		-1		-1		-1		-1		-1		-1		-1		-1		-1		-1		-1		-1		-1		-1		-1
//Section	ID			     Name				      Color	 Index1	 Color1 Index2	Color2	Index3	Color3	Index4	Color4	Index5	Color5	Index6	Color6	Index7	Color7	Index8	Color8	Index9	Color9	Index10	Color10	Index11	Color11	Index12	Color12	Index13	Color13	Index14	Color14	Index15	Color15
//Vũ Khí 1 Đến 7
0			0			"Thuộc Tính Cường Hóa"		    7		200		11		201		11		202		11		203		11		199		5		-1		-1		-1		-1		-1		-1		-1		-1		-1		-1		-1		-1		-1		-1		-1		-1		-1		-1		-1		-1
0			1			"Thuộc Tính Cường Hóa"		    7		200		11		201		11		202		11		203		11		199		5		-1		-1		-1		-1		-1		-1		-1		-1		-1		-1		-1		-1		-1		-1		-1		-1		-1		-1		-1		-1
0			2			"Thuộc Tính Cường Hóa"		    7		200		11		201		11		202		11		203		11		199		5		-1		-1		-1		-1		-1		-1		-1		-1		-1		-1		-1		-1		-1		-1		-1		-1		-1		-1		-1		-1
0			3			"Thuộc Tính Cường Hóa"		    7		200		11		201		11		202		11		203		11		199		5		-1		-1		-1		-1		-1		-1		-1		-1		-1		-1		-1		-1		-1		-1		-1		-1		-1		-1		-1		-1
0			4			"Thuộc Tính Cường Hóa"		    7		200		11		201		11		202		11		203		11		199		5		-1		-1		-1		-1		-1		-1		-1		-1		-1		-1		-1		-1		-1		-1		-1		-1		-1		-1		-1		-1
0			5			"Thuộc Tính Cường Hóa"		    7		200		11		201		11		202		11		203		11		199		5		-1		-1		-1		-1		-1		-1		-1		-1		-1		-1		-1		-1		-1		-1		-1		-1		-1		-1		-1		-1
0			6			"Thuộc Tính Cường Hóa"		    7		200		11		201		11		202		11		203		11		199		5		-1		-1		-1		-1		-1		-1		-1		-1		-1		-1		-1		-1		-1		-1		-1		-1		-1		-1		-1		-1
0			7			"Thuộc Tính Cường Hóa"		    7		200		11		201		11		202		11		203		11		199		5		-1		-1		-1		-1		-1		-1		-1		-1		-1		-1		-1		-1		-1		-1		-1		-1		-1		-1		-1		-1
0			8			"Thuộc Tính Cường Hóa"		    7		200		11		201		11		202		11		203		11		199		5		-1		-1		-1		-1		-1		-1		-1		-1		-1		-1		-1		-1		-1		-1		-1		-1		-1		-1		-1		-1
0			9			"Thuộc Tính Cường Hóa"		    7		200		11		201		11		202		11		203		11		199		5		-1		-1		-1		-1		-1		-1		-1		-1		-1		-1		-1		-1		-1		-1		-1		-1		-1		-1		-1		-1
0			10			"Thuộc Tính Cường Hóa"		    7		200		11		201		11		202		11		203		11		199		5		-1		-1		-1		-1		-1		-1		-1		-1		-1		-1		-1		-1		-1		-1		-1		-1		-1		-1		-1		-1
0			11			"Thuộc Tính Cường Hóa"		    7		200		11		201		11		202		11		203		11		199		5		-1		-1		-1		-1		-1		-1		-1		-1		-1		-1		-1		-1		-1		-1		-1		-1		-1		-1		-1		-1
0			12			"Thuộc Tính Cường Hóa"		    7		200		11		201		11		202		11		203		11		199		5		-1		-1		-1		-1		-1		-1		-1		-1		-1		-1		-1		-1		-1		-1		-1		-1		-1		-1		-1		-1
0			13			"Thuộc Tính Cường Hóa"		    7		200		11		201		11		202		11		203		11		199		5		-1		-1		-1		-1		-1		-1		-1		-1		-1		-1		-1		-1		-1		-1		-1		-1		-1		-1		-1		-1
0			14			"Thuộc Tính Cường Hóa"		    7		200		11		201		11		202		11		203		11		199		5		-1		-1		-1		-1		-1		-1		-1		-1		-1		-1		-1		-1		-1		-1		-1		-1		-1		-1		-1		-1
0			15			"Thuộc Tính Cường Hóa"		    7		200		11		201		11		202		11		203		11		199		5		-1		-1		-1		-1		-1		-1		-1		-1		-1		-1		-1		-1		-1		-1		-1		-1		-1		-1		-1		-1
0			16			"Thuộc Tính Cường Hóa"		    7		200		11		201		11		202		11		203		11		199		5		-1		-1		-1		-1		-1		-1		-1		-1		-1		-1		-1		-1		-1		-1		-1		-1		-1		-1		-1		-1
0			17			"Thuộc Tính Cường Hóa"		    7		200		11		201		11		202		11		203		11		199		5		-1		-1		-1		-1		-1		-1		-1		-1		-1		-1		-1		-1		-1		-1		-1		-1		-1		-1		-1		-1
0			18			"Thuộc Tính Cường Hóa"		    7		200		11		201		11		202		11		203		11		199		5		-1		-1		-1		-1		-1		-1		-1		-1		-1		-1		-1		-1		-1		-1		-1		-1		-1		-1		-1		-1
0			20			"Thuộc Tính Cường Hóa"		    7		200		11		201		11		202		11		203		11		199		5		-1		-1		-1		-1		-1		-1		-1		-1		-1		-1		-1		-1		-1		-1		-1		-1		-1		-1		-1		-1
0			21			"Thuộc Tính Cường Hóa"		    7		200		11		201		11		202		11		203		11		199		5		-1		-1		-1		-1		-1		-1		-1		-1		-1		-1		-1		-1		-1		-1		-1		-1		-1		-1		-1		-1
0			24			"Thuộc Tính Cường Hóa"		    7		200		11		201		11		202		11		203		11		199		5		-1		-1		-1		-1		-1		-1		-1		-1		-1		-1		-1		-1		-1		-1		-1		-1		-1		-1		-1		-1
0			25			"Thuộc Tính Cường Hóa"		    7		200		11		201		11		202		11		203		11		199		5		-1		-1		-1		-1		-1		-1		-1		-1		-1		-1		-1		-1		-1		-1		-1		-1		-1		-1		-1		-1
0			31			"Thuộc Tính Cường Hóa"		    7		200		11		201		11		202		11		203		11		199		5		-1		-1		-1		-1		-1		-1		-1		-1		-1		-1		-1		-1		-1		-1		-1		-1		-1		-1		-1		-1
0			32			"Thuộc Tính Cường Hóa"		    7		200		11		201		11		202		11		203		11		199		5		-1		-1		-1		-1		-1		-1		-1		-1		-1		-1		-1		-1		-1		-1		-1		-1		-1		-1		-1		-1
0			33			"Thuộc Tính Cường Hóa"		    7		200		11		201		11		202		11		203		11		199		5		-1		-1		-1		-1		-1		-1		-1		-1		-1		-1		-1		-1		-1		-1		-1		-1		-1		-1		-1		-1
0			34			"Thuộc Tính Cường Hóa"		    7		200		11		201		11		202		11		203		11		199		5		-1		-1		-1		-1		-1		-1		-1		-1		-1		-1		-1		-1		-1		-1		-1		-1		-1		-1		-1		-1

1			0			"Thuộc Tính Cường Hóa"		    7		200		11		201		11		202		11		203		11		199		5		-1		-1		-1		-1		-1		-1		-1		-1		-1		-1		-1		-1		-1		-1		-1		-1		-1		-1		-1		-1
1			1			"Thuộc Tính Cường Hóa"		    7		200		11		201		11		202		11		203		11		199		5		-1		-1		-1		-1		-1		-1		-1		-1		-1		-1		-1		-1		-1		-1		-1		-1		-1		-1		-1		-1
1			2			"Thuộc Tính Cường Hóa"		    7		200		11		201		11		202		11		203		11		199		5		-1		-1		-1		-1		-1		-1		-1		-1		-1		-1		-1		-1		-1		-1		-1		-1		-1		-1		-1		-1
1			3			"Thuộc Tính Cường Hóa"		    7		200		11		201		11		202		11		203		11		199		5		-1		-1		-1		-1		-1		-1		-1		-1		-1		-1		-1		-1		-1		-1		-1		-1		-1		-1		-1		-1
1			4			"Thuộc Tính Cường Hóa"		    7		200		11		201		11		202		11		203		11		199		5		-1		-1		-1		-1		-1		-1		-1		-1		-1		-1		-1		-1		-1		-1		-1		-1		-1		-1		-1		-1
1			5			"Thuộc Tính Cường Hóa"		    7		200		11		201		11		202		11		203		11		199		5		-1		-1		-1		-1		-1		-1		-1		-1		-1		-1		-1		-1		-1		-1		-1		-1		-1		-1		-1		-1
1			6			"Thuộc Tính Cường Hóa"		    7		200		11		201		11		202		11		203		11		199		5		-1		-1		-1		-1		-1		-1		-1		-1		-1		-1		-1		-1		-1		-1		-1		-1		-1		-1		-1		-1
1			7			"Thuộc Tính Cường Hóa"		    7		200		11		201		11		202		11		203		11		199		5		-1		-1		-1		-1		-1		-1		-1		-1		-1		-1		-1		-1		-1		-1		-1		-1		-1		-1		-1		-1
1			8			"Thuộc Tính Cường Hóa"		    7		200		11		201		11		202		11		203		11		199		5		-1		-1		-1		-1		-1		-1		-1		-1		-1		-1		-1		-1		-1		-1		-1		-1		-1		-1		-1		-1

2			0			"Thuộc Tính Cường Hóa"		    7		200		11		201		11		202		11		203		11		199		5		-1		-1		-1		-1		-1		-1		-1		-1		-1		-1		-1		-1		-1		-1		-1		-1		-1		-1		-1		-1
2			1			"Thuộc Tính Cường Hóa"		    7		200		11		201		11		202		11		203		11		199		5		-1		-1		-1		-1		-1		-1		-1		-1		-1		-1		-1		-1		-1		-1		-1		-1		-1		-1		-1		-1
2			2			"Thuộc Tính Cường Hóa"		    7		200		11		201		11		202		11		203		11		199		5		-1		-1		-1		-1		-1		-1		-1		-1		-1		-1		-1		-1		-1		-1		-1		-1		-1		-1		-1		-1
2			3			"Thuộc Tính Cường Hóa"		    7		200		11		201		11		202		11		203		11		199		5		-1		-1		-1		-1		-1		-1		-1		-1		-1		-1		-1		-1		-1		-1		-1		-1		-1		-1		-1		-1
2			4			"Thuộc Tính Cường Hóa"		    7		200		11		201		11		202		11		203		11		199		5		-1		-1		-1		-1		-1		-1		-1		-1		-1		-1		-1		-1		-1		-1		-1		-1		-1		-1		-1		-1
2			5			"Thuộc Tính Cường Hóa"		    7		200		11		201		11		202		11		203		11		199		5		-1		-1		-1		-1		-1		-1		-1		-1		-1		-1		-1		-1		-1		-1		-1		-1		-1		-1		-1		-1
2			6			"Thuộc Tính Cường Hóa"		    7		200		11		201		11		202		11		203		11		199		5		-1		-1		-1		-1		-1		-1		-1		-1		-1		-1		-1		-1		-1		-1		-1		-1		-1		-1		-1		-1
2			7			"Thuộc Tính Cường Hóa"		    7		200		11		201		11		202		11		203		11		199		5		-1		-1		-1		-1		-1		-1		-1		-1		-1		-1		-1		-1		-1		-1		-1		-1		-1		-1		-1		-1
2			8			"Thuộc Tính Cường Hóa"		    7		200		11		201		11		202		11		203		11		199		5		-1		-1		-1		-1		-1		-1		-1		-1		-1		-1		-1		-1		-1		-1		-1		-1		-1		-1		-1		-1
2			9			"Thuộc Tính Cường Hóa"		    7		200		11		201		11		202		11		203		11		199		5		-1		-1		-1		-1		-1		-1		-1		-1		-1		-1		-1		-1		-1		-1		-1		-1		-1		-1		-1		-1
2			10			"Thuộc Tính Cường Hóa"		    7		200		11		201		11		202		11		203		11		199		5		-1		-1		-1		-1		-1		-1		-1		-1		-1		-1		-1		-1		-1		-1		-1		-1		-1		-1		-1		-1
2			11			"Thuộc Tính Cường Hóa"		    7		200		11		201		11		202		11		203		11		199		5		-1		-1		-1		-1		-1		-1		-1		-1		-1		-1		-1		-1		-1		-1		-1		-1		-1		-1		-1		-1
2			12			"Thuộc Tính Cường Hóa"		    7		200		11		201		11		202		11		203		11		199		5		-1		-1		-1		-1		-1		-1		-1		-1		-1		-1		-1		-1		-1		-1		-1		-1		-1		-1		-1		-1
2			15			"Thuộc Tính Cường Hóa"		    7		200		11		201		11		202		11		203		11		199		5		-1		-1		-1		-1		-1		-1		-1		-1		-1		-1		-1		-1		-1		-1		-1		-1		-1		-1		-1		-1
2			24			"Thuộc Tính Cường Hóa"		    7		200		11		201		11		202		11		203		11		199		5		-1		-1		-1		-1		-1		-1		-1		-1		-1		-1		-1		-1		-1		-1		-1		-1		-1		-1		-1		-1

3			0			"Thuộc Tính Cường Hóa"		    7		200		11		201		11		202		11		203		11		199		5		-1		-1		-1		-1		-1		-1		-1		-1		-1		-1		-1		-1		-1		-1		-1		-1		-1		-1		-1		-1
3			1			"Thuộc Tính Cường Hóa"		    7		200		11		201		11		202		11		203		11		199		5		-1		-1		-1		-1		-1		-1		-1		-1		-1		-1		-1		-1		-1		-1		-1		-1		-1		-1		-1		-1
3			2			"Thuộc Tính Cường Hóa"		    7		200		11		201		11		202		11		203		11		199		5		-1		-1		-1		-1		-1		-1		-1		-1		-1		-1		-1		-1		-1		-1		-1		-1		-1		-1		-1		-1
3			3			"Thuộc Tính Cường Hóa"		    7		200		11		201		11		202		11		203		11		199		5		-1		-1		-1		-1		-1		-1		-1		-1		-1		-1		-1		-1		-1		-1		-1		-1		-1		-1		-1		-1
3			4			"Thuộc Tính Cường Hóa"		    7		200		11		201		11		202		11		203		11		199		5		-1		-1		-1		-1		-1		-1		-1		-1		-1		-1		-1		-1		-1		-1		-1		-1		-1		-1		-1		-1
3			5			"Thuộc Tính Cường Hóa"		    7		200		11		201		11		202		11		203		11		199		5		-1		-1		-1		-1		-1		-1		-1		-1		-1		-1		-1		-1		-1		-1		-1		-1		-1		-1		-1		-1
3			6			"Thuộc Tính Cường Hóa"		    7		200		11		201		11		202		11		203		11		199		5		-1		-1		-1		-1		-1		-1		-1		-1		-1		-1		-1		-1		-1		-1		-1		-1		-1		-1		-1		-1
3			7			"Thuộc Tính Cường Hóa"		    7		200		11		201		11		202		11		203		11		199		5		-1		-1		-1		-1		-1		-1		-1		-1		-1		-1		-1		-1		-1		-1		-1		-1		-1		-1		-1		-1
3			8			"Thuộc Tính Cường Hóa"		    7		200		11		201		11		202		11		203		11		199		5		-1		-1		-1		-1		-1		-1		-1		-1		-1		-1		-1		-1		-1		-1		-1		-1		-1		-1		-1		-1
3			9			"Thuộc Tính Cường Hóa"		    7		200		11		201		11		202		11		203		11		199		5		-1		-1		-1		-1		-1		-1		-1		-1		-1		-1		-1		-1		-1		-1		-1		-1		-1		-1		-1		-1
3			10			"Thuộc Tính Cường Hóa"		    7		200		11		201		11		202		11		203		11		199		5		-1		-1		-1		-1		-1		-1		-1		-1		-1		-1		-1		-1		-1		-1		-1		-1		-1		-1		-1		-1
3			11			"Thuộc Tính Cường Hóa"		    7		200		11		201		11		202		11		203		11		199		5		-1		-1		-1		-1		-1		-1		-1		-1		-1		-1		-1		-1		-1		-1		-1		-1		-1		-1		-1		-1

4			0			"Thuộc Tính Cường Hóa"		    7		200		11		201		11		202		11		203		11		199		5		-1		-1		-1		-1		-1		-1		-1		-1		-1		-1		-1		-1		-1		-1		-1		-1		-1		-1		-1		-1
4			1			"Thuộc Tính Cường Hóa"		    7		200		11		201		11		202		11		203		11		199		5		-1		-1		-1		-1		-1		-1		-1		-1		-1		-1		-1		-1		-1		-1		-1		-1		-1		-1		-1		-1
4			2			"Thuộc Tính Cường Hóa"		    7		200		11		201		11		202		11		203		11		199		5		-1		-1		-1		-1		-1		-1		-1		-1		-1		-1		-1		-1		-1		-1		-1		-1		-1		-1		-1		-1
4			3			"Thuộc Tính Cường Hóa"		    7		200		11		201		11		202		11		203		11		199		5		-1		-1		-1		-1		-1		-1		-1		-1		-1		-1		-1		-1		-1		-1		-1		-1		-1		-1		-1		-1
4			4			"Thuộc Tính Cường Hóa"		    7		200		11		201		11		202		11		203		11		199		5		-1		-1		-1		-1		-1		-1		-1		-1		-1		-1		-1		-1		-1		-1		-1		-1		-1		-1		-1		-1
4			5			"Thuộc Tính Cường Hóa"		    7		200		11		201		11		202		11		203		11		199		5		-1		-1		-1		-1		-1		-1		-1		-1		-1		-1		-1		-1		-1		-1		-1		-1		-1		-1		-1		-1
4			6			"Thuộc Tính Cường Hóa"		    7		200		11		201		11		202		11		203		11		199		5		-1		-1		-1		-1		-1		-1		-1		-1		-1		-1		-1		-1		-1		-1		-1		-1		-1		-1		-1		-1
4			8			"Thuộc Tính Cường Hóa"		    7		200		11		201		11		202		11		203		11		199		5		-1		-1		-1		-1		-1		-1		-1		-1		-1		-1		-1		-1		-1		-1		-1		-1		-1		-1		-1		-1
4			9			"Thuộc Tính Cường Hóa"		    7		200		11		201		11		202		11		203		11		199		5		-1		-1		-1		-1		-1		-1		-1		-1		-1		-1		-1		-1		-1		-1		-1		-1		-1		-1		-1		-1
4			10			"Thuộc Tính Cường Hóa"		    7		200		11		201		11		202		11		203		11		199		5		-1		-1		-1		-1		-1		-1		-1		-1		-1		-1		-1		-1		-1		-1		-1		-1		-1		-1		-1		-1
4			11			"Thuộc Tính Cường Hóa"		    7		200		11		201		11		202		11		203		11		199		5		-1		-1		-1		-1		-1		-1		-1		-1		-1		-1		-1		-1		-1		-1		-1		-1		-1		-1		-1		-1
4			12			"Thuộc Tính Cường Hóa"		    7		200		11		201		11		202		11		203		11		199		5		-1		-1		-1		-1		-1		-1		-1		-1		-1		-1		-1		-1		-1		-1		-1		-1		-1		-1		-1		-1
4			13			"Thuộc Tính Cường Hóa"		    7		200		11		201		11		202		11		203		11		199		5		-1		-1		-1		-1		-1		-1		-1		-1		-1		-1		-1		-1		-1		-1		-1		-1		-1		-1		-1		-1
4			14			"Thuộc Tính Cường Hóa"		    7		200		11		201		11		202		11		203		11		199		5		-1		-1		-1		-1		-1		-1		-1		-1		-1		-1		-1		-1		-1		-1		-1		-1		-1		-1		-1		-1
4			16			"Thuộc Tính Cường Hóa"		    7		200		11		201		11		202		11		203		11		199		5		-1		-1		-1		-1		-1		-1		-1		-1		-1		-1		-1		-1		-1		-1		-1		-1		-1		-1		-1		-1
4			17			"Thuộc Tính Cường Hóa"		    7		200		11		201		11		202		11		203		11		199		5		-1		-1		-1		-1		-1		-1		-1		-1		-1		-1		-1		-1		-1		-1		-1		-1		-1		-1		-1		-1
4			19			"Thuộc Tính Cường Hóa"		    7		200		11		201		11		202		11		203		11		199		5		-1		-1		-1		-1		-1		-1		-1		-1		-1		-1		-1		-1		-1		-1		-1		-1		-1		-1		-1		-1
4			20			"Thuộc Tính Cường Hóa"		    7		200		11		201		11		202		11		203		11		199		5		-1		-1		-1		-1		-1		-1		-1		-1		-1		-1		-1		-1		-1		-1		-1		-1		-1		-1		-1		-1
4			22			"Thuộc Tính Cường Hóa"		    7		200		11		201		11		202		11		203		11		199		5		-1		-1		-1		-1		-1		-1		-1		-1		-1		-1		-1		-1		-1		-1		-1		-1		-1		-1		-1		-1

5			0			"Thuộc Tính Cường Hóa"		    7		200		11		201		11		202		11		203		11		199		5		-1		-1		-1		-1		-1		-1		-1		-1		-1		-1		-1		-1		-1		-1		-1		-1		-1		-1		-1		-1
5			1			"Thuộc Tính Cường Hóa"		    7		200		11		201		11		202		11		203		11		199		5		-1		-1		-1		-1		-1		-1		-1		-1		-1		-1		-1		-1		-1		-1		-1		-1		-1		-1		-1		-1
5			2			"Thuộc Tính Cường Hóa"		    7		200		11		201		11		202		11		203		11		199		5		-1		-1		-1		-1		-1		-1		-1		-1		-1		-1		-1		-1		-1		-1		-1		-1		-1		-1		-1		-1
5			3			"Thuộc Tính Cường Hóa"		    7		200		11		201		11		202		11		203		11		199		5		-1		-1		-1		-1		-1		-1		-1		-1		-1		-1		-1		-1		-1		-1		-1		-1		-1		-1		-1		-1
5			4			"Thuộc Tính Cường Hóa"		    7		200		11		201		11		202		11		203		11		199		5		-1		-1		-1		-1		-1		-1		-1		-1		-1		-1		-1		-1		-1		-1		-1		-1		-1		-1		-1		-1
5			5			"Thuộc Tính Cường Hóa"		    7		200		11		201		11		202		11		203		11		199		5		-1		-1		-1		-1		-1		-1		-1		-1		-1		-1		-1		-1		-1		-1		-1		-1		-1		-1		-1		-1
5			6			"Thuộc Tính Cường Hóa"		    7		200		11		201		11		202		11		203		11		199		5		-1		-1		-1		-1		-1		-1		-1		-1		-1		-1		-1		-1		-1		-1		-1		-1		-1		-1		-1		-1
5			7			"Thuộc Tính Cường Hóa"		    7		200		11		201		11		202		11		203		11		199		5		-1		-1		-1		-1		-1		-1		-1		-1		-1		-1		-1		-1		-1		-1		-1		-1		-1		-1		-1		-1
5			8			"Thuộc Tính Cường Hóa"		    7		200		11		201		11		202		11		203		11		199		5		-1		-1		-1		-1		-1		-1		-1		-1		-1		-1		-1		-1		-1		-1		-1		-1		-1		-1		-1		-1
5			9			"Thuộc Tính Cường Hóa"		    7		200		11		201		11		202		11		203		11		199		5		-1		-1		-1		-1		-1		-1		-1		-1		-1		-1		-1		-1		-1		-1		-1		-1		-1		-1		-1		-1
5			11			"Thuộc Tính Cường Hóa"		    7		200		11		201		11		202		11		203		11		199		5		-1		-1		-1		-1		-1		-1		-1		-1		-1		-1		-1		-1		-1		-1		-1		-1		-1		-1		-1		-1
5			13			"Thuộc Tính Cường Hóa"		    7		200		11		201		11		202		11		203		11		199		5		-1		-1		-1		-1		-1		-1		-1		-1		-1		-1		-1		-1		-1		-1		-1		-1		-1		-1		-1		-1
5			14			"Thuộc Tính Cường Hóa"		    7		200		11		201		11		202		11		203		11		199		5		-1		-1		-1		-1		-1		-1		-1		-1		-1		-1		-1		-1		-1		-1		-1		-1		-1		-1		-1		-1
5			15			"Thuộc Tính Cường Hóa"		    7		200		11		201		11		202		11		203		11		199		5		-1		-1		-1		-1		-1		-1		-1		-1		-1		-1		-1		-1		-1		-1		-1		-1		-1		-1		-1		-1
5			16			"Thuộc Tính Cường Hóa"		    7		200		11		201		11		202		11		203		11		199		5		-1		-1		-1		-1		-1		-1		-1		-1		-1		-1		-1		-1		-1		-1		-1		-1		-1		-1		-1		-1
5			17			"Thuộc Tính Cường Hóa"		    7		200		11		201		11		202		11		203		11		199		5		-1		-1		-1		-1		-1		-1		-1		-1		-1		-1		-1		-1		-1		-1		-1		-1		-1		-1		-1		-1
5			18			"Thuộc Tính Cường Hóa"		    7		200		11		201		11		202		11		203		11		199		5		-1		-1		-1		-1		-1		-1		-1		-1		-1		-1		-1		-1		-1		-1		-1		-1		-1		-1		-1		-1
5			21			"Thuộc Tính Cường Hóa"		    7		200		11		201		11		202		11		203		11		199		5		-1		-1		-1		-1		-1		-1		-1		-1		-1		-1		-1		-1		-1		-1		-1		-1		-1		-1		-1		-1
5			22			"Thuộc Tính Cường Hóa"		    7		200		11		201		11		202		11		203		11		199		5		-1		-1		-1		-1		-1		-1		-1		-1		-1		-1		-1		-1		-1		-1		-1		-1		-1		-1		-1		-1
5			23			"Thuộc Tính Cường Hóa"		    7		200		11		201		11		202		11		203		11		199		5		-1		-1		-1		-1		-1		-1		-1		-1		-1		-1		-1		-1		-1		-1		-1		-1		-1		-1		-1		-1
5			33			"Thuộc Tính Cường Hóa"		    7		200		11		201		11		202		11		203		11		199		5		-1		-1		-1		-1		-1		-1		-1		-1		-1		-1		-1		-1		-1		-1		-1		-1		-1		-1		-1		-1
5			34			"Thuộc Tính Cường Hóa"		    7		200		11		201		11		202		11		203		11		199		5		-1		-1		-1		-1		-1		-1		-1		-1		-1		-1		-1		-1		-1		-1		-1		-1		-1		-1		-1		-1
//Vũ Khí Rồng 1
//Section	ID			     Name				      Color	 Index1	 Color1 Index2	Color2	Index3	Color3	Index4	Color4	Index5	Color5	Index6	Color6	Index7	Color7	Index8	Color8	Index9	Color9	Index10	Color10	Index11	Color11	Index12	Color12	Index13	Color13	Index14	Color14	Index15	Color15
0			19			"Thuộc Tính Cường Hóa"		    7		204		11		205		11		206		11		207		11		199		5		-1		-1		-1		-1		-1		-1		-1		-1		-1		-1		-1		-1		-1		-1		-1		-1		-1		-1		-1		-1
0			47			"Thuộc Tính Cường Hóa"		    7		204		11		205		11		206		11		207		11		199		5		-1		-1		-1		-1		-1		-1		-1		-1		-1		-1		-1		-1		-1		-1		-1		-1		-1		-1		-1		-1
0			60			"Thuộc Tính Cường Hóa"		    7		204		11		205		11		206		11		207		11		199		5		-1		-1		-1		-1		-1		-1		-1		-1		-1		-1		-1		-1		-1		-1		-1		-1		-1		-1		-1		-1
2			13			"Thuộc Tính Cường Hóa"		    7		204		11		205		11		206		11		207		11		199		5		-1		-1		-1		-1		-1		-1		-1		-1		-1		-1		-1		-1		-1		-1		-1		-1		-1		-1		-1		-1
4			18			"Thuộc Tính Cường Hóa"		    7		204		11		205		11		206		11		207		11		199		5		-1		-1		-1		-1		-1		-1		-1		-1		-1		-1		-1		-1		-1		-1		-1		-1		-1		-1		-1		-1
5			10			"Thuộc Tính Cường Hóa"		    7		204		11		205		11		206		11		207		11		199		5		-1		-1		-1		-1		-1		-1		-1		-1		-1		-1		-1		-1		-1		-1		-1		-1		-1		-1		-1		-1
5			36			"Thuộc Tính Cường Hóa"		    7		204		11		205		11		206		11		207		11		199		5		-1		-1		-1		-1		-1		-1		-1		-1		-1		-1		-1		-1		-1		-1		-1		-1		-1		-1		-1		-1
//Vũ Khí Rồng 380
0			22			"Thuộc Tính Cường Hóa"		    7		204		11		205		11		206		11		207		11		199		5		-1		-1		-1		-1		-1		-1		-1		-1		-1		-1		-1		-1		-1		-1		-1		-1		-1		-1		-1		-1
0			23			"Thuộc Tính Cường Hóa"		    7		204		11		205		11		206		11		207		11		199		5		-1		-1		-1		-1		-1		-1		-1		-1		-1		-1		-1		-1		-1		-1		-1		-1		-1		-1		-1		-1
0			35			"Thuộc Tính Cường Hóa"		    7		204		11		205		11		206		11		207		11		199		5		-1		-1		-1		-1		-1		-1		-1		-1		-1		-1		-1		-1		-1		-1		-1		-1		-1		-1		-1		-1
2			14			"Thuộc Tính Cường Hóa"		    7		204		11		205		11		206		11		207		11		199		5		-1		-1		-1		-1		-1		-1		-1		-1		-1		-1		-1		-1		-1		-1		-1		-1		-1		-1		-1		-1
4			21			"Thuộc Tính Cường Hóa"		    7		204		11		205		11		206		11		207		11		199		5		-1		-1		-1		-1		-1		-1		-1		-1		-1		-1		-1		-1		-1		-1		-1		-1		-1		-1		-1		-1
5			12			"Thuộc Tính Cường Hóa"		    7		204		11		205		11		206		11		207		11		199		5		-1		-1		-1		-1		-1		-1		-1		-1		-1		-1		-1		-1		-1		-1		-1		-1		-1		-1		-1		-1
5			19			"Thuộc Tính Cường Hóa"		    7		204		11		205		11		206		11		207		11		199		5		-1		-1		-1		-1		-1		-1		-1		-1		-1		-1		-1		-1		-1		-1		-1		-1		-1		-1		-1		-1
//Vũ Khí Rồng 400
0			26			"Thuộc Tính Cường Hóa"		    7		204		11		205		11		206		11		207		11		199		5		-1		-1		-1		-1		-1		-1		-1		-1		-1		-1		-1		-1		-1		-1		-1		-1		-1		-1		-1		-1
0			27			"Thuộc Tính Cường Hóa"		    7		204		11		205		11		206		11		207		11		199		5		-1		-1		-1		-1		-1		-1		-1		-1		-1		-1		-1		-1		-1		-1		-1		-1		-1		-1		-1		-1
0			28			"Thuộc Tính Cường Hóa"		    7		204		11		205		11		206		11		207		11		199		5		-1		-1		-1		-1		-1		-1		-1		-1		-1		-1		-1		-1		-1		-1		-1		-1		-1		-1		-1		-1
0			81			"Thuộc Tính Cường Hóa"		    7		204		11		205		11		206		11		207		11		199		5		-1		-1		-1		-1		-1		-1		-1		-1		-1		-1		-1		-1		-1		-1		-1		-1		-1		-1		-1		-1
2			16			"Thuộc Tính Cường Hóa"		    7		204		11		205		11		206		11		207		11		199		5		-1		-1		-1		-1		-1		-1		-1		-1		-1		-1		-1		-1		-1		-1		-1		-1		-1		-1		-1		-1
2			17			"Thuộc Tính Cường Hóa"		    7		204		11		205		11		206		11		207		11		199		5		-1		-1		-1		-1		-1		-1		-1		-1		-1		-1		-1		-1		-1		-1		-1		-1		-1		-1		-1		-1
4			23			"Thuộc Tính Cường Hóa"		    7		204		11		205		11		206		11		207		11		199		5		-1		-1		-1		-1		-1		-1		-1		-1		-1		-1		-1		-1		-1		-1		-1		-1		-1		-1		-1		-1
4			24			"Thuộc Tính Cường Hóa"		    7		204		11		205		11		206		11		207		11		199		5		-1		-1		-1		-1		-1		-1		-1		-1		-1		-1		-1		-1		-1		-1		-1		-1		-1		-1		-1		-1
5			30			"Thuộc Tính Cường Hóa"		    7		204		11		205		11		206		11		207		11		199		5		-1		-1		-1		-1		-1		-1		-1		-1		-1		-1		-1		-1		-1		-1		-1		-1		-1		-1		-1		-1
5			31			"Thuộc Tính Cường Hóa"		    7		204		11		205		11		206		11		207		11		199		5		-1		-1		-1		-1		-1		-1		-1		-1		-1		-1		-1		-1		-1		-1		-1		-1		-1		-1		-1		-1
5			32			"Thuộc Tính Cường Hóa"		    7		204		11		205		11		206		11		207		11		199		5		-1		-1		-1		-1		-1		-1		-1		-1		-1		-1		-1		-1		-1		-1		-1		-1		-1		-1		-1		-1
//=========================================================================================================
//Khiên Sách all sever
6			0			"Thuộc Tính Cường Hóa"		    7		300		11		301		11		302		11		303		11		199		5		-1		-1		-1		-1		-1		-1		-1		-1		-1		-1		-1		-1		-1		-1		-1		-1		-1		-1		-1		-1
6			1			"Thuộc Tính Cường Hóa"		    7		300		11		301		11		302		11		303		11		199		5		-1		-1		-1		-1		-1		-1		-1		-1		-1		-1		-1		-1		-1		-1		-1		-1		-1		-1		-1		-1
6			2			"Thuộc Tính Cường Hóa"		    7		300		11		301		11		302		11		303		11		199		5		-1		-1		-1		-1		-1		-1		-1		-1		-1		-1		-1		-1		-1		-1		-1		-1		-1		-1		-1		-1
6			3			"Thuộc Tính Cường Hóa"		    7		300		11		301		11		302		11		303		11		199		5		-1		-1		-1		-1		-1		-1		-1		-1		-1		-1		-1		-1		-1		-1		-1		-1		-1		-1		-1		-1
6			4			"Thuộc Tính Cường Hóa"		    7		300		11		301		11		302		11		303		11		199		5		-1		-1		-1		-1		-1		-1		-1		-1		-1		-1		-1		-1		-1		-1		-1		-1		-1		-1		-1		-1
6			5			"Thuộc Tính Cường Hóa"		    7		300		11		301		11		302		11		303		11		199		5		-1		-1		-1		-1		-1		-1		-1		-1		-1		-1		-1		-1		-1		-1		-1		-1		-1		-1		-1		-1
6			6			"Thuộc Tính Cường Hóa"		    7		300		11		301		11		302		11		303		11		199		5		-1		-1		-1		-1		-1		-1		-1		-1		-1		-1		-1		-1		-1		-1		-1		-1		-1		-1		-1		-1
6			7			"Thuộc Tính Cường Hóa"		    7		300		11		301		11		302		11		303		11		199		5		-1		-1		-1		-1		-1		-1		-1		-1		-1		-1		-1		-1		-1		-1		-1		-1		-1		-1		-1		-1
6			8			"Thuộc Tính Cường Hóa"		    7		300		11		301		11		302		11		303		11		199		5		-1		-1		-1		-1		-1		-1		-1		-1		-1		-1		-1		-1		-1		-1		-1		-1		-1		-1		-1		-1
6			9			"Thuộc Tính Cường Hóa"		    7		300		11		301		11		302		11		303		11		199		5		-1		-1		-1		-1		-1		-1		-1		-1		-1		-1		-1		-1		-1		-1		-1		-1		-1		-1		-1		-1
6			10			"Thuộc Tính Cường Hóa"		    7		300		11		301		11		302		11		303		11		199		5		-1		-1		-1		-1		-1		-1		-1		-1		-1		-1		-1		-1		-1		-1		-1		-1		-1		-1		-1		-1
6			11			"Thuộc Tính Cường Hóa"		    7		300		11		301		11		302		11		303		11		199		5		-1		-1		-1		-1		-1		-1		-1		-1		-1		-1		-1		-1		-1		-1		-1		-1		-1		-1		-1		-1
6			12			"Thuộc Tính Cường Hóa"		    7		300		11		301		11		302		11		303		11		199		5		-1		-1		-1		-1		-1		-1		-1		-1		-1		-1		-1		-1		-1		-1		-1		-1		-1		-1		-1		-1
6			13			"Thuộc Tính Cường Hóa"		    7		300		11		301		11		302		11		303		11		199		5		-1		-1		-1		-1		-1		-1		-1		-1		-1		-1		-1		-1		-1		-1		-1		-1		-1		-1		-1		-1
6			14			"Thuộc Tính Cường Hóa"		    7		300		11		301		11		302		11		303		11		199		5		-1		-1		-1		-1		-1		-1		-1		-1		-1		-1		-1		-1		-1		-1		-1		-1		-1		-1		-1		-1
6			15			"Thuộc Tính Cường Hóa"		    7		300		11		301		11		302		11		303		11		199		5		-1		-1		-1		-1		-1		-1		-1		-1		-1		-1		-1		-1		-1		-1		-1		-1		-1		-1		-1		-1
6			16			"Thuộc Tính Cường Hóa"		    7		300		11		301		11		302		11		303		11		199		5		-1		-1		-1		-1		-1		-1		-1		-1		-1		-1		-1		-1		-1		-1		-1		-1		-1		-1		-1		-1
6			17			"Thuộc Tính Cường Hóa"		    7		300		11		301		11		302		11		303		11		199		5		-1		-1		-1		-1		-1		-1		-1		-1		-1		-1		-1		-1		-1		-1		-1		-1		-1		-1		-1		-1
6			18			"Thuộc Tính Cường Hóa"		    7		300		11		301		11		302		11		303		11		199		5		-1		-1		-1		-1		-1		-1		-1		-1		-1		-1		-1		-1		-1		-1		-1		-1		-1		-1		-1		-1
6			19			"Thuộc Tính Cường Hóa"		    7		300		11		301		11		302		11		303		11		199		5		-1		-1		-1		-1		-1		-1		-1		-1		-1		-1		-1		-1		-1		-1		-1		-1		-1		-1		-1		-1
6			20			"Thuộc Tính Cường Hóa"		    7		300		11		301		11		302		11		303		11		199		5		-1		-1		-1		-1		-1		-1		-1		-1		-1		-1		-1		-1		-1		-1		-1		-1		-1		-1		-1		-1
6			21			"Thuộc Tính Cường Hóa"		    7		300		11		301		11		302		11		303		11		199		5		-1		-1		-1		-1		-1		-1		-1		-1		-1		-1		-1		-1		-1		-1		-1		-1		-1		-1		-1		-1
//=========================================================================================================
//Wing 1
12			0			"Thuộc Tính Cường Hóa"		    7		400		11		401		11		402		11		403		11		199		5		-1		-1		-1		-1		-1		-1		-1		-1		-1		-1		-1		-1		-1		-1		-1		-1		-1		-1		-1		-1
12			1			"Thuộc Tính Cường Hóa"		    7		400		11		401		11		402		11		403		11		199		5		-1		-1		-1		-1		-1		-1		-1		-1		-1		-1		-1		-1		-1		-1		-1		-1		-1		-1		-1		-1
12			2			"Thuộc Tính Cường Hóa"		    7		400		11		401		11		402		11		403		11		199		5		-1		-1		-1		-1		-1		-1		-1		-1		-1		-1		-1		-1		-1		-1		-1		-1		-1		-1		-1		-1
12			41			"Thuộc Tính Cường Hóa"		    7		400		11		401		11		402		11		403		11		199		5		-1		-1		-1		-1		-1		-1		-1		-1		-1		-1		-1		-1		-1		-1		-1		-1		-1		-1		-1		-1
//Wing 2-2.5
12			3			"Thuộc Tính Cường Hóa"		    7		404		11		405		11		406		11		407		11		199		5		-1		-1		-1		-1		-1		-1		-1		-1		-1		-1		-1		-1		-1		-1		-1		-1		-1		-1		-1		-1
12			4			"Thuộc Tính Cường Hóa"		    7		404		11		405		11		406		11		407		11		199		5		-1		-1		-1		-1		-1		-1		-1		-1		-1		-1		-1		-1		-1		-1		-1		-1		-1		-1		-1		-1
12			5			"Thuộc Tính Cường Hóa"		    7		404		11		405		11		406		11		407		11		199		5		-1		-1		-1		-1		-1		-1		-1		-1		-1		-1		-1		-1		-1		-1		-1		-1		-1		-1		-1		-1
12			6			"Thuộc Tính Cường Hóa"		    7		404		11		405		11		406		11		407		11		199		5		-1		-1		-1		-1		-1		-1		-1		-1		-1		-1		-1		-1		-1		-1		-1		-1		-1		-1		-1		-1
12			42			"Thuộc Tính Cường Hóa"		    7		404		11		405		11		406		11		407		11		199		5		-1		-1		-1		-1		-1		-1		-1		-1		-1		-1		-1		-1		-1		-1		-1		-1		-1		-1		-1		-1
12			49			"Thuộc Tính Cường Hóa"		    7		404		11		405		11		406		11		407		11		199		5		-1		-1		-1		-1		-1		-1		-1		-1		-1		-1		-1		-1		-1		-1		-1		-1		-1		-1		-1		-1
13			30			"Thuộc Tính Cường Hóa"		    7		404		11		405		11		406		11		407		11		199		5		-1		-1		-1		-1		-1		-1		-1		-1		-1		-1		-1		-1		-1		-1		-1		-1		-1		-1		-1		-1

12			150			"Thuộc Tính Cường Hóa"		    7		404		11		405		11		406		11		407		11		199		5		-1		-1		-1		-1		-1		-1		-1		-1		-1		-1		-1		-1		-1		-1		-1		-1		-1		-1		-1		-1
12			151			"Thuộc Tính Cường Hóa"		    7		404		11		405		11		406		11		407		11		199		5		-1		-1		-1		-1		-1		-1		-1		-1		-1		-1		-1		-1		-1		-1		-1		-1		-1		-1		-1		-1
12			152			"Thuộc Tính Cường Hóa"		    7		404		11		405		11		406		11		407		11		199		5		-1		-1		-1		-1		-1		-1		-1		-1		-1		-1		-1		-1		-1		-1		-1		-1		-1		-1		-1		-1
12			155			"Thuộc Tính Cường Hóa"		    7		404		11		405		11		406		11		407		11		199		5		-1		-1		-1		-1		-1		-1		-1		-1		-1		-1		-1		-1		-1		-1		-1		-1		-1		-1		-1		-1
//Wing 3-4-5
12			36			"Thuộc Tính Cường Hóa"		    7		408		11		409		11		410		11		411		11		199		5		-1		-1		-1		-1		-1		-1		-1		-1		-1		-1		-1		-1		-1		-1		-1		-1		-1		-1		-1		-1
12			37			"Thuộc Tính Cường Hóa"		    7		408		11		409		11		410		11		411		11		199		5		-1		-1		-1		-1		-1		-1		-1		-1		-1		-1		-1		-1		-1		-1		-1		-1		-1		-1		-1		-1
12			38			"Thuộc Tính Cường Hóa"		    7		408		11		409		11		410		11		411		11		199		5		-1		-1		-1		-1		-1		-1		-1		-1		-1		-1		-1		-1		-1		-1		-1		-1		-1		-1		-1		-1
12			39			"Thuộc Tính Cường Hóa"		    7		408		11		409		11		410		11		411		11		199		5		-1		-1		-1		-1		-1		-1		-1		-1		-1		-1		-1		-1		-1		-1		-1		-1		-1		-1		-1		-1
12			40			"Thuộc Tính Cường Hóa"		    7		408		11		409		11		410		11		411		11		199		5		-1		-1		-1		-1		-1		-1		-1		-1		-1		-1		-1		-1		-1		-1		-1		-1		-1		-1		-1		-1
12			43			"Thuộc Tính Cường Hóa"		    7		408		11		409		11		410		11		411		11		199		5		-1		-1		-1		-1		-1		-1		-1		-1		-1		-1		-1		-1		-1		-1		-1		-1		-1		-1		-1		-1
12			50			"Thuộc Tính Cường Hóa"		    7		408		11		409		11		410		11		411		11		199		5		-1		-1		-1		-1		-1		-1		-1		-1		-1		-1		-1		-1		-1		-1		-1		-1		-1		-1		-1		-1

12			156			"Thuộc Tính Cường Hóa"		    7		408		11		409		11		410		11		411		11		199		5		-1		-1		-1		-1		-1		-1		-1		-1		-1		-1		-1		-1		-1		-1		-1		-1		-1		-1		-1		-1
12			157			"Thuộc Tính Cường Hóa"		    7		408		11		409		11		410		11		411		11		199		5		-1		-1		-1		-1		-1		-1		-1		-1		-1		-1		-1		-1		-1		-1		-1		-1		-1		-1		-1		-1
12			158			"Thuộc Tính Cường Hóa"		    7		408		11		409		11		410		11		411		11		199		5		-1		-1		-1		-1		-1		-1		-1		-1		-1		-1		-1		-1		-1		-1		-1		-1		-1		-1		-1		-1
12			159			"Thuộc Tính Cường Hóa"		    7		408		11		409		11		410		11		411		11		199		5		-1		-1		-1		-1		-1		-1		-1		-1		-1		-1		-1		-1		-1		-1		-1		-1		-1		-1		-1		-1
12			160			"Thuộc Tính Cường Hóa"		    7		408		11		409		11		410		11		411		11		199		5		-1		-1		-1		-1		-1		-1		-1		-1		-1		-1		-1		-1		-1		-1		-1		-1		-1		-1		-1		-1
12			161			"Thuộc Tính Cường Hóa"		    7		408		11		409		11		410		11		411		11		199		5		-1		-1		-1		-1		-1		-1		-1		-1		-1		-1		-1		-1		-1		-1		-1		-1		-1		-1		-1		-1
12			162			"Thuộc Tính Cường Hóa"		    7		408		11		409		11		410		11		411		11		199		5		-1		-1		-1		-1		-1		-1		-1		-1		-1		-1		-1		-1		-1		-1		-1		-1		-1		-1		-1		-1

12			153			"Thuộc Tính Cường Hóa"		    7		408		11		409		11		410		11		411		11		199		5		-1		-1		-1		-1		-1		-1		-1		-1		-1		-1		-1		-1		-1		-1		-1		-1		-1		-1		-1		-1
12			154			"Thuộc Tính Cường Hóa"		    7		408		11		409		11		410		11		411		11		199		5		-1		-1		-1		-1		-1		-1		-1		-1		-1		-1		-1		-1		-1		-1		-1		-1		-1		-1		-1		-1
//=========================================================================================================
//Nhẫn
13			8			"Thuộc Tính Cường Hóa"		    7		500		11		501		11		502		11		503		11		199		5		-1		-1		-1		-1		-1		-1		-1		-1		-1		-1		-1		-1		-1		-1		-1		-1		-1		-1		-1		-1
13			9			"Thuộc Tính Cường Hóa"		    7		500		11		501		11		502		11		503		11		199		5		-1		-1		-1		-1		-1		-1		-1		-1		-1		-1		-1		-1		-1		-1		-1		-1		-1		-1		-1		-1
13			21			"Thuộc Tính Cường Hóa"		    7		500		11		501		11		502		11		503		11		199		5		-1		-1		-1		-1		-1		-1		-1		-1		-1		-1		-1		-1		-1		-1		-1		-1		-1		-1		-1		-1
13			22			"Thuộc Tính Cường Hóa"		    7		500		11		501		11		502		11		503		11		199		5		-1		-1		-1		-1		-1		-1		-1		-1		-1		-1		-1		-1		-1		-1		-1		-1		-1		-1		-1		-1
13			23			"Thuộc Tính Cường Hóa"		    7		500		11		501		11		502		11		503		11		199		5		-1		-1		-1		-1		-1		-1		-1		-1		-1		-1		-1		-1		-1		-1		-1		-1		-1		-1		-1		-1
13			24			"Thuộc Tính Cường Hóa"		    7		500		11		501		11		502		11		503		11		199		5		-1		-1		-1		-1		-1		-1		-1		-1		-1		-1		-1		-1		-1		-1		-1		-1		-1		-1		-1		-1
//Dây Chuyền
13			12			"Thuộc Tính Cường Hóa"		    7		504		11		505		11		506		11		507 	11		199		5		-1		-1		-1		-1		-1		-1		-1		-1		-1		-1		-1		-1		-1		-1		-1		-1		-1		-1		-1		-1
13			13			"Thuộc Tính Cường Hóa"		    7		504		11		505		11		506		11		507 	11		199		5		-1		-1		-1		-1		-1		-1		-1		-1		-1		-1		-1		-1		-1		-1		-1		-1		-1		-1		-1		-1
13			25			"Thuộc Tính Cường Hóa"		    7		504		11		505		11		506		11		507 	11		199		5		-1		-1		-1		-1		-1		-1		-1		-1		-1		-1		-1		-1		-1		-1		-1		-1		-1		-1		-1		-1
13			26			"Thuộc Tính Cường Hóa"		    7		504		11		505		11		506		11		507 	11		199		5		-1		-1		-1		-1		-1		-1		-1		-1		-1		-1		-1		-1		-1		-1		-1		-1		-1		-1		-1		-1
13			27			"Thuộc Tính Cường Hóa"		    7		504		11		505		11		506		11		507 	11		199		5		-1		-1		-1		-1		-1		-1		-1		-1		-1		-1		-1		-1		-1		-1		-1		-1		-1		-1		-1		-1
13			28			"Thuộc Tính Cường Hóa"		    7		504		11		505		11		506		11		507 	11		199		5		-1		-1		-1		-1		-1		-1		-1		-1		-1		-1		-1		-1		-1		-1		-1		-1		-1		-1		-1		-1

//=========================================================================================================Custom====================================================================
//Section	ID			     Name				      Color	 Index1	 Color1 Index2	Color2	Index3	Color3	Index4	Color4	Index5	Color5	Index6	Color6	Index7	Color7	Index8	Color8	Index9	Color9	Index10	Color10	Index11	Color11	Index12	Color12	Index13	Color13	Index14	Color14	Index15	Color15
//Sét Hỏa Ngục
7			100			"Thuộc Tính Cường Hóa"		    7		26		11		27		11		28		11		29		11		15		5		-1		-1		-1		-1		-1		-1		-1		-1		-1		-1		-1		-1		-1		-1		-1		-1		-1		-1		-1		-1
8			100			"Thuộc Tính Cường Hóa"		    7		26		11		27		11		28		11		29		11		15		5		-1		-1		-1		-1		-1		-1		-1		-1		-1		-1		-1		-1		-1		-1		-1		-1		-1		-1		-1		-1
9			100			"Thuộc Tính Cường Hóa"		    7		26		11		27		11		28		11		29		11		15		5		-1		-1		-1		-1		-1		-1		-1		-1		-1		-1		-1		-1		-1		-1		-1		-1		-1		-1		-1		-1
10			100			"Thuộc Tính Cường Hóa"		    7		26		11		27		11		28		11		29		11		15		5		-1		-1		-1		-1		-1		-1		-1		-1		-1		-1		-1		-1		-1		-1		-1		-1		-1		-1		-1		-1
11			100			"Thuộc Tính Cường Hóa"		    7		26		11		27		11		28		11		29		11		15		5		-1		-1		-1		-1		-1		-1		-1		-1		-1		-1		-1		-1		-1		-1		-1		-1		-1		-1		-1		-1
//Sét Ngũ Độc
7			101			"Thuộc Tính Cường Hóa"		    7		30		11		31		11		32		11		33		11		15		5		-1		-1		-1		-1		-1		-1		-1		-1		-1		-1		-1		-1		-1		-1		-1		-1		-1		-1		-1		-1
8			101			"Thuộc Tính Cường Hóa"		    7		30		11		31		11		32		11		33		11		15		5		-1		-1		-1		-1		-1		-1		-1		-1		-1		-1		-1		-1		-1		-1		-1		-1		-1		-1		-1		-1
9			101			"Thuộc Tính Cường Hóa"		    7		30		11		31		11		32		11		33		11		15		5		-1		-1		-1		-1		-1		-1		-1		-1		-1		-1		-1		-1		-1		-1		-1		-1		-1		-1		-1		-1
10			101			"Thuộc Tính Cường Hóa"		    7		30		11		31		11		32		11		33		11		15		5		-1		-1		-1		-1		-1		-1		-1		-1		-1		-1		-1		-1		-1		-1		-1		-1		-1		-1		-1		-1
11			101			"Thuộc Tính Cường Hóa"		    7		30		11		31		11		32		11		33		11		15		5		-1		-1		-1		-1		-1		-1		-1		-1		-1		-1		-1		-1		-1		-1		-1		-1		-1		-1		-1		-1
//Sét Mộng Tuyết
7			102			"Thuộc Tính Cường Hóa"		    7		34		11		35		11		36		11		37		11		15		5		-1		-1		-1		-1		-1		-1		-1		-1		-1		-1		-1		-1		-1		-1		-1		-1		-1		-1		-1		-1
8			102			"Thuộc Tính Cường Hóa"		    7		34		11		35		11		36		11		37		11		15		5		-1		-1		-1		-1		-1		-1		-1		-1		-1		-1		-1		-1		-1		-1		-1		-1		-1		-1		-1		-1
9			102			"Thuộc Tính Cường Hóa"		    7		34		11		35		11		36		11		37		11		15		5		-1		-1		-1		-1		-1		-1		-1		-1		-1		-1		-1		-1		-1		-1		-1		-1		-1		-1		-1		-1
10			102			"Thuộc Tính Cường Hóa"		    7		34		11		35		11		36		11		37		11		15		5		-1		-1		-1		-1		-1		-1		-1		-1		-1		-1		-1		-1		-1		-1		-1		-1		-1		-1		-1		-1
11			102			"Thuộc Tính Cường Hóa"		    7		34		11		35		11		36		11		37		11		15		5		-1		-1		-1		-1		-1		-1		-1		-1		-1		-1		-1		-1		-1		-1		-1		-1		-1		-1		-1		-1
//Sét Huyết Tộc
7			103			"Thuộc Tính Cường Hóa"		    7		38		11		39		11		40		11		41		11		15		5		-1		-1		-1		-1		-1		-1		-1		-1		-1		-1		-1		-1		-1		-1		-1		-1		-1		-1		-1		-1
8			103			"Thuộc Tính Cường Hóa"		    7		38		11		39		11		40		11		41		11		15		5		-1		-1		-1		-1		-1		-1		-1		-1		-1		-1		-1		-1		-1		-1		-1		-1		-1		-1		-1		-1
9			103			"Thuộc Tính Cường Hóa"		    7		38		11		39		11		40		11		41		11		15		5		-1		-1		-1		-1		-1		-1		-1		-1		-1		-1		-1		-1		-1		-1		-1		-1		-1		-1		-1		-1
10			103			"Thuộc Tính Cường Hóa"		    7		38		11		39		11		40		11		41		11		15		5		-1		-1		-1		-1		-1		-1		-1		-1		-1		-1		-1		-1		-1		-1		-1		-1		-1		-1		-1		-1
11			103			"Thuộc Tính Cường Hóa"		    7		38		11		39		11		40		11		41		11		15		5		-1		-1		-1		-1		-1		-1		-1		-1		-1		-1		-1		-1		-1		-1		-1		-1		-1		-1		-1		-1
//Sét Vĩnh Hằng
7			104			"Thuộc Tính Cường Hóa"		    7		42		11		43		11		44		11		45		11		15		5		-1		-1		-1		-1		-1		-1		-1		-1		-1		-1		-1		-1		-1		-1		-1		-1		-1		-1		-1		-1
8			104			"Thuộc Tính Cường Hóa"		    7		42		11		43		11		44		11		45		11		15		5		-1		-1		-1		-1		-1		-1		-1		-1		-1		-1		-1		-1		-1		-1		-1		-1		-1		-1		-1		-1
9			104			"Thuộc Tính Cường Hóa"		    7		42		11		43		11		44		11		45		11		15		5		-1		-1		-1		-1		-1		-1		-1		-1		-1		-1		-1		-1		-1		-1		-1		-1		-1		-1		-1		-1
10			104			"Thuộc Tính Cường Hóa"		    7		42		11		43		11		44		11		45		11		15		5		-1		-1		-1		-1		-1		-1		-1		-1		-1		-1		-1		-1		-1		-1		-1		-1		-1		-1		-1		-1
11			104			"Thuộc Tính Cường Hóa"		    7		42		11		43		11		44		11		45		11		15		5		-1		-1		-1		-1		-1		-1		-1		-1		-1		-1		-1		-1		-1		-1		-1		-1		-1		-1		-1		-1
//=========================================================================================================
//Vũ Khí Custom
0			100			"Thuộc Tính Cường Hóa"		    7		208		11		209		11		210		11		211		11		199		5		-1		-1		-1		-1		-1		-1		-1		-1		-1		-1		-1		-1		-1		-1		-1		-1		-1		-1		-1		-1
0			101			"Thuộc Tính Cường Hóa"		    7		208		11		209		11		210		11		211		11		199		5		-1		-1		-1		-1		-1		-1		-1		-1		-1		-1		-1		-1		-1		-1		-1		-1		-1		-1		-1		-1
0			102			"Thuộc Tính Cường Hóa"		    7		208		11		209		11		210		11		211		11		199		5		-1		-1		-1		-1		-1		-1		-1		-1		-1		-1		-1		-1		-1		-1		-1		-1		-1		-1		-1		-1
0			103			"Thuộc Tính Cường Hóa"		    7		208		11		209		11		210		11		211		11		199		5		-1		-1		-1		-1		-1		-1		-1		-1		-1		-1		-1		-1		-1		-1		-1		-1		-1		-1		-1		-1
0			104			"Thuộc Tính Cường Hóa"		    7		208		11		209		11		210		11		211		11		199		5		-1		-1		-1		-1		-1		-1		-1		-1		-1		-1		-1		-1		-1		-1		-1		-1		-1		-1		-1		-1
0			105			"Thuộc Tính Cường Hóa"		    7		208		11		209		11		210		11		211		11		199		5		-1		-1		-1		-1		-1		-1		-1		-1		-1		-1		-1		-1		-1		-1		-1		-1		-1		-1		-1		-1
0			106			"Thuộc Tính Cường Hóa"		    7		208		11		209		11		210		11		211		11		199		5		-1		-1		-1		-1		-1		-1		-1		-1		-1		-1		-1		-1		-1		-1		-1		-1		-1		-1		-1		-1
0			107			"Thuộc Tính Cường Hóa"		    7		208		11		209		11		210		11		211		11		199		5		-1		-1		-1		-1		-1		-1		-1		-1		-1		-1		-1		-1		-1		-1		-1		-1		-1		-1		-1		-1
0			108			"Thuộc Tính Cường Hóa"		    7		208		11		209		11		210		11		211		11		199		5		-1		-1		-1		-1		-1		-1		-1		-1		-1		-1		-1		-1		-1		-1		-1		-1		-1		-1		-1		-1
0			109			"Thuộc Tính Cường Hóa"		    7		208		11		209		11		210		11		211		11		199		5		-1		-1		-1		-1		-1		-1		-1		-1		-1		-1		-1		-1		-1		-1		-1		-1		-1		-1		-1		-1
0			110			"Thuộc Tính Cường Hóa"		    7		208		11		209		11		210		11		211		11		199		5		-1		-1		-1		-1		-1		-1		-1		-1		-1		-1		-1		-1		-1		-1		-1		-1		-1		-1		-1		-1
0			111			"Thuộc Tính Cường Hóa"		    7		208		11		209		11		210		11		211		11		199		5		-1		-1		-1		-1		-1		-1		-1		-1		-1		-1		-1		-1		-1		-1		-1		-1		-1		-1		-1		-1
0			112			"Thuộc Tính Cường Hóa"		    7		208		11		209		11		210		11		211		11		199		5		-1		-1		-1		-1		-1		-1		-1		-1		-1		-1		-1		-1		-1		-1		-1		-1		-1		-1		-1		-1
0			113			"Thuộc Tính Cường Hóa"		    7		208		11		209		11		210		11		211		11		199		5		-1		-1		-1		-1		-1		-1		-1		-1		-1		-1		-1		-1		-1		-1		-1		-1		-1		-1		-1		-1
0			114			"Thuộc Tính Cường Hóa"		    7		208		11		209		11		210		11		211		11		199		5		-1		-1		-1		-1		-1		-1		-1		-1		-1		-1		-1		-1		-1		-1		-1		-1		-1		-1		-1		-1

1			100			"Thuộc Tính Cường Hóa"		    7		208		11		209		11		210		11		211		11		199		5		-1		-1		-1		-1		-1		-1		-1		-1		-1		-1		-1		-1		-1		-1		-1		-1		-1		-1		-1		-1
1			101			"Thuộc Tính Cường Hóa"		    7		208		11		209		11		210		11		211		11		199		5		-1		-1		-1		-1		-1		-1		-1		-1		-1		-1		-1		-1		-1		-1		-1		-1		-1		-1		-1		-1
1			102			"Thuộc Tính Cường Hóa"		    7		208		11		209		11		210		11		211		11		199		5		-1		-1		-1		-1		-1		-1		-1		-1		-1		-1		-1		-1		-1		-1		-1		-1		-1		-1		-1		-1
1			103			"Thuộc Tính Cường Hóa"		    7		208		11		209		11		210		11		211		11		199		5		-1		-1		-1		-1		-1		-1		-1		-1		-1		-1		-1		-1		-1		-1		-1		-1		-1		-1		-1		-1
1			104			"Thuộc Tính Cường Hóa"		    7		208		11		209		11		210		11		211		11		199		5		-1		-1		-1		-1		-1		-1		-1		-1		-1		-1		-1		-1		-1		-1		-1		-1		-1		-1		-1		-1
1			105			"Thuộc Tính Cường Hóa"		    7		208		11		209		11		210		11		211		11		199		5		-1		-1		-1		-1		-1		-1		-1		-1		-1		-1		-1		-1		-1		-1		-1		-1		-1		-1		-1		-1
1			106			"Thuộc Tính Cường Hóa"		    7		208		11		209		11		210		11		211		11		199		5		-1		-1		-1		-1		-1		-1		-1		-1		-1		-1		-1		-1		-1		-1		-1		-1		-1		-1		-1		-1
1			107			"Thuộc Tính Cường Hóa"		    7		208		11		209		11		210		11		211		11		199		5		-1		-1		-1		-1		-1		-1		-1		-1		-1		-1		-1		-1		-1		-1		-1		-1		-1		-1		-1		-1
1			108			"Thuộc Tính Cường Hóa"		    7		208		11		209		11		210		11		211		11		199		5		-1		-1		-1		-1		-1		-1		-1		-1		-1		-1		-1		-1		-1		-1		-1		-1		-1		-1		-1		-1
1			109			"Thuộc Tính Cường Hóa"		    7		208		11		209		11		210		11		211		11		199		5		-1		-1		-1		-1		-1		-1		-1		-1		-1		-1		-1		-1		-1		-1		-1		-1		-1		-1		-1		-1
1			110			"Thuộc Tính Cường Hóa"		    7		208		11		209		11		210		11		211		11		199		5		-1		-1		-1		-1		-1		-1		-1		-1		-1		-1		-1		-1		-1		-1		-1		-1		-1		-1		-1		-1
1			111			"Thuộc Tính Cường Hóa"		    7		208		11		209		11		210		11		211		11		199		5		-1		-1		-1		-1		-1		-1		-1		-1		-1		-1		-1		-1		-1		-1		-1		-1		-1		-1		-1		-1
1			112			"Thuộc Tính Cường Hóa"		    7		208		11		209		11		210		11		211		11		199		5		-1		-1		-1		-1		-1		-1		-1		-1		-1		-1		-1		-1		-1		-1		-1		-1		-1		-1		-1		-1
1			113			"Thuộc Tính Cường Hóa"		    7		208		11		209		11		210		11		211		11		199		5		-1		-1		-1		-1		-1		-1		-1		-1		-1		-1		-1		-1		-1		-1		-1		-1		-1		-1		-1		-1
1			114			"Thuộc Tính Cường Hóa"		    7		208		11		209		11		210		11		211		11		199		5		-1		-1		-1		-1		-1		-1		-1		-1		-1		-1		-1		-1		-1		-1		-1		-1		-1		-1		-1		-1

2			100			"Thuộc Tính Cường Hóa"		    7		208		11		209		11		210		11		211		11		199		5		-1		-1		-1		-1		-1		-1		-1		-1		-1		-1		-1		-1		-1		-1		-1		-1		-1		-1		-1		-1
2			101			"Thuộc Tính Cường Hóa"		    7		208		11		209		11		210		11		211		11		199		5		-1		-1		-1		-1		-1		-1		-1		-1		-1		-1		-1		-1		-1		-1		-1		-1		-1		-1		-1		-1
2			102			"Thuộc Tính Cường Hóa"		    7		208		11		209		11		210		11		211		11		199		5		-1		-1		-1		-1		-1		-1		-1		-1		-1		-1		-1		-1		-1		-1		-1		-1		-1		-1		-1		-1
2			103			"Thuộc Tính Cường Hóa"		    7		208		11		209		11		210		11		211		11		199		5		-1		-1		-1		-1		-1		-1		-1		-1		-1		-1		-1		-1		-1		-1		-1		-1		-1		-1		-1		-1
2			104			"Thuộc Tính Cường Hóa"		    7		208		11		209		11		210		11		211		11		199		5		-1		-1		-1		-1		-1		-1		-1		-1		-1		-1		-1		-1		-1		-1		-1		-1		-1		-1		-1		-1
2			105			"Thuộc Tính Cường Hóa"		    7		208		11		209		11		210		11		211		11		199		5		-1		-1		-1		-1		-1		-1		-1		-1		-1		-1		-1		-1		-1		-1		-1		-1		-1		-1		-1		-1
2			106			"Thuộc Tính Cường Hóa"		    7		208		11		209		11		210		11		211		11		199		5		-1		-1		-1		-1		-1		-1		-1		-1		-1		-1		-1		-1		-1		-1		-1		-1		-1		-1		-1		-1
2			107			"Thuộc Tính Cường Hóa"		    7		208		11		209		11		210		11		211		11		199		5		-1		-1		-1		-1		-1		-1		-1		-1		-1		-1		-1		-1		-1		-1		-1		-1		-1		-1		-1		-1
2			108			"Thuộc Tính Cường Hóa"		    7		208		11		209		11		210		11		211		11		199		5		-1		-1		-1		-1		-1		-1		-1		-1		-1		-1		-1		-1		-1		-1		-1		-1		-1		-1		-1		-1
2			109			"Thuộc Tính Cường Hóa"		    7		208		11		209		11		210		11		211		11		199		5		-1		-1		-1		-1		-1		-1		-1		-1		-1		-1		-1		-1		-1		-1		-1		-1		-1		-1		-1		-1
2			110			"Thuộc Tính Cường Hóa"		    7		208		11		209		11		210		11		211		11		199		5		-1		-1		-1		-1		-1		-1		-1		-1		-1		-1		-1		-1		-1		-1		-1		-1		-1		-1		-1		-1
2			111			"Thuộc Tính Cường Hóa"		    7		208		11		209		11		210		11		211		11		199		5		-1		-1		-1		-1		-1		-1		-1		-1		-1		-1		-1		-1		-1		-1		-1		-1		-1		-1		-1		-1
2			112			"Thuộc Tính Cường Hóa"		    7		208		11		209		11		210		11		211		11		199		5		-1		-1		-1		-1		-1		-1		-1		-1		-1		-1		-1		-1		-1		-1		-1		-1		-1		-1		-1		-1
2			113			"Thuộc Tính Cường Hóa"		    7		208		11		209		11		210		11		211		11		199		5		-1		-1		-1		-1		-1		-1		-1		-1		-1		-1		-1		-1		-1		-1		-1		-1		-1		-1		-1		-1
2			114			"Thuộc Tính Cường Hóa"		    7		208		11		209		11		210		11		211		11		199		5		-1		-1		-1		-1		-1		-1		-1		-1		-1		-1		-1		-1		-1		-1		-1		-1		-1		-1		-1		-1

0			200			"Thuộc Tính Cường Hóa"		    7		208		11		209		11		210		11		211		11		199		5		-1		-1		-1		-1		-1		-1		-1		-1		-1		-1		-1		-1		-1		-1		-1		-1		-1		-1		-1		-1
0			201			"Thuộc Tính Cường Hóa"		    7		208		11		209		11		210		11		211		11		199		5		-1		-1		-1		-1		-1		-1		-1		-1		-1		-1		-1		-1		-1		-1		-1		-1		-1		-1		-1		-1
0			202			"Thuộc Tính Cường Hóa"		    7		208		11		209		11		210		11		211		11		199		5		-1		-1		-1		-1		-1		-1		-1		-1		-1		-1		-1		-1		-1		-1		-1		-1		-1		-1		-1		-1
0			203			"Thuộc Tính Cường Hóa"		    7		208		11		209		11		210		11		211		11		199		5		-1		-1		-1		-1		-1		-1		-1		-1		-1		-1		-1		-1		-1		-1		-1		-1		-1		-1		-1		-1
0			204			"Thuộc Tính Cường Hóa"		    7		208		11		209		11		210		11		211		11		199		5		-1		-1		-1		-1		-1		-1		-1		-1		-1		-1		-1		-1		-1		-1		-1		-1		-1		-1		-1		-1
0			205			"Thuộc Tính Cường Hóa"		    7		208		11		209		11		210		11		211		11		199		5		-1		-1		-1		-1		-1		-1		-1		-1		-1		-1		-1		-1		-1		-1		-1		-1		-1		-1		-1		-1
0			206			"Thuộc Tính Cường Hóa"		    7		208		11		209		11		210		11		211		11		199		5		-1		-1		-1		-1		-1		-1		-1		-1		-1		-1		-1		-1		-1		-1		-1		-1		-1		-1		-1		-1
0			207			"Thuộc Tính Cường Hóa"		    7		208		11		209		11		210		11		211		11		199		5		-1		-1		-1		-1		-1		-1		-1		-1		-1		-1		-1		-1		-1		-1		-1		-1		-1		-1		-1		-1
0			208			"Thuộc Tính Cường Hóa"		    7		208		11		209		11		210		11		211		11		199		5		-1		-1		-1		-1		-1		-1		-1		-1		-1		-1		-1		-1		-1		-1		-1		-1		-1		-1		-1		-1
0			209			"Thuộc Tính Cường Hóa"		    7		208		11		209		11		210		11		211		11		199		5		-1		-1		-1		-1		-1		-1		-1		-1		-1		-1		-1		-1		-1		-1		-1		-1		-1		-1		-1		-1
0			210			"Thuộc Tính Cường Hóa"		    7		208		11		209		11		210		11		211		11		199		5		-1		-1		-1		-1		-1		-1		-1		-1		-1		-1		-1		-1		-1		-1		-1		-1		-1		-1		-1		-1
0			211			"Thuộc Tính Cường Hóa"		    7		208		11		209		11		210		11		211		11		199		5		-1		-1		-1		-1		-1		-1		-1		-1		-1		-1		-1		-1		-1		-1		-1		-1		-1		-1		-1		-1
0			212			"Thuộc Tính Cường Hóa"		    7		208		11		209		11		210		11		211		11		199		5		-1		-1		-1		-1		-1		-1		-1		-1		-1		-1		-1		-1		-1		-1		-1		-1		-1		-1		-1		-1
0			213			"Thuộc Tính Cường Hóa"		    7		208		11		209		11		210		11		211		11		199		5		-1		-1		-1		-1		-1		-1		-1		-1		-1		-1		-1		-1		-1		-1		-1		-1		-1		-1		-1		-1
0			214			"Thuộc Tính Cường Hóa"		    7		208		11		209		11		210		11		211		11		199		5		-1		-1		-1		-1		-1		-1		-1		-1		-1		-1		-1		-1		-1		-1		-1		-1		-1		-1		-1		-1

4			100			"Thuộc Tính Cường Hóa"		    7		208		11		209		11		210		11		211		11		199		5		-1		-1		-1		-1		-1		-1		-1		-1		-1		-1		-1		-1		-1		-1		-1		-1		-1		-1		-1		-1
4			101			"Thuộc Tính Cường Hóa"		    7		208		11		209		11		210		11		211		11		199		5		-1		-1		-1		-1		-1		-1		-1		-1		-1		-1		-1		-1		-1		-1		-1		-1		-1		-1		-1		-1
4			102			"Thuộc Tính Cường Hóa"		    7		208		11		209		11		210		11		211		11		199		5		-1		-1		-1		-1		-1		-1		-1		-1		-1		-1		-1		-1		-1		-1		-1		-1		-1		-1		-1		-1
4			103			"Thuộc Tính Cường Hóa"		    7		208		11		209		11		210		11		211		11		199		5		-1		-1		-1		-1		-1		-1		-1		-1		-1		-1		-1		-1		-1		-1		-1		-1		-1		-1		-1		-1
4			104			"Thuộc Tính Cường Hóa"		    7		208		11		209		11		210		11		211		11		199		5		-1		-1		-1		-1		-1		-1		-1		-1		-1		-1		-1		-1		-1		-1		-1		-1		-1		-1		-1		-1
4			105			"Thuộc Tính Cường Hóa"		    7		208		11		209		11		210		11		211		11		199		5		-1		-1		-1		-1		-1		-1		-1		-1		-1		-1		-1		-1		-1		-1		-1		-1		-1		-1		-1		-1
4			106			"Thuộc Tính Cường Hóa"		    7		208		11		209		11		210		11		211		11		199		5		-1		-1		-1		-1		-1		-1		-1		-1		-1		-1		-1		-1		-1		-1		-1		-1		-1		-1		-1		-1
4			107			"Thuộc Tính Cường Hóa"		    7		208		11		209		11		210		11		211		11		199		5		-1		-1		-1		-1		-1		-1		-1		-1		-1		-1		-1		-1		-1		-1		-1		-1		-1		-1		-1		-1
4			108			"Thuộc Tính Cường Hóa"		    7		208		11		209		11		210		11		211		11		199		5		-1		-1		-1		-1		-1		-1		-1		-1		-1		-1		-1		-1		-1		-1		-1		-1		-1		-1		-1		-1
4			109			"Thuộc Tính Cường Hóa"		    7		208		11		209		11		210		11		211		11		199		5		-1		-1		-1		-1		-1		-1		-1		-1		-1		-1		-1		-1		-1		-1		-1		-1		-1		-1		-1		-1
4			110			"Thuộc Tính Cường Hóa"		    7		208		11		209		11		210		11		211		11		199		5		-1		-1		-1		-1		-1		-1		-1		-1		-1		-1		-1		-1		-1		-1		-1		-1		-1		-1		-1		-1
4			111			"Thuộc Tính Cường Hóa"		    7		208		11		209		11		210		11		211		11		199		5		-1		-1		-1		-1		-1		-1		-1		-1		-1		-1		-1		-1		-1		-1		-1		-1		-1		-1		-1		-1
4			112			"Thuộc Tính Cường Hóa"		    7		208		11		209		11		210		11		211		11		199		5		-1		-1		-1		-1		-1		-1		-1		-1		-1		-1		-1		-1		-1		-1		-1		-1		-1		-1		-1		-1
4			113			"Thuộc Tính Cường Hóa"		    7		208		11		209		11		210		11		211		11		199		5		-1		-1		-1		-1		-1		-1		-1		-1		-1		-1		-1		-1		-1		-1		-1		-1		-1		-1		-1		-1
4			114			"Thuộc Tính Cường Hóa"		    7		208		11		209		11		210		11		211		11		199		5		-1		-1		-1		-1		-1		-1		-1		-1		-1		-1		-1		-1		-1		-1		-1		-1		-1		-1		-1		-1

5			100			"Thuộc Tính Cường Hóa"		    7		208		11		209		11		210		11		211		11		199		5		-1		-1		-1		-1		-1		-1		-1		-1		-1		-1		-1		-1		-1		-1		-1		-1		-1		-1		-1		-1
5			101			"Thuộc Tính Cường Hóa"		    7		208		11		209		11		210		11		211		11		199		5		-1		-1		-1		-1		-1		-1		-1		-1		-1		-1		-1		-1		-1		-1		-1		-1		-1		-1		-1		-1
5			102			"Thuộc Tính Cường Hóa"		    7		208		11		209		11		210		11		211		11		199		5		-1		-1		-1		-1		-1		-1		-1		-1		-1		-1		-1		-1		-1		-1		-1		-1		-1		-1		-1		-1
5			103			"Thuộc Tính Cường Hóa"		    7		208		11		209		11		210		11		211		11		199		5		-1		-1		-1		-1		-1		-1		-1		-1		-1		-1		-1		-1		-1		-1		-1		-1		-1		-1		-1		-1
5			104			"Thuộc Tính Cường Hóa"		    7		208		11		209		11		210		11		211		11		199		5		-1		-1		-1		-1		-1		-1		-1		-1		-1		-1		-1		-1		-1		-1		-1		-1		-1		-1		-1		-1
5			105			"Thuộc Tính Cường Hóa"		    7		208		11		209		11		210		11		211		11		199		5		-1		-1		-1		-1		-1		-1		-1		-1		-1		-1		-1		-1		-1		-1		-1		-1		-1		-1		-1		-1
5			106			"Thuộc Tính Cường Hóa"		    7		208		11		209		11		210		11		211		11		199		5		-1		-1		-1		-1		-1		-1		-1		-1		-1		-1		-1		-1		-1		-1		-1		-1		-1		-1		-1		-1
5			107			"Thuộc Tính Cường Hóa"		    7		208		11		209		11		210		11		211		11		199		5		-1		-1		-1		-1		-1		-1		-1		-1		-1		-1		-1		-1		-1		-1		-1		-1		-1		-1		-1		-1
5			108			"Thuộc Tính Cường Hóa"		    7		208		11		209		11		210		11		211		11		199		5		-1		-1		-1		-1		-1		-1		-1		-1		-1		-1		-1		-1		-1		-1		-1		-1		-1		-1		-1		-1
5			109			"Thuộc Tính Cường Hóa"		    7		208		11		209		11		210		11		211		11		199		5		-1		-1		-1		-1		-1		-1		-1		-1		-1		-1		-1		-1		-1		-1		-1		-1		-1		-1		-1		-1
5			110			"Thuộc Tính Cường Hóa"		    7		208		11		209		11		210		11		211		11		199		5		-1		-1		-1		-1		-1		-1		-1		-1		-1		-1		-1		-1		-1		-1		-1		-1		-1		-1		-1		-1
5			111			"Thuộc Tính Cường Hóa"		    7		208		11		209		11		210		11		211		11		199		5		-1		-1		-1		-1		-1		-1		-1		-1		-1		-1		-1		-1		-1		-1		-1		-1		-1		-1		-1		-1
5			112			"Thuộc Tính Cường Hóa"		    7		208		11		209		11		210		11		211		11		199		5		-1		-1		-1		-1		-1		-1		-1		-1		-1		-1		-1		-1		-1		-1		-1		-1		-1		-1		-1		-1
5			113			"Thuộc Tính Cường Hóa"		    7		208		11		209		11		210		11		211		11		199		5		-1		-1		-1		-1		-1		-1		-1		-1		-1		-1		-1		-1		-1		-1		-1		-1		-1		-1		-1		-1
5			114			"Thuộc Tính Cường Hóa"		    7		208		11		209		11		210		11		211		11		199		5		-1		-1		-1		-1		-1		-1		-1		-1		-1		-1		-1		-1		-1		-1		-1		-1		-1		-1		-1		-1
//=========================================================================================================
//Khiên Custom
6			100			"Thuộc Tính Cường Hóa"		    7		304		11		305		11		306		11		307		11		199		5		-1		-1		-1		-1		-1		-1		-1		-1		-1		-1		-1		-1		-1		-1		-1		-1		-1		-1		-1		-1
6			101			"Thuộc Tính Cường Hóa"		    7		304		11		305		11		306		11		307		11		199		5		-1		-1		-1		-1		-1		-1		-1		-1		-1		-1		-1		-1		-1		-1		-1		-1		-1		-1		-1		-1
6			102			"Thuộc Tính Cường Hóa"		    7		304		11		305		11		306		11		307		11		199		5		-1		-1		-1		-1		-1		-1		-1		-1		-1		-1		-1		-1		-1		-1		-1		-1		-1		-1		-1		-1
6			103			"Thuộc Tính Cường Hóa"		    7		304		11		305		11		306		11		307		11		199		5		-1		-1		-1		-1		-1		-1		-1		-1		-1		-1		-1		-1		-1		-1		-1		-1		-1		-1		-1		-1
6			104			"Thuộc Tính Cường Hóa"		    7		304		11		305		11		306		11		307		11		199		5		-1		-1		-1		-1		-1		-1		-1		-1		-1		-1		-1		-1		-1		-1		-1		-1		-1		-1		-1		-1
6			105			"Thuộc Tính Cường Hóa"		    7		304		11		305		11		306		11		307		11		199		5		-1		-1		-1		-1		-1		-1		-1		-1		-1		-1		-1		-1		-1		-1		-1		-1		-1		-1		-1		-1
6			106			"Thuộc Tính Cường Hóa"		    7		304		11		305		11		306		11		307		11		199		5		-1		-1		-1		-1		-1		-1		-1		-1		-1		-1		-1		-1		-1		-1		-1		-1		-1		-1		-1		-1
6			107			"Thuộc Tính Cường Hóa"		    7		304		11		305		11		306		11		307		11		199		5		-1		-1		-1		-1		-1		-1		-1		-1		-1		-1		-1		-1		-1		-1		-1		-1		-1		-1		-1		-1
6			108			"Thuộc Tính Cường Hóa"		    7		304		11		305		11		306		11		307		11		199		5		-1		-1		-1		-1		-1		-1		-1		-1		-1		-1		-1		-1		-1		-1		-1		-1		-1		-1		-1		-1
6			109			"Thuộc Tính Cường Hóa"		    7		304		11		305		11		306		11		307		11		199		5		-1		-1		-1		-1		-1		-1		-1		-1		-1		-1		-1		-1		-1		-1		-1		-1		-1		-1		-1		-1
6			110			"Thuộc Tính Cường Hóa"		    7		304		11		305		11		306		11		307		11		199		5		-1		-1		-1		-1		-1		-1		-1		-1		-1		-1		-1		-1		-1		-1		-1		-1		-1		-1		-1		-1
6			111			"Thuộc Tính Cường Hóa"		    7		304		11		305		11		306		11		307		11		199		5		-1		-1		-1		-1		-1		-1		-1		-1		-1		-1		-1		-1		-1		-1		-1		-1		-1		-1		-1		-1
6			112			"Thuộc Tính Cường Hóa"		    7		304		11		305		11		306		11		307		11		199		5		-1		-1		-1		-1		-1		-1		-1		-1		-1		-1		-1		-1		-1		-1		-1		-1		-1		-1		-1		-1
6			113			"Thuộc Tính Cường Hóa"		    7		304		11		305		11		306		11		307		11		199		5		-1		-1		-1		-1		-1		-1		-1		-1		-1		-1		-1		-1		-1		-1		-1		-1		-1		-1		-1		-1
6			114			"Thuộc Tính Cường Hóa"		    7		304		11		305		11		306		11		307		11		199		5		-1		-1		-1		-1		-1		-1		-1		-1		-1		-1		-1		-1		-1		-1		-1		-1		-1		-1		-1		-1
//=========================================================================================================
//Wing Custom
12			200			"Thuộc Tính Cường Hóa"		    7		412		11		413		11		414		11		415		11		199		5		-1		-1		-1		-1		-1		-1		-1		-1		-1		-1		-1		-1		-1		-1		-1		-1		-1		-1		-1		-1
12			201			"Thuộc Tính Cường Hóa"		    7		412		11		413		11		414		11		415		11		199		5		-1		-1		-1		-1		-1		-1		-1		-1		-1		-1		-1		-1		-1		-1		-1		-1		-1		-1		-1		-1
12			202			"Thuộc Tính Cường Hóa"		    7		412		11		413		11		414		11		415		11		199		5		-1		-1		-1		-1		-1		-1		-1		-1		-1		-1		-1		-1		-1		-1		-1		-1		-1		-1		-1		-1
12			203			"Thuộc Tính Cường Hóa"		    7		412		11		413		11		414		11		415		11		199		5		-1		-1		-1		-1		-1		-1		-1		-1		-1		-1		-1		-1		-1		-1		-1		-1		-1		-1		-1		-1
12			204			"Thuộc Tính Cường Hóa"		    7		412		11		413		11		414		11		415		11		199		5		-1		-1		-1		-1		-1		-1		-1		-1		-1		-1		-1		-1		-1		-1		-1		-1		-1		-1		-1		-1
12			205			"Thuộc Tính Cường Hóa"		    7		412		11		413		11		414		11		415		11		199		5		-1		-1		-1		-1		-1		-1		-1		-1		-1		-1		-1		-1		-1		-1		-1		-1		-1		-1		-1		-1
12			206			"Thuộc Tính Cường Hóa"		    7		412		11		413		11		414		11		415		11		199		5		-1		-1		-1		-1		-1		-1		-1		-1		-1		-1		-1		-1		-1		-1		-1		-1		-1		-1		-1		-1
12			207			"Thuộc Tính Cường Hóa"		    7		412		11		413		11		414		11		415		11		199		5		-1		-1		-1		-1		-1		-1		-1		-1		-1		-1		-1		-1		-1		-1		-1		-1		-1		-1		-1		-1
12			208			"Thuộc Tính Cường Hóa"		    7		412		11		413		11		414		11		415		11		199		5		-1		-1		-1		-1		-1		-1		-1		-1		-1		-1		-1		-1		-1		-1		-1		-1		-1		-1		-1		-1
12			209			"Thuộc Tính Cường Hóa"		    7		412		11		413		11		414		11		415		11		199		5		-1		-1		-1		-1		-1		-1		-1		-1		-1		-1		-1		-1		-1		-1		-1		-1		-1		-1		-1		-1
12			210			"Thuộc Tính Cường Hóa"		    7		412		11		413		11		414		11		415		11		199		5		-1		-1		-1		-1		-1		-1		-1		-1		-1		-1		-1		-1		-1		-1		-1		-1		-1		-1		-1		-1
12			211			"Thuộc Tính Cường Hóa"		    7		412		11		413		11		414		11		415		11		199		5		-1		-1		-1		-1		-1		-1		-1		-1		-1		-1		-1		-1		-1		-1		-1		-1		-1		-1		-1		-1
12			212			"Thuộc Tính Cường Hóa"		    7		412		11		413		11		414		11		415		11		199		5		-1		-1		-1		-1		-1		-1		-1		-1		-1		-1		-1		-1		-1		-1		-1		-1		-1		-1		-1		-1
12			213			"Thuộc Tính Cường Hóa"		    7		412		11		413		11		414		11		415		11		199		5		-1		-1		-1		-1		-1		-1		-1		-1		-1		-1		-1		-1		-1		-1		-1		-1		-1		-1		-1		-1
12			214			"Thuộc Tính Cường Hóa"		    7		412		11		413		11		414		11		415		11		199		5		-1		-1		-1		-1		-1		-1		-1		-1		-1		-1		-1		-1		-1		-1		-1		-1		-1		-1		-1		-1
