//=================================================================================================================
//					FACEBOOK: https://www.facebook.com/mukynguyen/
//					Zalo + SĐT : BQT MU KỶ NGUYÊN
//					Name : MU KỶ NGUYÊN
//=======Cung Cấp Sever Mu Online========
//-Phiên Bản
//+DLL Clasic Cutsom Có Đủ
//+5.2 FPS 120 Siêu Mượt
//======Hỗ Trợ=========
//+Config Sever Theo Ý Muốn
//+Dịch Vụ VPS Hosting Tên Miền Antihack
//=================================================================================================================
//Index   Rate   Name                                 Level   MaxLife   MaxMana   DamageMin   DamageMax   Defense   MagicDefense   AttackRate   DefenseRate   MoveRange   AttackType   AttackRange   ViewRange   MoveSpeed   AttackSpeed   RegenTime   Attribute   ItemRate   MoneyRate   MaxItemLevel   MonsterSkill   Resistance1   Resistance2   Resistance3   Resistance4
0         1      "Bull Fighter"                       175     100       0         16          20          6         0              28           6             3           0            1             5           400         1600          10          2           130        20          6              0              0             0             0             0
1         1      "Hound"                              175     140       0         22          27          9         0              39           9             3           0            1             5           400         1600          10          2           130        20          6              0              0             0             0             0
2         1      "Budge Dragon"                       175     60        0         10          13          3         0              18           3             3           0            1             4           400         2000          10          2           120        20          6              0              0             0             0             0
3         1      "Spider"                             175     30        0         4           7           1         0              8            1             2           0            1             5           400         1800          1           2           120        20          6              0              0             0             0             0
4         1      "Elite Bull Fighter"                 175     190       0         31          36          12        0              50           12            3           0            1             4           400         1400          10          2           140        24          6              0              0             0             0             0
5         1      "Hell Hound"                         175     1400      0         125         130         55        0              190          45            3           0            1             4           400         1200          10          2           190        28          6              0              1             1             1             3
6         1      "LIch"                               175     255       0         41          46          14        0              62           14            3           2            4             7           400         2000          10          2           150        24          6              0              0             0             0             1
7         1      "Giant"                              175     400       0         57          62          18        0              80           18            2           0            2             3           400         2200          10          2           150        24          6              0              0             0             0             0
8         1      "Poison Bull Fighter"                175     2500      0         145         150         75        0              230          61            3           1            1             5           400         1400          10          2           190        46          3              0              6             2             2             2
9         1      "Thunder Lich"                       175     2000      0         140         145         70        0              220          55            3           3            4             7           400         2200          10          2           190        28          3              0              2             2             3             2
10        1      "Dark Knight"                        175     3000      0         150         155         80        0              240          70            3           0            1             5           400         1400          10          2           200        28          3              0              3             3             3             5
11        1      "Ghost"                              175     1000      0         110         115         40        0              160          39            3           0            1             5           400         1400          10          2           190        46          6              0              2             2             2             2
12        1      "Larva"                              175     750       0         90          95          31        0              125          31            3           1            1             4           400         1800          10          2           200        28          6              0              2             0             0             0
13        1      "Hell Spider"                        175     1600      0         130         135         60        0              200          47            3           11           4             7           400         1600          10          2           190        28          6              0              3             1             1             1
14        1      "Skeleton"                           175     525       0         68          74          22        0              93           22            2           0            1             4           400         1400          10          2           160        24          6              0              0             0             0             0
15        1      "Skeleton Archer"                    175     1100      0         115         120         45        0              170          41            2           0            5             7           400         2000          10          2           190        28          6              0              1             1             1             1
16        1      "Chief Skeleton Warrior"             175     1800      0         135         140         65        0              210          49            2           0            1             4           400         1600          10          2           190        28          4              0              1             1             1             1
17        1      "Cyclops"                            175     850       0         100         105         35        0              140          35            3           0            1             4           400         1600          10          2           170        28          6              0              2             0             0             0
18        1      "Gorgon"                             175     6000      0         165         175         100       0              275          82            3           0            1             7           400         1600          150         2           160        28          3              0              6             6             6             6
19        1      "Yeti"                               175     900       0         105         110         37        0              150          37            2           17           4             6           400         2000          10          2           180        28          6              0              0             3             0             0
20        1      "Elite Yeti"                         175     1200      0         120         125         50        0              180          43            3           0            1             6           400         1400          10          2           180        46          6              0              1             4             1             1
21        1      "Assassin"                           175     800       0         95          100         33        0              130          33            2           0            1             7           400         2000          10          2           180        28          6              0              0             0             0             0
22        1      "Ice Monster"                        175     650       0         80          85          27        0              110          27            2           7            1             5           400         2000          10          2           170        28          6              0              0             3             0             0
23        1      "Hommerd"                            175     700       0         85          90          29        0              120          29            3           0            1             5           400         1600          10          2           170        28          6              0              0             3             0             0
24        1      "Worm"                               175     600       0         75          80          25        0              100          25            3           0            1             4           400         1600          10          2           160        28          6              0              0             2             0             0
25        1      "Ice Queen"                          175     4000      0         155         165         90        0              260          76            3           11           4             7           400         1400          50          2           180        28          3              0              4             5             4             4
26        1      "Goblin"                             175     45        0         7           10          2         0              13           2             2           0            1             4           400         1800          10          2           120        20          6              0              0             0             0             0
27        1      "Chain Scorpion"                     175     80        0         13          17          4         0              23           4             3           0            1             4           400         1800          10          2           120        20          6              0              0             0             0             0
28        1      "Beetle Monster"                     175     165       0         26          31          10        0              44           10            3           0            1             5           400         1600          10          2           140        20          6              0              0             0             0             0
29        1      "Hunter"                             175     220       0         36          41          13        0              56           13            3           0            4             4           400         1600          10          2           140        24          6              0              0             0             0             0
30        1      "Forest Monster"                     175     295       0         46          51          15        0              68           15            3           0            1             4           400         1600          10          2           150        24          6              0              0             0             0             0
31        1      "Agon"                               175     340       0         51          57          16        0              74           16            2           0            1             4           400         1400          10          2           150        24          6              0              0             0             0             0
32        1      "Stone Golem"                        175     465       0         62          68          20        0              86           20            2           0            2             3           400         2200          10          2           160        24          6              0              0             0             0             0
33        1      "Elite Goblin"                       175     120       0         19          23          8         0              33           8             3           0            1             5           400         1600          10          2           130        20          6              0              0             0             0             0
34        1      "Cursed Wizard"                      175     4000      0         160         170         95        0              270          80            3           2            4             7           400         2000          10          2           200        46          3              0              5             5             7             7
35        1      "Death Gorgon"                       175     6000      0         200         210         130       0              320          94            3           150          1             7           400         2000          10          2           180        46          3              0              6             6             6             8
36        1      "Shadow"                             175     2800      0         148         153         78        0              235          67            3           0            1             5           400         1400          10          2           200        28          3              0              3             3             3             5
37        1      "Devil"                              175     5000      0         180         195         115       0              300          88            3           3            4             7           400         2000          10          2           200        46          3              0              5             5             5             7
38        1      "Balrog"                             175     9000      0         220         240         160       0              330          99            3           150          2             7           400         1600          150         2           160        46          3              0              10            10            10            15
39        1      "Poison Shadow"                      175     3500      0         155         160         85        0              250          73            3           1            1             5           400         1400          10          2           200        46          3              0              6             4             4             6
40        1      "Death Knight"                       175     5500      0         190         200         120       0              310          91            3           0            1             7           400         1800          10          2           200        46          3              0              6             6             6             7
41        1      "Death Cow"                          175     4500      0         170         180         110       0              285          85            3           0            1             7           400         1600          10          2           200        46          3              0              5             5             5             7
44        1      "Dragon"                             175     15000     0         190         210         120       0              300          88            3           150          2             7           400         1800          100         2           50         20          0              0              9             7             9             9
45        1      "Bahamut"                            175     2400      0         130         140         65        0              215          52            2           0            1             4           400         1600          8           2           185        28          3              0              1             1             1             1
46        1      "Vepar"                              175     2800      0         135         145         70        0              225          58            3           17           4             7           400         1600          8           2           185        28          3              0              2             2             3             2
47        1      "Valkyrie"                           175     3200      0         140         150         75        0              230          64            3           0            5             7           400         1800          8           2           185        28          3              0              6             2             2             2
48        1      "Lizard King"                        175     9000      0         240         270         180       0              350          115           3           3            3             7           400         1600          15          2           175        46          3              0              7             7             7             7
49        1      "Hydra"                              175     19000     0         250         310         200       0              430          125           3           150          4             7           400         1400          150         2           175        46          3              0              12            12            12            12
51        1      "Great Bahamut"                      175     7000      0         210         230         150       0              330          98            3           0            2             7           400         1600          15          2           175        46          3              0              6             6             6             6
52        1      "Silver Valkyrie"                    175     8000      0         230         260         170       0              340          110           3           7            4             7           400         1600          15          2           175        46          3              0              7             7             7             7
55        1      "Death King"                         175     1800      0         105         110         37        0              150          37            2           0            2             6           400         1800          20          2           200        28          3              0              2             2             2             2
56        1      "Death Bone"                         175     700       0         85          90          29        0              120          29            3           0            1             5           400         1600          20          2           200        28          4              0              1             1             1             1
57        1      "Iron Wheel"                         175     17000     0         280         330         215       0              446          150           3           0            4             7           400         1400          10          2           160        100         3              0              9             9             9             9
58        1      "Tantalos"                           175     22000     0         335         385         250       0              500          175           3           150          2             7           400         1400          20          2           160        100         3              0              9             9             9             9
59        1      "Zaikan"                             175     34000     0         510         590         400       0              550          185           3           150          5             7           400         1400          150         2           160        100         3              0              13            13            13            15
60        1      "Bloody wolf"                        175     13500     0         260         300         200       0              410          130           3           0            2             7           400         1400          10          2           170        100         3              0              8             8             8             8
61        1      "Beam Knight"                        175     25000     0         375         425         275       0              530          190           3           17           4             7           400         1400          20          2           160        100         3              0              10            10            10            10
62        1      "Mutant"                             175     10000     0         250         280         190       0              365          120           3           0            1             7           400         1400          10          2           170        100         3              0              8             8             8             8
63        1      "Death Beam Knight"                  175     40000     0         590         650         420       0              575          220           3           150          5             7           400         1400          150         2           130        100         3              0              13            13            13            17
64        1      "Ogre archer"                        175     10000     0         220         250         170       0              350          115           3           0            4             7           400         1600          10          2           200        28          3              0              7             7             7             7
65        1      "Elite Ogre"                         175     14000     0         260         290         190       0              400          125           3           150          1             7           400         2000          100         2           180        28          3              0              8             8             8             8
66        1      "Cursed king"                        175     38000     0         500         570         350       0              525          200           3           150          4             7           400         1400          70          2           200        60          3              0              17            17            17            17
67        1      "Metal Balrog"                       175     26000     0         300         360         220       0              385          150           3           150          2             7           400         1600          200         2           160        28          3              0              9             9             9             9
69        1      "Alquamos"                           175     11500     0         255         290         195       0              385          125           3           17           5             5           400         1400          10          2           160        46          3              0              9             9             11            9
70        1      "Queen Rainier"                      175     19000     0         305         350         230       0              475          160           3           17           3             5           400         1400          10          2           160        46          3              0              9             11            12            9
71        1      "Mega Crust"                         175     15000     0         270         320         210       0              430          140           3           0            1             5           400         1400          10          2           160        46          3              0              9             9             12            9
72        1      "Phantom Knight"                     175     41000     0         560         610         425       0              690          270           3           150          2             5           400         1400          30          2           150        46          3              0              14            14            16            14
73        1      "Drakan"                             175     29000     0         425         480         305       0              570          210           3           150          5             5           400         1400          20          2           160        46          3              0              12            12            13            12
74        1      "Alpha Crust"                        175     34500     0         489         540         360       0              620          240           3           0            1             5           400         1400          10          2           160        46          3              0              13            13            14            13
75        1      "Great Drakan"                       175     50000     0         650         700         495       0              800          305           3           150          5             5           400         1400          30          2           140        46          3              0              15            15            17            18
76        1      "Phoenix Darkness shield"            175     73000     0         850         960         580       0              840          305           3           3            3             5           400         1400          10          2           190        28          3              0              30            30            35            30
77        1      "Phoenix of Darkness"                175     95000     0         950         1000        600       0              900          350           1           150          6             7           400         1500          150         2           0          46          4              0              30            30            35            30
84        1      "Chief Skeleton Warrior"             175     1100      0         100         120         55        0              190          45            3           0            1             3           400         2000          10          2           300        400         3              0              0             0             0             0
85        1      "Chief Skeleton Archer"              175     1400      0         110         130         65        0              210          49            3           0            5             7           400         1600          10          2           300        400         3              0              0             0             0             0
86        1      "Dark Skull Soldier"                 175     1700      0         120         140         75        0              230          61            3           0            1             3           400         2000          10          2           250        300         3              0              0             0             0             0
87        1      "Giant Ogre"                         175     2100      0         130         150         85        0              250          73            3           17           5             7           400         1600          10          2           250        300         3              0              0             0             0             0
88        1      "Red Skeleton Knight"                175     2800      0         140         160         95        0              270          77            3           0            1             3           400         2000          10          2           200        200         3              0              0             0             0             0
89        1      "Magic Skeleton"                     175     3700      0         150         180         115       0              300          88            4           150          4             6           400         1600          10          2           150        100         4              0              3             3             3             3
90        1      "Chief Skeleton Warrior"             175     3500      0         140         170         90        0              250          76            3           0            1             3           400         2000          10          2           300        400         3              0              1             1             1             1
91        1      "Chief Skeleton Archer"              175     4100      0         150         180         100       0              275          80            3           0            5             7           400         1600          10          2           300        400         3              0              1             1             1             1
92        1      "Dark Skull Soldier"                 175     5000      0         160         190         115       0              300          88            3           0            1             3           400         2000          10          2           250        300         3              0              1             1             1             1
93        1      "Giant Ogre"                         175     6000      0         175         210         130       0              320          95            3           17           5             7           400         1600          10          2           250        300         3              0              1             1             1             1
94        1      "Red Skeleton Knight"                175     7000      0         185         220         170       0              360          110           3           0            1             3           400         2000          10          2           200        200         3              0              1             1             1             1
95        1      "Magic Skeleton"                     175     8000      0         200         240         190       0              400          130           4           150          4             6           400         1800          10          2           150        100         4              0              4             4             4             4
96        1      "Chief Skeleton Warrior"             175     5000      0         160         180         110       0              300          85            3           0            1             3           400         2000          10          2           300        400         3              0              2             2             2             2
97        1      "Chief Skeleton Archer"              175     6500      0         180         200         120       0              330          93            3           0            5             7           400         1600          10          2           300        400         3              0              2             2             2             2
98        1      "Dark Skull Soldier"                 175     8000      0         190         220         150       0              360          98            3           0            1             3           400         2000          10          2           250        300         3              0              2             2             2             2
99        1      "Giant Ogre"                         175     9500      0         210         240         180       0              400          115           3           17           5             7           400         1600          10          2           250        300         3              0              2             2             2             2
100       1      "Lance"                              175     1000      0         100         110         0         0              400          500           0           0            4             1           500         1000          3           1           200        20          0              0              0             0             0             0
101       1      "Iron Stick"                         175     1000      0         110         130         0         0              400          500           0           0            0             1           500         1000          3           1           200        20          0              0              0             0             0             0
102       1      "Fire"                               175     1000      0         130         150         0         0              400          500           0           0            2             1           500         1000          3           1           200        20          0              0              0             0             0             0
103       1      "Meteorite"                          175     1000      0         160         190         0         0              450          500           0           50           0             1           500         1000          3           1           200        20          0              0              0             0             0             0
104       1      "Trap"                               175     50        0         500         600         0         0              800          30            0           50           0             1           0           1000          0           0           0          0           0              0              0             0             0             0
105       1      "Canon Trap"                         175     1000      0         200         203         0         0              400          500           0           0            4             2           500         1000          3           1           200        10          0              0              0             0             0             0
106       1      "Laser Trap"                         175     1000      0         150         152         0         0              400          500           0           0            1             1           500         1000          3           1           200        10          0              0              0             0             0             0
111       1      "Red Skeleton Knight"                175     12000     0         220         260         190       0              440          130           3           0            1             3           400         2000          10          2           200        200         3              0              2             2             2             2
112       1      "Magic Skeleton"                     175     15000     0         230         280         240       0              500          180           4           150          4             6           400         1800          10          2           150        100         4              0              5             5             5             5
113       1      "Chief Skeleton Warrior"             175     7500      0         180         220         150       0              340          98            3           0            1             3           400         2000          10          2           300        400         3              0              4             4             4             4
114       1      "Chief Skeleton Archer"              175     9500      0         200         240         170       0              380          110           3           0            5             7           400         1600          10          2           300        400         3              0              4             4             4             4
115       1      "Dark Skull Soldier"                 175     12000     0         220         260         190       0              440          130           3           0            1             3           400         2000          10          2           250        300         3              0              4             4             4             4
116       1      "Giant Ogre"                         175     15000     0         250         290         210       0              500          150           3           17           5             7           400         1600          10          2           250        300         3              0              4             4             4             4
117       1      "Red Skeleton Knight"                175     18000     0         270         320         290       0              560          170           3           0            1             3           400         2000          10          2           200        200         3              0              4             4             4             4
118       1      "Magic Skeleton"                     175     24000     0         300         350         360       0              640          200           4           150          4             6           400         1800          10          2           150        100         4              0              7             7             7             7
119       1      "Chief Skeleton Warrior"             175     12000     0         210         270         185       0              380          125           3           0            1             3           400         2000          10          2           300        400         3              0              5             5             5             5
120       1      "Chief Skeleton Archer"              175     15000     0         240         300         190       0              420          130           3           0            5             7           400         1600          10          2           300        400         3              0              5             5             5             5
121       1      "Dark Skull Soldier"                 175     19000     0         280         340         220       0              470          175           3           0            1             3           400         2000          10          2           250        300         3              0              5             5             5             5
122       1      "Giant Ogre"                         175     23000     0         340         390         300       0              520          190           3           17           5             7           400         1600          10          2           250        300         3              0              5             5             5             5
123       1      "Red Skeleton Knight"                175     26000     0         370         410         400       0              650          200           3           0            1             3           400         2000          10          2           200        200         3              0              5             5             5             5
124       1      "Magic Skeleton"                     175     32000     0         400         460         450       0              720          260           4           150          4             6           400         1800          10          2           150        100         4              0              8             8             8             8
125       1      "Chief Skeleton Warrior"             175     17000     0         260         290         210       0              460          150           3           0            1             3           400         2000          10          2           300        400         3              0              6             6             6             6
126       1      "Chief Skeleton Archer"              175     20000     0         320         350         270       0              520          160           3           0            5             7           400         1600          10          2           300        400         3              0              6             6             6             6
127       1      "Dark Skull Soldier"                 175     25000     0         390         420         360       0              580          195           3           0            1             3           400         2000          10          2           250        300         3              0              6             6             6             6
128       1      "Giant Ogre"                         175     32000     0         440         500         400       0              660          230           3           17           5             7           400         1600          10          2           250        300         3              0              6             6             6             6
129       1      "Red Skeleton Knight"                175     38000     0         480         540         450       0              720          260           3           0            1             3           400         2000          10          2           200        200         3              0              6             6             6             6
130       1      "Magic Skeleton"                     175     47000     0         530         580         500       0              840          280           4           150          4             6           400         1800          10          2           150        100         4              0              9             9             9             9
131       1      "Castle Gate"                        175     2000      0         0           0           0         0              0            0             0           0            0             0           0           0             0           0           0          0           0              0              100           100           100           100
132       1      "Statue of Saint"                    175     3000      0         0           0           0         0              0            0             0           0            0             0           0           0             0           0           0          0           0              0              100           100           100           100
133       1      "Statue of Saint"                    175     3000      0         0           0           0         0              0            0             0           0            0             0           0           0             0           0           0          0           0              0              100           100           100           100
134       1      "Statue of Saint"                    175     3000      0         0           0           0         0              0            0             0           0            0             0           0           0             0           0           0          0           0              0              100           100           100           100
135       1      "White wizard"                       175     26000     0         370         410         400       0              550          200           4           3            5             6           400         2200          10          2           150        100         4              0              15            15            20            15
136       1      "Destructive ogre soldier"           175     9500      0         210         240         180       0              400          125           3           0            1             3           400         1500          10          2           300        400         3              0              7             7             7             7
137       1      "Destructive ogre archer"            175     12000     0         220         260         190       0              440          130           3           0            5             5           400         1800          10          2           300        400         3              0              8             8             8             8
138       1      "Chief Skeleton Warrior"             175     23000     0         340         390         340       0              520          190           3           0            1             3           400         2000          10          2           300        400         3              0              7             7             7             7
139       1      "Chief Skeleton Archer"              175     26000     0         390         430         380       0              590          200           3           0            5             7           400         1600          10          2           300        400         3              0              7             7             7             7
140       1      "Dark Skull Soldier"                 175     32000     0         430         480         400       0              660          230           3           0            1             3           400         2000          10          2           250        300         3              0              7             7             7             7
141       1      "Giant Ogre"                         175     37000     0         470         520         440       0              730          250           3           17           5             7           400         1600          10          2           250        300         3              0              7             7             7             7
142       1      "Red Skeleton Knight"                175     45000     0         510         560         490       0              800          270           3           0            1             3           400         2000          10          2           200        200         3              0              7             7             7             7
143       1      "Magic Skeleton"                     175     55000     0         560         600         550       0              870          310           4           150          4             6           400         1800          10          2           150        100         4              0              10            10            10            10
144       1      "Death Angel"                        175     740       0         80          87          30        0              100          24            3           17           6             7           500         1500          10          2           160        0           3              0              11            11            11            11
145       1      "Death Centurion"                    175     1250      0         110         117         50        0              145          39            3           17           6             7           500         1500          10          2           160        0           3              0              13            13            13            13
146       1      "Blood Soldier"                      175     600       0         70          77          25        0              88           20            3           17           6             7           500         1500          10          2           180        0           3              0              10            10            10            10
147       1      "Aegis"                              175     440       0         55          62          17        0              75           17            3           17           1             7           500         1500          10          2           180        0           3              0              8             8             8             8
148       1      "Rogue Centurion"                    175     500       0         60          67          20        0              80           18            3           17           2             5           500         1500          10          2           180        0           3              0              9             9             9             9
149       1      "Necron"                             175     900       0         95          102         38        0              118          30            3           17           2             5           500         1500          10          2           160        0           3              0              12            12            12            12
150       1      "Bali"                               175     5000      0         165         170         100       0              260          75            3           0            1             7           400         1600          100         2           160        20          3              0              6             6             6             6
151       1      "Soldier"                            175     4000      0         175         180         110       0              290          86            3           0            4             7           400         1600          100         2           160        20          3              0              6             6             6             6
152       1      "Magic stone of %s"                  175     50        0         0           0           0         0              0            0             0           0            0             0           0           0             0           2           0          0           0              0              0             0             0             0
153       1      "Magic stone of %s"                  175     50        0         0           0           0         0              0            0             0           0            0             0           0           0             0           2           0          0           0              0              0             0             0             0
154       1      "Magic stone of %s"                  175     50        0         0           0           0         0              0            0             0           0            0             0           0           0             0           2           0          0           0              0              0             0             0             0
155       1      "Magic stone of %s"                  175     50        0         0           0           0         0              0            0             0           0            0             0           0           0             0           2           0          0           0              0              0             0             0             0
156       1      "Magic stone of %s"                  175     50        0         0           0           0         0              0            0             0           0            0             0           0           0             0           2           0          0           0              0              0             0             0             0
157       1      "Magic stone of %s"                  175     50        0         0           0           0         0              0            0             0           0            0             0           0           0             0           2           0          0           0              0              0             0             0             0
158       1      "Magic stone of %s"                  175     50        0         0           0           0         0              0            0             0           0            0             0           0           0             0           2           0          0           0              0              0             0             0             0
160       1      "Schriker"                           175     1800      0         130         137         66        0              180          50            3           17           6             7           500         1600          10          2           160        0           4              0              14            14            14            14
161       1      "Illusion of Kundun"                 175     3000      0         165         172         90        0              255          70            3           150          10            7           800         1700          10800       2           140        0           4              0              30            30            30            30
162       1      "Chaos Castle 1"                     175     700       0         70          90          30        0              160          20            50          0            1             7           400         2000          10          2           300        400         3              0              0             0             0             0
163       1      "Chaos Castle 2"                     175     800       0         80          100         40        0              180          30            50          17           6             7           400         1600          10          2           300        400         3              0              0             0             0             0
164       1      "Chaos Castle 3"                     175     1600      0         132         135         75        0              225          60            50          0            1             7           400         2000          10          2           300        400         3              0              1             1             1             1
165       1      "Chaos Castle 4"                     175     2700      0         150         150         90        0              250          70            50          17           6             7           400         1600          10          2           300        400         3              0              1             1             1             1
166       1      "Chaos Castle 5"                     175     4000      0         168         165         105       0              270          80            50          0            1             7           400         2000          10          2           300        400         3              0              2             2             2             2
167       1      "Chaos Castle 6"                     175     5000      0         180         180         120       0              290          90            50          17           6             7           400         1600          10          2           300        400         3              0              2             2             2             2
168       1      "Chaos Castle 7"                     175     6500      0         185         210         145       0              320          110           50          0            1             7           400         2000          10          2           300        400         3              0              4             4             4             4
169       1      "Chaos Castle 8"                     175     8000      0         205         230         160       0              350          120           50          17           6             7           400         1600          10          2           300        400         3              0              4             4             4             4
170       1      "Chaos Castle 9"                     175     10000     0         215         240         170       0              370          120           50          0            1             7           400         2000          10          2           300        400         3              0              5             5             5             5
171       1      "Chaos Castle 10"                    175     12500     0         235         260         190       0              400          130           50          17           6             7           400         1600          10          2           300        400         3              0              5             5             5             5
172       1      "Chaos Castle 11"                    175     15000     0         255         280         215       0              430          140           50          0            1             7           400         2000          10          2           300        400         3              0              6             6             6             6
173       1      "Chaos Castle 12"                    175     18000     0         280         300         240       0              470          150           50          17           6             7           400         1600          10          2           300        400         3              0              6             6             6             6
174       1      "Death Angel"                        175     1800      0         130         137         57        0              182          45            3           17           6             7           500         1500          10          2           160        0           3              0              14            14            14            14
175       1      "Death Centurion"                    175     3000      0         155         162         81        0              235          58            3           17           6             7           500         1500          10          2           160        0           3              0              16            16            16            16
176       1      "Blood Soldier"                      175     1400      0         120         127         50        0              163          40            3           17           6             7           500         1500          10          2           180        0           3              0              13            13            13            13
177       1      "Aegis"                              175     1000      0         105         112         42        0              135          33            3           17           1             7           500         1500          10          2           180        0           3              0              11            11            11            11
178       1      "Rogue Centurion"                    175     1200      0         112         119         45        0              147          36            3           17           2             5           500         1500          10          2           180        0           3              0              12            12            12            12
179       1      "Necron"                             175     2300      0         140         147         68        0              205          50            3           17           2             5           500         1500          10          2           160        0           3              0              15            15            15            15
180       1      "Schriker"                           175     3900      0         180         187         100       0              275          67            3           17           6             7           500         1600          10          2           160        0           4              0              17            17            17            17
181       1      "Illusion of Kundun"                 175     6000      0         220         227         140       0              355          100           3           150          10            7           800         1700          10800       2           140        0           4              0              35            35            35            35
182       1      "Death Angel"                        175     4400      0         175         185         105       0              273          67            3           17           6             7           500         1500          10          2           150        0           3              0              17            17            17            17
183       1      "Death Centurion"                    175     6600      0         225         235         150       0              325          92            3           17           6             7           500         1500          10          2           150        0           3              0              19            19            19            19
184       1      "Blood Soldier"                      175     3650      0         160         170         90        0              250          60            3           17           6             7           500         1500          10          2           170        0           3              0              16            16            16            16
185       1      "Aegis"                              175     2700      0         145         155         73        0              220          54            3           17           1             7           500         1500          10          2           170        0           3              0              14            14            14            14
186       1      "Rogue Centurion"                    175     3100      0         152         162         80        0              232          56            3           17           2             5           500         1500          10          2           170        0           3              0              15            15            15            15
187       1      "Necron"                             175     5300      0         195         205         126       0              296          77            3           17           2             5           500         1500          10          2           150        0           3              0              18            18            18            18
188       1      "Schriker"                           175     8400      0         260         270         180       0              365          110           3           17           6             7           500         1600          10          2           150        0           4              0              20            20            20            20
189       1      "Illusion of Kundun"                 175     14000     0         350         360         255       0              460          160           3           150          10            7           800         1700          10800       2           130        0           4              0              40            40            40            40
190       1      "Death Angel"                        175     12000     0         270         295         185       0              397          120           3           17           6             7           500         1500          10          2           140        0           3              0              20            20            20            20
191       1      "Death Centurion"                    175     22500     0         350         375         255       0              500          175           3           17           6             7           500         1500          10          2           140        0           3              0              22            22            22            22
192       1      "Blood Soldier"                      175     8800      0         245         265         165       0              360          105           3           17           6             7           500         1500          10          2           160        0           3              0              19            19            19            19
193       1      "Aegis"                              175     6000      0         215         235         140       0              310          87            3           17           1             7           500         1500          10          2           160        0           3              0              17            17            17            17
194       1      "Rogue Centurion"                    175     6900      0         230         250         150       0              330          95            3           17           2             5           500         1500          10          2           160        0           3              0              18            18            18            18
195       1      "Necron"                             175     16000     0         305         330         215       0              440          145           3           17           2             5           500         1500          10          2           140        0           3              0              21            21            21            21
196       1      "Schriker"                           175     30000     0         410         435         300       0              575          215           3           17           6             7           500         1600          10          2           140        0           4              0              23            23            23            23
197       1      "Illusion of Kundun"                 175     50000     0         600         625         500       0              780          295           3           150          10            7           800         1700          10800       2           120        0           4              0              45            45            45            45
200       1      "Soccer Ball"                        175     1000      0         150         200         0         0              60           500           0           0            4             1           500         1000          3           1           200        20          0              0              0             0             0             0
204       1      "Wolf Status"                        175     50        0         15          30          70        20             10           30            0           0            0             0           0           0             0           0           0          0           0              0              0             0             0             0
205       1      "Wolf Altar 1"                       175     50        0         15          30          70        20             10           30            0           0            0             0           0           0             0           0           0          0           0              0              0             0             0             0
206       1      "Wolf Altar 2"                       175     50        0         15          30          70        20             10           30            0           0            0             0           0           0             0           0           0          0           0              0              0             0             0             0
207       1      "Wolf Altar 3"                       175     50        0         15          30          70        20             10           30            0           0            0             0           0           0             0           0           0          0           0              0              0             0             0             0
208       1      "Wolf Altar 4"                       175     50        0         15          30          70        20             10           30            0           0            0             0           0           0             0           0           0          0           0              0              0             0             0             0
209       1      "Wolf Altar 5"                       175     50        0         15          30          70        20             10           30            0           0            0             0           0           0             0           0           0          0           0              0              0             0             0             0
215       1      "Shield"                             175     50        0         15          30          70        20             10           30            0           0            0             5           400         1500          10          0           200        10          0              0              0             0             0             0
216       1      "Crown"                              175     50        0         15          30          70        20             10           30            0           0            0             0           0           0             0           0           0          0           0              0              0             0             0             0
217       1      "Crown Switch 2"                     175     50        0         15          30          70        20             10           30            0           0            0             0           0           0             0           0           0          0           0              0              0             0             0             0
218       1      "Crown Switch 1"                     175     50        0         15          30          70        20             10           30            0           0            0             0           0           0             0           0           0          0           0              0              0             0             0             0
219       1      "Castle Gate Switch"                 175     50        0         15          30          70        20             10           30            0           0            0             0           0           0             0           0           0          0           0              0              0             0             0             0
220       1      "Gatekeeper"                         175     50        0         15          30          70        20             10           30            0           0            0             0           400         1500          0           0           0          0           0              0              0             0             0             0
221       1      "Slingshot attack"                   175     50        0         15          30          70        20             10           30            0           0            0             0           400         1500          0           0           0          0           0              0              0             0             0             0
222       1      "Slingshot defense"                  175     50        0         15          30          70        20             10           30            0           0            0             0           400         1500          0           0           0          0           0              0              0             0             0             0
223       1      "Senior"                             175     50        0         15          30          70        20             10           30            0           0            0             0           0           0             0           0           0          0           0              0              0             0             0             0
224       1      "Guardsman"                          175     50        0         15          30          70        20             10           30            0           0            0             0           0           0             0           0           0          0           0              0              0             0             0             0
226       1      "Trainer"                            175     50        0         15          30          70        20             10           30            0           0            0             5           400         1500          10          0           200        10          0              0              0             0             0             0
229       1      "Marlon"                             175     50        0         15          30          70        20             10           30            0           0            0             5           400         1500          10          0           200        10          0              0              0             0             0             0
230       1      "Wandering Merchant Alex"            175     50        0         15          30          70        20             10           30            0           0            0             5           400         1500          10          0           200        10          0              0              0             0             0             0
231       1      "Thompson Kenel"                     175     50        0         15          30          70        20             10           30            0           0            0             5           400         1500          10          0           200        10          0              0              0             0             0             0
232       1      "Archangel"                          175     50        0         15          30          70        20             10           30            0           0            0             5           400         1500          10          0           200        10          0              0              0             0             0             0
233       1      "Messenger of Archangel"             175     50        0         15          30          70        20             10           30            0           0            0             5           400         1500          10          0           200        10          0              0              0             0             0             0
234       1      "Pet Trainer"                        175     50        0         15          30          70        20             10           30            0           0            0             5           400         1500          10          0           200        10          0              0              0             0             0             0
235       1      "Sebina the Priest"                  175     50        0         15          30          70        20             10           30            0           0            0             5           400         1500          10          0           200        10          0              0              0             0             0             0
236       1      "Golden Archer"                      175     50        0         15          30          70        20             10           30            0           0            0             5           400         1500          10          0           200        10          0              0              0             0             0             0
237       1      "Charon"                             175     50        0         15          30          70        20             10           30            0           0            0             5           400         1500          10          0           200        10          0              0              0             0             0             0
238       1      "Chaos Goblin"                       175     50        0         15          30          70        20             10           30            0           0            0             5           400         1500          10          0           200        10          0              0              0             0             0             0
239       1      "Arena Guard"                        175     50        0         15          30          70        20             10           30            0           0            0             5           400         1500          10          0           200        10          0              0              0             0             0             0
240       1      "Safety Guardian"                    175     50        0         15          30          70        20             10           30            0           0            0             5           400         1500          10          0           200        10          0              0              0             0             0             0
241       1      "Royal Guard Captain Lorence"        175     50        0         15          30          70        20             10           30            0           0            0             5           400         1500          10          0           200        10          0              0              0             0             0             0
242       1      "Elf Lala"                           175     50        0         15          30          70        20             10           30            0           0            0             5           400         1500          10          0           200        10          0              0              0             0             0             0
243       1      "Eo the Craftsman"                   175     50        0         15          30          70        20             10           30            0           0            0             5           400         1500          10          0           200        10          0              0              0             0             0             0
244       1      "Caren the Barmaid"                  175     50        0         15          30          70        20             10           30            0           0            0             5           400         1500          10          0           200        10          0              0              0             0             0             0
245       1      "Wizard Izabel"                      175     50        0         15          30          70        20             10           30            0           0            0             5           400         1500          10          0           200        10          0              0              0             0             0             0
246       1      "Weapons Merchant Zienna"            175     1000      0         15          30          70        0              100          30            0           0            0             5           400         1500          10          0           200        10          0              0              0             0             0             0
247       1      "Guard"                              175     10000     0         180         195         70        20             300          100           5           0            2             2           400         1500          10          1           200        10          0              0              0             0             0             0
248       1      "Wandering Merchant Martin"          175     1000      0         15          30          70        0              100          30            0           0            0             5           400         1500          10          0           200        10          0              0              0             0             0             0
249       1      "Guard"                              175     10000     0         180         195         70        20             300          100           5           0            5             5           400         1500          10          1           200        10          0              0              0             0             0             0
250       1      "Wandering Merchant"                 175     1000      0         15          30          70        20             100          30            0           0            0             5           400         1000          10          0           200        10          0              0              0             0             0             0
251       1      "Hanzo the Blacksmith"               175     1000      0         15          30          70        20             100          30            0           0            0             5           400         1500          10          0           200        10          0              0              0             0             0             0
252       1      ""                                   175     50        0         15          30          70        20             10           30            0           0            2             5           400         1000          10          0           200        10          0              0              0             0             0             0
253       1      "Potion Girl Amy"                    175     50        0         15          30          70        20             10           30            0           0            0             5           400         1500          10          0           200        10          0              0              0             0             0             0
254       1      "Pasi the Mage"                      175     50        0         15          30          70        20             10           30            0           0            0             5           400         1500          10          0           200        10          0              0              0             0             0             0
255       1      "Lumen the Barmaid"                  175     50        0         15          30          70        20             10           30            0           0            0             5           400         1500          10          0           200        10          0              0              0             0             0             0
256       1      "Lahap"                              175     50        0         15          30          70        20             10           30            0           0            0             5           400         1500          10          0           200        10          0              0              0             0             0             0
257       1      "Shadow Phantom Soldier"             175     50        0         15          30          70        20             10           30            0           0            0             5           400         1500          10          0           200        10          0              0              0             0             0             0
258       1      "Luke the Helper"                    175     10000     0         180         195         70        20             300          100           5           0            5             5           400         1500          10          1           200        10          0              0              0             0             0             0
259       1      "Oracle Layla"                       175     50        0         15          30          70        20             10           30            0           0            0             5           400         1500          10          0           200        10          0              0              0             0             0             0
260       1      "Death Angel"                        175     31000     0         408         443         315       0              587          195           3           17           6             7           500         1500          10          2           135        0           3              0              23            23            23            23
261       1      "Death Centurion"                    175     48000     0         546         581         430       0              715          250           3           17           6             7           500         1500          10          2           135        0           3              0              25            25            25            25
262       1      "Blood Soldier"                      175     26000     0         365         395         280       0              540          177           3           17           6             7           500         1500          10          2           155        0           3              0              22            22            22            22
263       1      "Aegis"                              175     18000     0         310         340         230       0              460          163           3           17           1             7           500         1500          10          2           155        0           3              0              20            20            20            20
264       1      "Rogue Centurion"                    175     21000     0         335         365         250       0              490          168           3           17           2             5           500         1500          10          2           155        0           3              0              21            21            21            21
265       1      "Necron"                             175     38500     0         470         505         370       0              645          220           3           17           2             5           500         1500          10          2           135        0           3              0              24            24            24            24
266       1      "Schriker"                           175     60000     0         640         675         515       0              810          290           3           17           6             7           500         1600          10          2           135        0           4              0              26            26            26            26
267       1      "Illusion of Kundun"                 175     100000    0         835         870         680       0              1000         360           3           150          10            7           800         1700          10800       2           110        0           4              0              50            50            50            50
268       1      "Death Angel"                        175     65000     0         610         645         500       0              760          275           3           17           6             7           500         1500          10          2           130        0           3              0              26            26            26            26
269       1      "Death Centurion"                    175     87500     0         753         788         620       0              900          335           3           17           6             7           500         1500          10          2           130        0           3              0              28            28            28            28
270       1      "Blood Soldier"                      175     56000     0         570         600         460       0              713          255           3           17           6             7           500         1500          10          2           150        0           3              0              25            25            25            25
271       1      "Aegis"                              175     42000     0         520         550         410       0              655          230           3           17           1             7           500         1500          10          2           150        0           3              0              23            23            23            23
272       1      "Rogue Centurion"                    175     48500     0         540         570         432       0              680          240           3           17           2             5           500         1500          10          2           150        0           3              0              24            24            24            24
273       1      "Necron"                             175     75500     0         672         707         550       0              820          303           3           17           2             5           500         1500          10          2           130        0           3              0              27            27            27            27
274       1      "Schriker"                           175     105000    0         850         885         710       0              1000         370           3           17           6             7           500         1600          10          2           130        0           4              0              29            29            29            29
277       1      "Castle Gate"                        175     50        0         15          30          70        20             10           30            0           0            0             0           0           0             0           0           0          0           0              0              0             0             0             0
278       1      "Life Stone"                         175     250000    0         15          30          70        20             10           30            0           0            0             0           0           0             0           0           0          0           0              0              0             0             0             0
283       1      "Guardian Statue"                    175     50        0         15          30          70        20             10           30            0           0            0             0           0           0             0           0           0          0           0              0              0             0             0             0
284       1      ""                                   175     50        0         15          30          70        20             10           30            0           0            0             0           0           0             0           0           0          0           0              0              0             0             0             0
285       1      "Guardian"                           175     30000     0         15          30          70        20             10           30            0           0            0             5           400         1500          10          0           200        10          0              0              0             0             0             0
286       1      "Archer"                             175     23000     0         340         390         340       0              520          190           0           0            6             7           400         2000          0           2           0          0           0              0              7             7             7             7
287       1      "Spearman"                           175     26000     0         390         430         380       0              590          200           0           0            1             3           400         1600          0           2           0          0           0              0              7             7             7             7
288       1      "Canon Tower"                        175     50        0         575         610         500       20             1000         30            0           150          7             6           400         2000          0           0           0          0           0              0              0             0             0             0
290       1      "Lizard Warrior"                     175     15000     0         270         320         210       0              430          140           3           0            1             5           400         1400          10          2           200        46          3              0              26            26            26            26
291       1      "Fire Golem"                         175     55000     0         560         600         550       0              870          310           3           0            1             7           500         1600          10          2           150        166         4              0              29            29            29            29
292       1      "Queen Bee"                          175     34500     0         489         540         360       0              620          240           3           3            5             5           500         2000          10          2           180        46          3              0              28            28            28            28
293       1      "Poison Golem"                       175     25000     0         375         425         275       0              530          190           3           17           4             6           500         2000          10          2           180        100         3              0              27            27            27            27
294       1      "Ax Warrior"                         175     11500     0         255         290         195       0              385          125           3           0            1             5           400         1400          10          2           200        46          3              0              25            25            25            25
295       1      "Erohim"                             175     3000000   0         1500        2000        1000      0              1500         800           3           150          6             8           650         1600          43200       2           100        100         4              0              100           254           100           100
300       1      "Hero Mutant"                        175     20000     0         500         560         380       0              415          170           20          0            1             10          800         1600          10          2           150        10          3              0              16            16            16            16
301       1      "Omega Wing"                         175     69000     0         978         1080        720       0              670          290           20          0            1             10          800         1600          10          2           150        10          3              0              26            26            28            26
302       1      "Axl Hero"                           175     23000     0         510         580         390       0              435          175           20          0            1             10          800         1600          10          2           150        10          3              0              50            50            50            50
303       1      "Gigas Golem"                        175     50000     0         750         850         550       0              580          240           20          17           5             10          1000        2500          10          2           150        10          3              0              54            54            54            54
304       1      "Witch Queen"                        175     38500     0         408         442         357       0              637          230           4           0            3             7           450         1700          10          2           160        46          3              0              22            22            22            22
305       1      "Blue Golem"                         175     25000     0         288         322         277       0              507          170           4           0            2             7           450         1500          10          2           180        46          3              0              21            21            21            21
306       1      "Death Rider"                        175     14000     0         260         294         222       0              402          144           4           0            1             5           450         1400          10          2           180        46          3              0              20            20            20            20
307       1      "Forest Orc"                         175     11000     0         258         282         197       0              390          127           4           0            1             5           450         1400          10          2           180        46          3              0              19            19            19            19
308       1      "Death Tree"                         175     10000     0         248         272         187       0              362          120           4           0            1             5           450         1400          10          2           180        46          3              0              18            18            18            18
310       1      "Hammer Scout"                       175     45000     0         530         560         420       0              670          250           6           0            1             5           600         1600          10          2           180        28          3              0              15            15            15            15
311       1      "Lance Scout"                        175     45000     0         530         560         420       0              670          250           6           0            3             6           600         1600          10          2           180        28          3              0              17            17            17            17
312       1      "Bow Scout"                          175     45000     0         530         560         420       0              670          250           6           0            6             7           700         1700          10          2           180        28          3              0              19            19            19            19
313       1      "Werewolf"                           175     110000    0         830         850         680       0              950          355           6           0            1             7           600         1600          10          2           180        28          3              0              21            21            21            21
314       1      "Scout(Hero)"                        175     120000    0         890         910         740       0              980          370           6           0            2             7           700         1700          10          2           150        28          3              0              23            23            23            23
315       1      "Werewolf(Hero)"                     175     123000    0         964         1015        800       0              1027         397           6           0            2             7           700         1700          10          2           150        28          3              0              25            25            25            25
316       1      "Balram"                             175     140000    0         1075        1140        885       0              1100         440           6           0            3             7           700         1700          10          2           130        28          3              0              27            27            27            27
317       1      "Soram"                              175     164000    0         1200        1300        982       0              1173         500           6           0            7             7           700         1700          10          2           130        28          3              0              29            29            29            29
331       1      "Aegis"                              175     82000     0         712         752         584       0              850          315           3           17           1             7           500         1500          10          2           150        0           3              0              23            23            23            23
332       1      "Rogue Centurion"                    175     88000     0         751         791         615       0              880          330           3           17           2             5           500         1500          10          2           150        0           3              0              24            24            24            24
333       1      "Blood Soldier"                      175     97300     0         805         845         660       0              920          345           3           17           6             7           500         1500          10          2           150        0           3              0              25            25            25            25
334       1      "Death Angel"                        175     110000    0         870         915         720       0              960          370           3           17           6             7           500         1500          10          2           130        0           3              0              26            26            26            26
335       1      "Necron"                             175     125000    0         951         996         783       0              1015         405           3           17           2             5           500         1500          10          2           130        0           3              0              27            27            27            27
336       1      "Death Centurion"                    175     145000    0         1040        1085        865       0              1080         440           3           17           6             7           500         1500          10          2           130        0           3              0              28            28            28            28
337       1      "Schriker"                           175     170000    0         1168        1213        992       0              1190         485           3           17           6             7           500         1600          10          2           130        0           4              0              29            29            29            29
338       1      "Illusion of Kundun"                 175     140000    0         1070        1105        892       0              1200         450           3           150          10            7           800         1700          10800       2           100        0           4              0              60            60            60            60
340       1      "Dark Elf"                           175     1500000   0         800         900         900       0              1500         370           6           0            6             10          700         1700          10          2           150        28          3              0              23            23            23            23
341       1      "Soram"                              175     100000    0         600         700         500       0              1500         397           6           0            4             7           700         1700          10          2           150        28          3              0              25            25            25            25
344       1      "Balram"                             175     90000     0         600         700         500       0              1500         370           6           0            7             7           700         1700          10          2           150        28          3              0              23            23            23            23
345       1      "Death spirit"                       175     95000     0         600         700         500       0              1500         397           6           0            6             7           700         1700          10          2           150        28          3              0              25            25            25            25
348       1      "Tanker"                             175     450000    0         800         1000        840       0              1500         370           6           0            6             7           700         1700          10          2           150        28          3              0              23            23            23            23
349       1      "Balgass"                            175     500000    0         1000        1500        800       0              2000         370           6           0            6             7           700         1700          10          2           150        14          3              0              23            23            23            23
350       1      "Berserker"                          175     44370     0         555         590         443       0              728          255           3           0            2             7           500         1550          10          2           135        33          4              0              25            25            25            25
351       1      "Splinter Wolf"                      175     16000     0         310         340         230       0              460          163           3           0            2             7           500         1500          10          2           155        33          3              0              20            20            20            20
352       1      "Iron Rider"                         175     18000     0         335         365         250       0              490          168           3           0            2             5           500         1500          10          2           155        33          3              0              21            21            21            21
353       1      "Satyros"                            175     22000     0         365         395         280       0              540          177           3           0            2             7           500         1500          10          2           155        33          3              0              22            22            22            22
354       1      "Blade Hunter"                       175     32000     0         408         443         315       0              587          195           3           0            1             7           500         1500          10          2           135        33          3              0              23            23            23            23
355       1      "Kentauros"                          175     38500     0         470         505         370       0              645          220           3           0            4             5           500         1500          10          2           135        33          3              0              24            24            24            24
356       1      "Gigantis"                           175     43000     0         546         581         430       0              715          250           3           0            2             7           500         1500          10          2           135        33          3              0              25            25            25            25
357       1      "Genocider"                          175     48500     0         640         675         515       0              810          290           3           0            2             7           500         1600          10          2           135        33          4              0              26            26            26            26
358       1      "Persona"                            175     68000     0         1168        1213        615       0              1190         485           3           0            5             7           500         1600          10          2           130        33          4              0              29            29            29            29
359       1      "Twin Tale"                          175     87500     0         830         1085        865       0              1080         440           3           0            4             7           500         1500          10          2           130        33          3              0              28            28            28            28
360       1      "Dreadfear"                          175     94000     0         946         996         783       0              1015         905           3           0            2             5           500         1500          10          2           130        33          3              0              27            27            27            27
361       1      "Nightmare"                          175     1500000   0         1225        1468        1000      0              2000         420           6           0            2             7           700         1700          10          2           150        46          3              0              150           255           150           150
362       1      "Maya Hand"                          175     400000    0         732         932         315       0              2000         1445          6           0            3             7           700         1700          10          2           150        46          3              0              100           100           100           100
363       1      "Maya Hand"                          175     350000    0         732         932         800       0              2000         550           6           0            3             7           700         1700          10          2           150        46          3              0              100           100           100           100
364       1      "Maya"                               175     300       0         712         752         584       0              850          315           3           0            1             7           500         1500          10          2           150        0           3              0              100           100           100           100
367       1      "Gateway Machine"                    175     1000      0         15          30          70        0              100          30            0           0            0             5           400         1500          10          0           200        10          0              0              0             0             0             0
368       1      "Elpis"                              175     1000      0         15          30          70        0              100          30            0           0            0             5           400         1500          10          0           200        10          0              0              0             0             0             0
369       1      "Osbourne"                           175     1000      0         15          30          70        0              100          30            0           0            0             5           400         1500          10          0           200        10          0              0              0             0             0             0
370       1      "Jerridon"                           175     1000      0         15          30          70        0              100          30            0           0            0             5           400         1500          10          0           200        10          0              0              0             0             0             0
371       1      "Leo the Helper"                     175     10000     0         180         195         70        20             300          100           5           0            5             5           400         1500          10          1           200        10          0              0              0             0             0             0
372       1      "Elite Skull Soldier"                175     10        0         10          10          10        10             10           10            0           0            0             0           0           0             0           0           0          0           0              0              0             0             0             0
373       1      "Jack Olantern"                      175     10        0         10          10          10        10             10           10            0           0            0             0           0           0             0           0           0          0           0              0              0             0             0             0
374       1      "Santa"                              175     10        0         10          10          10        10             10           10            0           0            0             0           0           0             0           0           0          0           0              0              0             0             0             0
375       1      "Chaos Card Master"                  175     10        0         10          10          10        10             10           10            0           0            0             0           0           0             0           0           0          0           0              0              0             0             0             0
376       1      "Pamela the Supplier"                175     1000      0         15          30          70        0              100          30            0           0            0             5           400         1500          10          0           200        10          0              0              0             0             0             0
377       1      "Angela the Supplier"                175     1000      0         15          30          70        0              100          30            0           0            0             5           400         1500          10          0           200        10          0              0              0             0             0             0
378       1      "GameMaster"                         175     10        0         10          10          10        10             10           10            0           0            0             0           0           0             0           0           0          0           0              0              0             0             0             0
379       1      "Natasha the Firecracker Merchan"    175     10        0         10          10          10        1              10           10            0           0            0             0           0           0             0           0           0          0           0              0              0             0             0             0
380       1      "Stone Statue"                       175     10        0         10          10          10        1              10           10            0           0            0             0           0           0             0           0           0          0           0              0              0             0             0             0
381       1      "MU Allies General"                  175     10        0         10          10          10        1              10           10            0           0            0             0           0           0             0           0           0          0           0              0              0             0             0             0
382       1      "Illusion Sorcerer Elder"            175     10        0         10          10          10        1              10           10            0           0            0             0           0           0             0           0           0          0           0              0              0             0             0             0
383       1      "Alliance Sacred Item Storage"       175     10        0         10          10          10        1              10           10            0           0            0             0           0           0             0           0           0          0           0              0              0             0             0             0
384       1      "Illusion Castle Sacred Item Sto"    175     10        0         10          10          10        1              10           10            0           0            0             0           0           0             0           0           0          0           0              0              0             0             0             0
385       1      "Mirage"                             175     10        0         10          10          10        1              10           10            0           0            0             0           0           0             0           0           0          0           0              0              0             0             0             0
386       1      "Illusion Sorcerer Spirit"           175     7150      0         195         245         150       0              340          98            4           3            4             4           800         1600          0           2           200        400         3              0              4             4             4             4
387       1      "Illusion Sorcerer Spirit"           175     7150      0         215         265         170       0              380          110           4           7            4             4           800         1600          0           2           200        400         3              0              4             4             4             4
388       1      "Illusion Sorcerer Spirit"           175     7370      0         235         285         190       0              440          130           5           0            1             6           1600        2000          0           2           200        300         3              0              4             4             4             4
389       1      "Illusion Sorcerer Spirit"           175     8680      0         280         330         210       0              500          150           4           3            4             4           800         1600          0           2           180        300         3              0              4             4             4             4
390       1      "Illusion Sorcerer Spirit"           175     8680      0         300         350         230       0              560          170           4           7            4             4           800         1600          0           2           180        200         3              0              4             4             4             4
391       1      "Illusion Sorcerer Spirit"           175     8928      0         320         370         250       0              640          200           5           0            1             6           1600        2000          0           2           180        100         4              0              7             7             7             7
392       1      "Illusion Sorcerer Spirit"           175     15000     0         375         395         280       0              460          150           4           3            4             4           800         1600          0           2           150        400         3              0              6             6             6             6
393       1      "Illusion Sorcerer Spirit"           175     15000     0         395         415         300       0              520          160           4           7            4             4           800         1600          0           2           150        400         3              0              6             6             6             6
394       1      "Illusion Sorcerer Spirit"           175     15400     0         415         435         320       0              580          195           5           0            1             6           1600        2000          0           2           150        300         3              0              6             6             6             6
395       1      "Illusion Sorcerer Spirit"           175     19200     0         480         500         360       0              660          230           4           3            4             4           800         1600          0           2           150        300         3              0              6             6             6             6
396       1      "Illusion Sorcerer Spirit"           175     19200     0         500         520         380       0              720          260           4           7            4             4           800         1600          0           2           150        200         3              0              6             6             6             6
397       1      "Illusion Sorcerer Spirit"           175     19680     0         520         540         400       0              840          280           5           0            1             6           1600        2000          0           2           150        100         4              0              9             9             9             9
398       1      "Illusion Sorcerer Spirit"           175     25500     0         595         615         450       0              760          275           4           3            4             4           800         1600          0           2           130        0           3              0              26            26            26            26
399       1      "Illusion Sorcerer Spirit"           175     25500     0         615         635         470       0              820          303           4           7            4             4           800         1600          0           2           130        0           3              0              27            27            27            27
400       1      "Illusion Sorcerer Spirit"           175     26100     0         635         655         490       0              900          335           5           0            1             6           1600        2000          0           2           130        0           3              0              28            28            28            28
401       1      "Illusion Sorcerer Spirit"           175     36000     0         720         740         550       0              1015         405           4           3            4             4           800         1600          0           2           130        0           3              0              27            27            27            27
402       1      "Illusion Sorcerer Spirit"           175     36000     0         740         760         570       0              1080         440           4           7            4             4           800         1600          0           2           130        0           3              0              28            28            28            28
403       1      "Illusion Sorcerer Spirit"           175     36800     0         760         780         590       0              1190         485           5           0            1             6           1600        2000          0           2           130        0           4              0              29            29            29            29
404       1      "MU Allies"                          175     10        0         10          10          10        1              10           10            0           0            0             0           0           0             0           0           0          0           0              0              0             0             0             0
405       1      "Illusion Sorcerer"                  175     10        0         10          10          10        1              10           10            0           0            0             0           0           0             0           0           0          0           0              0              0             0             0             0
406       1      "Apostle Devin"                      175     10        0         10          10          10        1              10           10            0           0            0             0           0           0             0           0           0          0           0              0              0             0             0             0
407       1      "Werewolf Quarel"                    175     10        0         10          10          10        1              10           10            0           0            0             0           0           0             0           0           0          0           0              0              0             0             0             0
408       1      "Gatekeeper"                         175     10        0         10          10          10        1              10           10            0           0            0             0           0           0             0           0           0          0           0              0              0             0             0             0
409       1      "Balram"                             175     75000     0         550         650         480       0              1200         370           6           0            4             7           500         1500          10          2           150        46          3              0              23            23            23            23
410       1      "Death Spirit"                       175     85000     0         580         680         490       0              1200         390           6           0            4             7           500         1500          10          2           150        46          3              0              25            25            25            25
411       1      "Soram"                              175     90000     0         600         700         500       0              1200         390           6           0            2             7           500         1500          10          2           150        46          3              0              25            25            25            25
412       1      "Dark Elf"                           175     1500000   0         800         900         900       0              1500         400           6           0            6             10          700         1700          10800       2           150        46          3              0              23            254           23            23
414       1      "Helper Ellen"                       175     10        0         10          10          10        1              10           10            0           0            0             0           0           0             0           0           0          0           0              0              0             0             0             0
415       1      "Silvia"                             175     10        0         10          10          10        1              10           10            0           0            0             0           0           0             0           0           0          0           0              0              0             0             0             0
416       1      "Rhea"                               175     10        0         10          10          10        1              10           10            0           0            0             0           0           0             0           0           0          0           0              0              0             0             0             0
417       1      "Marce"                              175     10        0         10          10          10        1              10           10            0           0            0             0           0           0             0           0           0          0           0              0              0             0             0             0
418       1      "Strange Rabbit"                     175     60        0         10          13          3         0              18           3             3           0            1             4           400         2000          10          2           120        20          6              0              0             0             0             0
419       1      "Hideous Rabbit"                     175     520       0         68          72          22        0              93           22            3           0            1             4           400         1400          10          2           160        24          6              0              0             0             0             0
420       1      "Werewolf"                           175     720       0         85          90          30        0              120          30            3           0            1             5           400         1800          10          2           170        28          6              0              0             0             0             0
421       1      "Polluted Butterfly"                 175     230       0         37          42          13        0              58           13            3           0            1             4           400         1600          10          2           140        24          6              0              0             0             0             0
422       1      "Cursed Lich"                        175     900       0         105         110         33        0              150          36            3           2            4             7           400         2000          10          2           180        28          6              0              0             2             0             0
423       1      "Totem Golem"                        175     1200      0         120         125         50        0              180          43            3           0            1             6           400         1400          10          2           180        46          6              0              0             0             0             0
424       1      "Grizzly"                            175     2400      0         130         140         65        0              215          52            2           17           2             6           400         1600          8           2           185        46          3              0              0             3             0             0
425       1      "Captain Grizzly"                    175     3000      0         150         155         80        0              240          70            3           0            1             5           400         1400          10          2           200        46          3              0              3             3             3             5
426       1      "Chaos Castle 13"                    175     20000     0         300         345         245       0              480          190           50          0            1             7           400         2000          10          2           300        400         3              0              7             7             7             7
427       1      "Chaos Castle 14"                    175     23000     0         330         380         280       0              520          200           50          17           6             7           400         1600          10          2           300        400         3              0              7             7             7             7
428       1      "Chief Skeleton Warrior"             175     29000     0         475         510         440       0              570          250           3           0            1             3           400         2000          10          2           300        400         3              0              8             8             8             8
429       1      "Chief Skeleton Archer"              175     32000     0         510         555         480       0              640          260           3           0            5             7           400         1600          10          2           300        400         3              0              8             8             8             8
430       1      "Dark Skull Soldier"                 175     37000     0         600         650         500       0              710          300           3           0            1             3           400         2000          10          2           250        300         3              0              8             8             8             8
431       1      "Giant Ogre"                         175     45000     0         645         690         540       0              780          310           3           17           5             7           400         1600          10          2           250        300         3              0              8             8             8             8
432       1      "Red Skeleton Knight"                175     55000     0         780         820         600       0              850          360           3           0            1             3           400         2000          10          2           200        200         3              0              8             8             8             8
433       1      "Magic Skeleton"                     175     65000     0         830         865         680       0              920          370           4           150          4             6           400         1800          10          2           150        100         4              0              11            11            11            11
434       1      "Gigantis"                           175     30000     0         475         510         360       0              715          270           3           0            2             7           500         1500          10          2           135        0           3              0              25            25            25            25
435       1      "Berserker"                          175     33000     0         500         540         410       0              750          280           3           0            2             7           800         1700          10          2           110        0           3              0              50            50            50            50
436       1      "Balram"                             175     37000     0         560         600         460       0              800          320           6           0            4             7           500         1500          10          2           150        28          3              0              23            23            23            23
437       1      "Soram"                              175     40000     0         610         650         510       0              835          330           6           0            2             7           500         1500          10          2           150        28          3              0              25            25            25            25
438       1      "Persona"                            175     50000     0         640         680         560       0              935          370           3           0            5             7           500         1600          10          2           130        0           3              0              29            29            29            29
439       1      "Dreadfear"                          175     55000     0         700         740         610       0              1015         380           3           0            2             5           500         1500          10          2           130        0           3              0              27            27            27            27
440       1      "Dark Elf"                           175     75000     0         850         900         690       0              1300         430           6           0            6             10          700         1700          10          2           150        28          4              0              23            23            23            23
441       1      "Sapi-Unus"                          175     37000     0         475         510         370       0              700          220           4           0            1             7           600         1500          8           2           140        33          3              0              0             20            0             0
442       1      "Sapi-Duo"                           175     39500     0         485         505         375       0              730          225           4           0            1             7           600         1500          8           2           140        33          3              0              0             30            0             0
443       1      "Sapi-Tres"                          175     58000     0         590         625         470       0              880          275           4           17           4             7           600         1500          8           2           135        33          3              0              0             40            0             0
444       1      "Shadow Pawn"                        175     48500     0         540         575         430       0              830          240           4           0            1             5           700         1700          8           2           135        33          3              0              20            20            0             0
445       1      "Shadow Knight"                      175     52000     0         570         600         455       0              860          255           4           7            1             5           700         1700          8           2           135        33          3              0              30            30            0             0
446       1      "Shadow Look"                        175     62000     0         600         645         500       0              950          290           4           0            1             5           700         1700          8           2           130        33          3              0              40            40            0             0
447       1      "Thunder Napin"                      175     42000     0         520         555         395       0              750          235           4           0            2             5           500         2000          8           2           140        33          3              0              0             0             20            0
448       1      "Ghost Napin"                        175     68000     0         635         665         535       0              980          295           4           1            2             5           500         2000          8           2           130        33          3              0              0             30            0             0
449       1      "Blaze Napin"                        175     70000     0         670         725         530       0              1000         303           4           0            2             5           500         2000          8           2           130        33          3              0              0             0             0             40
450       1      "Cherry Blossom Spirit"              175     10        0         10          10          10        1              10           10            0           0            0             0           0           0             0           0           0          0           0              0              0             0             0             0
451       1      "Cherry Blossom Tree"                175     10        0         10          10          10        1              10           10            0           0            0             0           0           0             0           0           0          0           0              0              0             0             0             0
452       1      "Seed Master"                        175     10        0         10          10          10        1              10           10            0           0            0             0           0           0             0           0           0          0           0              0              0             0             0             0
453       1      "Seed Researcher"                    175     10        0         10          10          10        1              10           10            0           0            0             0           0           0             0           0           0          0           0              0              0             0             0             0
454       1      "Ice Walker"                         175     68000     0         1310        1965        615       0              1190         800           3           7            6             7           500         1500          10          2           140        33          3              0              150           30            30            30
455       1      "Giant Mammoth"                      175     77000     0         1441        2017        585       0              1350         840           3           0            3             6           500         1500          10          2           140        33          3              0              150           30            30            30
456       1      "Ice Giant"                          175     84000     0         1585        2060        620       0              1570         770           3           0            3             7           500         1500          10          2           150        33          3              0              150           30            30            30
457       1      "Coolutin"                           175     88000     0         1743        2092        650       0              1940         840           3           7            6             7           500         1500          10          2           140        33          3              0              150           30            30            30
458       1      "Iron Knight"                        175     95000     0         1917        2301        660       0              2000         800           3           0            6             7           500         1500          10          2           140        33          3              0              150           30            30            30
460       1      "Spider Eggs"                        175     40000     0         500         540         410       0              750          280           3           0            2             7           800         1700          10          0           110        0           3              0              50            50            50            50
461       1      "Spider Eggs"                        175     40000     0         500         540         410       0              750          280           3           0            2             7           800         1700          10          0           110        0           3              0              50            50            50            50
462       1      "Spider Eggs"                        175     40000     0         500         540         410       0              750          280           3           0            2             7           800         1700          10          0           110        0           3              0              50            50            50            50
464       1      "Re-Initialization Helper"           175     10        0         10          10          10        1              10           10            0           0            0             0           0           0             0           0           0          0           0              0              0             0             0             0
465       1      "Santa Claus"                        175     26000     0         370         410         400       0              550          200           4           3            5             6           400         2200          10          2           150        50          4              0              15            15            20            15
466       1      "Cursed Goblin"                      175     12000     0         220         260         190       0              440          130           3           0            2             5           400         1800          10          2           300        200         3              0              8             8             8             8
467       1      "Snowman"                            175     10        0         10          10          10        1              10           10            0           0            0             0           0           0             0           0           0          0           0              0              0             0             0             0
468       1      "Dasher"                             175     10        0         10          10          10        1              10           10            0           0            0             0           0           0             0           0           0          0           0              0              0             0             0             0
469       1      "Kermit"                             175     10        0         10          10          10        1              10           10            0           0            0             0           0           0             0           0           0          0           0              0              0             0             0             0
470       1      "Little Santa"                       175     10        0         10          10          10        1              10           10            0           0            0             0           0           0             0           0           0          0           0              0              0             0             0             0
471       1      "Cupid"                              175     10        0         10          10          10        1              10           10            0           0            0             0           0           0             0           0           0          0           0              0              0             0             0             0
472       1      "Prancer"                            175     10        0         10          10          10        1              10           10            0           0            0             0           0           0             0           0           0          0           0              0              0             0             0             0
473       1      "Donner"                             175     10        0         10          10          10        1              10           10            0           0            0             0           0           0             0           0           0          0           0              0              0             0             0             0
474       1      "Vixen"                              175     10        0         10          10          10        1              10           10            0           0            0             0           0           0             0           0           0          0           0              0              0             0             0             0
475       1      "Blitzen"                            175     10        0         10          10          10        1              10           10            0           0            0             0           0           0             0           0           0          0           0              0              0             0             0             0
476       1      "Cursed Santa"                       175     26000     0         370         410         400       0              550          200           4           0            2             6           400         2200          10          2           150        50          4              0              15            15            20            15
477       1      "Transformed Snowman"                175     10        0         10          10          10        1              10           10            0           0            0             0           0           0             0           0           0          0           0              0              0             0             0             0
478       1      "Delgado"                            175     10        0         10          10          10        1              10           10            0           0            0             0           0           0             0           0           0          0           0              0              0             0             0             0
479       1      "Doorkeeper Titus"                   175     10        0         10          10          10        1              10           10            0           0            0             0           0           0             0           0           0          0           0              0              0             0             0             0
480       1      "Zombie Fighter"                     175     20000     0         300         345         200       0              750          170           3           0            1             7           500         1500          10          2           130        33          3              0              200           200           200           250
481       1      "Zombie Fighter"                     175     500000    0         850         950         210       0              1190         820           3           0            1             7           500         1500          300         2           130        33          3              0              200           200           200           250
482       1      "Resurrected Gladiator"              175     23000     0         320         360         220       0              780          200           3           0            2             7           500         1500          10          2           130        33          3              0              200           200           200           250
483       1      "Resurrected Gladiator"              175     513000    0         860         960         230       0              1210         825           3           0            2             7           500         1500          300         2           130        33          3              0              200           200           200           250
484       1      "Ash Slaughterer"                    175     27000     0         335         370         270       0              810          230           3           0            2             7           450         1600          10          2           130        33          3              0              200           200           200           250
485       1      "Ash Slaughterer"                    175     520000    0         870         970         280       0              1230         830           3           0            2             7           450         1600          300         2           130        33          3              0              200           200           200           250
486       1      "Blood Assassin"                     175     37000     0         550         600         475       0              900          300           3           0            1             7           600         1200          10          2           130        33          3              0              200           200           200           250
487       1      "Cruel Blood Assassin"               175     40000     0         570         620         490       0              950          325           3           0            1             7           600         1200          10          2           130        33          3              0              200           200           200           250
488       1      "Cruel Blood Assassin"               175     523000    0         880         980         500       0              1250         835           3           0            1             7           600         1200          300         2           130        33          3              0              200           200           200           250
489       1      "Burning Lava Giant"                 175     50000     0         600         650         520       0              970          330           3           0            1             7           500         1600          10          2           130        33          3              0              200           200           200           250
490       1      "Ruthless Lava Giant"                175     55000     0         630         680         535       0              1000         340           3           0            1             7           500         1600          10          2           130        33          3              0              200           200           200           250
491       1      "Ruthless Lava Giant"                175     530000    0         890         990         545       0              1270         840           3           0            1             7           500         1600          300         2           130        33          3              0              200           200           200           250
492       1      "Moss"                               175     10        0         10          10          10        1              10           10            0           0            0             0           0           0             0           0           0          0           0              0              0             0             0             0
503       1      "Transformed Panda"                  175     10        0         10          10          10        1              10           10            0           0            0             0           0           0             0           0           0          0           0              0              0             0             0             0
504       1      "Gaion Kharein"                      175     1250      0         45          50          35        0              91           80            6           0            6             10          600         3000          10          2           160        10          6              254            254           254           254           254
505       1      "Jerint"                             175     930       0         42          47          30        0              80           70            6           0            2             10          600         1600          10          2           160        10          6              254            254           254           254           254
506       1      "Raymond"                            175     800       0         39          44          28        0              70           60            6           0            2             10          600         1600          10          2           150        10          6              254            254           254           254           254
507       1      "Erkanne"                            175     800       0         39          44          28        0              70           60            6           0            2             10          600         1600          10          2           150        10          6              254            254           254           254           254
508       1      "Destler"                            175     780       0         36          41          27        0              70           60            6           0            2             10          600         1600          10          2           150        10          6              254            254           254           254           254
509       1      "Vermont"                            175     780       0         36          41          27        0              70           60            6           0            2             10          600         1600          10          2           150        10          6              254            254           254           254           254
510       1      "Kato"                               175     780       0         36          41          27        0              70           60            6           0            2             10          600         1400          10          2           160        10          6              254            254           254           254           254
511       1      "Galia"                              175     780       0         36          41          27        0              70           60            6           0            2             10          600         1400          10          2           160        10          6              254            254           254           254           254
512       1      "Quartermaster"                      175     650       0         33          38          22        0              50           40            6           0            2             10          600         1600          10          2           130        10          6              254            254           254           254           254
513       1      "Combat Instructor"                  175     650       0         33          38          22        0              50           40            6           0            2             10          600         1600          10          2           130        10          6              254            254           254           254           254
514       1      "Knight Commander"                   175     650       0         33          38          22        0              50           40            6           0            2             10          600         1600          10          2           130        10          6              254            254           254           254           254
515       1      "Grand Wizard"                       175     650       0         33          38          22        0              50           40            6           2            6             10          600         1600          10          2           140        10          6              254            254           254           254           254
516       1      "Master Assassin"                    175     650       0         33          38          22        0              50           40            6           0            2             10          600         1200          10          2           140        10          6              254            254           254           254           254
517       1      "Cavalry Captain"                    175     650       0         33          38          22        0              50           40            6           0            2             10          600         1600          10          2           140        10          6              254            254           254           254           254
518       1      "Shield Bearer"                      175     580       0         30          35          20        0              30           20            6           0            2             7           600         1400          10          2           120        10          6              254            254           254           254           254
519       1      "Medic"                              175     500       0         25          30          15        0              30           20            6           2            6             10          600         1400          10          2           120        10          6              254            254           254           254           254
520       1      "Knights"                            175     550       0         28          33          17        0              30           20            6           0            2             7           600         1400          10          2           120        10          6              254            254           254           254           254
521       1      "Bodyguard"                          175     570       0         30          35          18        0              30           20            6           0            2             10          600         1400          10          2           120        10          6              254            254           254           254           254
522       1      "Jerint the Assistant"               175     10        0         10          10          10        1              10           10            0           0            0             0           0           0             0           0           0          0           0              0              0             0             0             0
523       1      "Trap"                               175     100       0         15          52          0         0              45           50            0           0            2             2           0           1000          3           1           0          0           0              0              254           254           254           254
524       1      "Castle Gate 1"                      175     500       0         0           0           0         0              0            0             0           0            0             0           0           0             0           0           0          0           0              0              254           254           254           254
525       1      "Castle Gate 2"                      175     600       0         0           0           0         0              0            0             0           0            0             0           0           0             0           0           0          0           0              0              254           254           254           254
526       1      "Stone Statue 1"                     175     200000000 0         0           0           0         0              0            0             0           0            0             0           0           0             0           0           0          0           0              0              254           0             0             0
527       1      "Castle Gate 3"                      175     500       0         0           0           0         0              0            0             0           0            0             0           0           0             0           0           0          0           0              0              254           254           254           254
528       1      "Castle Gate 4"                      175     600       0         0           0           0         0              0            0             0           0            0             0           0           0             0           0           0          0           0              0              254           254           254           254
529       1      "Furious Slaughterer"                175     2800      0         125         135         83        0              2000         1500          3           50           6             7           500         1600          10          0           0          0           6              15             15            15            254           15
530       1      "Slaughterer"                        175     2300      0         110         120         73        0              1000         1000          3           50           6             7           500         1600          10          0           0          0           6              15             15            15            254           15
531       1      "Ice Walker"                         175     1500      0         85          90          60        0              800          1000          3           0            8             10          400         2000          10          2           100        0           6              15             15            15            15            15
532       1      "Larva"                              175     1000      0         75          80          55        0              800          900           3           1            2             7           400         2000          10          2           100        0           6              15             15            15            15            15
533       1      "Doppelganger"                       175     600       0         80          85          45        0              1000         900           3           239          1             3           400         1600          10          2           100        5           6              10             10            10            10            10
534       1      "Doppelganger Elf"                   175     500       0         65          70          30        0              700          500           2           235          5             6           400         1400          10          2           100        5           6              10             10            10            10            10
535       1      "Doppelganger Knight"                175     500       0         65          70          30        0              700          500           2           41           1             3           400         2200          10          2           100        5           6              10             10            10            10            10
536       1      "Doppelganger Wizard"                175     500       0         65          70          30        0              700          500           2           39           5             4           400         2200          10          2           100        5           6              10             10            10            10            10
537       1      "Doppelganger Magic Gladiator"       175     500       0         65          70          30        0              700          500           2           56           4             4           400         1400          10          2           100        5           6              10             10            10            10            10
538       1      "Doppelganger Dark Lord"             175     900       0         85          90          55        0              900          800           3           62           4             6           400         1600          10          2           100        5           6              15             15            15            15            15
539       1      "Doppelganger Summoner"              175     500       0         65          70          30        0              500          300           3           230          2             4           400         1600          10          2           100        5           6              10             10            10            10            10
540       1      "Lugard"                             175     10        0         10          10          10        1              10           10            0           0            0             0           0           0             0           0           0          0           0              0              0             0             0             0
541       1      "Interim Reward Chest"               175     10        0         10          10          10        1              10           10            0           0            0             0           0           0             0           0           0          0           0              0              0             0             0             0
542       1      "Final Reward Chest"                 175     10        0         10          10          10        1              10           10            0           0            0             0           0           0             0           0           0          0           0              0              0             0             0             0
543       1      "Gens Duprian Steward"               175     10        0         10          10          10        1              10           10            0           0            0             0           0           0             0           0           0          0           0              0              0             0             0             0
544       1      "Gens Vanert Steward"                175     10        0         10          10          10        1              10           10            0           0            0             0           0           0             0           0           0          0           0              0              0             0             0             0
545       1      "Christine the General Goods Mer"    175     10        0         10          10          10        1              10           10            0           0            0             0           0           0             0           0           0          0           0              0              0             0             0             0
546       1      "Jeweler Raul"                       175     10        0         10          10          10        1              10           10            0           0            0             0           0           0             0           0           0          0           0              0              0             0             0             0
547       1      "Market Union Member Julia"          175     10        0         10          10          10        1              10           10            0           0            0             0           0           0             0           0           0          0           0              0              0             0             0             0
548       1      "Transformed Skeleton"               175     10        0         10          10          10        1              10           10            0           0            0             0           0           0             0           0           0          0           0              0              0             0             0             0
549       1      "Bloody Orc"                         175     117000    0         675         710         420       0              900          820           4           0            2             9           700         1500          8           2           120        40          3              0              20            20            20            150
550       1      "Bloody Death Rider"                 175     88000     0         795         830         460       0              1100         430           4           0            2             9           700         2500          10          2           120        40          3              0              20            20            20            150
551       1      "Bloody Golem"                       175     129700    0         715         750         470       0              900          960           4           0            2             9           700         1500          10          2           110        40          4              0              20            20            20            150
552       1      "Bloody Witch Queen"                 175     85700     0         835         870         480       0              1100         430           4           0            3             9           700         2500          10          2           105        40          4              0              20            20            20            150
553       1      "Berserker Warrior"                  175     184370    0         915         990         543       0              1557         755           3           0            2             9           700         2500          10          2           120        40          4              0              20            20            150           20
554       1      "Kentauros Warrior"                  175     198500    0         970         1005        570       0              1258         920           3           0            4             9           700         1500          10          2           120        40          3              0              20            20            150           20
555       1      "Gigantis Warrior"                   175     203000    0         1046        1181        630       0              1575         750           3           0            2             9           700         2500          10          2           110        40          3              0              20            20            150           20
556       1      "Genocider Warrior"                  175     218500    0         1240        1375        715       0              1251         990           3           0            2             9           700         2500          10          2           105        40          4              0              20            20            150           20
557       1      "Sapi Queen"                         175     218000    0         1441        2017        670       0              1847         875           4           17           3             9           700         2550          8           2           120        40          4              0              150           20            20            20
558       1      "Ice Napin"                          175     230000    0         1585        2060        730       0              1544         903           4           0            2             9           700         2500          8           2           120        40          3              0              150           20            20            20
559       1      "Shadow Master"                      175     242000    0         1743        2092        700       0              1646         990           4           0            2             9           700         2500          8           2           110        40          4              0              150           20            20            20
560       1      "Sapi Queen"                         175     358000    0         1917        2301        740       0              1140         1135          4           17           3             9           700         2000          8           2           105        40          6              0              150           20            20            20
562       1      "Dark Mammoth"                       175     237000    0         1741        2317        785       0              2240         1440          3           0            3             6           700         2500          10          2           120        40          4              0              30            150           30            30
563       1      "Dark Giant"                         175     254000    0         1885        2360        820       0              2647         970           3           0            3             8           700         2500          10          2           120        40          3              0              30            150           30            30
564       1      "Dark Coolutin"                      175     248000    0         2043        2392        850       0              2142         1440          3           7            6             8           700         2500          10          2           110        40          3              0              30            150           30            30
565       1      "Dark Iron Knight"                   175     265000    0         2217        2601        860       0              2441         1430          3           0            3             8           700         2500          10          2           105        40          4              0              30            150           30            30
566       1      "Mercenary Guild Manager Tercia"     175     10        0         10          10          10        1              10           10            0           0            0             0           0           0             0           0           0          0           0              0              0             0             0             0
567       1      "Priestess Veina"                    175     10        0         10          10          10        1              10           10            0           0            0             0           0           0             0           0           0          0           0              0              0             0             0             0
568       1      "Wandering Merchant Zyro"            175     10        0         10          10          10        1              10           10            0           0            0             0           0           0             0           0           0          0           0              0              0             0             0             0
569       1      "Venomous Chain Scorpion"            175     50000     0         555         590         445       0              845          248           6           1            2             10          900         1500          10          2           130        33          3              0              100           254           100           200
570       1      "Bone Scorpion"                      175     60000     0         595         635         485       0              915          283           6           1            2             10          900         1500          10          2           130        33          3              0              100           254           100           200
571       1      "Orcus"                              175     65000     0         618         655         518       0              965          293           6           0            2             10          700         1800          10          2           130        33          3              0              100           100           100           240
572       1      "Gollock"                            175     72000     0         685         735         545       0              1020         315           6           0            2             10          700         1800          10          2           130        33          3              0              100           100           100           240
573       1      "Crypta"                             175     78000     0         705         755         560       0              1080         340           6           0            1             10          800         1700          10          2           135        33          3              0              150           254           100           150
574       1      "Crypos"                             175     83000     0         720         770         575       0              1140         375           6           1            2             10          800         1700          10          2           135        33          3              0              150           254           100           150
575       1      "Condra"                             175     90000     0         735         790         610       0              1200         405           6           0            2             10          500         2000          10          2           135        33          3              0              150           255           255           255
576       1      "Narcondra"                          175     96000     0         750         815         640       0              1265         425           6           0            2             10          500         2000          10          2           135        33          3              0              150           255           255           255
577       1      "Leina the General Goods Merchan"    175     10        0         10          10          10        1              10           10            0           0            0             0           0           0             0           0           0          0           0              0              0             0             0             0
578       1      "Weapons Merchant Bolo"              175     10        0         10          10          10        1              10           10            0           0            0             0           0           0             0           0           0          0           0              0              0             0             0             0
579       1      "David"                              175     10        0         10          10          10        1              10           10            0           0            0             0           0           0             0           0           0          0           0              0              0             0             0             0

43        1      "Rồng Vàng Con"        	          15      2200      0         120         125         45        0              75           30            3           0            1             7           400         1400          1800         2           10         20          0              0              2             2             2             2
53        1      "Người Máy Vàng"       	          53      8000      0         170         180         105       0              265          77            3           150          3             7           400         2000          1800         2           200        28          3              0              5             5             5             5
54        1      "Chiến Binh Vàng"      	          46      3500      0         140         150         75        0              230          64            3           0            5             7           400         1800          1800         2           200        28          3              0              3             3             3             3
78        1      "Kim Tiểu Quỷ"         	          20      3100      0         125         130         50        0              100          30            3           0            1             7           400         1400          1800         2           10         20          0              0              2             2             2             2
79        1      "Kim Thiết Vương"      	          80      23000     0         300         350         230       0              400          90            3           150          2             7           400         1800          1800         2           50         20          0              0              9             7             9             9
80        1      "Kim Ngư Vương"        	          83      25000     0         310         360         240       0              415          150           3           3            3             7           400         1600          1800         2           175        28          3              0              9             7             9             9
81        1      "Kim Ngư Tinh"         	          61      6300      0         190         200         110       0              310          90            3           17           4             7           400         1600          1800         2           185        28          3              0              0             0             3             0
82        1      "Kim Sát Thủ"          	          90      30000     0         450         560         300       0              450          185           3           150          2             7           400         1400          1800         2           180        60          3              0              9             7             9             9
83        1      "Kim Xạ Vương"         	          77      15000     0         320         360         230       0              385          160           3           0            4             7           400         1400          1800         2           180        60          3              0              9             7             9             9

//Index   Rate   Name                                 Level   MaxLife   MaxMana	  DamageMin   DamageMax    Defense   MagicDefense  AttackRate   DefenseRate   MoveRange   AttackType   AttackRange   ViewRange   MoveSpeed   AttackSpeed   RegenTime   Attribute   ItemRate   MoneyRate   MaxItemLevel   MonsterSkill   Resistance1   Resistance2   Resistance3   Resistance4
//====>BOSS VÀNG

413       1      "Thỏ Trắng"                          149     25000     0         0           0           100       0              0            100           3           0            0             1           100         0             120         1           200        10          0              0              254           254           254           254
463       1      "Hỏa Diệm Quỷ"                       149     25000     0         0           0           100       0              0            100           3           0            0             1           100         0             120         1           200        10          0              0              254           254           254           254
365       1      "New Year"                           100     25000     0         0           0           100       0              0            100           3           0            0             1           100         0             120         1           200        10          0              0              254           254           254           254
// quai nhiem vu
//Index   Rate   Name                                 Level   MaxLife   MaxMana	  DamageMin   DamageMax    Defense   MagicDefense  AttackRate   DefenseRate   MoveRange   AttackType   AttackRange   ViewRange   MoveSpeed   AttackSpeed   RegenTime   Attribute   ItemRate   MoneyRate   MaxItemLevel   MonsterSkill   Resistance1   Resistance2   Resistance3   Resistance4
700       1      "Tiểu Linh Thạch"	              	  175    2000000000   0         500000       800000       1450      0             10000         3800         0           150          7             10          800         4900          1800       2           100        0           6              0              254           254           150           150
701       1      "Đại Linh Thạch"	              	  175    2000000000   0         500000       800000       1450      0             10000         3800         0           150          7             10          800         4900          1800       2           100        0           6              0              254           254           150           150
702       1      "Hồn Thạch"		                  175    2000000000   0         500000       800000       1450      0             10000         3800         0           150          7             10          800         4900          1800       2           100        0           6              0              254           254           150           150
42	  	  1	 	 "Rồng Đỏ"			      		      175    2000000000	  0	  	    500000	     800000 	  230	    0	           200	        80	      	 3	          150	       5	    	 7	         800	     2000	  	  1800       2	   	   100	      0	          4	             0	            100	          254	        100	          100
275       1      "Kundun"                             175    2000000000   0         500000       800000      1500      0              2000         1000          3           150          15            10          800         2000          1800      2           100        0           4              0              100           254           100           100
309       1      "Quỷ Vương"                          175    2000000000   0         500000       800000      520       0              850          300           6           0            5             10          600         2000          1800      2           150        46          4              0              50            50            50            50
459       1      "Selupan"                            175    2000000000   0         500000       800000      1250      0              2200         1800          3           0            10            8           800         1800          1800      2           100        0           4              0              254           254           150           150
561       1      "Medusa"                             175    2000000000   0         500000       800000      1450      0              5900         3800          3           9            7             10          800         4900          1800      2           100        0           6              0              254           254           150           150
//quai train ngoc
493       1      "Kỵ Sĩ Hoàng Kim Giáp" 	          60      200000000    0         180         195         115       0              300          88            3           3            4             7           400         2000          1800         2           200        14          3              0              5             5             5             7
494       1      "Ác Quỷ Hoàng Kim Giáp"		      84      200000000    0         375         425         275       0              530          190           3           17           4             7           400         1400          1800         2           160        30          3              0              10            10            10            10
495       1      "Quỷ Đá Hoàng Kim Giáp"		      84      200000000    0         375         425         275       0              530          190           3           17           4             7           400         1400          1800         2           160        30          3              0              10            10            10            10
496       1      "Hoàng Kim Giáp Binh"    	          92      200000000    0         489         540         360       0              620          240           3           0            1             5           400         1400          1800         2           160        14          3              0              13            13            14            13
497       1      "Hoàng Kim Mộc Giáp"     	          108     200000000    0         950         1000        600       0              900          350           1           150          6             7           400         1500          1800         2           120        14          4              0              30            30            35            30
498       1      "Xích Quỷ Hoàng Kim"     	          130     200000000    0         1040        1085        865       0              1080         440           3           17           6             7           500         1500          1800         2           130        0           3              0              28            28            28            28
499       1      "Chiến Binh Hoàng Kim"   	          145     200000000    0         1743        2092        650       0              1940         840           3           7            6             7           500         1500          1800         2           140        10          3              0              150           30            30            30
500       1      "Hỏa Diệm Hoàng Kim"     	          112     200000000    0         1441        2017        585       0              1350         840           3           0            3             6           500         1500          1800         2           140        10          3              0              150           30            30            30
501       1      "Kim Long"               	          142     200000000    0         1917        2301        660       0              2000         800           3           0            6             7           500         1500          1800         2           140        10          3              0              150           30            30            30
502       1      "Thỏ Hoàng Kim Giáp"     	          40      200000000    0         130         135         60        0              200          47            3           11           4             7           400         1600          1800         2           190        14          6              0              3             1             1             1

//boss 
708       1      "Quyền Ma Vuong"	              	  175     500000000   0         7040        27800        1450      0             10000         3800         3           150          7             10          800         4900          10          2           100        0           6              0              254           254           150           150
709       1      "Long Vương Quỷ"		              175     500000000   0         7040        27800        1450      0             10000         3800         3           150          7             10          800         4900          10          2           100        0           6              0              254           254           150           150
710       1      "Huyết Vương Quỷ"	              	  175     500000000   0         7040        27800        1450      0             10000         3800         3           150          7             10          800         4900          10          2           100        0           6              0              254           254           150           150
711       1      "Phantom"		              		  175     500000000   0         7040        27800        1450      0             10000         3800         3           150          7             10          800         4900          10          2           100        0           6              0              254           254           150           150
712       1      "Anubis"		              	  	  175     500000000   0         7040        27800        1450      0             10000         3800         3           150          7             10          800         4900          10          2           100        0           6              0              254           254           150           150
713       1      "Thủy Hoàng Đế"		              175     500000000   0         7040        27800        1450      0             10000         3800         3           150          7             10          800         4900          10          2           100        0           6              0              254           254           150           150
717       1      "Ngưu Vương"				          175     500000000   0         7040        27800        1450      0             10000         3800         3           150          7             10          800         4900          10          2           100        0           6              0              254           254           150           150
718       1      "Hầu Vương"			              175     500000000   0         7040        27800        1450      0             10000         3800         3           150          7             10          800         4900          10          2           100        0           6              0              254           254           150           150
719       1      "Ma Thú Địa Ngục"				      175     500000000   0         7040        27800        1450      0             10000         3800         3           150          7             10          800         4900          10          2           100        0           6              0              254           254           150           150
720       1      "Viêm Địa Chúa"				      175     500000000   0         7040        27800        1450      0             10000         3800         3           150          7             10          800         4900          10          2           100        0           6              0              254           254           150           150
721       1      "Tà Thần Tướng"			          175     500000000   0         7040        27800        1450      0             10000         3800         3           150          7             10          800         4900          10          2           100        0           6              0              254           254           150           150
722       1      "Ma Thần Tướng"			          175     500000000   0         7040        27800        1450      0             10000         3800         3           150          7             10          800         4900          10          2           100        0           6              0              254           254           150           150
723       1      "Chiến Thần"			      		  175     500000000   0         7040        27800        1450      0             10000         3800         3           150          7             10          800         4900          10          2           100        0           6              0              254           254           150           150


724       1      "Huyền Giáp Cua Tinh"	      		  175     7800000   0         7040        27800        1450      0             10000         3800         3           150          7             10          800         4900          10          2           100        0           6              0              254           254           150           150
725       1      "Huyền Giáp Cua Tinh"			      175     7800000   0         7040        27800        1450      0             10000         3800         3           150          7             10          800         4900          10          2           100        0           6              0              254           254           150           150
726       1      "Rương Báu"			              175     7800000   0         7040        27800        1450      0             10000         3800         3           150          7             10          800         4900          10          2           100        0           6              0              254           254           150           150
703       1      "Quỷ Vương Gold"			          175     7800000   0         7040        27800        1450      0             10000         3800         3           150          7             10          800         4900          10          2           100        0           6              0              254           254           150           150
704       1      "Erohim Gold"		              	  175     7800000   0         7040        27800        1450      0             10000         3800         3           150          7             10          800         4900          10          2           100        0           6              0              254           254           150           150
705       1      "Kundun Gold"		              	  175     7800000   0         7040        27800        1450      0             10000         3800         3           150          7             10          800         4900          10          2           100        0           6              0              254           254           150           150
706       1      "Medusa Gold"		              	  175     7800000   0         7040        27800        1450      0             10000         3800         3           150          7             10          800         4900          10          2           100        0           6              0              254           254           150           150
707       1      "Selupan Gold"		              	  175     7800000   0         7040        27800        1450      0             10000         3800         3           150          7             10          800         4900          10          2           100        0           6              0              254           254           150           150

727       1      "Trụ CTC II"			      		  400     20000000  0         0       0        2000      0             0         0         0           0          0             0          0         0          0          0           0        0           0              0              254           254           254           254

//Index   Rate   Name                                 Level   MaxLife   MaxMana	  DamageMin   DamageMax    Defense   MagicDefense  AttackRate   DefenseRate   MoveRange   AttackType   AttackRange   ViewRange   MoveSpeed   AttackSpeed   RegenTime   Attribute   ItemRate   MoneyRate   MaxItemLevel   MonsterSkill   Resistance1   Resistance2   Resistance3   Resistance4
750       1      "Boss Thiên Kiếm"			      	  400     20000000  0		  15000       25000        1450      0             10000        3800          3           150          7             10          800         2000          10          2           100        0           6              0              254           254           150           150
751       1      "Boss Thiên Sứ"			      	  400     20000000  0		  15000       25000        1450      0             10000        3800          3           150          7             10          800         2000          10          2           100        0           6              0              254           254           150           150
752       1      "Boss Thiên Nữ"			      	  400     20000000  0		  15000       25000        1450      0             10000        3800          3           150          7             10          800         2000          10          2           100        0           6              0              254           254           150           150
753       1      "Boss Thiên Tướng"			      	  400     20000000  0		  15000       25000        1450      0             10000        3800          3           150          7             10          800         2000          10          2           100        0           6              0              254           254           150           150
754       1      "Boss Thiên Vương"			      	  400     20000000  0		  15000       25000        1450      0             10000        3800          3           150          7             10          800         2000          10          2           100        0           6              0              254           254           150           150
755       1      "Boss Phục Ma"			      		  400     20000000  0		  15000       25000        1450      0             10000        3800          3           150          7             10          800         2000          10          2           100        0           6              0              254           254           150           150
756       1      "Boss Quyền Vương"			          400     20000000  0		  15000       25000        1450      0             10000        3800          3           150          7             10          800         2000          10          2           100        0           6              0              254           254           150           150

end