version 1
nodes
0 "Bip01" -1
1 "Bip01 Footsteps" 0
2 "Bip01 Pelvis" 0
3 "Bip01 Spine" 2
4 "Bip01 Spine1" 3
5 "Bip01 Neck" 4
6 "Bip01 Head" 5
7 "Bip01 HeadNub" 6
8 "Bip01 L Clavicle" 5
9 "Bip01 L UpperArm" 8
10 "Bip01 L Forearm" 9
11 "Bip01 L Hand" 10
12 "Bip01 L Finger0" 11
13 "Bip01 L Finger01" 12
14 "Bip01 L Finger02" 13
15 "Bip01 L Finger0Nub" 14
16 "Bip01 L Finger1" 11
17 "Bip01 L Finger11" 16
18 "Bip01 L Finger12" 17
19 "Bip01 L Finger1Nub" 18
20 "Bip01 L Finger2" 11
21 "Bip01 L Finger21" 20
22 "Bip01 L Finger22" 21
23 "Bip01 L Finger2Nub" 22
24 "Bip01 R Clavicle" 5
25 "Bip01 R UpperArm" 24
26 "Bip01 R Forearm" 25
27 "Bip01 R Hand" 26
28 "Bip01 R Finger0" 27
29 "Bip01 R Finger01" 28
30 "Bip01 R Finger02" 29
31 "Bip01 R Finger0Nub" 30
32 "Bip01 R Finger1" 27
33 "Bip01 R Finger11" 32
34 "Bip01 R Finger12" 33
35 "Bip01 R Finger1Nub" 34
36 "Bip01 R Finger2" 27
37 "Bip01 R Finger21" 36
38 "Bip01 R Finger22" 37
39 "Bip01 R Finger2Nub" 38
40 "Bip01 L Thigh" 3
41 "Bip01 L Calf" 40
42 "Bip01 L Foot" 41
43 "Bip01 L Toe0" 42
44 "Bip01 L Toe0Nub" 43
45 "Bip01 R Thigh" 3
46 "Bip01 R Calf" 45
47 "Bip01 R Foot" 46
48 "Bip01 R Toe0" 47
49 "Bip01 R Toe0Nub" 48
50 "Bone09" 2
51 "Bone10" 50
52 "Bone11" 51
53 "Bone12" 52
54 "Bone05" 2
55 "Bone06" 54
56 "Bone07" 55
57 "Bone08" 56
58 "Bone01" 2
59 "Bone02" 58
60 "Bone03" 59
61 "Bone04" 60
62 "Bone13" 2
63 "Bone14" 62
64 "Bone15" 63
65 "Bone16" 64
end
skeleton
time 0
0 -1.347103 0.996494 35.968327 0.036673 0.000000 -1.852293
1 0.000000 -1.318873 -35.947224 0.010192 0.035229 1.852473
2 0.000000 0.000000 0.000000 3.141593 -1.539762 1.570798
3 4.858097 -0.006162 -0.151685 0.139780 -0.062613 -0.012362
4 7.816597 -0.007683 -0.000875 0.113901 0.082103 0.009384
5 9.710861 -0.001965 0.000000 0.000000 -0.000000 0.000000
6 2.467438 0.000000 0.000000 0.029081 -0.037232 -0.058954
7 7.731307 0.000000 0.000000 0.000000 -0.000000 0.000000
8 -0.763014 0.002566 3.049178 3.140796 -1.570796 0.000000
9 4.276893 0.000000 0.000002 0.443569 1.221027 0.502738
10 13.216448 0.000000 -0.000001 0.000000 -0.000000 -0.321642
11 10.099730 0.000000 -0.000001 -2.029651 0.227977 0.160217
12 0.855657 0.776818 -1.992121 1.135635 0.207827 0.479601
13 1.028097 0.000000 0.000000 0.000000 -0.000000 0.618657
14 1.572822 0.000000 0.000000 0.000000 -0.000000 0.361387
15 1.838196 -0.000001 0.000001 0.000000 -0.000000 0.000000
16 3.790161 0.417838 -1.620308 0.037345 0.168725 0.437291
17 1.585165 0.000000 0.000000 0.000000 -0.000000 0.818443
18 1.233720 0.000000 0.000001 0.000000 -0.000000 0.799427
19 1.455486 0.000000 0.000000 0.000000 -0.000000 0.000000
20 3.790162 0.000253 0.318445 -0.014142 -0.064309 0.621844
21 1.438407 -0.000001 0.000000 0.000000 -0.000000 0.402189
22 1.239884 0.000002 0.000001 0.000000 -0.000000 0.837899
23 1.028098 -0.000001 0.000000 0.000000 -0.000000 0.000000
24 -0.763013 0.002583 -3.049178 -2.507453 1.484236 0.631554
25 4.276892 0.000000 -0.000003 -0.190162 -1.325664 0.238111
26 13.216450 0.000000 0.000001 0.000000 -0.000000 -0.458127
27 10.099728 0.000000 0.000001 2.159924 -0.324763 -0.039535
28 0.855654 0.776818 1.992121 -1.163146 -0.543942 0.335849
29 1.028100 0.000002 0.000000 0.000000 -0.000000 0.257269
30 1.572820 -0.000001 0.000002 0.000000 -0.000000 0.000000
31 1.838196 0.000001 0.000000 0.000000 -0.000000 -3.141592
32 3.790160 0.417838 1.620307 0.000790 -0.172768 0.213771
33 1.585166 0.000000 -0.000001 0.000000 -0.000000 0.598149
34 1.233719 0.000000 -0.000002 0.000000 -0.000000 0.579134
35 1.455486 0.000001 0.000001 0.000000 -0.000000 -3.141592
36 3.790160 0.000253 -0.318447 0.000730 0.065839 0.416323
37 1.438408 0.000000 0.000000 0.000000 -0.000000 0.197099
38 1.239885 0.000000 0.000000 0.000000 -0.000000 0.632809
39 1.028099 0.000001 0.000000 0.000000 -0.000000 -3.141592
40 -4.515870 0.727719 5.558979 3.130765 -0.093528 3.071478
41 16.449583 0.000000 0.000000 0.000000 -0.000000 -0.139902
42 15.566287 0.000000 0.000000 -0.284129 -0.034323 0.065177
43 4.082387 7.769351 0.000000 0.000000 -0.035964 1.570796
44 0.493487 0.000000 0.000000 0.000000 -0.000000 -3.141592
45 -5.161715 -0.707567 -4.642138 -2.940947 -0.078642 3.122455
46 16.449581 0.000000 0.000000 0.000000 -0.000000 -0.161193
47 15.566288 0.000000 0.000000 0.136137 -0.024736 0.142327
48 4.082387 7.769351 0.000000 0.000000 -0.000000 1.570796
49 0.493488 0.000000 0.000000 0.000000 -0.000000 0.000000
50 1.723507 0.620937 -6.894467 1.697433 0.322482 3.021720
51 10.575605 0.000060 0.000001 0.067077 0.035786 0.094841
52 10.205497 0.000000 0.000000 -0.024201 0.385069 -0.059580
53 9.258061 0.000003 0.000001 0.000000 -0.000000 0.000000
54 -1.170632 -6.100732 -3.876530 2.690133 0.128074 -3.038018
55 6.475051 0.000005 0.000001 0.090007 -0.073576 -0.094416
56 9.146826 0.000001 0.000001 -0.193234 0.089460 -0.109826
57 8.841339 0.000003 0.000000 0.000000 -0.000000 0.000000
58 1.602071 0.620974 6.742610 1.543358 -0.381012 3.040943
59 10.011530 0.000000 0.000000 -0.122079 -0.058220 -0.063531
60 8.821379 0.000000 0.000000 -0.025080 0.058795 -0.020453
61 12.678901 0.000003 0.000000 0.000000 -0.000000 0.000000
62 -1.167326 -6.143956 4.892939 -1.361013 -0.070978 -3.050295
63 6.573833 0.000004 -0.000001 0.038354 -0.084256 -0.036156
64 8.647152 0.000000 0.000000 -0.011836 -0.199594 0.033305
65 10.390688 0.000000 -0.000001 0.000000 -0.000000 0.000000
end
triangles
NPCjames.jpg
4 1.0487 -4.6247 54.3624 0.0784 -0.9348 0.3464 0.0341 0.7298
4 0.0058 -5.0339 52.7626 0.1217 -0.9850 0.1223 0.0212 0.6997
4 2.1215 -4.5092 54.0183 0.2681 -0.9352 0.2313 0.0557 0.7225
NPCjames.jpg
3 4.8982 0.1408 45.7643 0.9306 -0.1883 -0.3139 0.1702 0.5727
3 3.4074 -1.7018 45.6298 0.6734 -0.6812 -0.2873 0.1265 0.5695
3 3.0022 -1.5521 43.2008 0.6845 -0.7165 0.1348 0.1247 0.5211
NPCjames.jpg
3 3.0022 -1.5521 43.2008 0.6845 -0.7165 0.1348 0.1247 0.5211
3 4.4704 0.4680 43.9597 0.9946 -0.0881 -0.0558 0.1706 0.5320
3 4.8982 0.1408 45.7643 0.9306 -0.1883 -0.3139 0.1702 0.5727
NPCjames.jpg
4 6.1607 4.0824 50.6774 0.8802 0.2455 0.4062 0.2367 0.6717
4 3.5067 6.2366 50.3990 0.4098 0.7650 -0.4969 0.2932 0.6379
4 5.2574 5.2567 51.3715 0.5466 0.7072 -0.4484 0.2646 0.6720
NPCjames.jpg
4 5.3353 -2.9413 54.4738 0.6179 -0.7801 0.0984 0.1128 0.7417
4 2.1215 -4.5092 54.0183 0.2681 -0.9352 0.2313 0.0557 0.7225
4 3.9241 -4.3455 51.4538 0.5083 -0.8570 -0.0848 0.0840 0.6836
NPCjames.jpg
4 3.9241 -4.3455 51.4538 0.5083 -0.8570 -0.0848 0.0840 0.6836
4 5.3518 -2.9369 52.5991 0.8443 -0.5289 -0.0858 0.1254 0.7118
4 5.3353 -2.9413 54.4738 0.6179 -0.7801 0.0984 0.1128 0.7417
NPCjames.jpg
4 2.1215 -4.5092 54.0183 0.2681 -0.9352 0.2313 0.0557 0.7225
4 5.3353 -2.9413 54.4738 0.6179 -0.7801 0.0984 0.1128 0.7417
4 2.4580 -3.6851 55.8264 0.1791 -0.7805 0.5990 0.0660 0.7538
NPCjames.jpg
4 5.3518 -2.9369 52.5991 0.8443 -0.5289 -0.0858 0.1254 0.7118
4 3.9241 -4.3455 51.4538 0.5083 -0.8570 -0.0848 0.0840 0.6836
4 5.3981 -2.2494 50.4474 0.8520 -0.4715 -0.2276 0.1259 0.6654
NPCjames.jpg
3 0.3499 -3.7997 45.5172 0.3188 -0.9359 -0.1499 0.0609 0.5601
3 0.1096 -4.1362 42.7664 0.3066 -0.9438 0.1235 0.0567 0.5097
3 3.0022 -1.5521 43.2008 0.6845 -0.7165 0.1348 0.1247 0.5211
NPCjames.jpg
3 3.0022 -1.5521 43.2008 0.6845 -0.7165 0.1348 0.1247 0.5211
3 3.4074 -1.7018 45.6298 0.6734 -0.6812 -0.2873 0.1265 0.5695
3 0.3499 -3.7997 45.5172 0.3188 -0.9359 -0.1499 0.0609 0.5601
NPCjames.jpg
4 -1.3544 -4.9172 53.8644 -0.0106 -0.9207 0.3901 0.5119 0.7189
4 -1.3344 -5.1838 52.7274 -0.0322 -0.9954 0.0907 0.4979 0.7189
4 0.0058 -5.0339 52.7626 0.1217 -0.9850 0.1223 0.4986 0.7020
NPCjames.jpg
4 0.0058 -5.0339 52.7626 0.1217 -0.9850 0.1223 0.4986 0.7020
4 1.0487 -4.6247 54.3624 0.0784 -0.9348 0.3464 0.5188 0.6897
4 -1.3544 -4.9172 53.8644 -0.0106 -0.9207 0.3901 0.5119 0.7189
NPCjames.jpg
4 -1.3569 -3.6618 55.4455 -0.0359 -0.7325 0.6798 0.5371 0.7189
4 -1.3544 -4.9172 53.8644 -0.0106 -0.9207 0.3901 0.5119 0.7189
4 1.0487 -4.6247 54.3624 0.0784 -0.9348 0.3464 0.5188 0.6897
NPCjames.jpg
4 1.0487 -4.6247 54.3624 0.0784 -0.9348 0.3464 0.5188 0.6897
4 1.1317 -4.0766 55.4328 -0.0218 -0.8039 0.5944 0.5359 0.6863
4 -1.3569 -3.6618 55.4455 -0.0359 -0.7325 0.6798 0.5371 0.7189
NPCjames.jpg
4 5.3981 -2.2494 50.4474 0.8520 -0.4715 -0.2276 0.1259 0.6654
4 6.2724 1.5886 49.8444 0.9994 0.0315 -0.0131 0.1934 0.6662
4 6.0616 -0.1352 50.6547 0.9194 0.0615 0.3885 0.1651 0.6811
NPCjames.jpg
3 5.6095 0.0549 48.0185 0.9277 -0.2171 -0.3038 0.1768 0.6339
4 6.2724 1.5886 49.8444 0.9994 0.0315 -0.0131 0.1934 0.6662
4 5.3981 -2.2494 50.4474 0.8520 -0.4715 -0.2276 0.1259 0.6654
NPCjames.jpg
3 2.3714 4.9091 47.7881 0.4474 0.8187 -0.3600 0.2820 0.5737
3 4.7965 2.3669 46.5984 0.8153 0.4244 -0.3940 0.2148 0.5820
3 3.6880 2.7937 44.4880 0.8545 0.5192 -0.0177 0.2153 0.5317
NPCjames.jpg
3 3.6880 2.7937 44.4880 0.8545 0.5192 -0.0177 0.2153 0.5317
3 1.5440 4.9429 45.1308 0.4885 0.8721 -0.0274 0.2738 0.5230
3 2.3714 4.9091 47.7881 0.4474 0.8187 -0.3600 0.2820 0.5737
NPCjames.jpg
3 2.3714 4.9091 47.7881 0.4474 0.8187 -0.3600 0.2820 0.5737
4 3.5067 6.2366 50.3990 0.4098 0.7650 -0.4969 0.2932 0.6379
3 5.7898 2.7364 48.4262 0.8276 0.3451 -0.4427 0.2229 0.6350
NPCjames.jpg
3 5.7898 2.7364 48.4262 0.8276 0.3451 -0.4427 0.2229 0.6350
3 4.7965 2.3669 46.5984 0.8153 0.4244 -0.3940 0.2148 0.5820
3 2.3714 4.9091 47.7881 0.4474 0.8187 -0.3600 0.2820 0.5737
NPCjames.jpg
3 4.4918 -2.0249 48.1943 0.7339 -0.5792 -0.3550 0.1330 0.6242
3 3.4074 -1.7018 45.6298 0.6734 -0.6812 -0.2873 0.1265 0.5695
3 4.8982 0.1408 45.7643 0.9306 -0.1883 -0.3139 0.1702 0.5727
NPCjames.jpg
3 4.8982 0.1408 45.7643 0.9306 -0.1883 -0.3139 0.1702 0.5727
3 5.6095 0.0549 48.0185 0.9277 -0.2171 -0.3038 0.1768 0.6339
3 4.4918 -2.0249 48.1943 0.7339 -0.5792 -0.3550 0.1330 0.6242
NPCjames.jpg
4 6.1607 4.0824 50.6774 0.8802 0.2455 0.4062 0.2367 0.6717
4 5.2574 5.2567 51.3715 0.5466 0.7072 -0.4484 0.2646 0.6720
4 6.4724 4.8276 51.8867 -0.8365 0.3797 -0.3950 0.2466 0.6902
NPCjames.jpg
3 5.7898 2.7364 48.4262 0.8276 0.3451 -0.4427 0.2229 0.6350
4 6.1607 4.0824 50.6774 0.8802 0.2455 0.4062 0.2367 0.6717
4 6.2724 1.5886 49.8444 0.9994 0.0315 -0.0131 0.1934 0.6662
NPCjames.jpg
4 6.2724 1.5886 49.8444 0.9994 0.0315 -0.0131 0.1934 0.6662
3 5.6095 0.0549 48.0185 0.9277 -0.2171 -0.3038 0.1768 0.6339
3 5.7898 2.7364 48.4262 0.8276 0.3451 -0.4427 0.2229 0.6350
NPCjames.jpg
9 6.3400 -1.0183 53.6224 0.6554 -0.7266 -0.2063 0.1430 0.7451
9 8.4301 0.1599 54.7427 0.6977 -0.7162 0.0175 0.1761 0.7702
4 7.4657 -1.1817 56.2300 0.6219 -0.7243 0.2976 0.1515 0.7790
NPCjames.jpg
4 7.4657 -1.1817 56.2300 0.6219 -0.7243 0.2976 0.1515 0.7790
4 5.3353 -2.9413 54.4738 0.6179 -0.7801 0.0984 0.1128 0.7417
9 6.3400 -1.0183 53.6224 0.6554 -0.7266 -0.2063 0.1430 0.7451
NPCjames.jpg
9 6.3400 -1.0183 53.6224 0.6554 -0.7266 -0.2063 0.1430 0.7451
4 5.3353 -2.9413 54.4738 0.6179 -0.7801 0.0984 0.1128 0.7417
4 5.3518 -2.9369 52.5991 0.8443 -0.5289 -0.0858 0.1254 0.7118
NPCjames.jpg
4 3.9241 -4.3455 51.4538 0.5083 -0.8570 -0.0848 0.0840 0.6836
3 2.1578 -4.2873 48.1004 0.3777 -0.8688 -0.3202 0.0773 0.6142
3 4.4918 -2.0249 48.1943 0.7339 -0.5792 -0.3550 0.1330 0.6242
NPCjames.jpg
3 4.4918 -2.0249 48.1943 0.7339 -0.5792 -0.3550 0.1330 0.6242
4 5.3981 -2.2494 50.4474 0.8520 -0.4715 -0.2276 0.1259 0.6654
4 3.9241 -4.3455 51.4538 0.5083 -0.8570 -0.0848 0.0840 0.6836
NPCjames.jpg
3 5.6095 0.0549 48.0185 0.9277 -0.2171 -0.3038 0.1768 0.6339
3 4.8982 0.1408 45.7643 0.9306 -0.1883 -0.3139 0.1702 0.5727
3 4.7965 2.3669 46.5984 0.8153 0.4244 -0.3940 0.2148 0.5820
NPCjames.jpg
3 4.7965 2.3669 46.5984 0.8153 0.4244 -0.3940 0.2148 0.5820
3 5.7898 2.7364 48.4262 0.8276 0.3451 -0.4427 0.2229 0.6350
3 5.6095 0.0549 48.0185 0.9277 -0.2171 -0.3038 0.1768 0.6339
NPCjames.jpg
3 4.8982 0.1408 45.7643 0.9306 -0.1883 -0.3139 0.1702 0.5727
3 4.4704 0.4680 43.9597 0.9946 -0.0881 -0.0558 0.1706 0.5320
3 3.6880 2.7937 44.4880 0.8545 0.5192 -0.0177 0.2153 0.5317
NPCjames.jpg
3 3.6880 2.7937 44.4880 0.8545 0.5192 -0.0177 0.2153 0.5317
3 4.7965 2.3669 46.5984 0.8153 0.4244 -0.3940 0.2148 0.5820
3 4.8982 0.1408 45.7643 0.9306 -0.1883 -0.3139 0.1702 0.5727
NPCjames.jpg
4 -0.4036 -5.2623 51.0657 0.0119 -0.9981 -0.0596 0.0141 0.6617
3 -0.3863 -4.4721 48.4903 0.0433 -0.9665 -0.2531 0.0331 0.6095
3 2.1578 -4.2873 48.1004 0.3777 -0.8688 -0.3202 0.0773 0.6142
NPCjames.jpg
3 2.1578 -4.2873 48.1004 0.3777 -0.8688 -0.3202 0.0773 0.6142
4 3.9241 -4.3455 51.4538 0.5083 -0.8570 -0.0848 0.0840 0.6836
4 -0.4036 -5.2623 51.0657 0.0119 -0.9981 -0.0596 0.0141 0.6617
NPCjames.jpg
3 3.4074 -1.7018 45.6298 0.6734 -0.6812 -0.2873 0.1265 0.5695
3 2.1578 -4.2873 48.1004 0.3777 -0.8688 -0.3202 0.0773 0.6142
3 0.3499 -3.7997 45.5172 0.3188 -0.9359 -0.1499 0.0609 0.5601
NPCjames.jpg
3 4.4918 -2.0249 48.1943 0.7339 -0.5792 -0.3550 0.1330 0.6242
3 5.6095 0.0549 48.0185 0.9277 -0.2171 -0.3038 0.1768 0.6339
4 5.3981 -2.2494 50.4474 0.8520 -0.4715 -0.2276 0.1259 0.6654
NPCjames.jpg
4 -1.3008 -5.1250 51.4214 -0.0377 -0.9991 -0.0217 0.4795 0.7189
4 -0.4036 -5.2623 51.0657 0.0119 -0.9981 -0.0596 0.4743 0.7038
4 0.0058 -5.0339 52.7626 0.1217 -0.9850 0.1223 0.4986 0.7020
NPCjames.jpg
4 0.0058 -5.0339 52.7626 0.1217 -0.9850 0.1223 0.4986 0.7020
4 -1.3344 -5.1838 52.7274 -0.0322 -0.9954 0.0907 0.4979 0.7189
4 -1.3008 -5.1250 51.4214 -0.0377 -0.9991 -0.0217 0.4795 0.7189
NPCjames.jpg
3 4.4704 0.4680 43.9597 0.9946 -0.0881 -0.0558 0.1706 0.5320
3 3.8612 3.5920 42.1669 0.7963 0.5959 0.1042 0.2194 0.4850
3 3.6880 2.7937 44.4880 0.8545 0.5192 -0.0177 0.2153 0.5317
NPCjames.jpg
3 1.5440 4.9429 45.1308 0.4885 0.8721 -0.0274 0.2738 0.5230
3 3.6880 2.7937 44.4880 0.8545 0.5192 -0.0177 0.2153 0.5317
3 3.8612 3.5920 42.1669 0.7963 0.5959 0.1042 0.2194 0.4850
NPCjames.jpg
3 3.8612 3.5920 42.1669 0.7963 0.5959 0.1042 0.2194 0.4850
3 1.8264 4.9604 42.3275 0.4933 0.8444 0.2089 0.2679 0.4692
3 1.5440 4.9429 45.1308 0.4885 0.8721 -0.0274 0.2738 0.5230
NPCjames.jpg
3 0.1096 -4.1362 42.7664 0.3066 -0.9438 0.1235 0.0567 0.5097
2 -0.3751 -4.3559 38.0452 0.0115 -0.9996 0.0246 0.0479 0.4237
2 1.6124 -4.2628 39.4925 0.2628 -0.9459 0.1904 0.0857 0.4444
NPCjames.jpg
4 1.1925 2.7314 58.6461 -0.2509 -0.2546 0.9340 0.0522 0.8881
4 0.9853 2.8565 59.3317 0.0599 -0.3786 0.9236 0.0443 0.8916
4 0.4072 0.5688 58.4316 -0.6497 0.0453 0.7588 0.0471 0.8510
NPCjames.jpg
4 0.4072 0.5688 58.4316 -0.6497 0.0453 0.7588 0.0471 0.8510
4 0.9465 -0.6282 58.8139 -0.4561 -0.4249 0.7820 0.0580 0.8503
4 1.1925 2.7314 58.6461 -0.2509 -0.2546 0.9340 0.0522 0.8881
NPCjames.jpg
4 0.9465 -0.6282 58.8139 -0.4561 -0.4249 0.7820 0.0580 0.8503
4 0.4072 0.5688 58.4316 -0.6497 0.0453 0.7588 0.0471 0.8510
4 -0.4998 -0.6487 57.8012 -0.6797 -0.0511 0.7317 0.0234 0.8298
NPCjames.jpg
4 -0.4998 -0.6487 57.8012 -0.6797 -0.0511 0.7317 0.0234 0.8298
4 -0.1473 -1.3525 57.3759 -0.1322 -0.6474 0.7506 0.0284 0.8180
4 0.9465 -0.6282 58.8139 -0.4561 -0.4249 0.7820 0.0580 0.8503
NPCjames.jpg
2 1.6124 -4.2628 39.4925 0.2628 -0.9459 0.1904 0.0857 0.4444
2 3.2114 -2.8127 40.6481 0.5379 -0.7468 0.3911 0.1188 0.4635
3 3.0022 -1.5521 43.2008 0.6845 -0.7165 0.1348 0.1247 0.5211
NPCjames.jpg
3 3.0022 -1.5521 43.2008 0.6845 -0.7165 0.1348 0.1247 0.5211
3 0.1096 -4.1362 42.7664 0.3066 -0.9438 0.1235 0.0567 0.5097
2 1.6124 -4.2628 39.4925 0.2628 -0.9459 0.1904 0.0857 0.4444
NPCjames.jpg
2 3.2114 -2.8127 40.6481 0.5379 -0.7468 0.3911 0.1188 0.4635
2 4.6553 -0.3157 41.2126 0.9502 -0.2657 0.1631 0.1603 0.4678
3 4.4704 0.4680 43.9597 0.9946 -0.0881 -0.0558 0.1706 0.5320
NPCjames.jpg
3 4.4704 0.4680 43.9597 0.9946 -0.0881 -0.0558 0.1706 0.5320
3 3.0022 -1.5521 43.2008 0.6845 -0.7165 0.1348 0.1247 0.5211
2 3.2114 -2.8127 40.6481 0.5379 -0.7468 0.3911 0.1188 0.4635
NPCjames.jpg
3 3.8612 3.5920 42.1669 0.7963 0.5959 0.1042 0.2194 0.4850
2 4.6553 -0.3157 41.2126 0.9502 -0.2657 0.1631 0.1603 0.4678
2 4.2169 3.2801 41.3066 0.8808 0.3834 0.2777 0.2183 0.4596
NPCjames.jpg
2 4.2169 3.2801 41.3066 0.8808 0.3834 0.2777 0.2183 0.4596
2 2.1759 5.2784 41.2134 0.5222 0.7627 0.3815 0.2648 0.4431
3 1.8264 4.9604 42.3275 0.4933 0.8444 0.2089 0.2679 0.4692
NPCjames.jpg
3 1.8264 4.9604 42.3275 0.4933 0.8444 0.2089 0.2679 0.4692
3 3.8612 3.5920 42.1669 0.7963 0.5959 0.1042 0.2194 0.4850
2 4.2169 3.2801 41.3066 0.8808 0.3834 0.2777 0.2183 0.4596
NPCjames.jpg
3 3.8612 3.5920 42.1669 0.7963 0.5959 0.1042 0.2194 0.4850
3 4.4704 0.4680 43.9597 0.9946 -0.0881 -0.0558 0.1706 0.5320
2 4.6553 -0.3157 41.2126 0.9502 -0.2657 0.1631 0.1603 0.4678
NPCjames.jpg
4 4.9852 6.6806 60.7236 0.5904 0.6366 0.4962 0.3238 0.8167
4 6.2622 7.1898 57.4809 0.6395 0.7632 0.0927 0.2920 0.7549
4 3.1669 9.2736 56.8247 0.4246 0.9049 -0.0300 0.3585 0.7440
NPCjames.jpg
4 3.1669 9.2736 56.8247 0.4246 0.9049 -0.0300 0.3585 0.7440
4 2.4557 8.7287 60.6544 0.4340 0.8259 0.3599 0.3773 0.8079
4 4.9852 6.6806 60.7236 0.5904 0.6366 0.4962 0.3238 0.8167
NPCjames.jpg
4 0.7623 7.5355 63.7204 0.4736 0.7619 0.4418 0.3815 0.8744
4 0.7604 7.0694 64.7547 0.2876 0.1920 0.9383 0.3827 0.9016
4 2.9573 6.1180 62.9667 0.6096 0.5633 0.5578 0.3465 0.8656
NPCjames.jpg
4 -1.2124 8.4180 63.8008 0.0316 0.9058 0.4225 0.4333 0.8693
4 -1.2550 7.9004 64.9560 -0.0110 0.3852 0.9228 0.4221 0.9096
4 0.7604 7.0694 64.7547 0.2876 0.1920 0.9383 0.3827 0.9016
NPCjames.jpg
4 0.7604 7.0694 64.7547 0.2876 0.1920 0.9383 0.3827 0.9016
4 0.7623 7.5355 63.7204 0.4736 0.7619 0.4418 0.3815 0.8744
4 -1.2124 8.4180 63.8008 0.0316 0.9058 0.4225 0.4333 0.8693
NPCjames.jpg
4 3.2501 4.8461 63.8917 0.3322 -0.1160 0.9360 0.3327 0.8819
4 4.8374 4.4622 62.2978 0.6493 0.3523 0.6740 0.3082 0.8603
4 2.9573 6.1180 62.9667 0.6096 0.5633 0.5578 0.3465 0.8656
NPCjames.jpg
4 3.2501 4.8461 63.8917 0.3322 -0.1160 0.9360 0.3327 0.8819
4 2.5302 4.2078 63.0863 -0.4530 -0.7019 0.5497 0.3364 0.9161
4 3.3577 2.7697 62.0302 -0.3883 -0.6864 0.6149 0.2927 0.9129
NPCjames.jpg
4 3.3577 2.7697 62.0302 -0.3883 -0.6864 0.6149 0.2927 0.9129
4 4.6966 2.8483 62.1403 0.2518 -0.6115 0.7501 0.2834 0.8781
4 3.2501 4.8461 63.8917 0.3322 -0.1160 0.9360 0.3327 0.8819
NPCjames.jpg
4 0.9465 -0.6282 58.8139 -0.4561 -0.4249 0.7820 0.0580 0.8503
4 1.3030 -1.7737 57.2989 -0.1217 -0.7418 0.6595 0.0579 0.8044
4 2.6741 -1.0633 59.1197 0.0043 -0.7104 0.7038 0.0948 0.8413
NPCjames.jpg
4 0.9465 -0.6282 58.8139 -0.4561 -0.4249 0.7820 0.0580 0.8503
4 -0.1473 -1.3525 57.3759 -0.1322 -0.6474 0.7506 0.0284 0.8180
4 1.3030 -1.7737 57.2989 -0.1217 -0.7418 0.6595 0.0579 0.8044
NPCjames.jpg
9 8.5533 4.5601 58.4769 0.8357 0.4033 0.3727 0.2344 0.7855
9 8.7581 1.8359 57.9012 0.6935 -0.3870 0.6077 0.2004 0.8253
9 9.8546 2.1570 56.3887 0.9217 -0.1767 0.3452 0.2026 0.8024
NPCjames.jpg
9 9.8546 2.1570 56.3887 0.9217 -0.1767 0.3452 0.2026 0.8024
9 8.7844 4.5912 55.6654 0.7110 0.6949 0.1076 0.2146 0.7645
9 8.5533 4.5601 58.4769 0.8357 0.4033 0.3727 0.2344 0.7855
NPCjames.jpg
4 2.5049 0.8027 60.1030 -0.4009 -0.2454 0.8826 0.0903 0.8728
4 0.9465 -0.6282 58.8139 -0.4561 -0.4249 0.7820 0.0580 0.8503
4 2.6741 -1.0633 59.1197 0.0043 -0.7104 0.7038 0.0948 0.8413
NPCjames.jpg
4 2.6741 -1.0633 59.1197 0.0043 -0.7104 0.7038 0.0948 0.8413
4 4.9401 -2.5830 56.2778 0.3394 -0.7962 0.5009 0.1083 0.7739
9 8.7581 1.8359 57.9012 0.6935 -0.3870 0.6077 0.2004 0.8253
NPCjames.jpg
9 8.7581 1.8359 57.9012 0.6935 -0.3870 0.6077 0.2004 0.8253
4 5.0554 1.4847 60.3982 0.3808 -0.6698 0.6375 0.1422 0.8611
4 2.6741 -1.0633 59.1197 0.0043 -0.7104 0.7038 0.0948 0.8413
NPCjames.jpg
4 2.9573 6.1180 62.9667 0.6096 0.5633 0.5578 0.3465 0.8656
4 0.7604 7.0694 64.7547 0.2876 0.1920 0.9383 0.3827 0.9016
4 3.2501 4.8461 63.8917 0.3322 -0.1160 0.9360 0.3327 0.8819
NPCjames.jpg
4 -1.0940 9.6615 60.3737 0.0223 0.9676 0.2517 0.4401 0.7955
4 2.4557 8.7287 60.6544 0.4340 0.8259 0.3599 0.3773 0.8079
4 3.1669 9.2736 56.8247 0.4246 0.9049 -0.0300 0.3585 0.7440
NPCjames.jpg
4 3.1669 9.2736 56.8247 0.4246 0.9049 -0.0300 0.3585 0.7440
4 -0.9666 10.3895 56.0027 0.0329 0.9864 -0.1611 0.4261 0.7129
4 -1.0940 9.6615 60.3737 0.0223 0.9676 0.2517 0.4401 0.7955
NPCjames.jpg
4 5.0554 1.4847 60.3982 0.3808 -0.6698 0.6375 0.2454 0.8867
4 6.1561 3.0727 61.4459 0.7554 -0.4140 0.5078 0.2729 0.8462
4 4.6966 2.8483 62.1403 0.2518 -0.6115 0.7501 0.2834 0.8781
NPCjames.jpg
4 4.9852 6.6806 60.7236 0.5904 0.6366 0.4962 0.3238 0.8167
4 2.9573 6.1180 62.9667 0.6096 0.5633 0.5578 0.3465 0.8656
4 4.8374 4.4622 62.2978 0.6493 0.3523 0.6740 0.3082 0.8603
NPCjames.jpg
4 4.8374 4.4622 62.2978 0.6493 0.3523 0.6740 0.3082 0.8603
4 7.0157 4.5145 60.6566 0.7393 0.1912 0.6456 0.2745 0.8034
4 4.9852 6.6806 60.7236 0.5904 0.6366 0.4962 0.3238 0.8167
NPCjames.jpg
4 0.7604 7.0694 64.7547 0.2876 0.1920 0.9383 0.3827 0.9016
4 0.6974 5.8077 63.7714 -0.3286 -0.7663 0.5521 0.3607 0.9211
4 2.5302 4.2078 63.0863 -0.4530 -0.7019 0.5497 0.3364 0.9161
NPCjames.jpg
4 2.5302 4.2078 63.0863 -0.4530 -0.7019 0.5497 0.3364 0.9161
4 3.2501 4.8461 63.8917 0.3322 -0.1160 0.9360 0.3327 0.8819
4 0.7604 7.0694 64.7547 0.2876 0.1920 0.9383 0.3827 0.9016
NPCjames.jpg
9 8.7844 4.5912 55.6654 0.7110 0.6949 0.1076 0.2146 0.7645
4 7.1803 5.6997 53.1780 0.5526 0.6211 -0.5558 0.2543 0.7123
4 6.9199 6.0203 54.8960 0.5841 0.7958 -0.1600 0.2691 0.7340
NPCjames.jpg
4 4.9401 -2.5830 56.2778 0.3394 -0.7962 0.5009 0.1083 0.7739
4 2.6741 -1.0633 59.1197 0.0043 -0.7104 0.7038 0.0948 0.8413
4 1.3030 -1.7737 57.2989 -0.1217 -0.7418 0.6595 0.0579 0.8044
NPCjames.jpg
4 1.3030 -1.7737 57.2989 -0.1217 -0.7418 0.6595 0.0579 0.8044
4 2.4580 -3.6851 55.8264 0.1791 -0.7805 0.5990 0.0660 0.7538
4 4.9401 -2.5830 56.2778 0.3394 -0.7962 0.5009 0.1083 0.7739
NPCjames.jpg
4 2.9573 6.1180 62.9667 0.6096 0.5633 0.5578 0.3465 0.8656
4 4.9852 6.6806 60.7236 0.5904 0.6366 0.4962 0.3238 0.8167
4 2.4557 8.7287 60.6544 0.4340 0.8259 0.3599 0.3773 0.8079
NPCjames.jpg
4 2.4557 8.7287 60.6544 0.4340 0.8259 0.3599 0.3773 0.8079
4 0.7623 7.5355 63.7204 0.4736 0.7619 0.4418 0.3815 0.8744
4 2.9573 6.1180 62.9667 0.6096 0.5633 0.5578 0.3465 0.8656
NPCjames.jpg
4 2.4557 8.7287 60.6544 0.4340 0.8259 0.3599 0.3773 0.8079
4 -1.0940 9.6615 60.3737 0.0223 0.9676 0.2517 0.4401 0.7955
4 -1.2124 8.4180 63.8008 0.0316 0.9058 0.4225 0.4333 0.8693
NPCjames.jpg
4 2.4557 8.7287 60.6544 0.4340 0.8259 0.3599 0.3773 0.8079
4 -1.2124 8.4180 63.8008 0.0316 0.9058 0.4225 0.4333 0.8693
4 0.7623 7.5355 63.7204 0.4736 0.7619 0.4418 0.3815 0.8744
NPCjames.jpg
4 7.0157 4.5145 60.6566 0.7393 0.1912 0.6456 0.2745 0.8034
4 6.2622 7.1898 57.4809 0.6395 0.7632 0.0927 0.2920 0.7549
4 4.9852 6.6806 60.7236 0.5904 0.6366 0.4962 0.3238 0.8167
NPCjames.jpg
4 7.0157 4.5145 60.6566 0.7393 0.1912 0.6456 0.2745 0.8034
4 6.1561 3.0727 61.4459 0.7554 -0.4140 0.5078 0.2729 0.8462
4 5.0554 1.4847 60.3982 0.3808 -0.6698 0.6375 0.2454 0.8867
NPCjames.jpg
4 1.3030 -1.7737 57.2989 -0.1217 -0.7418 0.6595 0.0579 0.8044
4 0.4739 -3.0885 56.2256 -0.0753 -0.6217 0.7796 0.0319 0.7801
4 2.4580 -3.6851 55.8264 0.1791 -0.7805 0.5990 0.0660 0.7538
NPCjames.jpg
4 -0.3047 -2.1602 56.6971 0.0858 -0.4710 0.8779 0.0214 0.8001
4 0.4739 -3.0885 56.2256 -0.0753 -0.6217 0.7796 0.0319 0.7801
4 1.3030 -1.7737 57.2989 -0.1217 -0.7418 0.6595 0.0579 0.8044
NPCjames.jpg
4 1.3030 -1.7737 57.2989 -0.1217 -0.7418 0.6595 0.0579 0.8044
4 -0.1473 -1.3525 57.3759 -0.1322 -0.6474 0.7506 0.0284 0.8180
4 -0.3047 -2.1602 56.6971 0.0858 -0.4710 0.8779 0.0214 0.8001
NPCjames.jpg
4 0.4739 -3.0885 56.2256 -0.0753 -0.6217 0.7796 0.0319 0.7801
4 1.1317 -4.0766 55.4328 -0.0218 -0.8039 0.5944 0.0392 0.7534
4 2.4580 -3.6851 55.8264 0.1791 -0.7805 0.5990 0.0660 0.7538
NPCjames.jpg
4 4.9401 -2.5830 56.2778 0.3394 -0.7962 0.5009 0.1083 0.7739
4 7.4657 -1.1817 56.2300 0.6219 -0.7243 0.2976 0.1515 0.7790
9 8.7581 1.8359 57.9012 0.6935 -0.3870 0.6077 0.2004 0.8253
NPCjames.jpg
9 8.5533 4.5601 58.4769 0.8357 0.4033 0.3727 0.2344 0.7855
4 7.0157 4.5145 60.6566 0.7393 0.1912 0.6456 0.2745 0.8034
9 8.7581 1.8359 57.9012 0.6935 -0.3870 0.6077 0.2004 0.8253
NPCjames.jpg
4 4.6966 2.8483 62.1403 0.2518 -0.6115 0.7501 0.2834 0.8781
4 3.3577 2.7697 62.0302 -0.3883 -0.6864 0.6149 0.2927 0.9129
4 3.3925 1.5657 60.8275 -0.2963 -0.6307 0.7172 0.2653 0.9212
NPCjames.jpg
4 3.3925 1.5657 60.8275 -0.2963 -0.6307 0.7172 0.2653 0.9212
4 5.0554 1.4847 60.3982 0.3808 -0.6698 0.6375 0.2454 0.8867
4 4.6966 2.8483 62.1403 0.2518 -0.6115 0.7501 0.2834 0.8781
NPCjames.jpg
4 3.2501 4.8461 63.8917 0.3322 -0.1160 0.9360 0.3327 0.8819
4 4.6966 2.8483 62.1403 0.2518 -0.6115 0.7501 0.2834 0.8781
4 6.1561 3.0727 61.4459 0.7554 -0.4140 0.5078 0.2729 0.8462
NPCjames.jpg
4 6.1561 3.0727 61.4459 0.7554 -0.4140 0.5078 0.2729 0.8462
4 4.8374 4.4622 62.2978 0.6493 0.3523 0.6740 0.3082 0.8603
4 3.2501 4.8461 63.8917 0.3322 -0.1160 0.9360 0.3327 0.8819
NPCjames.jpg
4 7.0157 4.5145 60.6566 0.7393 0.1912 0.6456 0.2745 0.8034
4 4.8374 4.4622 62.2978 0.6493 0.3523 0.6740 0.3082 0.8603
4 6.1561 3.0727 61.4459 0.7554 -0.4140 0.5078 0.2729 0.8462
NPCjames.jpg
4 1.0487 -4.6247 54.3624 0.0784 -0.9348 0.3464 0.0341 0.7298
4 2.1215 -4.5092 54.0183 0.2681 -0.9352 0.2313 0.0557 0.7225
4 2.4580 -3.6851 55.8264 0.1791 -0.7805 0.5990 0.0660 0.7538
NPCjames.jpg
4 2.4580 -3.6851 55.8264 0.1791 -0.7805 0.5990 0.0660 0.7538
4 1.1317 -4.0766 55.4328 -0.0218 -0.8039 0.5944 0.0392 0.7534
4 1.0487 -4.6247 54.3624 0.0784 -0.9348 0.3464 0.0341 0.7298
NPCjames.jpg
4 7.4657 -1.1817 56.2300 0.6219 -0.7243 0.2976 0.1515 0.7790
9 8.4301 0.1599 54.7427 0.6977 -0.7162 0.0175 0.1761 0.7702
9 9.8546 2.1570 56.3887 0.9217 -0.1767 0.3452 0.2026 0.8024
NPCjames.jpg
4 5.3353 -2.9413 54.4738 0.6179 -0.7801 0.0984 0.1128 0.7417
4 7.4657 -1.1817 56.2300 0.6219 -0.7243 0.2976 0.1515 0.7790
4 4.9401 -2.5830 56.2778 0.3394 -0.7962 0.5009 0.1083 0.7739
NPCjames.jpg
4 5.2574 5.2567 51.3715 0.5466 0.7072 -0.4484 0.2646 0.6720
4 3.5577 7.7067 52.8434 0.4061 0.8141 -0.4152 0.3208 0.6815
4 6.9199 6.0203 54.8960 0.5841 0.7958 -0.1600 0.2691 0.7340
NPCjames.jpg
4 6.9199 6.0203 54.8960 0.5841 0.7958 -0.1600 0.2691 0.7340
4 7.1803 5.6997 53.1780 0.5526 0.6211 -0.5558 0.2543 0.7123
4 5.2574 5.2567 51.3715 0.5466 0.7072 -0.4484 0.2646 0.6720
NPCjames.jpg
4 6.9199 6.0203 54.8960 0.5841 0.7958 -0.1600 0.2691 0.7340
4 3.5577 7.7067 52.8434 0.4061 0.8141 -0.4152 0.3208 0.6815
4 3.1669 9.2736 56.8247 0.4246 0.9049 -0.0300 0.3585 0.7440
NPCjames.jpg
4 3.1669 9.2736 56.8247 0.4246 0.9049 -0.0300 0.3585 0.7440
4 6.2622 7.1898 57.4809 0.6395 0.7632 0.0927 0.2920 0.7549
4 6.9199 6.0203 54.8960 0.5841 0.7958 -0.1600 0.2691 0.7340
NPCjames.jpg
9 8.5533 4.5601 58.4769 0.8357 0.4033 0.3727 0.2344 0.7855
9 8.7844 4.5912 55.6654 0.7110 0.6949 0.1076 0.2146 0.7645
4 6.9199 6.0203 54.8960 0.5841 0.7958 -0.1600 0.2691 0.7340
NPCjames.jpg
4 6.9199 6.0203 54.8960 0.5841 0.7958 -0.1600 0.2691 0.7340
4 6.2622 7.1898 57.4809 0.6395 0.7632 0.0927 0.2920 0.7549
9 8.5533 4.5601 58.4769 0.8357 0.4033 0.3727 0.2344 0.7855
NPCjames.jpg
4 3.5067 6.2366 50.3990 0.4098 0.7650 -0.4969 0.2932 0.6379
4 3.5577 7.7067 52.8434 0.4061 0.8141 -0.4152 0.3208 0.6815
4 5.2574 5.2567 51.3715 0.5466 0.7072 -0.4484 0.2646 0.6720
NPCjames.jpg
4 6.1607 4.0824 50.6774 0.8802 0.2455 0.4062 0.2367 0.6717
3 5.7898 2.7364 48.4262 0.8276 0.3451 -0.4427 0.2229 0.6350
4 3.5067 6.2366 50.3990 0.4098 0.7650 -0.4969 0.2932 0.6379
NPCjames.jpg
4 7.1803 5.6997 53.1780 0.5526 0.6211 -0.5558 0.2543 0.7123
4 6.4724 4.8276 51.8867 -0.8365 0.3797 -0.3950 0.2466 0.6902
4 5.2574 5.2567 51.3715 0.5466 0.7072 -0.4484 0.2646 0.6720
NPCjames.jpg
3 0.1096 -4.1362 42.7664 0.3066 -0.9438 0.1235 0.0567 0.5097
3 -2.1890 -4.2437 42.1862 -0.1108 -0.9895 0.0925 0.0145 0.4991
2 -3.0414 -4.3630 39.9257 -0.2117 -0.9766 -0.0385 0.0096 0.4613
NPCjames.jpg
4 0.6974 5.8077 63.7714 -0.3286 -0.7663 0.5521 0.3607 0.9211
4 -1.2724 6.4378 63.9460 -0.0374 -0.8092 0.5863 0.3935 0.9444
4 -1.1909 5.7655 59.7615 -0.0352 -0.9760 0.2148 0.3537 0.9946
NPCjames.jpg
4 0.6974 5.8077 63.7714 -0.3286 -0.7663 0.5521 0.3607 0.9211
4 -1.1909 5.7655 59.7615 -0.0352 -0.9760 0.2148 0.3537 0.9946
4 0.4688 4.9175 59.5680 -0.5942 -0.7648 0.2490 0.3264 0.9759
NPCjames.jpg
4 3.3577 2.7697 62.0302 -0.3883 -0.6864 0.6149 0.2927 0.9129
4 2.5302 4.2078 63.0863 -0.4530 -0.7019 0.5497 0.3364 0.9161
4 1.1644 3.8122 58.9100 -0.7633 -0.4675 0.4459 0.3013 0.9741
NPCjames.jpg
4 0.4688 4.9175 59.5680 -0.5942 -0.7648 0.2490 0.3264 0.9759
4 1.1644 3.8122 58.9100 -0.7633 -0.4675 0.4459 0.3013 0.9741
4 2.5302 4.2078 63.0863 -0.4530 -0.7019 0.5497 0.3364 0.9161
NPCjames.jpg
4 2.5302 4.2078 63.0863 -0.4530 -0.7019 0.5497 0.3364 0.9161
4 0.6974 5.8077 63.7714 -0.3286 -0.7663 0.5521 0.3607 0.9211
4 0.4688 4.9175 59.5680 -0.5942 -0.7648 0.2490 0.3264 0.9759
NPCjames.jpg
4 1.1644 3.8122 58.9100 -0.7633 -0.4675 0.4459 0.3013 0.9741
4 1.1925 2.7314 58.6461 -0.2509 -0.2546 0.9340 0.2822 0.9750
4 3.3925 1.5657 60.8275 -0.2963 -0.6307 0.7172 0.2653 0.9212
NPCjames.jpg
4 3.3925 1.5657 60.8275 -0.2963 -0.6307 0.7172 0.2653 0.9212
4 3.3577 2.7697 62.0302 -0.3883 -0.6864 0.6149 0.2927 0.9129
4 1.1644 3.8122 58.9100 -0.7633 -0.4675 0.4459 0.3013 0.9741
NPCjames.jpg
4 2.5049 0.8027 60.1030 -0.4009 -0.2454 0.8826 0.0903 0.8728
4 3.3925 1.5657 60.8275 -0.2963 -0.6307 0.7172 0.1020 0.8793
4 1.1925 2.7314 58.6461 -0.2509 -0.2546 0.9340 0.0522 0.8881
NPCjames.jpg
4 1.1925 2.7314 58.6461 -0.2509 -0.2546 0.9340 0.0522 0.8881
4 0.9465 -0.6282 58.8139 -0.4561 -0.4249 0.7820 0.0580 0.8503
4 2.5049 0.8027 60.1030 -0.4009 -0.2454 0.8826 0.0903 0.8728
NPCjames.jpg
3 1.8264 4.9604 42.3275 0.4933 0.8444 0.2089 0.2679 0.4692
2 2.1759 5.2784 41.2134 0.5222 0.7627 0.3815 0.2648 0.4431
2 0.6538 6.0079 41.1426 0.3808 0.8505 0.3629 0.2883 0.4345
NPCjames.jpg
4 4.9401 -2.5830 56.2778 0.3394 -0.7962 0.5009 0.1083 0.7739
4 2.4580 -3.6851 55.8264 0.1791 -0.7805 0.5990 0.0660 0.7538
4 5.3353 -2.9413 54.4738 0.6179 -0.7801 0.0984 0.1128 0.7417
NPCjames.jpg
4 7.4657 -1.1817 56.2300 0.6219 -0.7243 0.2976 0.1515 0.7790
9 9.8546 2.1570 56.3887 0.9217 -0.1767 0.3452 0.2026 0.8024
9 8.7581 1.8359 57.9012 0.6935 -0.3870 0.6077 0.2004 0.8253
NPCjames.jpg
4 7.0157 4.5145 60.6566 0.7393 0.1912 0.6456 0.2745 0.8034
9 8.5533 4.5601 58.4769 0.8357 0.4033 0.3727 0.2344 0.7855
4 6.2622 7.1898 57.4809 0.6395 0.7632 0.0927 0.2920 0.7549
NPCjames.jpg
4 7.0157 4.5145 60.6566 0.7393 0.1912 0.6456 0.2745 0.8034
4 5.0554 1.4847 60.3982 0.3808 -0.6698 0.6375 0.2454 0.8867
9 8.7581 1.8359 57.9012 0.6935 -0.3870 0.6077 0.2004 0.8253
NPCjames.jpg
3 -1.8637 -4.5551 48.4884 -0.1469 -0.9636 -0.2235 0.0084 0.6052
3 -1.9990 -4.0015 44.8311 -0.1390 -0.9899 0.0270 0.0196 0.5421
3 0.3499 -3.7997 45.5172 0.3188 -0.9359 -0.1499 0.0609 0.5601
NPCjames.jpg
3 0.3499 -3.7997 45.5172 0.3188 -0.9359 -0.1499 0.0609 0.5601
3 -0.3863 -4.4721 48.4903 0.0433 -0.9665 -0.2531 0.0331 0.6095
3 -1.8637 -4.5551 48.4884 -0.1469 -0.9636 -0.2235 0.0084 0.6052
NPCjames.jpg
4 -0.9301 7.7254 51.3697 0.0336 0.8594 -0.5103 0.3782 0.6222
4 3.5577 7.7067 52.8434 0.4061 0.8141 -0.4152 0.3208 0.6815
4 3.5067 6.2366 50.3990 0.4098 0.7650 -0.4969 0.2932 0.6379
NPCjames.jpg
4 3.5067 6.2366 50.3990 0.4098 0.7650 -0.4969 0.2932 0.6379
3 -0.3519 5.9818 48.5332 0.1043 0.9353 -0.3382 0.3358 0.5589
4 -0.9301 7.7254 51.3697 0.0336 0.8594 -0.5103 0.3782 0.6222
NPCjames.jpg
4 3.5067 6.2366 50.3990 0.4098 0.7650 -0.4969 0.2932 0.6379
3 2.3714 4.9091 47.7881 0.4474 0.8187 -0.3600 0.2820 0.5737
3 -0.3519 5.9818 48.5332 0.1043 0.9353 -0.3382 0.3358 0.5589
NPCjames.jpg
3 0.3499 -3.7997 45.5172 0.3188 -0.9359 -0.1499 0.0609 0.5601
3 2.1578 -4.2873 48.1004 0.3777 -0.8688 -0.3202 0.0773 0.6142
3 -0.3863 -4.4721 48.4903 0.0433 -0.9665 -0.2531 0.0331 0.6095
NPCjames.jpg
4 2.6741 -1.0633 59.1197 0.0043 -0.7104 0.7038 0.0948 0.8413
4 5.0554 1.4847 60.3982 0.3808 -0.6698 0.6375 0.1422 0.8611
4 2.5049 0.8027 60.1030 -0.4009 -0.2454 0.8826 0.0903 0.8728
NPCjames.jpg
4 5.0554 1.4847 60.3982 0.3808 -0.6698 0.6375 0.1422 0.8611
4 3.3925 1.5657 60.8275 -0.2963 -0.6307 0.7172 0.1020 0.8793
4 2.5049 0.8027 60.1030 -0.4009 -0.2454 0.8826 0.0903 0.8728
NPCjames.jpg
2 -3.0414 -4.3630 39.9257 -0.2117 -0.9766 -0.0385 0.0096 0.4613
2 -2.9892 -4.2377 39.5108 -0.1744 -0.9363 -0.3048 0.0085 0.4549
2 -0.3751 -4.3559 38.0452 0.0115 -0.9996 0.0246 0.0479 0.4237
NPCjames.jpg
2 -0.3751 -4.3559 38.0452 0.0115 -0.9996 0.0246 0.0479 0.4237
3 0.1096 -4.1362 42.7664 0.3066 -0.9438 0.1235 0.0567 0.5097
2 -3.0414 -4.3630 39.9257 -0.2117 -0.9766 -0.0385 0.0096 0.4613
NPCjames.jpg
4 -1.2273 0.7919 55.1561 -0.0241 0.0702 0.9972 0.4553 0.0095
4 -1.3009 -0.6202 56.5118 -0.0060 0.6113 0.7914 0.4241 0.0098
4 -0.4998 -0.6487 57.8012 -0.6797 -0.0511 0.7317 0.4225 0.0257
NPCjames.jpg
4 -0.4998 -0.6487 57.8012 -0.6797 -0.0511 0.7317 0.4225 0.0257
4 0.4072 0.5688 58.4316 -0.6497 0.0453 0.7588 0.4524 0.0437
4 -1.2273 0.7919 55.1561 -0.0241 0.0702 0.9972 0.4553 0.0095
NPCjames.jpg
4 -1.1906 2.8832 56.3388 -0.0378 -0.3373 0.9406 0.4892 0.0090
4 -1.2273 0.7919 55.1561 -0.0241 0.0702 0.9972 0.4553 0.0095
4 0.4072 0.5688 58.4316 -0.6497 0.0453 0.7588 0.4524 0.0437
NPCjames.jpg
4 0.4072 0.5688 58.4316 -0.6497 0.0453 0.7588 0.4524 0.0437
4 0.9853 2.8565 59.3317 0.0599 -0.3786 0.9236 0.4973 0.0553
4 -1.1906 2.8832 56.3388 -0.0378 -0.3373 0.9406 0.4892 0.0090
NPCjames.jpg
4 3.9241 -4.3455 51.4538 0.5083 -0.8570 -0.0848 0.0840 0.6836
4 0.0058 -5.0339 52.7626 0.1217 -0.9850 0.1223 0.0212 0.6997
4 -0.4036 -5.2623 51.0657 0.0119 -0.9981 -0.0596 0.0141 0.6617
NPCjames.jpg
3 3.4074 -1.7018 45.6298 0.6734 -0.6812 -0.2873 0.1265 0.5695
3 4.4918 -2.0249 48.1943 0.7339 -0.5792 -0.3550 0.1330 0.6242
3 2.1578 -4.2873 48.1004 0.3777 -0.8688 -0.3202 0.0773 0.6142
NPCjames.jpg
4 -0.4036 -5.2623 51.0657 0.0119 -0.9981 -0.0596 0.4743 0.7038
4 -1.3008 -5.1250 51.4214 -0.0377 -0.9991 -0.0217 0.4795 0.7189
3 -1.8637 -4.5551 48.4884 -0.1469 -0.9636 -0.2235 0.4351 0.7189
NPCjames.jpg
3 -1.8637 -4.5551 48.4884 -0.1469 -0.9636 -0.2235 0.4351 0.7189
3 -0.3863 -4.4721 48.4903 0.0433 -0.9665 -0.2531 0.4353 0.7002
4 -0.4036 -5.2623 51.0657 0.0119 -0.9981 -0.0596 0.4743 0.7038
NPCjames.jpg
4 0.6974 5.8077 63.7714 -0.3286 -0.7663 0.5521 0.3607 0.9211
4 0.7604 7.0694 64.7547 0.2876 0.1920 0.9383 0.3827 0.9016
4 -1.2550 7.9004 64.9560 -0.0110 0.3852 0.9228 0.4221 0.9096
NPCjames.jpg
4 -1.2550 7.9004 64.9560 -0.0110 0.3852 0.9228 0.4221 0.9096
4 -1.2724 6.4378 63.9460 -0.0374 -0.8092 0.5863 0.3935 0.9444
4 0.6974 5.8077 63.7714 -0.3286 -0.7663 0.5521 0.3607 0.9211
NPCjames.jpg
4 0.4739 -3.0885 56.2256 -0.0753 -0.6217 0.7796 0.5504 0.6934
4 -1.3456 -1.8724 57.0905 -0.0389 -0.4391 0.8976 0.5635 0.7189
4 -1.3569 -3.6618 55.4455 -0.0359 -0.7325 0.6798 0.5371 0.7189
NPCjames.jpg
4 -1.3569 -3.6618 55.4455 -0.0359 -0.7325 0.6798 0.5371 0.7189
4 1.1317 -4.0766 55.4328 -0.0218 -0.8039 0.5944 0.5359 0.6863
4 0.4739 -3.0885 56.2256 -0.0753 -0.6217 0.7796 0.5504 0.6934
NPCjames.jpg
4 0.4739 -3.0885 56.2256 -0.0753 -0.6217 0.7796 0.5504 0.6934
4 -0.3047 -2.1602 56.6971 0.0858 -0.4710 0.8779 0.5606 0.7071
4 -1.3456 -1.8724 57.0905 -0.0389 -0.4391 0.8976 0.5635 0.7189
NPCjames.jpg
3 -0.5795 5.6847 45.3669 0.1374 0.9904 -0.0133 0.3045 0.5096
3 -0.3519 5.9818 48.5332 0.1043 0.9353 -0.3382 0.3358 0.5589
3 2.3714 4.9091 47.7881 0.4474 0.8187 -0.3600 0.2820 0.5737
NPCjames.jpg
3 2.3714 4.9091 47.7881 0.4474 0.8187 -0.3600 0.2820 0.5737
3 1.5440 4.9429 45.1308 0.4885 0.8721 -0.0274 0.2738 0.5230
3 -0.5795 5.6847 45.3669 0.1374 0.9904 -0.0133 0.3045 0.5096
NPCjames.jpg
3 -2.0038 -4.0094 44.7695 -0.1326 -0.9835 0.1231 0.0184 0.5444
3 -2.1890 -4.2437 42.1862 -0.1108 -0.9895 0.0925 0.0145 0.4991
3 0.1096 -4.1362 42.7664 0.3066 -0.9438 0.1235 0.0567 0.5097
NPCjames.jpg
3 0.1096 -4.1362 42.7664 0.3066 -0.9438 0.1235 0.0567 0.5097
3 0.3499 -3.7997 45.5172 0.3188 -0.9359 -0.1499 0.0609 0.5601
3 -2.0038 -4.0094 44.7695 -0.1326 -0.9835 0.1231 0.0184 0.5444
NPCjames.jpg
3 -2.0038 -4.0094 44.7695 -0.1326 -0.9835 0.1231 0.0184 0.5444
3 0.3499 -3.7997 45.5172 0.3188 -0.9359 -0.1499 0.0609 0.5601
3 -1.9990 -4.0015 44.8311 -0.1390 -0.9899 0.0270 0.0196 0.5421
NPCjames.jpg
3 1.8264 4.9604 42.3275 0.4933 0.8444 0.2089 0.2679 0.4692
3 -0.6992 6.0215 42.5190 0.1088 0.9744 0.1968 0.3041 0.4607
3 -0.5795 5.6847 45.3669 0.1374 0.9904 -0.0133 0.3045 0.5096
NPCjames.jpg
3 -0.5795 5.6847 45.3669 0.1374 0.9904 -0.0133 0.3045 0.5096
3 1.5440 4.9429 45.1308 0.4885 0.8721 -0.0274 0.2738 0.5230
3 1.8264 4.9604 42.3275 0.4933 0.8444 0.2089 0.2679 0.4692
NPCjames.jpg
4 -0.1473 -1.3525 57.3759 -0.1322 -0.6474 0.7506 0.5738 0.7047
4 -0.4998 -0.6487 57.8012 -0.6797 -0.0511 0.7317 0.5802 0.7081
4 -1.3456 -1.8724 57.0905 -0.0389 -0.4391 0.8976 0.5635 0.7189
NPCjames.jpg
4 -1.3456 -1.8724 57.0905 -0.0389 -0.4391 0.8976 0.5635 0.7189
4 -0.3047 -2.1602 56.6971 0.0858 -0.4710 0.8779 0.5606 0.7071
4 -0.1473 -1.3525 57.3759 -0.1322 -0.6474 0.7506 0.5738 0.7047
NPCjames.jpg
2 0.6538 6.0079 41.1426 0.3808 0.8505 0.3629 0.2883 0.4345
3 -0.7035 6.0492 42.3775 0.8543 0.5144 0.0747 0.3043 0.4588
3 -0.6992 6.0215 42.5190 0.1088 0.9744 0.1968 0.3041 0.4607
NPCjames.jpg
3 -0.6992 6.0215 42.5190 0.1088 0.9744 0.1968 0.3041 0.4607
3 1.8264 4.9604 42.3275 0.4933 0.8444 0.2089 0.2679 0.4692
2 0.6538 6.0079 41.1426 0.3808 0.8505 0.3629 0.2883 0.4345
NPCjames.jpg
4 3.5577 7.7067 52.8434 0.4061 0.8141 -0.4152 0.3208 0.6815
4 -0.9301 7.7254 51.3697 0.0336 0.8594 -0.5103 0.3782 0.6222
4 -0.9666 10.3895 56.0027 0.0329 0.9864 -0.1611 0.4261 0.7129
NPCjames.jpg
4 -0.9666 10.3895 56.0027 0.0329 0.9864 -0.1611 0.4261 0.7129
4 3.1669 9.2736 56.8247 0.4246 0.9049 -0.0300 0.3585 0.7440
4 3.5577 7.7067 52.8434 0.4061 0.8141 -0.4152 0.3208 0.6815
NPCjames.jpg
4 -1.3456 -1.8724 57.0905 -0.0389 -0.4391 0.8976 0.3957 0.0102
4 -0.4998 -0.6487 57.8012 -0.6797 -0.0511 0.7317 0.4225 0.0257
4 -1.3009 -0.6202 56.5118 -0.0060 0.6113 0.7914 0.4241 0.0098
NPCjames.jpg
4 -3.7243 -4.6963 54.2493 -0.0704 -0.9272 0.3680 0.0341 0.7298
4 -5.0730 -4.5955 53.7909 -0.3178 -0.9315 0.1772 0.0557 0.7225
4 -2.6892 -4.9495 52.6898 -0.1483 -0.9861 0.0748 0.0212 0.6997
NPCjames.jpg
3 -7.3336 1.8926 46.4755 -0.9758 0.0852 -0.2013 0.1702 0.5727
3 -7.0411 2.1168 44.6367 -0.9803 0.1826 0.0749 0.1706 0.5320
3 -6.2933 -0.2208 43.7474 -0.8548 -0.4835 0.1885 0.1247 0.5211
NPCjames.jpg
3 -6.2933 -0.2208 43.7474 -0.8548 -0.4835 0.1885 0.1247 0.5211
3 -6.4434 -0.2910 46.2007 -0.8653 -0.4610 -0.1969 0.1265 0.5695
3 -7.3336 1.8926 46.4755 -0.9758 0.0852 -0.2013 0.1702 0.5727
NPCjames.jpg
4 -8.2182 4.4958 50.3265 -0.9938 0.1115 -0.0010 0.2367 0.6717
4 -7.3604 5.6195 51.0611 -0.4736 0.7316 -0.4904 0.2646 0.6720
4 -5.4225 6.4933 50.1807 -0.3286 0.7836 -0.5273 0.2932 0.6379
NPCjames.jpg
4 -6.4958 -4.0878 51.2446 -0.5398 -0.8152 -0.2100 0.0840 0.6836
4 -5.0730 -4.5955 53.7909 -0.3178 -0.9315 0.1772 0.0557 0.7225
4 -7.9687 -2.5871 54.1799 -0.6956 -0.7128 0.0903 0.1128 0.7417
NPCjames.jpg
4 -7.9687 -2.5871 54.1799 -0.6956 -0.7128 0.0903 0.1128 0.7417
4 -7.8922 -2.5923 52.3158 -0.8770 -0.4615 -0.1337 0.1254 0.7118
4 -6.4958 -4.0878 51.2446 -0.5398 -0.8152 -0.2100 0.0840 0.6836
NPCjames.jpg
4 -5.0730 -4.5955 53.7909 -0.3178 -0.9315 0.1772 0.0557 0.7225
4 -5.4672 -3.7154 55.4204 -0.2730 -0.7584 0.5919 0.0660 0.7538
4 -7.9687 -2.5871 54.1799 -0.6956 -0.7128 0.0903 0.1128 0.7417
NPCjames.jpg
4 -7.8922 -2.5923 52.3158 -0.8770 -0.4615 -0.1337 0.1254 0.7118
4 -8.3408 0.2660 50.3166 -0.9147 0.0966 0.3924 0.1651 0.6811
4 -7.7923 -1.8987 50.1555 -0.7190 -0.4602 -0.5208 0.1259 0.6654
NPCjames.jpg
3 -4.1283 -3.1583 45.7805 -0.5816 -0.8077 -0.0969 0.0609 0.5601
3 -6.4434 -0.2910 46.2007 -0.8653 -0.4610 -0.1969 0.1265 0.5695
3 -6.2933 -0.2208 43.7474 -0.8548 -0.4835 0.1885 0.1247 0.5211
NPCjames.jpg
3 -6.2933 -0.2208 43.7474 -0.8548 -0.4835 0.1885 0.1247 0.5211
3 -4.3087 -3.5034 43.0261 -0.5516 -0.8159 0.1733 0.0567 0.5097
3 -4.1283 -3.1583 45.7805 -0.5816 -0.8077 -0.0969 0.0609 0.5601
NPCjames.jpg
4 -1.3544 -4.9172 53.8644 -0.0106 -0.9207 0.3901 0.5119 0.7189
4 -3.7243 -4.6963 54.2493 -0.0704 -0.9272 0.3680 0.5176 0.7471
4 -2.6892 -4.9495 52.6898 -0.1483 -0.9861 0.0748 0.4986 0.7357
NPCjames.jpg
4 -2.6892 -4.9495 52.6898 -0.1483 -0.9861 0.0748 0.4986 0.7357
4 -1.3344 -5.1838 52.7274 -0.0322 -0.9954 0.0907 0.4979 0.7189
4 -1.3544 -4.9172 53.8644 -0.0106 -0.9207 0.3901 0.5119 0.7189
NPCjames.jpg
4 -1.3569 -3.6618 55.4455 -0.0359 -0.7325 0.6798 0.5371 0.7189
4 -3.9452 -3.9167 55.3432 -0.0166 -0.7197 0.6941 0.5340 0.7510
4 -3.7243 -4.6963 54.2493 -0.0704 -0.9272 0.3680 0.5176 0.7471
NPCjames.jpg
4 -3.7243 -4.6963 54.2493 -0.0704 -0.9272 0.3680 0.5176 0.7471
4 -1.3544 -4.9172 53.8644 -0.0106 -0.9207 0.3901 0.5119 0.7189
4 -1.3569 -3.6618 55.4455 -0.0359 -0.7325 0.6798 0.5371 0.7189
NPCjames.jpg
4 -7.7923 -1.8987 50.1555 -0.7190 -0.4602 -0.5208 0.1259 0.6654
4 -8.3408 0.2660 50.3166 -0.9147 0.0966 0.3924 0.1651 0.6811
4 -8.4119 2.0091 49.4882 -0.9480 0.1126 -0.2978 0.1934 0.6662
NPCjames.jpg
3 -7.7730 1.9710 48.8066 -0.8794 0.0500 -0.4735 0.1768 0.6339
4 -7.7923 -1.8987 50.1555 -0.7190 -0.4602 -0.5208 0.1259 0.6654
4 -8.4119 2.0091 49.4882 -0.9480 0.1126 -0.2978 0.1934 0.6662
NPCjames.jpg
3 -3.3586 5.7298 48.1253 -0.2089 0.9339 -0.2901 0.2820 0.5737
3 -2.8657 5.5745 45.3901 -0.2213 0.9752 -0.0034 0.2738 0.5230
3 -5.5842 4.1217 45.0334 -0.6712 0.7378 0.0717 0.2153 0.5317
NPCjames.jpg
3 -5.5842 4.1217 45.0334 -0.6712 0.7378 0.0717 0.2153 0.5317
3 -6.5177 3.9874 47.2641 -0.7039 0.6421 -0.3037 0.2148 0.5820
3 -3.3586 5.7298 48.1253 -0.2089 0.9339 -0.2901 0.2820 0.5737
NPCjames.jpg
3 -3.3586 5.7298 48.1253 -0.2089 0.9339 -0.2901 0.2820 0.5737
3 -6.5177 3.9874 47.2641 -0.7039 0.6421 -0.3037 0.2148 0.5820
3 -7.1485 4.5895 49.1878 -0.6273 0.5792 -0.5206 0.2229 0.6350
NPCjames.jpg
3 -7.1485 4.5895 49.1878 -0.6273 0.5792 -0.5206 0.2229 0.6350
4 -5.4225 6.4933 50.1807 -0.3286 0.7836 -0.5273 0.2932 0.6379
3 -3.3586 5.7298 48.1253 -0.2089 0.9339 -0.2901 0.2820 0.5737
NPCjames.jpg
3 -7.2736 -0.3529 48.8991 -0.8389 -0.3274 -0.4347 0.1330 0.6242
3 -7.7730 1.9710 48.8066 -0.8794 0.0500 -0.4735 0.1768 0.6339
3 -7.3336 1.8926 46.4755 -0.9758 0.0852 -0.2013 0.1702 0.5727
NPCjames.jpg
3 -7.3336 1.8926 46.4755 -0.9758 0.0852 -0.2013 0.1702 0.5727
3 -6.4434 -0.2910 46.2007 -0.8653 -0.4610 -0.1969 0.1265 0.5695
3 -7.2736 -0.3529 48.8991 -0.8389 -0.3274 -0.4347 0.1330 0.6242
NPCjames.jpg
4 -8.2182 4.4958 50.3265 -0.9938 0.1115 -0.0010 0.2367 0.6717
4 -8.6095 5.2612 51.5196 -0.4197 0.6409 -0.6427 0.2466 0.6902
4 -7.3604 5.6195 51.0611 -0.4736 0.7316 -0.4904 0.2646 0.6720
NPCjames.jpg
3 -7.1485 4.5895 49.1878 -0.6273 0.5792 -0.5206 0.2229 0.6350
3 -7.7730 1.9710 48.8066 -0.8794 0.0500 -0.4735 0.1768 0.6339
4 -8.4119 2.0091 49.4882 -0.9480 0.1126 -0.2978 0.1934 0.6662
NPCjames.jpg
4 -8.4119 2.0091 49.4882 -0.9480 0.1126 -0.2978 0.1934 0.6662
4 -8.2182 4.4958 50.3265 -0.9938 0.1115 -0.0010 0.2367 0.6717
3 -7.1485 4.5895 49.1878 -0.6273 0.5792 -0.5206 0.2229 0.6350
NPCjames.jpg
25 -8.6710 -1.2705 53.7887 -0.6740 -0.7296 -0.1161 0.1430 0.7451
4 -7.9687 -2.5871 54.1799 -0.6956 -0.7128 0.0903 0.1128 0.7417
25 -9.7200 -0.6967 55.6481 -0.6238 -0.7429 0.2428 0.1515 0.7790
NPCjames.jpg
25 -9.7200 -0.6967 55.6481 -0.6238 -0.7429 0.2428 0.1515 0.7790
25 -10.8313 -0.0109 54.6555 -0.6401 -0.7443 0.1903 0.1761 0.7702
25 -8.6710 -1.2705 53.7887 -0.6740 -0.7296 -0.1161 0.1430 0.7451
NPCjames.jpg
25 -8.6710 -1.2705 53.7887 -0.6740 -0.7296 -0.1161 0.1430 0.7451
4 -7.8922 -2.5923 52.3158 -0.8770 -0.4615 -0.1337 0.1254 0.7118
4 -7.9687 -2.5871 54.1799 -0.6956 -0.7128 0.0903 0.1128 0.7417
NPCjames.jpg
4 -6.4958 -4.0878 51.2446 -0.5398 -0.8152 -0.2100 0.0840 0.6836
4 -7.7923 -1.8987 50.1555 -0.7190 -0.4602 -0.5208 0.1259 0.6654
3 -7.2736 -0.3529 48.8991 -0.8389 -0.3274 -0.4347 0.1330 0.6242
NPCjames.jpg
3 -7.2736 -0.3529 48.8991 -0.8389 -0.3274 -0.4347 0.1330 0.6242
3 -5.6918 -3.1613 48.5598 -0.6174 -0.7013 -0.3564 0.0773 0.6142
4 -6.4958 -4.0878 51.2446 -0.5398 -0.8152 -0.2100 0.0840 0.6836
NPCjames.jpg
3 -7.7730 1.9710 48.8066 -0.8794 0.0500 -0.4735 0.1768 0.6339
3 -7.1485 4.5895 49.1878 -0.6273 0.5792 -0.5206 0.2229 0.6350
3 -6.5177 3.9874 47.2641 -0.7039 0.6421 -0.3037 0.2148 0.5820
NPCjames.jpg
3 -6.5177 3.9874 47.2641 -0.7039 0.6421 -0.3037 0.2148 0.5820
3 -7.3336 1.8926 46.4755 -0.9758 0.0852 -0.2013 0.1702 0.5727
3 -7.7730 1.9710 48.8066 -0.8794 0.0500 -0.4735 0.1768 0.6339
NPCjames.jpg
3 -7.3336 1.8926 46.4755 -0.9758 0.0852 -0.2013 0.1702 0.5727
3 -6.5177 3.9874 47.2641 -0.7039 0.6421 -0.3037 0.2148 0.5820
3 -5.5842 4.1217 45.0334 -0.6712 0.7378 0.0717 0.2153 0.5317
NPCjames.jpg
3 -5.5842 4.1217 45.0334 -0.6712 0.7378 0.0717 0.2153 0.5317
3 -7.0411 2.1168 44.6367 -0.9803 0.1826 0.0749 0.1706 0.5320
3 -7.3336 1.8926 46.4755 -0.9758 0.0852 -0.2013 0.1702 0.5727
NPCjames.jpg
4 -2.2117 -5.2094 51.0207 -0.0761 -0.9914 -0.1065 0.0141 0.6617
4 -6.4958 -4.0878 51.2446 -0.5398 -0.8152 -0.2100 0.0840 0.6836
3 -5.6918 -3.1613 48.5598 -0.6174 -0.7013 -0.3564 0.0773 0.6142
NPCjames.jpg
3 -5.6918 -3.1613 48.5598 -0.6174 -0.7013 -0.3564 0.0773 0.6142
3 -3.2736 -4.0550 48.6564 -0.3371 -0.9103 -0.2403 0.0331 0.6095
4 -2.2117 -5.2094 51.0207 -0.0761 -0.9914 -0.1065 0.0141 0.6617
NPCjames.jpg
3 -6.4434 -0.2910 46.2007 -0.8653 -0.4610 -0.1969 0.1265 0.5695
3 -4.1283 -3.1583 45.7805 -0.5816 -0.8077 -0.0969 0.0609 0.5601
3 -5.6918 -3.1613 48.5598 -0.6174 -0.7013 -0.3564 0.0773 0.6142
NPCjames.jpg
3 -7.2736 -0.3529 48.8991 -0.8389 -0.3274 -0.4347 0.1330 0.6242
4 -7.7923 -1.8987 50.1555 -0.7190 -0.4602 -0.5208 0.1259 0.6654
3 -7.7730 1.9710 48.8066 -0.8794 0.0500 -0.4735 0.1768 0.6339
NPCjames.jpg
4 -1.3008 -5.1250 51.4214 -0.0377 -0.9991 -0.0217 0.4795 0.7189
4 -1.3344 -5.1838 52.7274 -0.0322 -0.9954 0.0907 0.4979 0.7189
4 -2.6892 -4.9495 52.6898 -0.1483 -0.9861 0.0748 0.4986 0.7357
NPCjames.jpg
4 -2.6892 -4.9495 52.6898 -0.1483 -0.9861 0.0748 0.4986 0.7357
4 -2.2117 -5.2094 51.0207 -0.0761 -0.9914 -0.1065 0.4743 0.7339
4 -1.3008 -5.1250 51.4214 -0.0377 -0.9991 -0.0217 0.4795 0.7189
NPCjames.jpg
3 -7.0411 2.1168 44.6367 -0.9803 0.1826 0.0749 0.1706 0.5320
3 -5.5842 4.1217 45.0334 -0.6712 0.7378 0.0717 0.2153 0.5317
3 -5.7915 4.9745 42.7345 -0.6082 0.7594 0.2311 0.2194 0.4850
NPCjames.jpg
3 -2.8657 5.5745 45.3901 -0.2213 0.9752 -0.0034 0.2738 0.5230
3 -2.9637 5.6465 42.6092 -0.1607 0.9548 0.2500 0.2679 0.4692
3 -5.7915 4.9745 42.7345 -0.6082 0.7594 0.2311 0.2194 0.4850
NPCjames.jpg
3 -5.7915 4.9745 42.7345 -0.6082 0.7594 0.2311 0.2194 0.4850
3 -5.5842 4.1217 45.0334 -0.6712 0.7378 0.0717 0.2153 0.5317
3 -2.8657 5.5745 45.3901 -0.2213 0.9752 -0.0034 0.2738 0.5230
NPCjames.jpg
3 -4.3087 -3.5034 43.0261 -0.5516 -0.8159 0.1733 0.0567 0.5097
2 -7.4486 -1.9442 39.1482 -0.6946 -0.6715 0.2579 0.0857 0.4444
2 -5.2978 -3.3835 37.8615 -0.4786 -0.8764 0.0541 0.0479 0.4237
NPCjames.jpg
4 -3.7126 2.8910 58.5080 0.1931 -0.2774 0.9411 0.0522 0.8881
4 -3.6676 -0.4608 58.6666 0.3814 -0.4499 0.8075 0.0580 0.8503
4 -3.0436 0.6821 58.3334 0.6037 0.0045 0.7972 0.0471 0.8510
NPCjames.jpg
4 -3.0436 0.6821 58.3334 0.6037 0.0045 0.7972 0.0471 0.8510
4 -3.5324 2.9945 59.2135 -0.1460 -0.3787 0.9139 0.0443 0.8916
4 -3.7126 2.8910 58.5080 0.1931 -0.2774 0.9411 0.0522 0.8881
NPCjames.jpg
4 -3.6676 -0.4608 58.6666 0.3814 -0.4499 0.8075 0.0580 0.8503
4 -2.5502 -1.2822 57.3161 0.0413 -0.6522 0.7569 0.0284 0.8180
4 -2.1791 -0.5997 57.7596 0.6275 -0.0904 0.7733 0.0234 0.8298
NPCjames.jpg
4 -2.1791 -0.5997 57.7596 0.6275 -0.0904 0.7733 0.0234 0.8298
4 -3.0436 0.6821 58.3334 0.6037 0.0045 0.7972 0.0471 0.8510
4 -3.6676 -0.4608 58.6666 0.3814 -0.4499 0.8075 0.0580 0.8503
NPCjames.jpg
2 -7.4486 -1.9442 39.1482 -0.6946 -0.6715 0.2579 0.0857 0.4444
3 -4.3087 -3.5034 43.0261 -0.5516 -0.8159 0.1733 0.0567 0.5097
3 -6.2933 -0.2208 43.7474 -0.8548 -0.4835 0.1885 0.1247 0.5211
NPCjames.jpg
3 -6.2933 -0.2208 43.7474 -0.8548 -0.4835 0.1885 0.1247 0.5211
2 -8.1057 0.1583 40.2173 -0.9059 -0.2706 0.3258 0.1188 0.4635
2 -7.4486 -1.9442 39.1482 -0.6946 -0.6715 0.2579 0.0857 0.4444
NPCjames.jpg
2 -8.1057 0.1583 40.2173 -0.9059 -0.2706 0.3258 0.1188 0.4635
3 -6.2933 -0.2208 43.7474 -0.8548 -0.4835 0.1885 0.1247 0.5211
3 -7.0411 2.1168 44.6367 -0.9803 0.1826 0.0749 0.1706 0.5320
NPCjames.jpg
3 -7.0411 2.1168 44.6367 -0.9803 0.1826 0.0749 0.1706 0.5320
2 -7.4897 3.1961 40.7465 -0.9046 0.3914 0.1688 0.1603 0.4678
2 -8.1057 0.1583 40.2173 -0.9059 -0.2706 0.3258 0.1188 0.4635
NPCjames.jpg
3 -5.7915 4.9745 42.7345 -0.6082 0.7594 0.2311 0.2194 0.4850
2 -5.0528 5.9605 40.9509 -0.4136 0.8534 0.3171 0.2183 0.4596
2 -7.4897 3.1961 40.7465 -0.9046 0.3914 0.1688 0.1603 0.4678
NPCjames.jpg
2 -5.0528 5.9605 40.9509 -0.4136 0.8534 0.3171 0.2183 0.4596
3 -5.7915 4.9745 42.7345 -0.6082 0.7594 0.2311 0.2194 0.4850
3 -2.9637 5.6465 42.6092 -0.1607 0.9548 0.2500 0.2679 0.4692
NPCjames.jpg
3 -2.9637 5.6465 42.6092 -0.1607 0.9548 0.2500 0.2679 0.4692
2 -2.4177 6.6066 41.0371 -0.0434 0.8592 0.5097 0.2648 0.4431
2 -5.0528 5.9605 40.9509 -0.4136 0.8534 0.3171 0.2183 0.4596
NPCjames.jpg
3 -5.7915 4.9745 42.7345 -0.6082 0.7594 0.2311 0.2194 0.4850
2 -7.4897 3.1961 40.7465 -0.9046 0.3914 0.1688 0.1603 0.4678
3 -7.0411 2.1168 44.6367 -0.9803 0.1826 0.0749 0.1706 0.5320
NPCjames.jpg
4 -7.3700 7.0359 60.4222 -0.5762 0.6700 0.4680 0.3238 0.8167
4 -4.7266 8.9352 60.4791 -0.4047 0.8546 0.3253 0.3773 0.8079
4 -5.2181 9.5147 56.6201 -0.3693 0.9280 -0.0495 0.3585 0.7440
NPCjames.jpg
4 -5.2181 9.5147 56.6201 -0.3693 0.9280 -0.0495 0.3585 0.7440
4 -8.4562 7.6130 57.1219 -0.6024 0.7956 0.0639 0.2920 0.7549
4 -7.3700 7.0359 60.4222 -0.5762 0.6700 0.4680 0.3238 0.8167
NPCjames.jpg
4 -3.7947 7.6666 63.6094 -0.4965 0.7096 0.4999 0.3815 0.8744
4 -5.4862 6.3607 62.7607 -0.6283 0.5724 0.5268 0.3465 0.8656
4 -3.3020 7.1862 64.6583 -0.2704 0.1485 0.9512 0.3827 0.9016
NPCjames.jpg
4 -1.2124 8.4180 63.8008 0.0316 0.9058 0.4225 0.4333 0.8693
4 -3.7947 7.6666 63.6094 -0.4965 0.7096 0.4999 0.3815 0.8744
4 -3.3020 7.1862 64.6583 -0.2704 0.1485 0.9512 0.3827 0.9016
NPCjames.jpg
4 -3.3020 7.1862 64.6583 -0.2704 0.1485 0.9512 0.3827 0.9016
4 -1.2550 7.9004 64.9560 -0.0110 0.3852 0.9228 0.4221 0.9096
4 -1.2124 8.4180 63.8008 0.0316 0.9058 0.4225 0.4333 0.8693
NPCjames.jpg
4 -5.8963 5.1091 63.6686 -0.3836 -0.0947 0.9186 0.3327 0.8819
4 -5.4862 6.3607 62.7607 -0.6283 0.5724 0.5268 0.3465 0.8656
4 -7.4257 4.8148 61.9986 -0.6597 0.3899 0.6425 0.3082 0.8603
NPCjames.jpg
4 -5.8963 5.1091 63.6686 -0.3836 -0.0947 0.9186 0.3327 0.8819
4 -7.3709 3.1953 61.8459 -0.3224 -0.5964 0.7351 0.2834 0.8781
4 -6.0338 3.0397 61.8011 0.3168 -0.7089 0.6302 0.2927 0.9129
NPCjames.jpg
4 -6.0338 3.0397 61.8011 0.3168 -0.7089 0.6302 0.2927 0.9129
4 -5.1751 4.4294 62.8985 0.3830 -0.7272 0.5696 0.3363 0.9161
4 -5.8963 5.1091 63.6686 -0.3836 -0.0947 0.9186 0.3327 0.8819
NPCjames.jpg
4 -3.6676 -0.4608 58.6666 0.3814 -0.4499 0.8075 0.0580 0.8503
4 -5.4300 -0.7915 58.8832 -0.0578 -0.7088 0.7031 0.0948 0.8413
4 -4.0152 -1.5887 57.1369 0.0416 -0.7473 0.6632 0.0579 0.8044
NPCjames.jpg
4 -3.6676 -0.4608 58.6666 0.3814 -0.4499 0.8075 0.0580 0.8503
4 -4.0152 -1.5887 57.1369 0.0416 -0.7473 0.6632 0.0579 0.8044
4 -2.5502 -1.2822 57.3161 0.0413 -0.6522 0.7569 0.0284 0.8180
NPCjames.jpg
25 -11.2217 4.7617 57.8844 -0.8512 0.4193 0.3155 0.2344 0.7855
25 -11.3049 4.4923 55.0774 -0.7541 0.6567 0.0002 0.2146 0.7645
25 -12.3711 2.1245 55.9996 -0.9208 -0.1979 0.3360 0.2026 0.8024
NPCjames.jpg
25 -12.3711 2.1245 55.9996 -0.9208 -0.1979 0.3360 0.2026 0.8024
25 -11.3507 1.9883 57.5912 -0.7068 -0.3961 0.5861 0.2004 0.8253
25 -11.2217 4.7617 57.8844 -0.8512 0.4193 0.3155 0.2344 0.7855
NPCjames.jpg
4 -5.2024 1.0501 59.8890 0.3478 -0.2748 0.8964 0.0903 0.8728
4 -5.4300 -0.7915 58.8832 -0.0578 -0.7088 0.7031 0.0948 0.8413
4 -3.6676 -0.4608 58.6666 0.3814 -0.4499 0.8075 0.0580 0.8503
NPCjames.jpg
4 -5.4300 -0.7915 58.8832 -0.0578 -0.7088 0.7031 0.0948 0.8413
4 -7.7223 1.8578 60.0807 -0.4167 -0.6363 0.6493 0.1422 0.8611
25 -11.3507 1.9883 57.5912 -0.7068 -0.3961 0.5861 0.2004 0.8253
NPCjames.jpg
25 -11.3507 1.9883 57.5912 -0.7068 -0.3961 0.5861 0.2004 0.8253
4 -7.6407 -2.2282 55.9769 -0.4337 -0.7591 0.4855 0.1083 0.7739
4 -5.4300 -0.7915 58.8832 -0.0578 -0.7088 0.7031 0.0948 0.8413
NPCjames.jpg
4 -5.4862 6.3607 62.7607 -0.6283 0.5724 0.5268 0.3465 0.8656
4 -5.8963 5.1091 63.6686 -0.3836 -0.0947 0.9186 0.3327 0.8819
4 -3.3020 7.1862 64.6583 -0.2704 0.1485 0.9512 0.3827 0.9016
NPCjames.jpg
4 -1.0940 9.6615 60.3737 0.0223 0.9676 0.2517 0.4401 0.7955
4 -0.9666 10.3895 56.0027 0.0329 0.9864 -0.1611 0.4261 0.7129
4 -5.2181 9.5147 56.6201 -0.3693 0.9280 -0.0495 0.3585 0.7440
NPCjames.jpg
4 -5.2181 9.5147 56.6201 -0.3693 0.9280 -0.0495 0.3585 0.7440
4 -4.7266 8.9352 60.4791 -0.4047 0.8546 0.3253 0.3773 0.8079
4 -1.0940 9.6615 60.3737 0.0223 0.9676 0.2517 0.4401 0.7955
NPCjames.jpg
4 -7.7223 1.8578 60.0807 -0.4167 -0.6363 0.6493 0.2454 0.8867
4 -7.3709 3.1953 61.8459 -0.3224 -0.5964 0.7351 0.2834 0.8781
4 -8.7801 3.5021 61.0815 -0.8016 -0.3703 0.4695 0.2729 0.8462
NPCjames.jpg
4 -7.3700 7.0359 60.4222 -0.5762 0.6700 0.4680 0.3238 0.8167
4 -9.5160 4.9898 60.2533 -0.7464 0.2546 0.6149 0.2745 0.8034
4 -7.4257 4.8148 61.9986 -0.6597 0.3899 0.6425 0.3082 0.8603
NPCjames.jpg
4 -7.4257 4.8148 61.9986 -0.6597 0.3899 0.6425 0.3082 0.8603
4 -5.4862 6.3607 62.7607 -0.6283 0.5724 0.5268 0.3465 0.8656
4 -7.3700 7.0359 60.4222 -0.5762 0.6700 0.4680 0.3238 0.8167
NPCjames.jpg
4 -3.3020 7.1862 64.6583 -0.2704 0.1485 0.9512 0.3827 0.9016
4 -5.8963 5.1091 63.6686 -0.3836 -0.0947 0.9186 0.3327 0.8819
4 -5.1751 4.4294 62.8985 0.3830 -0.7272 0.5696 0.3363 0.9161
NPCjames.jpg
4 -5.1751 4.4294 62.8985 0.3830 -0.7272 0.5696 0.3363 0.9161
4 -3.2634 5.9216 63.6759 0.2553 -0.7847 0.5649 0.3607 0.9211
4 -3.3020 7.1862 64.6583 -0.2704 0.1485 0.9512 0.3827 0.9016
NPCjames.jpg
25 -11.3049 4.4923 55.0774 -0.7541 0.6567 0.0002 0.2146 0.7645
4 -9.0533 6.4795 54.5064 -0.5694 0.8010 -0.1852 0.2691 0.7340
4 -9.3095 6.1737 52.7772 -0.2006 0.9529 -0.2276 0.2543 0.7123
NPCjames.jpg
4 -7.6407 -2.2282 55.9769 -0.4337 -0.7591 0.4855 0.1083 0.7739
4 -5.4672 -3.7154 55.4204 -0.2730 -0.7584 0.5919 0.0660 0.7538
4 -4.0152 -1.5887 57.1369 0.0416 -0.7473 0.6632 0.0579 0.8044
NPCjames.jpg
4 -4.0152 -1.5887 57.1369 0.0416 -0.7473 0.6632 0.0579 0.8044
4 -5.4300 -0.7915 58.8832 -0.0578 -0.7088 0.7031 0.0948 0.8413
4 -7.6407 -2.2282 55.9769 -0.4337 -0.7591 0.4855 0.1083 0.7739
NPCjames.jpg
4 -5.4862 6.3607 62.7607 -0.6283 0.5724 0.5268 0.3465 0.8656
4 -3.7947 7.6666 63.6094 -0.4965 0.7096 0.4999 0.3815 0.8744
4 -4.7266 8.9352 60.4791 -0.4047 0.8546 0.3253 0.3773 0.8079
NPCjames.jpg
4 -4.7266 8.9352 60.4791 -0.4047 0.8546 0.3253 0.3773 0.8079
4 -7.3700 7.0359 60.4222 -0.5762 0.6700 0.4680 0.3238 0.8167
4 -5.4862 6.3607 62.7607 -0.6283 0.5724 0.5268 0.3465 0.8656
NPCjames.jpg
4 -4.7266 8.9352 60.4791 -0.4047 0.8546 0.3253 0.3773 0.8079
4 -1.2124 8.4180 63.8008 0.0316 0.9058 0.4225 0.4333 0.8693
4 -1.0940 9.6615 60.3737 0.0223 0.9676 0.2517 0.4401 0.7955
NPCjames.jpg
4 -4.7266 8.9352 60.4791 -0.4047 0.8546 0.3253 0.3773 0.8079
4 -3.7947 7.6666 63.6094 -0.4965 0.7096 0.4999 0.3815 0.8744
4 -1.2124 8.4180 63.8008 0.0316 0.9058 0.4225 0.4333 0.8693
NPCjames.jpg
4 -9.5160 4.9898 60.2533 -0.7464 0.2546 0.6149 0.2745 0.8034
4 -7.3700 7.0359 60.4222 -0.5762 0.6700 0.4680 0.3238 0.8167
4 -8.4562 7.6130 57.1219 -0.6024 0.7956 0.0639 0.2920 0.7549
NPCjames.jpg
4 -9.5160 4.9898 60.2533 -0.7464 0.2546 0.6149 0.2745 0.8034
4 -7.7223 1.8578 60.0807 -0.4167 -0.6363 0.6493 0.2454 0.8867
4 -8.7801 3.5021 61.0815 -0.8016 -0.3703 0.4695 0.2729 0.8462
NPCjames.jpg
4 -4.0152 -1.5887 57.1369 0.0416 -0.7473 0.6632 0.0579 0.8044
4 -5.4672 -3.7154 55.4204 -0.2730 -0.7584 0.5919 0.0660 0.7538
4 -3.2631 -2.8571 56.1260 -0.0043 -0.6110 0.7916 0.0319 0.7801
NPCjames.jpg
4 -2.4065 -2.0985 56.6445 -0.1673 -0.4815 0.8603 0.0214 0.8001
4 -4.0152 -1.5887 57.1369 0.0416 -0.7473 0.6632 0.0579 0.8044
4 -3.2631 -2.8571 56.1260 -0.0043 -0.6110 0.7916 0.0319 0.7801
NPCjames.jpg
4 -4.0152 -1.5887 57.1369 0.0416 -0.7473 0.6632 0.0579 0.8044
4 -2.4065 -2.0985 56.6445 -0.1673 -0.4815 0.8603 0.0214 0.8001
4 -2.5502 -1.2822 57.3161 0.0413 -0.6522 0.7569 0.0284 0.8180
NPCjames.jpg
4 -3.2631 -2.8571 56.1260 -0.0043 -0.6110 0.7916 0.0319 0.7801
4 -5.4672 -3.7154 55.4204 -0.2730 -0.7584 0.5919 0.0660 0.7538
4 -3.9452 -3.9167 55.3432 -0.0166 -0.7197 0.6941 0.0392 0.7534
NPCjames.jpg
4 -7.6407 -2.2282 55.9769 -0.4337 -0.7591 0.4855 0.1083 0.7739
25 -11.3507 1.9883 57.5912 -0.7068 -0.3961 0.5861 0.2004 0.8253
25 -9.7200 -0.6967 55.6481 -0.6238 -0.7429 0.2428 0.1515 0.7790
NPCjames.jpg
25 -11.2217 4.7617 57.8844 -0.8512 0.4193 0.3155 0.2344 0.7855
25 -11.3507 1.9883 57.5912 -0.7068 -0.3961 0.5861 0.2004 0.8253
4 -9.5160 4.9898 60.2533 -0.7464 0.2546 0.6149 0.2745 0.8034
NPCjames.jpg
4 -7.3709 3.1953 61.8459 -0.3224 -0.5964 0.7351 0.2834 0.8781
4 -7.7223 1.8578 60.0807 -0.4167 -0.6363 0.6493 0.2454 0.8867
4 -6.0799 1.8454 60.5890 0.2263 -0.6554 0.7206 0.2653 0.9212
NPCjames.jpg
4 -6.0799 1.8454 60.5890 0.2263 -0.6554 0.7206 0.2653 0.9212
4 -6.0338 3.0397 61.8011 0.3168 -0.7089 0.6302 0.2927 0.9129
4 -7.3709 3.1953 61.8459 -0.3224 -0.5964 0.7351 0.2834 0.8781
NPCjames.jpg
4 -8.7801 3.5021 61.0815 -0.8016 -0.3703 0.4695 0.2729 0.8462
4 -7.3709 3.1953 61.8459 -0.3224 -0.5964 0.7351 0.2834 0.8781
4 -5.8963 5.1091 63.6686 -0.3836 -0.0947 0.9186 0.3327 0.8819
NPCjames.jpg
4 -5.8963 5.1091 63.6686 -0.3836 -0.0947 0.9186 0.3327 0.8819
4 -7.4257 4.8148 61.9986 -0.6597 0.3899 0.6425 0.3082 0.8603
4 -8.7801 3.5021 61.0815 -0.8016 -0.3703 0.4695 0.2729 0.8462
NPCjames.jpg
4 -9.5160 4.9898 60.2533 -0.7464 0.2546 0.6149 0.2745 0.8034
4 -8.7801 3.5021 61.0815 -0.8016 -0.3703 0.4695 0.2729 0.8462
4 -7.4257 4.8148 61.9986 -0.6597 0.3899 0.6425 0.3082 0.8603
NPCjames.jpg
4 -3.7243 -4.6963 54.2493 -0.0704 -0.9272 0.3680 0.0341 0.7298
4 -3.9452 -3.9167 55.3432 -0.0166 -0.7197 0.6941 0.0392 0.7534
4 -5.4672 -3.7154 55.4204 -0.2730 -0.7584 0.5919 0.0660 0.7538
NPCjames.jpg
4 -5.4672 -3.7154 55.4204 -0.2730 -0.7584 0.5919 0.0660 0.7538
4 -5.0730 -4.5955 53.7909 -0.3178 -0.9315 0.1772 0.0557 0.7225
4 -3.7243 -4.6963 54.2493 -0.0704 -0.9272 0.3680 0.0341 0.7298
NPCjames.jpg
25 -9.7200 -0.6967 55.6481 -0.6238 -0.7429 0.2428 0.1515 0.7790
25 -12.3711 2.1245 55.9996 -0.9208 -0.1979 0.3360 0.2026 0.8024
25 -10.8313 -0.0109 54.6555 -0.6401 -0.7443 0.1903 0.1761 0.7702
NPCjames.jpg
4 -7.9687 -2.5871 54.1799 -0.6956 -0.7128 0.0903 0.1128 0.7417
4 -7.6407 -2.2282 55.9769 -0.4337 -0.7591 0.4855 0.1083 0.7739
25 -9.7200 -0.6967 55.6481 -0.6238 -0.7429 0.2428 0.1515 0.7790
NPCjames.jpg
4 -7.3604 5.6195 51.0611 -0.4736 0.7316 -0.4904 0.2646 0.6720
4 -9.3095 6.1737 52.7772 -0.2006 0.9529 -0.2276 0.2543 0.7123
4 -9.0533 6.4795 54.5064 -0.5694 0.8010 -0.1852 0.2691 0.7340
NPCjames.jpg
4 -9.0533 6.4795 54.5064 -0.5694 0.8010 -0.1852 0.2691 0.7340
4 -5.5038 7.9672 52.6224 -0.3343 0.8381 -0.4310 0.3208 0.6815
4 -7.3604 5.6195 51.0611 -0.4736 0.7316 -0.4904 0.2646 0.6720
NPCjames.jpg
4 -9.0533 6.4795 54.5064 -0.5694 0.8010 -0.1852 0.2691 0.7340
4 -8.4562 7.6130 57.1219 -0.6024 0.7956 0.0639 0.2920 0.7549
4 -5.2181 9.5147 56.6201 -0.3693 0.9280 -0.0495 0.3585 0.7440
NPCjames.jpg
4 -5.2181 9.5147 56.6201 -0.3693 0.9280 -0.0495 0.3585 0.7440
4 -5.5038 7.9672 52.6224 -0.3343 0.8381 -0.4310 0.3208 0.6815
4 -9.0533 6.4795 54.5064 -0.5694 0.8010 -0.1852 0.2691 0.7340
NPCjames.jpg
25 -11.2217 4.7617 57.8844 -0.8512 0.4193 0.3155 0.2344 0.7855
4 -8.4562 7.6130 57.1219 -0.6024 0.7956 0.0639 0.2920 0.7549
4 -9.0533 6.4795 54.5064 -0.5694 0.8010 -0.1852 0.2691 0.7340
NPCjames.jpg
4 -9.0533 6.4795 54.5064 -0.5694 0.8010 -0.1852 0.2691 0.7340
25 -11.3049 4.4923 55.0774 -0.7541 0.6567 0.0002 0.2146 0.7645
25 -11.2217 4.7617 57.8844 -0.8512 0.4193 0.3155 0.2344 0.7855
NPCjames.jpg
4 -5.4225 6.4933 50.1807 -0.3286 0.7836 -0.5273 0.2932 0.6379
4 -7.3604 5.6195 51.0611 -0.4736 0.7316 -0.4904 0.2646 0.6720
4 -5.5038 7.9672 52.6224 -0.3343 0.8381 -0.4310 0.3208 0.6815
NPCjames.jpg
4 -8.2182 4.4958 50.3265 -0.9938 0.1115 -0.0010 0.2367 0.6717
4 -5.4225 6.4933 50.1807 -0.3286 0.7836 -0.5273 0.2932 0.6379
3 -7.1485 4.5895 49.1878 -0.6273 0.5792 -0.5206 0.2229 0.6350
NPCjames.jpg
4 -9.3095 6.1737 52.7772 -0.2006 0.9529 -0.2276 0.2543 0.7123
4 -7.3604 5.6195 51.0611 -0.4736 0.7316 -0.4904 0.2646 0.6720
4 -8.6095 5.2612 51.5196 -0.4197 0.6409 -0.6427 0.2466 0.6902
NPCjames.jpg
3 -4.3087 -3.5034 43.0261 -0.5516 -0.8159 0.1733 0.0567 0.5097
2 -3.0414 -4.3630 39.9257 -0.2117 -0.9766 -0.0385 0.0096 0.4613
3 -2.1890 -4.2437 42.1862 -0.1108 -0.9895 0.0925 0.0145 0.4991
NPCjames.jpg
4 -3.2634 5.9216 63.6759 0.2553 -0.7847 0.5649 0.3607 0.9211
4 -1.1909 5.7655 59.7615 -0.0352 -0.9760 0.2148 0.3537 0.9946
4 -1.2724 6.4378 63.9460 -0.0374 -0.8092 0.5863 0.3935 0.9444
NPCjames.jpg
4 -3.2634 5.9216 63.6759 0.2553 -0.7847 0.5649 0.3607 0.9211
4 -2.9106 5.0147 59.4856 0.5346 -0.7992 0.2748 0.3264 0.9759
4 -1.1909 5.7655 59.7615 -0.0352 -0.9760 0.2148 0.3537 0.9946
NPCjames.jpg
4 -6.0338 3.0397 61.8011 0.3168 -0.7089 0.6302 0.2927 0.9129
4 -3.6361 3.9502 58.7929 0.7124 -0.5131 0.4787 0.3013 0.9741
4 -5.1751 4.4294 62.8985 0.3830 -0.7272 0.5696 0.3363 0.9161
NPCjames.jpg
4 -2.9106 5.0147 59.4856 0.5346 -0.7992 0.2748 0.3264 0.9759
4 -3.2634 5.9216 63.6759 0.2553 -0.7847 0.5649 0.3607 0.9211
4 -5.1751 4.4294 62.8985 0.3830 -0.7272 0.5696 0.3363 0.9161
NPCjames.jpg
4 -5.1751 4.4294 62.8985 0.3830 -0.7272 0.5696 0.3363 0.9161
4 -3.6361 3.9502 58.7929 0.7124 -0.5131 0.4787 0.3013 0.9741
4 -2.9106 5.0147 59.4856 0.5346 -0.7992 0.2748 0.3264 0.9759
NPCjames.jpg
4 -3.6361 3.9502 58.7929 0.7124 -0.5131 0.4787 0.3013 0.9741
4 -6.0338 3.0397 61.8011 0.3168 -0.7089 0.6302 0.2927 0.9129
4 -6.0799 1.8454 60.5890 0.2263 -0.6554 0.7206 0.2653 0.9212
NPCjames.jpg
4 -6.0799 1.8454 60.5890 0.2263 -0.6554 0.7206 0.2653 0.9212
4 -3.7126 2.8910 58.5080 0.1931 -0.2774 0.9411 0.2822 0.9750
4 -3.6361 3.9502 58.7929 0.7124 -0.5131 0.4787 0.3013 0.9741
NPCjames.jpg
4 -5.2024 1.0501 59.8890 0.3478 -0.2748 0.8964 0.0903 0.8728
4 -3.6676 -0.4608 58.6666 0.3814 -0.4499 0.8075 0.0580 0.8503
4 -3.7126 2.8910 58.5080 0.1931 -0.2774 0.9411 0.0522 0.8881
NPCjames.jpg
4 -3.7126 2.8910 58.5080 0.1931 -0.2774 0.9411 0.0522 0.8881
4 -6.0799 1.8454 60.5890 0.2263 -0.6554 0.7206 0.1020 0.8793
4 -5.2024 1.0501 59.8890 0.3478 -0.2748 0.8964 0.0903 0.8728
NPCjames.jpg
3 -2.9637 5.6465 42.6092 -0.1607 0.9548 0.2500 0.2679 0.4692
2 -0.7406 6.4111 41.0891 -0.0444 0.9194 0.3907 0.2883 0.4345
2 -2.4177 6.6066 41.0371 -0.0434 0.8592 0.5097 0.2648 0.4431
NPCjames.jpg
4 -7.6407 -2.2282 55.9769 -0.4337 -0.7591 0.4855 0.1083 0.7739
4 -7.9687 -2.5871 54.1799 -0.6956 -0.7128 0.0903 0.1128 0.7417
4 -5.4672 -3.7154 55.4204 -0.2730 -0.7584 0.5919 0.0660 0.7538
NPCjames.jpg
25 -9.7200 -0.6967 55.6481 -0.6238 -0.7429 0.2428 0.1515 0.7790
25 -11.3507 1.9883 57.5912 -0.7068 -0.3961 0.5861 0.2004 0.8253
25 -12.3711 2.1245 55.9996 -0.9208 -0.1979 0.3360 0.2026 0.8024
NPCjames.jpg
4 -9.5160 4.9898 60.2533 -0.7464 0.2546 0.6149 0.2745 0.8034
4 -8.4562 7.6130 57.1219 -0.6024 0.7956 0.0639 0.2920 0.7549
25 -11.2217 4.7617 57.8844 -0.8512 0.4193 0.3155 0.2344 0.7855
NPCjames.jpg
4 -9.5160 4.9898 60.2533 -0.7464 0.2546 0.6149 0.2745 0.8034
25 -11.3507 1.9883 57.5912 -0.7068 -0.3961 0.5861 0.2004 0.8253
4 -7.7223 1.8578 60.0807 -0.4167 -0.6363 0.6493 0.2454 0.8867
NPCjames.jpg
3 -1.8637 -4.5551 48.4884 -0.1469 -0.9636 -0.2235 0.0084 0.6052
3 -3.2736 -4.0550 48.6564 -0.3371 -0.9103 -0.2403 0.0331 0.6095
3 -4.1283 -3.1583 45.7805 -0.5816 -0.8077 -0.0969 0.0609 0.5601
NPCjames.jpg
3 -4.1283 -3.1583 45.7805 -0.5816 -0.8077 -0.0969 0.0609 0.5601
3 -1.9990 -4.0015 44.8311 -0.1390 -0.9899 0.0270 0.0196 0.5421
3 -1.8637 -4.5551 48.4884 -0.1469 -0.9636 -0.2235 0.0084 0.6052
NPCjames.jpg
4 -0.9301 7.7254 51.3697 0.0336 0.8594 -0.5103 0.3782 0.6222
3 -0.3519 5.9818 48.5332 0.1043 0.9353 -0.3382 0.3358 0.5589
4 -5.4225 6.4933 50.1807 -0.3286 0.7836 -0.5273 0.2932 0.6379
NPCjames.jpg
4 -5.4225 6.4933 50.1807 -0.3286 0.7836 -0.5273 0.2932 0.6379
4 -5.5038 7.9672 52.6224 -0.3343 0.8381 -0.4310 0.3208 0.6815
4 -0.9301 7.7254 51.3697 0.0336 0.8594 -0.5103 0.3782 0.6222
NPCjames.jpg
4 -5.4225 6.4933 50.1807 -0.3286 0.7836 -0.5273 0.2932 0.6379
3 -0.3519 5.9818 48.5332 0.1043 0.9353 -0.3382 0.3358 0.5589
3 -3.3586 5.7298 48.1253 -0.2089 0.9339 -0.2901 0.2820 0.5737
NPCjames.jpg
3 -4.1283 -3.1583 45.7805 -0.5816 -0.8077 -0.0969 0.0609 0.5601
3 -3.2736 -4.0550 48.6564 -0.3371 -0.9103 -0.2403 0.0331 0.6095
3 -5.6918 -3.1613 48.5598 -0.6174 -0.7013 -0.3564 0.0773 0.6142
NPCjames.jpg
4 -5.4300 -0.7915 58.8832 -0.0578 -0.7088 0.7031 0.0948 0.8413
4 -5.2024 1.0501 59.8890 0.3478 -0.2748 0.8964 0.0903 0.8728
4 -7.7223 1.8578 60.0807 -0.4167 -0.6363 0.6493 0.1422 0.8611
NPCjames.jpg
4 -7.7223 1.8578 60.0807 -0.4167 -0.6363 0.6493 0.1422 0.8611
4 -5.2024 1.0501 59.8890 0.3478 -0.2748 0.8964 0.0903 0.8728
4 -6.0799 1.8454 60.5890 0.2263 -0.6554 0.7206 0.1020 0.8793
NPCjames.jpg
2 -3.0414 -4.3630 39.9257 -0.2117 -0.9766 -0.0385 0.0096 0.4613
3 -4.3087 -3.5034 43.0261 -0.5516 -0.8159 0.1733 0.0567 0.5097
2 -5.2978 -3.3835 37.8615 -0.4786 -0.8764 0.0541 0.0479 0.4237
NPCjames.jpg
2 -5.2978 -3.3835 37.8615 -0.4786 -0.8764 0.0541 0.0479 0.4237
2 -2.9892 -4.2377 39.5108 -0.1744 -0.9363 -0.3048 0.0085 0.4549
2 -3.0414 -4.3630 39.9257 -0.2117 -0.9766 -0.0385 0.0096 0.4613
NPCjames.jpg
4 -1.2273 0.7919 55.1561 -0.0241 0.0702 0.9972 0.4553 0.0095
4 -3.0436 0.6821 58.3334 0.6037 0.0045 0.7972 0.4524 0.0437
4 -2.1791 -0.5997 57.7596 0.6275 -0.0904 0.7733 0.4225 0.0257
NPCjames.jpg
4 -2.1791 -0.5997 57.7596 0.6275 -0.0904 0.7733 0.4225 0.0257
4 -1.3009 -0.6202 56.5118 -0.0060 0.6113 0.7914 0.4241 0.0098
4 -1.2273 0.7919 55.1561 -0.0241 0.0702 0.9972 0.4553 0.0095
NPCjames.jpg
4 -1.1906 2.8832 56.3388 -0.0378 -0.3373 0.9406 0.4892 0.0090
4 -3.5324 2.9945 59.2135 -0.1460 -0.3787 0.9139 0.4973 0.0553
4 -3.0436 0.6821 58.3334 0.6037 0.0045 0.7972 0.4524 0.0437
NPCjames.jpg
4 -3.0436 0.6821 58.3334 0.6037 0.0045 0.7972 0.4524 0.0437
4 -1.2273 0.7919 55.1561 -0.0241 0.0702 0.9972 0.4553 0.0095
4 -1.1906 2.8832 56.3388 -0.0378 -0.3373 0.9406 0.4892 0.0090
NPCjames.jpg
4 -6.4958 -4.0878 51.2446 -0.5398 -0.8152 -0.2100 0.0840 0.6836
4 -2.2117 -5.2094 51.0207 -0.0761 -0.9914 -0.1065 0.0141 0.6617
4 -2.6892 -4.9495 52.6898 -0.1483 -0.9861 0.0748 0.0212 0.6997
NPCjames.jpg
3 -6.4434 -0.2910 46.2007 -0.8653 -0.4610 -0.1969 0.1265 0.5695
3 -5.6918 -3.1613 48.5598 -0.6174 -0.7013 -0.3564 0.0773 0.6142
3 -7.2736 -0.3529 48.8991 -0.8389 -0.3274 -0.4347 0.1330 0.6242
NPCjames.jpg
4 -2.2117 -5.2094 51.0207 -0.0761 -0.9914 -0.1065 0.4743 0.7339
3 -3.2736 -4.0550 48.6564 -0.3371 -0.9103 -0.2403 0.4353 0.7375
3 -1.8637 -4.5551 48.4884 -0.1469 -0.9636 -0.2235 0.4351 0.7189
NPCjames.jpg
3 -1.8637 -4.5551 48.4884 -0.1469 -0.9636 -0.2235 0.4351 0.7189
4 -1.3008 -5.1250 51.4214 -0.0377 -0.9991 -0.0217 0.4795 0.7189
4 -2.2117 -5.2094 51.0207 -0.0761 -0.9914 -0.1065 0.4743 0.7339
NPCjames.jpg
4 -1.2550 7.9004 64.9560 -0.0110 0.3852 0.9228 0.4221 0.9096
4 -3.3020 7.1862 64.6583 -0.2704 0.1485 0.9512 0.3827 0.9016
4 -3.2634 5.9216 63.6759 0.2553 -0.7847 0.5649 0.3607 0.9211
NPCjames.jpg
4 -3.2634 5.9216 63.6759 0.2553 -0.7847 0.5649 0.3607 0.9211
4 -1.2724 6.4378 63.9460 -0.0374 -0.8092 0.5863 0.3935 0.9444
4 -1.2550 7.9004 64.9560 -0.0110 0.3852 0.9228 0.4221 0.9096
NPCjames.jpg
4 -3.2631 -2.8571 56.1260 -0.0043 -0.6110 0.7916 0.5493 0.7441
4 -3.9452 -3.9167 55.3432 -0.0166 -0.7197 0.6941 0.5340 0.7510
4 -1.3569 -3.6618 55.4455 -0.0359 -0.7325 0.6798 0.5371 0.7189
NPCjames.jpg
4 -1.3569 -3.6618 55.4455 -0.0359 -0.7325 0.6798 0.5371 0.7189
4 -1.3456 -1.8724 57.0905 -0.0389 -0.4391 0.8976 0.5635 0.7189
4 -3.2631 -2.8571 56.1260 -0.0043 -0.6110 0.7916 0.5493 0.7441
NPCjames.jpg
4 -1.3456 -1.8724 57.0905 -0.0389 -0.4391 0.8976 0.5635 0.7189
4 -2.4065 -2.0985 56.6445 -0.1673 -0.4815 0.8603 0.5606 0.7307
4 -3.2631 -2.8571 56.1260 -0.0043 -0.6110 0.7916 0.5493 0.7441
NPCjames.jpg
3 -0.5795 5.6847 45.3669 0.1374 0.9904 -0.0133 0.3045 0.5096
3 -2.8657 5.5745 45.3901 -0.2213 0.9752 -0.0034 0.2738 0.5230
3 -3.3586 5.7298 48.1253 -0.2089 0.9339 -0.2901 0.2820 0.5737
NPCjames.jpg
3 -3.3586 5.7298 48.1253 -0.2089 0.9339 -0.2901 0.2820 0.5737
3 -0.3519 5.9818 48.5332 0.1043 0.9353 -0.3382 0.3358 0.5589
3 -0.5795 5.6847 45.3669 0.1374 0.9904 -0.0133 0.3045 0.5096
NPCjames.jpg
3 -2.0038 -4.0094 44.7695 -0.1326 -0.9835 0.1231 0.0184 0.5444
3 -4.1283 -3.1583 45.7805 -0.5816 -0.8077 -0.0969 0.0609 0.5601
3 -4.3087 -3.5034 43.0261 -0.5516 -0.8159 0.1733 0.0567 0.5097
NPCjames.jpg
3 -4.3087 -3.5034 43.0261 -0.5516 -0.8159 0.1733 0.0567 0.5097
3 -2.1890 -4.2437 42.1862 -0.1108 -0.9895 0.0925 0.0145 0.4991
3 -2.0038 -4.0094 44.7695 -0.1326 -0.9835 0.1231 0.0184 0.5444
NPCjames.jpg
3 -2.0038 -4.0094 44.7695 -0.1326 -0.9835 0.1231 0.0184 0.5444
3 -1.9990 -4.0015 44.8311 -0.1390 -0.9899 0.0270 0.0196 0.5421
3 -4.1283 -3.1583 45.7805 -0.5816 -0.8077 -0.0969 0.0609 0.5601
NPCjames.jpg
3 -2.9637 5.6465 42.6092 -0.1607 0.9548 0.2500 0.2679 0.4692
3 -2.8657 5.5745 45.3901 -0.2213 0.9752 -0.0034 0.2738 0.5230
3 -0.5795 5.6847 45.3669 0.1374 0.9904 -0.0133 0.3045 0.5096
NPCjames.jpg
3 -0.5795 5.6847 45.3669 0.1374 0.9904 -0.0133 0.3045 0.5096
3 -0.6992 6.0215 42.5190 0.1088 0.9744 0.1968 0.3041 0.4607
3 -2.9637 5.6465 42.6092 -0.1607 0.9548 0.2500 0.2679 0.4692
NPCjames.jpg
4 -2.5502 -1.2822 57.3161 0.0413 -0.6522 0.7569 0.5738 0.7331
4 -2.4065 -2.0985 56.6445 -0.1673 -0.4815 0.8603 0.5606 0.7307
4 -1.3456 -1.8724 57.0905 -0.0389 -0.4391 0.8976 0.5635 0.7189
NPCjames.jpg
4 -1.3456 -1.8724 57.0905 -0.0389 -0.4391 0.8976 0.5635 0.7189
4 -2.1791 -0.5997 57.7596 0.6275 -0.0904 0.7733 0.5802 0.7296
4 -2.5502 -1.2822 57.3161 0.0413 -0.6522 0.7569 0.5738 0.7331
NPCjames.jpg
2 -0.7406 6.4111 41.0891 -0.0444 0.9194 0.3907 0.2883 0.4345
3 -2.9637 5.6465 42.6092 -0.1607 0.9548 0.2500 0.2679 0.4692
3 -0.6992 6.0215 42.5190 0.1088 0.9744 0.1968 0.3041 0.4607
NPCjames.jpg
3 -0.6992 6.0215 42.5190 0.1088 0.9744 0.1968 0.3041 0.4607
3 -0.7035 6.0492 42.3775 0.8543 0.5144 0.0747 0.3043 0.4588
2 -0.7406 6.4111 41.0891 -0.0444 0.9194 0.3907 0.2883 0.4345
NPCjames.jpg
4 -5.5038 7.9672 52.6224 -0.3343 0.8381 -0.4310 0.3208 0.6815
4 -5.2181 9.5147 56.6201 -0.3693 0.9280 -0.0495 0.3585 0.7440
4 -0.9666 10.3895 56.0027 0.0329 0.9864 -0.1611 0.4261 0.7129
NPCjames.jpg
4 -0.9666 10.3895 56.0027 0.0329 0.9864 -0.1611 0.4261 0.7129
4 -0.9301 7.7254 51.3697 0.0336 0.8594 -0.5103 0.3782 0.6222
4 -5.5038 7.9672 52.6224 -0.3343 0.8381 -0.4310 0.3208 0.6815
NPCjames.jpg
4 -1.3456 -1.8724 57.0905 -0.0389 -0.4391 0.8976 0.3957 0.0102
4 -1.3009 -0.6202 56.5118 -0.0060 0.6113 0.7914 0.4241 0.0098
4 -2.1791 -0.5997 57.7596 0.6275 -0.0904 0.7733 0.4225 0.0257
NPCjames.jpg
4 0.0058 -5.0339 52.7626 0.1217 -0.9850 0.1223 0.0212 0.6997
4 3.9241 -4.3455 51.4538 0.5083 -0.8570 -0.0848 0.0840 0.6836
4 2.1215 -4.5092 54.0183 0.2681 -0.9352 0.2313 0.0557 0.7225
NPCjames.jpg
4 -5.0730 -4.5955 53.7909 -0.3178 -0.9315 0.1772 0.0557 0.7225
4 -6.4958 -4.0878 51.2446 -0.5398 -0.8152 -0.2100 0.0840 0.6836
4 -2.6892 -4.9495 52.6898 -0.1483 -0.9861 0.0748 0.0212 0.6997
NPCjames.jpg
4 5.3981 -2.2494 50.4474 0.8520 -0.4715 -0.2276 0.1259 0.6654
4 6.0616 -0.1352 50.6547 0.9194 0.0615 0.3885 0.1651 0.6811
4 5.3518 -2.9369 52.5991 0.8443 -0.5289 -0.0858 0.1254 0.7118
NPCjames.jpg
4 -7.7923 -1.8987 50.1555 -0.7190 -0.4602 -0.5208 0.1259 0.6654
4 -6.4958 -4.0878 51.2446 -0.5398 -0.8152 -0.2100 0.0840 0.6836
4 -7.8922 -2.5923 52.3158 -0.8770 -0.4615 -0.1337 0.1254 0.7118
NPCjames.jpg
9 5.4729 0.1782 50.7235 -0.1036 -0.6547 0.7488 0.5408 0.7757
4 5.3518 -2.9369 52.5991 0.8443 -0.5289 -0.0858 0.5714 0.7715
4 6.0616 -0.1352 50.6547 0.9194 0.0615 0.3885 0.5387 0.7570
NPCjames.jpg
4 6.0616 -0.1352 50.6547 0.9194 0.0615 0.3885 0.5387 0.7570
9 4.6617 1.4831 50.4948 -0.6878 -0.1350 0.7133 0.5342 0.7557
9 5.4729 0.1782 50.7235 -0.1036 -0.6547 0.7488 0.5408 0.7757
NPCjames.jpg
9 6.3400 -1.0183 53.6224 0.6554 -0.7266 -0.2063 0.5754 0.7996
9 5.4729 0.1782 50.7235 -0.1036 -0.6547 0.7488 0.5408 0.7757
9 7.6531 -0.8572 50.9505 0.1755 -0.9704 -0.1658 0.5382 0.8039
NPCjames.jpg
4 6.2205 1.4450 50.2226 0.7686 0.1465 0.6227 0.4906 0.9684
9 4.6617 1.4831 50.4948 -0.6878 -0.1350 0.7133 0.4714 0.9871
4 6.0616 -0.1352 50.6547 0.9194 0.0615 0.3885 0.4732 0.9906
NPCjames.jpg
4 6.0616 -0.1352 50.6547 0.9194 0.0615 0.3885 0.4732 0.9906
4 6.2724 1.5886 49.8444 0.9994 0.0315 -0.0131 0.4928 0.9718
4 6.2205 1.4450 50.2226 0.7686 0.1465 0.6227 0.4906 0.9684
NPCjames.jpg
9 4.5662 4.6999 51.1558 -0.7973 0.4740 0.3737 0.5080 0.9641
4 6.2205 1.4450 50.2226 0.7686 0.1465 0.6227 0.4906 0.9684
4 6.2724 1.5886 49.8444 0.9994 0.0315 -0.0131 0.4928 0.9718
NPCjames.jpg
4 6.2724 1.5886 49.8444 0.9994 0.0315 -0.0131 0.4928 0.9718
4 6.1607 4.0824 50.6774 0.8802 0.2455 0.4062 0.5177 0.9650
9 4.5662 4.6999 51.1558 -0.7973 0.4740 0.3737 0.5080 0.9641
NPCjames.jpg
9 9.2975 0.7874 47.9531 0.3337 -0.9420 -0.0351 0.4864 0.8083
9 10.7876 1.8683 48.3682 0.7081 -0.6791 0.1937 0.4809 0.8340
9 9.6519 0.8890 52.4975 0.7351 -0.6727 0.0846 0.5414 0.8375
NPCjames.jpg
9 9.6519 0.8890 52.4975 0.7351 -0.6727 0.0846 0.5414 0.8375
9 7.6531 -0.8572 50.9505 0.1755 -0.9704 -0.1658 0.5382 0.8039
9 9.2975 0.7874 47.9531 0.3337 -0.9420 -0.0351 0.4864 0.8083
NPCjames.jpg
9 9.6519 0.8890 52.4975 0.7351 -0.6727 0.0846 0.5414 0.8375
9 10.7876 1.8683 48.3682 0.7081 -0.6791 0.1937 0.4809 0.8340
9 11.5072 3.4921 48.8593 0.8949 0.1992 0.3992 0.4783 0.8617
NPCjames.jpg
9 11.5072 3.4921 48.8593 0.8949 0.1992 0.3992 0.4783 0.8617
9 10.9561 2.9468 53.7762 0.9699 0.1056 0.2194 0.5436 0.8722
9 9.6519 0.8890 52.4975 0.7351 -0.6727 0.0846 0.5414 0.8375
NPCjames.jpg
9 8.7844 4.5912 55.6654 0.7110 0.6949 0.1076 0.5682 0.9078
9 10.9561 2.9468 53.7762 0.9699 0.1056 0.2194 0.5436 0.8722
9 8.0415 5.1651 54.1235 0.4749 0.8784 0.0539 0.5481 0.9205
NPCjames.jpg
4 7.1803 5.6997 53.1780 0.5526 0.6211 -0.5558 0.5515 0.9568
9 8.7844 4.5912 55.6654 0.7110 0.6949 0.1076 0.5682 0.9078
9 8.0415 5.1651 54.1235 0.4749 0.8784 0.0539 0.5481 0.9205
NPCjames.jpg
9 5.7064 5.4473 51.8289 -0.6133 0.5238 0.5911 0.5186 0.9470
4 6.4724 4.8276 51.8867 -0.8365 0.3797 -0.3950 0.5332 0.9607
4 7.1803 5.6997 53.1780 0.5526 0.6211 -0.5558 0.5515 0.9568
NPCjames.jpg
4 7.1803 5.6997 53.1780 0.5526 0.6211 -0.5558 0.5515 0.9568
9 8.0415 5.1651 54.1235 0.4749 0.8784 0.0539 0.5481 0.9205
9 5.7064 5.4473 51.8289 -0.6133 0.5238 0.5911 0.5186 0.9470
NPCjames.jpg
9 5.7064 5.4473 51.8289 -0.6133 0.5238 0.5911 0.5186 0.9470
9 4.5662 4.6999 51.1558 -0.7973 0.4740 0.3737 0.5080 0.9641
4 6.1607 4.0824 50.6774 0.8802 0.2455 0.4062 0.5177 0.9650
NPCjames.jpg
4 6.1607 4.0824 50.6774 0.8802 0.2455 0.4062 0.5177 0.9650
4 6.4724 4.8276 51.8867 -0.8365 0.3797 -0.3950 0.5332 0.9607
9 5.7064 5.4473 51.8289 -0.6133 0.5238 0.5911 0.5186 0.9470
NPCjames.jpg
4 6.2205 1.4450 50.2226 0.7686 0.1465 0.6227 0.4906 0.9684
9 4.5662 4.6999 51.1558 -0.7973 0.4740 0.3737 0.5080 0.9641
9 4.9766 3.9586 50.3596 -0.9915 0.1303 0.0062 0.4928 0.9627
NPCjames.jpg
9 9.5241 4.9044 48.9700 0.2771 0.9576 0.0789 0.4789 0.8973
9 8.0415 5.1651 54.1235 0.4749 0.8784 0.0539 0.5481 0.9205
9 10.9561 2.9468 53.7762 0.9699 0.1056 0.2194 0.5436 0.8722
NPCjames.jpg
9 10.9561 2.9468 53.7762 0.9699 0.1056 0.2194 0.5436 0.8722
9 11.5072 3.4921 48.8593 0.8949 0.1992 0.3992 0.4783 0.8617
9 9.5241 4.9044 48.9700 0.2771 0.9576 0.0789 0.4789 0.8973
NPCjames.jpg
9 4.4797 1.7236 48.7803 -0.9229 -0.2306 -0.3083 0.5136 0.7565
9 5.8834 0.6410 48.2426 -0.4182 -0.7659 -0.4884 0.5079 0.7790
9 5.4729 0.1782 50.7235 -0.1036 -0.6547 0.7488 0.5408 0.7757
NPCjames.jpg
9 5.4729 0.1782 50.7235 -0.1036 -0.6547 0.7488 0.5408 0.7757
9 4.6617 1.4831 50.4948 -0.6878 -0.1350 0.7133 0.5342 0.7557
9 4.4797 1.7236 48.7803 -0.9229 -0.2306 -0.3083 0.5136 0.7565
NPCjames.jpg
9 7.6531 -0.8572 50.9505 0.1755 -0.9704 -0.1658 0.5382 0.8039
9 5.8834 0.6410 48.2426 -0.4182 -0.7659 -0.4884 0.5079 0.7790
9 9.2975 0.7874 47.9531 0.3337 -0.9420 -0.0351 0.4864 0.8083
NPCjames.jpg
9 4.6617 1.4831 50.4948 -0.6878 -0.1350 0.7133 0.4714 0.9871
9 4.9766 3.9586 50.3596 -0.9915 0.1303 0.0062 0.4928 0.9627
9 4.4797 1.7236 48.7803 -0.9229 -0.2306 -0.3083 0.4563 0.9736
NPCjames.jpg
9 4.5662 4.6999 51.1558 -0.7973 0.4740 0.3737 0.5080 0.9641
9 5.7064 5.4473 51.8289 -0.6133 0.5238 0.5911 0.5186 0.9470
9 4.9766 3.9586 50.3596 -0.9915 0.1303 0.0062 0.4928 0.9627
NPCjames.jpg
9 8.7844 4.5912 55.6654 0.7110 0.6949 0.1076 0.5682 0.9078
9 9.8546 2.1570 56.3887 0.9217 -0.1767 0.3452 0.5821 0.8725
9 10.9561 2.9468 53.7762 0.9699 0.1056 0.2194 0.5436 0.8722
NPCjames.jpg
9 8.4301 0.1599 54.7427 0.6977 -0.7162 0.0175 0.5764 0.8335
9 9.6519 0.8890 52.4975 0.7351 -0.6727 0.0846 0.5414 0.8375
9 10.9561 2.9468 53.7762 0.9699 0.1056 0.2194 0.5436 0.8722
NPCjames.jpg
9 10.9561 2.9468 53.7762 0.9699 0.1056 0.2194 0.5436 0.8722
9 9.8546 2.1570 56.3887 0.9217 -0.1767 0.3452 0.5821 0.8725
9 8.4301 0.1599 54.7427 0.6977 -0.7162 0.0175 0.5764 0.8335
NPCjames.jpg
9 7.6531 -0.8572 50.9505 0.1755 -0.9704 -0.1658 0.5382 0.8039
9 9.6519 0.8890 52.4975 0.7351 -0.6727 0.0846 0.5414 0.8375
9 8.4301 0.1599 54.7427 0.6977 -0.7162 0.0175 0.5764 0.8335
NPCjames.jpg
9 8.4301 0.1599 54.7427 0.6977 -0.7162 0.0175 0.5764 0.8335
9 6.3400 -1.0183 53.6224 0.6554 -0.7266 -0.2063 0.5754 0.7996
9 7.6531 -0.8572 50.9505 0.1755 -0.9704 -0.1658 0.5382 0.8039
NPCjames.jpg
9 6.3400 -1.0183 53.6224 0.6554 -0.7266 -0.2063 0.5754 0.7996
4 5.3518 -2.9369 52.5991 0.8443 -0.5289 -0.0858 0.5714 0.7715
9 5.4729 0.1782 50.7235 -0.1036 -0.6547 0.7488 0.5408 0.7757
NPCjames.jpg
10 11.7943 2.2922 46.6077 0.9022 -0.4183 0.1053 0.4509 0.8372
9 11.8344 2.2968 47.2001 0.8878 -0.4457 0.1145 0.4588 0.8395
9 10.5110 0.9851 46.5334 0.4562 -0.8899 0.0042 0.4602 0.8142
NPCjames.jpg
9 10.5110 0.9851 46.5334 0.4562 -0.8899 0.0042 0.4602 0.8142
10 10.8498 1.3956 45.6179 0.2552 -0.8671 0.4277 0.4461 0.8149
10 11.7943 2.2922 46.6077 0.9022 -0.4183 0.1053 0.4509 0.8372
NPCjames.jpg
9 8.9786 4.2047 46.2701 -0.3808 0.8567 -0.3480 0.4384 0.9044
9 7.9607 4.3252 46.8235 -0.2226 0.8568 -0.4652 0.4494 0.9121
9 10.2228 5.1892 47.4345 0.2213 0.9539 -0.2029 0.4507 0.8897
NPCjames.jpg
9 10.2228 5.1892 47.4345 0.2213 0.9539 -0.2029 0.4507 0.8897
9 10.1864 4.5027 46.8619 0.1086 0.9905 0.0846 0.4486 0.8860
9 8.9786 4.2047 46.2701 -0.3808 0.8567 -0.3480 0.4384 0.9044
NPCjames.jpg
9 8.9786 4.2047 46.2701 -0.3808 0.8567 -0.3480 0.4384 0.9044
9 8.3976 3.0970 45.5188 -0.5767 0.6355 -0.5134 0.4221 0.9161
9 7.0018 3.3392 45.7535 -0.4870 0.5446 -0.6828 0.4308 0.9260
NPCjames.jpg
9 7.0018 3.3392 45.7535 -0.4870 0.5446 -0.6828 0.4308 0.9260
9 7.9607 4.3252 46.8235 -0.2226 0.8568 -0.4652 0.4494 0.9121
9 8.9786 4.2047 46.2701 -0.3808 0.8567 -0.3480 0.4384 0.9044
NPCjames.jpg
10 7.7834 2.0430 44.9971 -0.6324 -0.1446 -0.7610 0.4098 0.9293
9 6.6670 1.7900 45.4195 -0.6807 -0.2731 -0.6798 0.4152 0.9405
9 7.0018 3.3392 45.7535 -0.4870 0.5446 -0.6828 0.4308 0.9260
NPCjames.jpg
9 7.0018 3.3392 45.7535 -0.4870 0.5446 -0.6828 0.4308 0.9260
9 8.3976 3.0970 45.5188 -0.5767 0.6355 -0.5134 0.4221 0.9161
10 7.7834 2.0430 44.9971 -0.6324 -0.1446 -0.7610 0.4098 0.9293
NPCjames.jpg
10 7.7834 2.0430 44.9971 -0.6324 -0.1446 -0.7610 0.4510 0.7678
10 9.3705 1.2788 45.0108 -0.2364 -0.9670 0.0955 0.4461 0.7919
9 8.1837 0.6306 45.7389 -0.1654 -0.8960 -0.4120 0.4631 0.7892
NPCjames.jpg
9 8.1837 0.6306 45.7389 -0.1654 -0.8960 -0.4120 0.4631 0.7892
9 6.6670 1.7900 45.4195 -0.6807 -0.2731 -0.6798 0.4635 0.7641
10 7.7834 2.0430 44.9971 -0.6324 -0.1446 -0.7610 0.4510 0.7678
NPCjames.jpg
10 9.3705 1.2788 45.0108 -0.2364 -0.9670 0.0955 0.4461 0.7919
10 10.8498 1.3956 45.6179 0.2552 -0.8671 0.4277 0.4461 0.8149
9 10.5110 0.9851 46.5334 0.4562 -0.8899 0.0042 0.4602 0.8142
NPCjames.jpg
9 10.5110 0.9851 46.5334 0.4562 -0.8899 0.0042 0.4602 0.8142
9 8.1837 0.6306 45.7389 -0.1654 -0.8960 -0.4120 0.4631 0.7892
10 9.3705 1.2788 45.0108 -0.2364 -0.9670 0.0955 0.4461 0.7919
NPCjames.jpg
9 4.4797 1.7236 48.7803 -0.9229 -0.2306 -0.3083 0.4563 0.9736
9 4.9766 3.9586 50.3596 -0.9915 0.1303 0.0062 0.4928 0.9627
9 5.0092 4.0107 48.6529 -0.8147 0.4347 -0.3838 0.4747 0.9497
NPCjames.jpg
9 4.9766 3.9586 50.3596 -0.9915 0.1303 0.0062 0.4928 0.9627
9 5.7064 5.4473 51.8289 -0.6133 0.5238 0.5911 0.5186 0.9470
9 5.0092 4.0107 48.6529 -0.8147 0.4347 -0.3838 0.4747 0.9497
NPCjames.jpg
9 11.6432 3.7163 46.9816 0.8144 0.5356 -0.2232 0.4491 0.8598
9 12.2748 3.7400 47.6148 0.9547 0.2962 -0.0295 0.4568 0.8551
9 11.8344 2.2968 47.2001 0.8878 -0.4457 0.1145 0.4588 0.8395
NPCjames.jpg
9 11.8344 2.2968 47.2001 0.8878 -0.4457 0.1145 0.4588 0.8395
10 11.7943 2.2922 46.6077 0.9022 -0.4183 0.1053 0.4509 0.8372
9 11.6432 3.7163 46.9816 0.8144 0.5356 -0.2232 0.4491 0.8598
NPCjames.jpg
9 10.2228 5.1892 47.4345 0.2213 0.9539 -0.2029 0.4507 0.8897
9 12.2748 3.7400 47.6148 0.9547 0.2962 -0.0295 0.4568 0.8551
9 11.6432 3.7163 46.9816 0.8144 0.5356 -0.2232 0.4491 0.8598
NPCjames.jpg
9 11.6432 3.7163 46.9816 0.8144 0.5356 -0.2232 0.4491 0.8598
9 10.1864 4.5027 46.8619 0.1086 0.9905 0.0846 0.4486 0.8860
9 10.2228 5.1892 47.4345 0.2213 0.9539 -0.2029 0.4507 0.8897
NPCjames.jpg
9 8.1837 0.6306 45.7389 -0.1654 -0.8960 -0.4120 0.4631 0.7892
9 10.5110 0.9851 46.5334 0.4562 -0.8899 0.0042 0.4602 0.8142
9 9.2975 0.7874 47.9531 0.3337 -0.9420 -0.0351 0.4864 0.8083
NPCjames.jpg
9 9.2975 0.7874 47.9531 0.3337 -0.9420 -0.0351 0.4864 0.8083
9 7.2957 0.8361 47.2660 -0.2607 -0.9416 -0.2133 0.4894 0.7893
9 8.1837 0.6306 45.7389 -0.1654 -0.8960 -0.4120 0.4631 0.7892
NPCjames.jpg
9 5.7208 1.8563 47.4635 -0.7291 -0.2536 -0.6357 0.4954 0.7645
9 7.2957 0.8361 47.2660 -0.2607 -0.9416 -0.2133 0.4894 0.7893
9 5.8834 0.6410 48.2426 -0.4182 -0.7659 -0.4884 0.5079 0.7790
NPCjames.jpg
9 5.8834 0.6410 48.2426 -0.4182 -0.7659 -0.4884 0.5079 0.7790
9 5.2597 1.9183 47.8736 -0.6982 -0.1376 -0.7025 0.5005 0.7604
9 5.7208 1.8563 47.4635 -0.7291 -0.2536 -0.6357 0.4954 0.7645
NPCjames.jpg
9 5.7208 1.8563 47.4635 -0.7291 -0.2536 -0.6357 0.4413 0.9590
9 5.8713 3.7276 47.7859 -0.6390 0.3835 -0.6668 0.4609 0.9420
9 7.0018 3.3392 45.7535 -0.4870 0.5446 -0.6828 0.4308 0.9260
NPCjames.jpg
9 7.0018 3.3392 45.7535 -0.4870 0.5446 -0.6828 0.4308 0.9260
9 6.6670 1.7900 45.4195 -0.6807 -0.2731 -0.6798 0.4152 0.9405
9 5.7208 1.8563 47.4635 -0.7291 -0.2536 -0.6357 0.4413 0.9590
NPCjames.jpg
9 5.8713 3.7276 47.7859 -0.6390 0.3835 -0.6668 0.4609 0.9420
9 6.4930 5.1230 48.2579 -0.2919 0.8541 -0.4306 0.4755 0.9275
9 7.9607 4.3252 46.8235 -0.2226 0.8568 -0.4652 0.4494 0.9121
NPCjames.jpg
9 7.9607 4.3252 46.8235 -0.2226 0.8568 -0.4652 0.4494 0.9121
9 7.0018 3.3392 45.7535 -0.4870 0.5446 -0.6828 0.4308 0.9260
9 5.8713 3.7276 47.7859 -0.6390 0.3835 -0.6668 0.4609 0.9420
NPCjames.jpg
9 9.5241 4.9044 48.9700 0.2771 0.9576 0.0789 0.4789 0.8973
9 10.2228 5.1892 47.4345 0.2213 0.9539 -0.2029 0.4507 0.8897
9 7.9607 4.3252 46.8235 -0.2226 0.8568 -0.4652 0.4494 0.9121
NPCjames.jpg
9 7.9607 4.3252 46.8235 -0.2226 0.8568 -0.4652 0.4494 0.9121
9 6.4930 5.1230 48.2579 -0.2919 0.8541 -0.4306 0.4755 0.9275
9 9.5241 4.9044 48.9700 0.2771 0.9576 0.0789 0.4789 0.8973
NPCjames.jpg
9 11.8344 2.2968 47.2001 0.8878 -0.4457 0.1145 0.4588 0.8395
9 12.2748 3.7400 47.6148 0.9547 0.2962 -0.0295 0.4568 0.8551
9 11.5072 3.4921 48.8593 0.8949 0.1992 0.3992 0.4783 0.8617
NPCjames.jpg
9 11.5072 3.4921 48.8593 0.8949 0.1992 0.3992 0.4783 0.8617
9 10.7876 1.8683 48.3682 0.7081 -0.6791 0.1937 0.4809 0.8340
9 11.8344 2.2968 47.2001 0.8878 -0.4457 0.1145 0.4588 0.8395
NPCjames.jpg
9 6.6670 1.7900 45.4195 -0.6807 -0.2731 -0.6798 0.4635 0.7641
9 8.1837 0.6306 45.7389 -0.1654 -0.8960 -0.4120 0.4631 0.7892
9 7.2957 0.8361 47.2660 -0.2607 -0.9416 -0.2133 0.4894 0.7893
NPCjames.jpg
9 7.2957 0.8361 47.2660 -0.2607 -0.9416 -0.2133 0.4894 0.7893
9 5.7208 1.8563 47.4635 -0.7291 -0.2536 -0.6357 0.4954 0.7645
9 6.6670 1.7900 45.4195 -0.6807 -0.2731 -0.6798 0.4635 0.7641
NPCjames.jpg
9 12.2748 3.7400 47.6148 0.9547 0.2962 -0.0295 0.4568 0.8551
9 10.2228 5.1892 47.4345 0.2213 0.9539 -0.2029 0.4507 0.8897
9 9.5241 4.9044 48.9700 0.2771 0.9576 0.0789 0.4789 0.8973
NPCjames.jpg
9 5.8713 3.7276 47.7859 -0.6390 0.3835 -0.6668 0.4609 0.9420
9 5.7208 1.8563 47.4635 -0.7291 -0.2536 -0.6357 0.4413 0.9590
9 5.2597 1.9183 47.8736 -0.6982 -0.1376 -0.7025 0.4471 0.9631
NPCjames.jpg
9 5.2597 1.9183 47.8736 -0.6982 -0.1376 -0.7025 0.4471 0.9631
9 5.0092 4.0107 48.6529 -0.8147 0.4347 -0.3838 0.4747 0.9497
9 5.8713 3.7276 47.7859 -0.6390 0.3835 -0.6668 0.4609 0.9420
NPCjames.jpg
9 5.8713 3.7276 47.7859 -0.6390 0.3835 -0.6668 0.4609 0.9420
9 5.0092 4.0107 48.6529 -0.8147 0.4347 -0.3838 0.4747 0.9497
9 6.4930 5.1230 48.2579 -0.2919 0.8541 -0.4306 0.4755 0.9275
NPCjames.jpg
9 4.4797 1.7236 48.7803 -0.9229 -0.2306 -0.3083 0.5136 0.7565
9 5.2597 1.9183 47.8736 -0.6982 -0.1376 -0.7025 0.5005 0.7604
9 5.8834 0.6410 48.2426 -0.4182 -0.7659 -0.4884 0.5079 0.7790
NPCjames.jpg
9 5.0092 4.0107 48.6529 -0.8147 0.4347 -0.3838 0.4747 0.9497
9 5.2597 1.9183 47.8736 -0.6982 -0.1376 -0.7025 0.4471 0.9631
9 4.4797 1.7236 48.7803 -0.9229 -0.2306 -0.3083 0.4563 0.9736
NPCjames.jpg
9 5.7064 5.4473 51.8289 -0.6133 0.5238 0.5911 0.5186 0.9470
9 6.4930 5.1230 48.2579 -0.2919 0.8541 -0.4306 0.4755 0.9275
9 5.0092 4.0107 48.6529 -0.8147 0.4347 -0.3838 0.4747 0.9497
NPCjames.jpg
9 9.2975 0.7874 47.9531 0.3337 -0.9420 -0.0351 0.4864 0.8083
9 10.5110 0.9851 46.5334 0.4562 -0.8899 0.0042 0.4602 0.8142
9 11.8344 2.2968 47.2001 0.8878 -0.4457 0.1145 0.4588 0.8395
NPCjames.jpg
9 9.2975 0.7874 47.9531 0.3337 -0.9420 -0.0351 0.4864 0.8083
9 11.8344 2.2968 47.2001 0.8878 -0.4457 0.1145 0.4588 0.8395
9 10.7876 1.8683 48.3682 0.7081 -0.6791 0.1937 0.4809 0.8340
NPCjames.jpg
9 5.8834 0.6410 48.2426 -0.4182 -0.7659 -0.4884 0.5079 0.7790
9 7.2957 0.8361 47.2660 -0.2607 -0.9416 -0.2133 0.4894 0.7893
9 9.2975 0.7874 47.9531 0.3337 -0.9420 -0.0351 0.4864 0.8083
NPCjames.jpg
9 9.5241 4.9044 48.9700 0.2771 0.9576 0.0789 0.4789 0.8973
9 11.5072 3.4921 48.8593 0.8949 0.1992 0.3992 0.4783 0.8617
9 12.2748 3.7400 47.6148 0.9547 0.2962 -0.0295 0.4568 0.8551
NPCjames.jpg
9 4.6617 1.4831 50.4948 -0.6878 -0.1350 0.7133 0.4714 0.9871
4 6.2205 1.4450 50.2226 0.7686 0.1465 0.6227 0.4906 0.9684
9 4.9766 3.9586 50.3596 -0.9915 0.1303 0.0062 0.4928 0.9627
NPCjames.jpg
9 9.5241 4.9044 48.9700 0.2771 0.9576 0.0789 0.4789 0.8973
9 6.4930 5.1230 48.2579 -0.2919 0.8541 -0.4306 0.4755 0.9275
9 5.7064 5.4473 51.8289 -0.6133 0.5238 0.5911 0.5186 0.9470
NPCjames.jpg
9 8.0415 5.1651 54.1235 0.4749 0.8784 0.0539 0.5481 0.9205
9 9.5241 4.9044 48.9700 0.2771 0.9576 0.0789 0.4789 0.8973
9 5.7064 5.4473 51.8289 -0.6133 0.5238 0.5911 0.5186 0.9470
NPCjames.jpg
9 7.6531 -0.8572 50.9505 0.1755 -0.9704 -0.1658 0.5382 0.8039
9 5.4729 0.1782 50.7235 -0.1036 -0.6547 0.7488 0.5408 0.7757
9 5.8834 0.6410 48.2426 -0.4182 -0.7659 -0.4884 0.5079 0.7790
NPCjames.jpg
25 -7.6716 -0.3637 50.8239 0.3049 -0.4986 0.8114 0.5408 0.7757
25 -6.8680 0.9384 50.4900 0.6400 -0.0292 0.7678 0.5342 0.7557
4 -8.3408 0.2660 50.3166 -0.9147 0.0966 0.3924 0.5387 0.7570
NPCjames.jpg
4 -8.3408 0.2660 50.3166 -0.9147 0.0966 0.3924 0.5387 0.7570
4 -7.8922 -2.5923 52.3158 -0.8770 -0.4615 -0.1337 0.5714 0.7715
25 -7.6716 -0.3637 50.8239 0.3049 -0.4986 0.8114 0.5408 0.7757
NPCjames.jpg
25 -8.6710 -1.2705 53.7887 -0.6740 -0.7296 -0.1161 0.5754 0.7996
25 -9.8423 -1.4140 51.0462 -0.1542 -0.9854 -0.0725 0.5382 0.8039
25 -7.6716 -0.3637 50.8239 0.3049 -0.4986 0.8114 0.5408 0.7757
NPCjames.jpg
4 -8.3910 1.8621 49.8691 -0.8099 0.1948 0.5533 0.4906 0.9684
4 -8.4119 2.0091 49.4882 -0.9480 0.1126 -0.2978 0.4928 0.9718
4 -8.3408 0.2660 50.3166 -0.9147 0.0966 0.3924 0.4732 0.9906
NPCjames.jpg
4 -8.3408 0.2660 50.3166 -0.9147 0.0966 0.3924 0.4732 0.9906
25 -6.8680 0.9384 50.4900 0.6400 -0.0292 0.7678 0.4714 0.9871
4 -8.3910 1.8621 49.8691 -0.8099 0.1948 0.5533 0.4906 0.9684
NPCjames.jpg
25 -6.8577 4.2195 50.8013 -0.9250 0.3796 0.0168 0.5080 0.9641
4 -8.2182 4.4958 50.3265 -0.9938 0.1115 -0.0010 0.5177 0.9650
4 -8.4119 2.0091 49.4882 -0.9480 0.1126 -0.2978 0.4928 0.9718
NPCjames.jpg
4 -8.4119 2.0091 49.4882 -0.9480 0.1126 -0.2978 0.4928 0.9718
4 -8.3910 1.8621 49.8691 -0.8099 0.1948 0.5533 0.4906 0.9684
25 -6.8577 4.2195 50.8013 -0.9250 0.3796 0.0168 0.5080 0.9641
NPCjames.jpg
25 -11.3483 -0.1110 47.7961 -0.3162 -0.9475 0.0473 0.4864 0.8083
25 -9.8423 -1.4140 51.0462 -0.1542 -0.9854 -0.0725 0.5382 0.8039
25 -11.9428 0.4596 52.2796 -0.7296 -0.6738 0.1170 0.5414 0.8375
NPCjames.jpg
25 -11.9428 0.4596 52.2796 -0.7296 -0.6738 0.1170 0.5414 0.8375
25 -12.8759 0.9744 48.0183 -0.7058 -0.6705 0.2286 0.4809 0.8340
25 -11.3483 -0.1110 47.7961 -0.3162 -0.9475 0.0473 0.4864 0.8083
NPCjames.jpg
25 -11.9428 0.4596 52.2796 -0.7296 -0.6738 0.1170 0.5414 0.8375
25 -13.3466 2.6110 53.2658 -0.9817 0.1071 0.1573 0.5436 0.8722
25 -13.6471 2.6244 48.2974 -0.9180 0.2202 0.3300 0.4783 0.8617
NPCjames.jpg
25 -13.6471 2.6244 48.2974 -0.9180 0.2202 0.3300 0.4783 0.8617
25 -12.8759 0.9744 48.0183 -0.7058 -0.6705 0.2286 0.4809 0.8340
25 -11.9428 0.4596 52.2796 -0.7296 -0.6738 0.1170 0.5414 0.8375
NPCjames.jpg
25 -11.3049 4.4923 55.0774 -0.7541 0.6567 0.0002 0.5682 0.9078
25 -10.4915 4.9172 53.5229 -0.6405 0.7383 -0.2115 0.5481 0.9205
25 -13.3466 2.6110 53.2658 -0.9817 0.1071 0.1573 0.5436 0.8722
NPCjames.jpg
4 -9.2476 6.1720 52.7774 -0.7245 0.2330 -0.6487 0.5515 0.9568
25 -10.4915 4.9172 53.5229 -0.6405 0.7383 -0.2115 0.5481 0.9205
25 -11.3049 4.4923 55.0774 -0.7541 0.6567 0.0002 0.5682 0.9078
NPCjames.jpg
25 -8.0439 5.0082 51.3327 -0.9085 0.1579 0.3870 0.5186 0.9470
25 -10.4915 4.9172 53.5229 -0.6405 0.7383 -0.2115 0.5481 0.9205
4 -9.2476 6.1720 52.7774 -0.7245 0.2330 -0.6487 0.5515 0.9568
NPCjames.jpg
4 -9.2476 6.1720 52.7774 -0.7245 0.2330 -0.6487 0.5515 0.9568
4 -8.5289 5.2589 51.5210 -0.2545 -0.8453 0.4698 0.5332 0.9607
25 -8.0439 5.0082 51.3327 -0.9085 0.1579 0.3870 0.5186 0.9470
NPCjames.jpg
25 -8.0439 5.0082 51.3327 -0.9085 0.1579 0.3870 0.5186 0.9470
4 -8.5289 5.2589 51.5210 -0.2545 -0.8453 0.4698 0.5332 0.9607
4 -8.2182 4.4958 50.3265 -0.9938 0.1115 -0.0010 0.5177 0.9650
NPCjames.jpg
4 -8.2182 4.4958 50.3265 -0.9938 0.1115 -0.0010 0.5177 0.9650
25 -6.8577 4.2195 50.8013 -0.9250 0.3796 0.0168 0.5080 0.9641
25 -8.0439 5.0082 51.3327 -0.9085 0.1579 0.3870 0.5186 0.9470
NPCjames.jpg
4 -8.3910 1.8621 49.8691 -0.8099 0.1948 0.5533 0.4906 0.9684
25 -7.2132 3.3898 50.0684 0.9720 0.0775 0.2217 0.4928 0.9627
25 -6.8577 4.2195 50.8013 -0.9250 0.3796 0.0168 0.5080 0.9641
NPCjames.jpg
25 -11.6963 4.0839 48.3580 -0.2967 0.9542 -0.0372 0.4789 0.8973
25 -13.6471 2.6244 48.2974 -0.9180 0.2202 0.3300 0.4783 0.8617
25 -13.3466 2.6110 53.2658 -0.9817 0.1071 0.1573 0.5436 0.8722
NPCjames.jpg
25 -13.3466 2.6110 53.2658 -0.9817 0.1071 0.1573 0.5436 0.8722
25 -10.4915 4.9172 53.5229 -0.6405 0.7383 -0.2115 0.5481 0.9205
25 -11.6963 4.0839 48.3580 -0.2967 0.9542 -0.0372 0.4789 0.8973
NPCjames.jpg
25 -6.5975 1.0107 48.7644 0.9417 -0.2408 -0.2350 0.5136 0.7565
25 -6.8680 0.9384 50.4900 0.6400 -0.0292 0.7678 0.5342 0.7557
25 -7.6716 -0.3637 50.8239 0.3049 -0.4986 0.8114 0.5408 0.7757
NPCjames.jpg
25 -7.6716 -0.3637 50.8239 0.3049 -0.4986 0.8114 0.5408 0.7757
25 -7.9522 -0.1509 48.2720 0.4560 -0.8024 -0.3849 0.5079 0.7790
25 -6.5975 1.0107 48.7644 0.9417 -0.2408 -0.2350 0.5136 0.7565
NPCjames.jpg
25 -9.8423 -1.4140 51.0462 -0.1542 -0.9854 -0.0725 0.5382 0.8039
25 -11.3483 -0.1110 47.7961 -0.3162 -0.9475 0.0473 0.4864 0.8083
25 -7.9522 -0.1509 48.2720 0.4560 -0.8024 -0.3849 0.5079 0.7790
NPCjames.jpg
25 -6.8680 0.9384 50.4900 0.6400 -0.0292 0.7678 0.4714 0.9871
25 -6.5975 1.0107 48.7644 0.9417 -0.2408 -0.2350 0.4563 0.9736
25 -7.2132 3.3898 50.0684 0.9720 0.0775 0.2217 0.4928 0.9627
NPCjames.jpg
25 -6.8577 4.2195 50.8013 -0.9250 0.3796 0.0168 0.5080 0.9641
25 -7.2132 3.3898 50.0684 0.9720 0.0775 0.2217 0.4928 0.9627
25 -8.0439 5.0082 51.3327 -0.9085 0.1579 0.3870 0.5186 0.9470
NPCjames.jpg
25 -11.3049 4.4923 55.0774 -0.7541 0.6567 0.0002 0.5682 0.9078
25 -13.3466 2.6110 53.2658 -0.9817 0.1071 0.1573 0.5436 0.8722
25 -12.3711 2.1245 55.9996 -0.9208 -0.1979 0.3360 0.5821 0.8725
NPCjames.jpg
25 -10.8313 -0.0109 54.6555 -0.6401 -0.7443 0.1903 0.5764 0.8335
25 -12.3711 2.1245 55.9996 -0.9208 -0.1979 0.3360 0.5821 0.8725
25 -13.3466 2.6110 53.2658 -0.9817 0.1071 0.1573 0.5436 0.8722
NPCjames.jpg
25 -13.3466 2.6110 53.2658 -0.9817 0.1071 0.1573 0.5436 0.8722
25 -11.9428 0.4596 52.2796 -0.7296 -0.6738 0.1170 0.5414 0.8375
25 -10.8313 -0.0109 54.6555 -0.6401 -0.7443 0.1903 0.5764 0.8335
NPCjames.jpg
25 -9.8423 -1.4140 51.0462 -0.1542 -0.9854 -0.0725 0.5382 0.8039
25 -8.6710 -1.2705 53.7887 -0.6740 -0.7296 -0.1161 0.5754 0.7996
25 -10.8313 -0.0109 54.6555 -0.6401 -0.7443 0.1903 0.5764 0.8335
NPCjames.jpg
25 -10.8313 -0.0109 54.6555 -0.6401 -0.7443 0.1903 0.5764 0.8335
25 -11.9428 0.4596 52.2796 -0.7296 -0.6738 0.1170 0.5414 0.8375
25 -9.8423 -1.4140 51.0462 -0.1542 -0.9854 -0.0725 0.5382 0.8039
NPCjames.jpg
25 -8.6710 -1.2705 53.7887 -0.6740 -0.7296 -0.1161 0.5754 0.7996
25 -7.6716 -0.3637 50.8239 0.3049 -0.4986 0.8114 0.5408 0.7757
4 -7.8922 -2.5923 52.3158 -0.8770 -0.4615 -0.1337 0.5714 0.7715
NPCjames.jpg
26 -13.7752 1.2864 46.2362 -0.9213 -0.3830 0.0679 0.4509 0.8372
26 -12.7284 0.2498 45.5252 -0.3033 -0.7897 0.5333 0.4461 0.8149
25 -12.4885 -0.0904 46.3039 -0.4557 -0.8896 0.0292 0.4602 0.8142
NPCjames.jpg
25 -12.4885 -0.0904 46.3039 -0.4557 -0.8896 0.0292 0.4602 0.8142
25 -13.8667 1.2546 46.7598 -0.8814 -0.4664 0.0747 0.4588 0.8395
26 -13.7752 1.2864 46.2362 -0.9213 -0.3830 0.0679 0.4509 0.8372
NPCjames.jpg
25 -10.9979 3.1167 45.7785 0.3830 0.8312 -0.4030 0.4384 0.9044
25 -12.2399 3.4486 46.2734 -0.1733 0.9611 -0.2151 0.4486 0.8860
25 -12.3178 4.1904 46.7675 -0.2261 0.9221 -0.3139 0.4507 0.8897
NPCjames.jpg
25 -12.3178 4.1904 46.7675 -0.2261 0.9221 -0.3139 0.4507 0.8897
25 -10.0128 3.3171 46.3669 0.2326 0.8079 -0.5415 0.4494 0.9121
25 -10.9979 3.1167 45.7785 0.3830 0.8312 -0.4030 0.4384 0.9044
NPCjames.jpg
25 -10.9979 3.1167 45.7785 0.3830 0.8312 -0.4030 0.4384 0.9044
25 -10.0128 3.3171 46.3669 0.2326 0.8079 -0.5415 0.4494 0.9121
25 -8.9826 2.2455 45.4574 0.5202 0.4737 -0.7107 0.4308 0.9260
NPCjames.jpg
25 -8.9826 2.2455 45.4574 0.5202 0.4737 -0.7107 0.4308 0.9260
26 -10.3697 2.0281 45.1406 0.5983 0.5928 -0.5391 0.4221 0.9161
25 -10.9979 3.1167 45.7785 0.3830 0.8312 -0.4030 0.4384 0.9044
NPCjames.jpg
26 -9.6720 0.9385 44.8998 0.6476 -0.1604 -0.7449 0.4098 0.9293
26 -10.3697 2.0281 45.1406 0.5983 0.5928 -0.5391 0.4221 0.9161
25 -8.9826 2.2455 45.4574 0.5202 0.4737 -0.7107 0.4308 0.9260
NPCjames.jpg
25 -8.9826 2.2455 45.4574 0.5202 0.4737 -0.7107 0.4308 0.9260
25 -8.6052 0.6775 45.3075 0.7001 -0.3291 -0.6337 0.4152 0.9405
26 -9.6720 0.9385 44.8998 0.6476 -0.1604 -0.7449 0.4098 0.9293
NPCjames.jpg
26 -9.6720 0.9385 44.8998 0.6476 -0.1604 -0.7449 0.4510 0.7678
25 -8.6052 0.6775 45.3075 0.7001 -0.3291 -0.6337 0.4635 0.7641
25 -10.1171 -0.4750 45.6704 0.1843 -0.9173 -0.3531 0.4631 0.7892
NPCjames.jpg
25 -10.1171 -0.4750 45.6704 0.1843 -0.9173 -0.3531 0.4631 0.7892
26 -11.2130 0.0943 45.0255 0.2608 -0.9415 0.2133 0.4461 0.7919
26 -9.6720 0.9385 44.8998 0.6476 -0.1604 -0.7449 0.4510 0.7678
NPCjames.jpg
26 -11.2130 0.0943 45.0255 0.2608 -0.9415 0.2133 0.4461 0.7919
25 -10.1171 -0.4750 45.6704 0.1843 -0.9173 -0.3531 0.4631 0.7892
25 -12.4885 -0.0904 46.3039 -0.4557 -0.8896 0.0292 0.4602 0.8142
NPCjames.jpg
25 -12.4885 -0.0904 46.3039 -0.4557 -0.8896 0.0292 0.4602 0.8142
26 -12.7284 0.2498 45.5252 -0.3033 -0.7897 0.5333 0.4461 0.8149
26 -11.2130 0.0943 45.0255 0.2608 -0.9415 0.2133 0.4461 0.7919
NPCjames.jpg
25 -6.5975 1.0107 48.7644 0.9417 -0.2408 -0.2350 0.4563 0.9736
25 -7.1568 3.2617 48.3664 0.8266 0.4096 -0.3860 0.4747 0.9497
25 -7.2132 3.3898 50.0684 0.9720 0.0775 0.2217 0.4928 0.9627
NPCjames.jpg
25 -7.2132 3.3898 50.0684 0.9720 0.0775 0.2217 0.4928 0.9627
25 -7.1568 3.2617 48.3664 0.8266 0.4096 -0.3860 0.4747 0.9497
25 -8.0439 5.0082 51.3327 -0.9085 0.1579 0.3870 0.5186 0.9470
NPCjames.jpg
25 -13.6877 2.6471 46.4019 -0.8151 0.4873 -0.3134 0.4491 0.8598
26 -13.7752 1.2864 46.2362 -0.9213 -0.3830 0.0679 0.4509 0.8372
25 -13.8667 1.2546 46.7598 -0.8814 -0.4664 0.0747 0.4588 0.8395
NPCjames.jpg
25 -13.8667 1.2546 46.7598 -0.8814 -0.4664 0.0747 0.4588 0.8395
25 -14.3521 2.7233 46.9963 -0.9566 0.2704 -0.1090 0.4568 0.8551
25 -13.6877 2.6471 46.4019 -0.8151 0.4873 -0.3134 0.4491 0.8598
NPCjames.jpg
25 -12.3178 4.1904 46.7675 -0.2261 0.9221 -0.3139 0.4507 0.8897
25 -12.2399 3.4486 46.2734 -0.1733 0.9611 -0.2151 0.4486 0.8860
25 -13.6877 2.6471 46.4019 -0.8151 0.4873 -0.3134 0.4491 0.8598
NPCjames.jpg
25 -13.6877 2.6471 46.4019 -0.8151 0.4873 -0.3134 0.4491 0.8598
25 -14.3521 2.7233 46.9963 -0.9566 0.2704 -0.1090 0.4568 0.8551
25 -12.3178 4.1904 46.7675 -0.2261 0.9221 -0.3139 0.4507 0.8897
NPCjames.jpg
25 -10.1171 -0.4750 45.6704 0.1843 -0.9173 -0.3531 0.4631 0.7892
25 -9.3142 -0.0907 47.2102 0.2872 -0.9528 -0.0988 0.4894 0.7893
25 -11.3483 -0.1110 47.7961 -0.3162 -0.9475 0.0473 0.4864 0.8083
NPCjames.jpg
25 -11.3483 -0.1110 47.7961 -0.3162 -0.9475 0.0473 0.4864 0.8083
25 -12.4885 -0.0904 46.3039 -0.4557 -0.8896 0.0292 0.4602 0.8142
25 -10.1171 -0.4750 45.6704 0.1843 -0.9173 -0.3531 0.4631 0.7892
NPCjames.jpg
25 -7.7692 0.9790 47.3784 0.7656 -0.3029 -0.5675 0.4954 0.7645
25 -7.3314 1.0939 47.8024 0.7367 -0.1951 -0.6475 0.5005 0.7604
25 -7.9522 -0.1509 48.2720 0.4560 -0.8024 -0.3849 0.5079 0.7790
NPCjames.jpg
25 -7.9522 -0.1509 48.2720 0.4560 -0.8024 -0.3849 0.5079 0.7790
25 -9.3142 -0.0907 47.2102 0.2872 -0.9528 -0.0988 0.4894 0.7893
25 -7.7692 0.9790 47.3784 0.7656 -0.3029 -0.5675 0.4954 0.7645
NPCjames.jpg
25 -7.7692 0.9790 47.3784 0.7656 -0.3029 -0.5675 0.4413 0.9590
25 -8.6052 0.6775 45.3075 0.7001 -0.3291 -0.6337 0.4152 0.9405
25 -8.9826 2.2455 45.4574 0.5202 0.4737 -0.7107 0.4308 0.9260
NPCjames.jpg
25 -8.9826 2.2455 45.4574 0.5202 0.4737 -0.7107 0.4308 0.9260
25 -7.9673 2.8701 47.4918 0.6668 0.3253 -0.6705 0.4609 0.9420
25 -7.7692 0.9790 47.3784 0.7656 -0.3029 -0.5675 0.4413 0.9590
NPCjames.jpg
25 -7.9673 2.8701 47.4918 0.6668 0.3253 -0.6705 0.4609 0.9420
25 -8.9826 2.2455 45.4574 0.5202 0.4737 -0.7107 0.4308 0.9260
25 -10.0128 3.3171 46.3669 0.2326 0.8079 -0.5415 0.4494 0.9121
NPCjames.jpg
25 -10.0128 3.3171 46.3669 0.2326 0.8079 -0.5415 0.4494 0.9121
25 -8.6360 4.2933 47.7812 0.2998 0.8103 -0.5035 0.4755 0.9275
25 -7.9673 2.8701 47.4918 0.6668 0.3253 -0.6705 0.4609 0.9420
NPCjames.jpg
25 -11.6963 4.0839 48.3580 -0.2967 0.9542 -0.0372 0.4789 0.8973
25 -8.6360 4.2933 47.7812 0.2998 0.8103 -0.5035 0.4755 0.9275
25 -10.0128 3.3171 46.3669 0.2326 0.8079 -0.5415 0.4494 0.9121
NPCjames.jpg
25 -10.0128 3.3171 46.3669 0.2326 0.8079 -0.5415 0.4494 0.9121
25 -12.3178 4.1904 46.7675 -0.2261 0.9221 -0.3139 0.4507 0.8897
25 -11.6963 4.0839 48.3580 -0.2967 0.9542 -0.0372 0.4789 0.8973
NPCjames.jpg
25 -13.8667 1.2546 46.7598 -0.8814 -0.4664 0.0747 0.4588 0.8395
25 -12.8759 0.9744 48.0183 -0.7058 -0.6705 0.2286 0.4809 0.8340
25 -13.6471 2.6244 48.2974 -0.9180 0.2202 0.3300 0.4783 0.8617
NPCjames.jpg
25 -13.6471 2.6244 48.2974 -0.9180 0.2202 0.3300 0.4783 0.8617
25 -14.3521 2.7233 46.9963 -0.9566 0.2704 -0.1090 0.4568 0.8551
25 -13.8667 1.2546 46.7598 -0.8814 -0.4664 0.0747 0.4588 0.8395
NPCjames.jpg
25 -8.6052 0.6775 45.3075 0.7001 -0.3291 -0.6337 0.4635 0.7641
25 -7.7692 0.9790 47.3784 0.7656 -0.3029 -0.5675 0.4954 0.7645
25 -9.3142 -0.0907 47.2102 0.2872 -0.9528 -0.0988 0.4894 0.7893
NPCjames.jpg
25 -9.3142 -0.0907 47.2102 0.2872 -0.9528 -0.0988 0.4894 0.7893
25 -10.1171 -0.4750 45.6704 0.1843 -0.9173 -0.3531 0.4631 0.7892
25 -8.6052 0.6775 45.3075 0.7001 -0.3291 -0.6337 0.4635 0.7641
NPCjames.jpg
25 -14.3521 2.7233 46.9963 -0.9566 0.2704 -0.1090 0.4568 0.8551
25 -11.6963 4.0839 48.3580 -0.2967 0.9542 -0.0372 0.4789 0.8973
25 -12.3178 4.1904 46.7675 -0.2261 0.9221 -0.3139 0.4507 0.8897
NPCjames.jpg
25 -7.9673 2.8701 47.4918 0.6668 0.3253 -0.6705 0.4609 0.9420
25 -7.1568 3.2617 48.3664 0.8266 0.4096 -0.3860 0.4747 0.9497
25 -7.3314 1.0939 47.8024 0.7367 -0.1951 -0.6475 0.4471 0.9631
NPCjames.jpg
25 -7.3314 1.0939 47.8024 0.7367 -0.1951 -0.6475 0.4471 0.9631
25 -7.7692 0.9790 47.3784 0.7656 -0.3029 -0.5675 0.4413 0.9590
25 -7.9673 2.8701 47.4918 0.6668 0.3253 -0.6705 0.4609 0.9420
NPCjames.jpg
25 -7.9673 2.8701 47.4918 0.6668 0.3253 -0.6705 0.4609 0.9420
25 -8.6360 4.2933 47.7812 0.2998 0.8103 -0.5035 0.4755 0.9275
25 -7.1568 3.2617 48.3664 0.8266 0.4096 -0.3860 0.4747 0.9497
NPCjames.jpg
25 -6.5975 1.0107 48.7644 0.9417 -0.2408 -0.2350 0.5136 0.7565
25 -7.9522 -0.1509 48.2720 0.4560 -0.8024 -0.3849 0.5079 0.7790
25 -7.3314 1.0939 47.8024 0.7367 -0.1951 -0.6475 0.5005 0.7604
NPCjames.jpg
25 -7.1568 3.2617 48.3664 0.8266 0.4096 -0.3860 0.4747 0.9497
25 -6.5975 1.0107 48.7644 0.9417 -0.2408 -0.2350 0.4563 0.9736
25 -7.3314 1.0939 47.8024 0.7367 -0.1951 -0.6475 0.4471 0.9631
NPCjames.jpg
25 -8.0439 5.0082 51.3327 -0.9085 0.1579 0.3870 0.5186 0.9470
25 -7.1568 3.2617 48.3664 0.8266 0.4096 -0.3860 0.4747 0.9497
25 -8.6360 4.2933 47.7812 0.2998 0.8103 -0.5035 0.4755 0.9275
NPCjames.jpg
25 -11.3483 -0.1110 47.7961 -0.3162 -0.9475 0.0473 0.4864 0.8083
25 -13.8667 1.2546 46.7598 -0.8814 -0.4664 0.0747 0.4588 0.8395
25 -12.4885 -0.0904 46.3039 -0.4557 -0.8896 0.0292 0.4602 0.8142
NPCjames.jpg
25 -11.3483 -0.1110 47.7961 -0.3162 -0.9475 0.0473 0.4864 0.8083
25 -12.8759 0.9744 48.0183 -0.7058 -0.6705 0.2286 0.4809 0.8340
25 -13.8667 1.2546 46.7598 -0.8814 -0.4664 0.0747 0.4588 0.8395
NPCjames.jpg
25 -7.9522 -0.1509 48.2720 0.4560 -0.8024 -0.3849 0.5079 0.7790
25 -11.3483 -0.1110 47.7961 -0.3162 -0.9475 0.0473 0.4864 0.8083
25 -9.3142 -0.0907 47.2102 0.2872 -0.9528 -0.0988 0.4894 0.7893
NPCjames.jpg
25 -11.6963 4.0839 48.3580 -0.2967 0.9542 -0.0372 0.4789 0.8973
25 -14.3521 2.7233 46.9963 -0.9566 0.2704 -0.1090 0.4568 0.8551
25 -13.6471 2.6244 48.2974 -0.9180 0.2202 0.3300 0.4783 0.8617
NPCjames.jpg
25 -6.8680 0.9384 50.4900 0.6400 -0.0292 0.7678 0.4714 0.9871
25 -7.2132 3.3898 50.0684 0.9720 0.0775 0.2217 0.4928 0.9627
4 -8.3910 1.8621 49.8691 -0.8099 0.1948 0.5533 0.4906 0.9684
NPCjames.jpg
25 -11.6963 4.0839 48.3580 -0.2967 0.9542 -0.0372 0.4789 0.8973
25 -8.0439 5.0082 51.3327 -0.9085 0.1579 0.3870 0.5186 0.9470
25 -8.6360 4.2933 47.7812 0.2998 0.8103 -0.5035 0.4755 0.9275
NPCjames.jpg
25 -10.4915 4.9172 53.5229 -0.6405 0.7383 -0.2115 0.5481 0.9205
25 -8.0439 5.0082 51.3327 -0.9085 0.1579 0.3870 0.5186 0.9470
25 -11.6963 4.0839 48.3580 -0.2967 0.9542 -0.0372 0.4789 0.8973
NPCjames.jpg
25 -9.8423 -1.4140 51.0462 -0.1542 -0.9854 -0.0725 0.5382 0.8039
25 -7.9522 -0.1509 48.2720 0.4560 -0.8024 -0.3849 0.5079 0.7790
25 -7.6716 -0.3637 50.8239 0.3049 -0.4986 0.8114 0.5408 0.7757
NPCjames.jpg
10 10.3030 5.1201 46.8766 -0.1728 0.5466 0.8194 0.9041 0.2426
9 10.1864 4.5027 46.8619 0.1086 0.9905 0.0846 0.9032 0.2482
10 11.8876 3.8017 46.3841 0.7939 0.3600 0.4900 0.8704 0.2249
NPCjames.jpg
9 11.6432 3.7163 46.9816 0.8144 0.5356 -0.2232 0.8679 0.2372
10 11.7943 2.2922 46.6077 0.9022 -0.4183 0.1053 0.8370 0.2248
10 11.8876 3.8017 46.3841 0.7939 0.3600 0.4900 0.8704 0.2249
NPCjames.jpg
10 10.8498 1.3956 45.6179 0.2552 -0.8671 0.4277 0.8026 0.2100
10 11.0515 0.9801 45.3497 -0.0447 -0.7894 0.6122 0.8006 0.1995
10 11.8687 2.1725 45.9197 0.2953 -0.4189 0.8587 0.8344 0.2147
NPCjames.jpg
10 11.8687 2.1725 45.9197 0.2953 -0.4189 0.8587 0.8344 0.2147
10 11.7943 2.2922 46.6077 0.9022 -0.4183 0.1053 0.8370 0.2248
10 10.8498 1.3956 45.6179 0.2552 -0.8671 0.4277 0.8026 0.2100
NPCjames.jpg
10 7.9148 1.9654 44.2312 -0.9492 -0.2959 -0.1067 0.7315 0.1937
10 9.3275 0.8408 44.5146 -0.4037 -0.8582 0.3171 0.7658 0.1913
10 9.3705 1.2788 45.0108 -0.2364 -0.9670 0.0955 0.7685 0.2035
NPCjames.jpg
10 9.3705 1.2788 45.0108 -0.2364 -0.9670 0.0955 0.7685 0.2035
10 7.7834 2.0430 44.9971 -0.6324 -0.1446 -0.7610 0.7338 0.2080
10 7.9148 1.9654 44.2312 -0.9492 -0.2959 -0.1067 0.7315 0.1937
NPCjames.jpg
10 11.0515 0.9801 45.3497 -0.0447 -0.7894 0.6122 0.8006 0.1995
10 10.8498 1.3956 45.6179 0.2552 -0.8671 0.4277 0.8026 0.2100
10 9.3705 1.2788 45.0108 -0.2364 -0.9670 0.0955 0.7685 0.2035
NPCjames.jpg
10 9.3705 1.2788 45.0108 -0.2364 -0.9670 0.0955 0.7685 0.2035
10 9.3275 0.8408 44.5146 -0.4037 -0.8582 0.3171 0.7658 0.1913
10 11.0515 0.9801 45.3497 -0.0447 -0.7894 0.6122 0.8006 0.1995
NPCjames.jpg
10 7.7834 2.0430 44.9971 -0.6324 -0.1446 -0.7610 0.9875 0.2219
10 8.4656 3.1853 44.3350 -0.8722 0.4787 -0.1011 0.9656 0.2058
10 7.9148 1.9654 44.2312 -0.9492 -0.2959 -0.1067 0.9911 0.2060
NPCjames.jpg
9 8.3976 3.0970 45.5188 -0.5767 0.6355 -0.5134 0.9627 0.2287
10 9.1369 4.3783 45.8258 -0.7169 0.6925 0.0809 0.9343 0.2307
10 8.4656 3.1853 44.3350 -0.8722 0.4787 -0.1011 0.9656 0.2058
NPCjames.jpg
10 12.3357 3.5526 45.7319 0.8060 0.3455 0.4806 0.8701 0.2085
10 11.8876 3.8017 46.3841 0.7939 0.3600 0.4900 0.8704 0.2249
10 11.7943 2.2922 46.6077 0.9022 -0.4183 0.1053 0.8370 0.2248
NPCjames.jpg
10 11.7943 2.2922 46.6077 0.9022 -0.4183 0.1053 0.8370 0.2248
10 11.8687 2.1725 45.9197 0.2953 -0.4189 0.8587 0.8344 0.2147
10 12.3357 3.5526 45.7319 0.8060 0.3455 0.4806 0.8701 0.2085
NPCjames.jpg
9 8.3976 3.0970 45.5188 -0.5767 0.6355 -0.5134 0.9627 0.2287
9 8.9786 4.2047 46.2701 -0.3808 0.8567 -0.3480 0.9274 0.2435
10 9.1369 4.3783 45.8258 -0.7169 0.6925 0.0809 0.9343 0.2307
NPCjames.jpg
10 9.1369 4.3783 45.8258 -0.7169 0.6925 0.0809 0.9343 0.2307
10 9.2002 4.4566 44.5405 -0.7129 0.6908 -0.1209 0.9439 0.2099
10 8.4656 3.1853 44.3350 -0.8722 0.4787 -0.1011 0.9656 0.2058
NPCjames.jpg
11 13.1578 0.8645 35.6475 -0.9779 -0.2091 0.0070 0.7125 0.3928
10 13.0114 3.5067 36.1374 -0.2377 0.8391 -0.4893 0.7248 0.3740
11 12.3885 2.5139 35.5659 -0.9102 0.2629 0.3201 0.7303 0.3935
NPCjames.jpg
11 13.1113 -0.1504 36.7405 -0.5498 -0.0546 -0.8335 0.6961 0.3787
10 13.0114 3.5067 36.1374 -0.2377 0.8391 -0.4893 0.7248 0.3740
11 13.1578 0.8645 35.6475 -0.9779 -0.2091 0.0070 0.7125 0.3928
NPCjames.jpg
11 13.1113 -0.1504 36.7405 -0.5498 -0.0546 -0.8335 0.7811 0.0186
11 13.8214 -0.5966 36.6047 0.1599 -0.4227 0.8920 0.8035 0.0133
10 12.5192 -0.2700 36.6926 -0.1729 -0.7844 -0.5957 0.8030 0.0200
NPCjames.jpg
10 12.5192 -0.2700 36.6926 -0.1729 -0.7844 -0.5957 0.8030 0.0200
10 11.7179 0.6189 36.5935 -0.6846 -0.2408 -0.6880 0.7806 0.0237
11 13.1113 -0.1504 36.7405 -0.5498 -0.0546 -0.8335 0.7811 0.0186
NPCjames.jpg
11 14.0832 -1.1128 32.3268 -0.4610 -0.8653 0.1969 0.6917 0.4466
11 13.4883 -0.0296 34.3070 -0.9666 -0.1635 -0.1973 0.7016 0.4143
11 13.7959 -0.1253 32.3999 -0.9497 -0.3051 -0.0700 0.7040 0.4430
NPCjames.jpg
11 13.7959 -0.1253 32.3999 -0.9497 -0.3051 -0.0700 0.7040 0.4430
11 13.4883 -0.0296 34.3070 -0.9666 -0.1635 -0.1973 0.7016 0.4143
11 12.3885 2.5139 35.5659 -0.9102 0.2629 0.3201 0.7303 0.3935
NPCjames.jpg
11 12.3885 2.5139 35.5659 -0.9102 0.2629 0.3201 0.7303 0.3935
11 12.6489 2.8577 32.7233 -0.8432 0.5367 0.0296 0.7476 0.4337
11 13.7959 -0.1253 32.3999 -0.9497 -0.3051 -0.0700 0.7040 0.4430
NPCjames.jpg
11 13.1578 0.8645 35.6475 -0.9779 -0.2091 0.0070 0.7125 0.3928
11 12.3885 2.5139 35.5659 -0.9102 0.2629 0.3201 0.7303 0.3935
11 13.4883 -0.0296 34.3070 -0.9666 -0.1635 -0.1973 0.7016 0.4143
NPCjames.jpg
12 13.4612 -0.7320 34.1956 -0.8111 0.5395 -0.2258 0.6860 0.4199
11 13.4883 -0.0296 34.3070 -0.9666 -0.1635 -0.1973 0.7016 0.4143
11 14.0698 -0.9080 33.5286 -0.3065 -0.8460 0.4363 0.6906 0.4292
NPCjames.jpg
11 14.0698 -0.9080 33.5286 -0.3065 -0.8460 0.4363 0.6906 0.4292
12 13.7297 -0.7018 33.7359 0.4952 0.8688 0.0011 0.6891 0.4252
12 13.4612 -0.7320 34.1956 -0.8111 0.5395 -0.2258 0.6860 0.4199
NPCjames.jpg
11 13.1578 0.8645 35.6475 -0.9779 -0.2091 0.0070 0.7125 0.3928
11 13.4883 -0.0296 34.3070 -0.9666 -0.1635 -0.1973 0.7016 0.4143
11 13.1113 -0.1504 36.7405 -0.5498 -0.0546 -0.8335 0.6961 0.3787
NPCjames.jpg
12 13.1525 -1.1260 35.6332 -0.8287 -0.4817 0.2848 0.9429 0.2628
12 13.9964 -1.3672 35.7286 0.1869 -0.8066 0.5607 0.9470 0.2715
11 13.8214 -0.5966 36.6047 0.1599 -0.4227 0.8920 0.9597 0.2698
NPCjames.jpg
11 13.8214 -0.5966 36.6047 0.1599 -0.4227 0.8920 0.9597 0.2698
11 13.1113 -0.1504 36.7405 -0.5498 -0.0546 -0.8335 0.9621 0.2574
12 13.1525 -1.1260 35.6332 -0.8287 -0.4817 0.2848 0.9429 0.2628
NPCjames.jpg
11 13.4883 -0.0296 34.3070 -0.9666 -0.1635 -0.1973 0.7016 0.4143
12 13.4612 -0.7320 34.1956 -0.8111 0.5395 -0.2258 0.6860 0.4199
12 13.1454 -1.5711 34.6132 -0.8452 -0.2729 0.4595 0.6802 0.4139
NPCjames.jpg
12 13.1454 -1.5711 34.6132 -0.8452 -0.2729 0.4595 0.6802 0.4139
12 13.1525 -1.1260 35.6332 -0.8287 -0.4817 0.2848 0.6876 0.3996
11 13.4883 -0.0296 34.3070 -0.9666 -0.1635 -0.1973 0.7016 0.4143
NPCjames.jpg
11 13.1113 -0.1504 36.7405 -0.5498 -0.0546 -0.8335 0.6961 0.3787
11 13.4883 -0.0296 34.3070 -0.9666 -0.1635 -0.1973 0.7016 0.4143
12 13.1525 -1.1260 35.6332 -0.8287 -0.4817 0.2848 0.6876 0.3996
NPCjames.jpg
13 12.1277 -1.4330 33.4435 -0.7497 -0.1834 0.6358 0.9108 0.2765
13 12.3275 -1.6836 33.2690 -0.3774 -0.9258 -0.0202 0.9116 0.2809
12 13.6251 -2.0438 34.6613 -0.0606 -0.9533 0.2958 0.9328 0.2780
NPCjames.jpg
12 13.6251 -2.0438 34.6613 -0.0606 -0.9533 0.2958 0.9328 0.2780
12 13.1454 -1.5711 34.6132 -0.8452 -0.2729 0.4595 0.9303 0.2697
13 12.1277 -1.4330 33.4435 -0.7497 -0.1834 0.6358 0.9108 0.2765
NPCjames.jpg
14 11.9667 -0.6658 32.8759 -0.4424 0.7788 0.4446 0.6662 0.4431
13 12.8378 -0.6034 32.9814 0.2396 0.9506 -0.1973 0.6783 0.4407
14 11.8993 -0.5929 32.2301 0.0968 0.7848 -0.6121 0.6607 0.4534
NPCjames.jpg
14 11.9667 -0.6658 32.8759 -0.4424 0.7788 0.4446 0.6662 0.4431
13 12.1277 -1.4330 33.4435 -0.7497 -0.1834 0.6358 0.6647 0.4316
13 12.4748 -0.7252 33.2349 -0.3507 0.7831 0.5135 0.6733 0.4344
NPCjames.jpg
12 13.9964 -1.3672 35.7286 0.1869 -0.8066 0.5607 0.9470 0.2715
12 13.1525 -1.1260 35.6332 -0.8287 -0.4817 0.2848 0.9429 0.2628
12 13.1454 -1.5711 34.6132 -0.8452 -0.2729 0.4595 0.9303 0.2697
NPCjames.jpg
13 12.1277 -1.4330 33.4435 -0.7497 -0.1834 0.6358 0.6647 0.4316
12 13.1454 -1.5711 34.6132 -0.8452 -0.2729 0.4595 0.6802 0.4139
12 13.4612 -0.7320 34.1956 -0.8111 0.5395 -0.2258 0.6860 0.4199
NPCjames.jpg
12 13.4612 -0.7320 34.1956 -0.8111 0.5395 -0.2258 0.6860 0.4199
13 12.4748 -0.7252 33.2349 -0.3507 0.7831 0.5135 0.6733 0.4344
13 12.1277 -1.4330 33.4435 -0.7497 -0.1834 0.6358 0.6647 0.4316
NPCjames.jpg
13 12.4748 -0.7252 33.2349 -0.3507 0.7831 0.5135 0.6733 0.4344
12 13.4612 -0.7320 34.1956 -0.8111 0.5395 -0.2258 0.6860 0.4199
12 13.7297 -0.7018 33.7359 0.4952 0.8688 0.0011 0.6891 0.4252
NPCjames.jpg
12 13.7297 -0.7018 33.7359 0.4952 0.8688 0.0011 0.6891 0.4252
13 12.8378 -0.6034 32.9814 0.2396 0.9506 -0.1973 0.6783 0.4407
13 12.4748 -0.7252 33.2349 -0.3507 0.7831 0.5135 0.6733 0.4344
NPCjames.jpg
14 11.4592 -1.2077 32.7016 -0.8756 -0.3992 0.2719 0.8981 0.2836
13 12.3275 -1.6836 33.2690 -0.3774 -0.9258 -0.0202 0.9116 0.2809
13 12.1277 -1.4330 33.4435 -0.7497 -0.1834 0.6358 0.9108 0.2765
NPCjames.jpg
14 11.5883 -0.8118 32.3820 -0.4609 0.7346 0.4979 0.6568 0.4482
14 11.9667 -0.6658 32.8759 -0.4424 0.7788 0.4446 0.6662 0.4431
14 11.8993 -0.5929 32.2301 0.0968 0.7848 -0.6121 0.6607 0.4534
NPCjames.jpg
14 10.8467 -0.6666 31.8496 -0.8168 0.2745 -0.5074 0.6473 0.4559
14 11.5883 -0.8118 32.3820 -0.4609 0.7346 0.4979 0.6568 0.4482
14 11.8993 -0.5929 32.2301 0.0968 0.7848 -0.6121 0.6607 0.4534
NPCjames.jpg
14 11.4592 -1.2077 32.7016 -0.8756 -0.3992 0.2719 0.6547 0.4445
13 12.1277 -1.4330 33.4435 -0.7497 -0.1834 0.6358 0.6647 0.4316
14 11.9667 -0.6658 32.8759 -0.4424 0.7788 0.4446 0.6662 0.4431
NPCjames.jpg
14 11.9667 -0.6658 32.8759 -0.4424 0.7788 0.4446 0.6662 0.4431
13 12.4748 -0.7252 33.2349 -0.3507 0.7831 0.5135 0.6733 0.4344
13 12.8378 -0.6034 32.9814 0.2396 0.9506 -0.1973 0.6783 0.4407
NPCjames.jpg
14 10.8467 -0.6666 31.8496 -0.8168 0.2745 -0.5074 0.6473 0.4559
14 11.4592 -1.2077 32.7016 -0.8756 -0.3992 0.2719 0.6547 0.4445
14 11.5883 -0.8118 32.3820 -0.4609 0.7346 0.4979 0.6568 0.4482
NPCjames.jpg
14 11.4592 -1.2077 32.7016 -0.8756 -0.3992 0.2719 0.6547 0.4445
14 11.9667 -0.6658 32.8759 -0.4424 0.7788 0.4446 0.6662 0.4431
14 11.5883 -0.8118 32.3820 -0.4609 0.7346 0.4979 0.6568 0.4482
NPCjames.jpg
12 13.9964 -1.3672 35.7286 0.1869 -0.8066 0.5607 0.9470 0.2715
12 13.1454 -1.5711 34.6132 -0.8452 -0.2729 0.4595 0.9303 0.2697
12 13.6251 -2.0438 34.6613 -0.0606 -0.9533 0.2958 0.9328 0.2780
NPCjames.jpg
10 11.7179 0.6189 36.5935 -0.6846 -0.2408 -0.6880 0.7806 0.0237
10 12.5192 -0.2700 36.6926 -0.1729 -0.7844 -0.5957 0.8030 0.0200
10 11.7675 0.1188 39.0159 -0.3972 -0.9163 -0.0516 0.7852 0.0755
NPCjames.jpg
10 11.7675 0.1188 39.0159 -0.3972 -0.9163 -0.0516 0.7852 0.0755
10 11.0804 0.9479 38.8808 -0.9093 -0.2662 -0.3198 0.7646 0.0752
10 11.7179 0.6189 36.5935 -0.6846 -0.2408 -0.6880 0.7806 0.0237
NPCjames.jpg
10 11.7179 0.6189 36.5935 -0.6846 -0.2408 -0.6880 0.9672 0.0314
10 13.0114 3.5067 36.1374 -0.2377 0.8391 -0.4893 0.9305 0.0319
11 13.1113 -0.1504 36.7405 -0.5498 -0.0546 -0.8335 0.9618 0.0215
NPCjames.jpg
10 11.7179 0.6189 36.5935 -0.6846 -0.2408 -0.6880 0.9672 0.0314
10 11.0804 0.9479 38.8808 -0.9093 -0.2662 -0.3198 0.9786 0.0759
10 11.7024 3.1140 38.7109 -0.7017 0.5573 -0.4439 0.9372 0.0850
NPCjames.jpg
10 11.7024 3.1140 38.7109 -0.7017 0.5573 -0.4439 0.9372 0.0850
10 13.0114 3.5067 36.1374 -0.2377 0.8391 -0.4893 0.9305 0.0319
10 11.7179 0.6189 36.5935 -0.6846 -0.2408 -0.6880 0.9672 0.0314
NPCjames.jpg
10 14.7192 2.2634 36.2761 0.8314 0.4885 -0.2649 0.8822 0.0157
10 14.3788 2.6224 39.3662 0.9321 0.3584 0.0527 0.8757 0.0808
10 14.3639 1.0111 39.6668 0.8720 -0.4628 0.1594 0.8428 0.0811
NPCjames.jpg
10 14.3639 1.0111 39.6668 0.8720 -0.4628 0.1594 0.8428 0.0811
10 15.4847 0.5003 36.2946 0.8815 -0.4000 -0.2510 0.8486 0.0109
10 14.7192 2.2634 36.2761 0.8314 0.4885 -0.2649 0.8822 0.0157
NPCjames.jpg
10 14.3788 2.6224 39.3662 0.9321 0.3584 0.0527 0.8757 0.0808
10 14.7192 2.2634 36.2761 0.8314 0.4885 -0.2649 0.8822 0.0157
10 13.3144 3.8649 38.7748 0.2933 0.9439 -0.1519 0.9049 0.0790
NPCjames.jpg
10 12.5192 -0.2700 36.6926 -0.1729 -0.7844 -0.5957 0.8030 0.0200
10 13.9706 -0.1695 36.5232 0.4825 -0.5360 0.6927 0.8224 0.0154
10 13.1821 0.2328 39.3237 0.2968 -0.9457 0.1323 0.8131 0.0762
NPCjames.jpg
10 13.1821 0.2328 39.3237 0.2968 -0.9457 0.1323 0.8131 0.0762
10 11.7675 0.1188 39.0159 -0.3972 -0.9163 -0.0516 0.7852 0.0755
10 12.5192 -0.2700 36.6926 -0.1729 -0.7844 -0.5957 0.8030 0.0200
NPCjames.jpg
10 13.9706 -0.1695 36.5232 0.4825 -0.5360 0.6927 0.8224 0.0154
10 15.4847 0.5003 36.2946 0.8815 -0.4000 -0.2510 0.8486 0.0109
10 14.3639 1.0111 39.6668 0.8720 -0.4628 0.1594 0.8428 0.0811
NPCjames.jpg
10 14.3639 1.0111 39.6668 0.8720 -0.4628 0.1594 0.8428 0.0811
10 13.1821 0.2328 39.3237 0.2968 -0.9457 0.1323 0.8131 0.0762
10 13.9706 -0.1695 36.5232 0.4825 -0.5360 0.6927 0.8224 0.0154
NPCjames.jpg
22 11.4237 -0.6169 30.2900 -0.6834 -0.1914 -0.7045 0.9386 0.3873
21 12.7571 -0.9204 30.0436 0.3227 -0.5177 -0.7924 0.9341 0.3703
22 11.9299 -1.3661 30.2904 -0.0683 -0.7785 -0.6240 0.9296 0.3795
NPCjames.jpg
11 14.0832 -1.1128 32.3268 -0.4610 -0.8653 0.1969 0.9242 0.3191
16 13.9239 -1.5296 31.2978 -0.1852 -0.8279 0.5294 0.9162 0.3338
16 14.6453 -1.3098 30.8919 0.7904 -0.5316 -0.3043 0.9252 0.3382
NPCjames.jpg
16 14.6453 -1.3098 30.8919 0.7904 -0.5316 -0.3043 0.9252 0.3382
11 14.9690 -0.8153 32.6129 0.8325 -0.5476 0.0838 0.9355 0.3202
11 14.0832 -1.1128 32.3268 -0.4610 -0.8653 0.1969 0.9242 0.3191
NPCjames.jpg
11 15.0030 0.4675 32.3771 0.9593 0.1992 -0.2000 0.9474 0.3269
11 14.9690 -0.8153 32.6129 0.8325 -0.5476 0.0838 0.9355 0.3202
16 14.6453 -1.3098 30.8919 0.7904 -0.5316 -0.3043 0.9252 0.3382
NPCjames.jpg
16 14.6453 -1.3098 30.8919 0.7904 -0.5316 -0.3043 0.9252 0.3382
16 14.3976 -0.3452 30.5618 0.2994 0.6320 -0.7148 0.9330 0.3443
11 15.0030 0.4675 32.3771 0.9593 0.1992 -0.2000 0.9474 0.3269
NPCjames.jpg
16 14.6453 -1.3098 30.8919 0.7904 -0.5316 -0.3043 0.9252 0.3382
17 13.3714 -2.0337 29.9812 0.4309 -0.6363 -0.6399 0.9135 0.3561
17 13.0558 -1.4094 29.8353 -0.2173 0.4187 -0.8817 0.9207 0.3604
NPCjames.jpg
17 13.0558 -1.4094 29.8353 -0.2173 0.4187 -0.8817 0.9207 0.3604
16 14.3976 -0.3452 30.5618 0.2994 0.6320 -0.7148 0.9330 0.3443
16 14.6453 -1.3098 30.8919 0.7904 -0.5316 -0.3043 0.9252 0.3382
NPCjames.jpg
17 13.0558 -1.4094 29.8353 -0.2173 0.4187 -0.8817 0.9207 0.3604
17 13.3714 -2.0337 29.9812 0.4309 -0.6363 -0.6399 0.9135 0.3561
18 12.4221 -2.5130 30.3334 -0.1639 -0.9056 -0.3912 0.9080 0.3657
NPCjames.jpg
18 12.4221 -2.5130 30.3334 -0.1639 -0.9056 -0.3912 0.9080 0.3657
18 12.1443 -2.0288 30.2852 -0.8498 0.1364 -0.5092 0.9125 0.3713
17 13.0558 -1.4094 29.8353 -0.2173 0.4187 -0.8817 0.9207 0.3604
NPCjames.jpg
16 14.6453 -1.3098 30.8919 0.7904 -0.5316 -0.3043 0.9252 0.3382
16 13.9239 -1.5296 31.2978 -0.1852 -0.8279 0.5294 0.9162 0.3338
17 13.4132 -1.7944 30.8275 0.1535 -0.6925 0.7049 0.9077 0.3473
NPCjames.jpg
17 13.4132 -1.7944 30.8275 0.1535 -0.6925 0.7049 0.9077 0.3473
17 13.3714 -2.0337 29.9812 0.4309 -0.6363 -0.6399 0.9135 0.3561
16 14.6453 -1.3098 30.8919 0.7904 -0.5316 -0.3043 0.9252 0.3382
NPCjames.jpg
20 12.4789 2.7285 31.5846 -0.8454 0.5336 0.0248 0.7490 0.4525
11 12.6489 2.8577 32.7233 -0.8432 0.5367 0.0296 0.7476 0.4337
11 13.7974 3.1267 32.4804 0.4571 0.8762 -0.1527 0.7642 0.4321
NPCjames.jpg
11 13.7974 3.1267 32.4804 0.4571 0.8762 -0.1527 0.7642 0.4321
20 13.2118 2.8219 31.0998 0.2683 0.7883 -0.5537 0.7635 0.4517
20 12.4789 2.7285 31.5846 -0.8454 0.5336 0.0248 0.7490 0.4525
NPCjames.jpg
21 12.1577 2.2706 31.0202 -0.7767 0.5109 0.3683 0.7513 0.4658
20 12.4789 2.7285 31.5846 -0.8454 0.5336 0.0248 0.7490 0.4525
20 13.2118 2.8219 31.0998 0.2683 0.7883 -0.5537 0.7635 0.4517
NPCjames.jpg
20 13.2118 2.8219 31.0998 0.2683 0.7883 -0.5537 0.7635 0.4517
21 12.2466 2.1109 30.3181 -0.1398 0.5886 -0.7962 0.7632 0.4702
21 12.1577 2.2706 31.0202 -0.7767 0.5109 0.3683 0.7513 0.4658
NPCjames.jpg
22 11.6301 1.8495 30.8171 -0.6469 0.5789 0.4963 0.7535 0.4787
21 12.1577 2.2706 31.0202 -0.7767 0.5109 0.3683 0.7513 0.4658
21 12.2466 2.1109 30.3181 -0.1398 0.5886 -0.7962 0.7632 0.4702
NPCjames.jpg
21 12.2466 2.1109 30.3181 -0.1398 0.5886 -0.7962 0.7632 0.4702
22 11.4969 1.5128 30.3686 -0.5322 0.3932 -0.7497 0.7621 0.4825
22 11.6301 1.8495 30.8171 -0.6469 0.5789 0.4963 0.7535 0.4787
NPCjames.jpg
11 13.7974 3.1267 32.4804 0.4571 0.8762 -0.1527 0.7642 0.4321
11 12.6489 2.8577 32.7233 -0.8432 0.5367 0.0296 0.7476 0.4337
11 12.3885 2.5139 35.5659 -0.9102 0.2629 0.3201 0.7303 0.3935
NPCjames.jpg
11 12.3885 2.5139 35.5659 -0.9102 0.2629 0.3201 0.7303 0.3935
11 13.8676 2.9906 35.7300 0.4810 0.8668 -0.1314 0.7587 0.3857
11 13.7974 3.1267 32.4804 0.4571 0.8762 -0.1527 0.7642 0.4321
NPCjames.jpg
11 14.8531 1.3325 35.4846 0.9436 0.3129 -0.1086 0.9724 0.2945
11 15.0537 0.2089 34.4950 0.9938 -0.1009 0.0465 0.9539 0.3002
11 15.0030 0.4675 32.3771 0.9593 0.1992 -0.2000 0.9474 0.3269
NPCjames.jpg
11 14.8531 1.3325 35.4846 0.9436 0.3129 -0.1086 0.9724 0.2945
11 14.7479 -0.0464 36.0558 0.7915 -0.0583 0.6083 0.9609 0.2810
11 15.0537 0.2089 34.4950 0.9938 -0.1009 0.0465 0.9539 0.3002
NPCjames.jpg
12 14.4473 -0.9313 33.9645 0.7444 -0.5738 -0.3416 0.9360 0.2946
12 14.6253 -1.0725 35.3718 0.8118 -0.5246 0.2565 0.9483 0.2801
12 14.2403 -1.7566 34.1325 0.6823 -0.6806 -0.2670 0.9309 0.2841
NPCjames.jpg
11 13.8676 2.9906 35.7300 0.4810 0.8668 -0.1314 0.7587 0.3857
11 12.3885 2.5139 35.5659 -0.9102 0.2629 0.3201 0.7303 0.3935
10 13.0114 3.5067 36.1374 -0.2377 0.8391 -0.4893 0.7248 0.3740
NPCjames.jpg
12 14.6253 -1.0725 35.3718 0.8118 -0.5246 0.2565 0.9483 0.2801
11 14.7479 -0.0464 36.0558 0.7915 -0.0583 0.6083 0.9609 0.2810
11 13.8214 -0.5966 36.6047 0.1599 -0.4227 0.8920 0.9597 0.2698
NPCjames.jpg
11 14.8050 -0.7753 33.5272 0.6997 -0.6993 0.1463 0.9388 0.3075
11 15.0537 0.2089 34.4950 0.9938 -0.1009 0.0465 0.9539 0.3002
12 14.4473 -0.9313 33.9645 0.7444 -0.5738 -0.3416 0.9360 0.2946
NPCjames.jpg
11 14.8050 -0.7753 33.5272 0.6997 -0.6993 0.1463 0.9388 0.3075
12 14.4473 -0.9313 33.9645 0.7444 -0.5738 -0.3416 0.9360 0.2946
12 13.7297 -0.7018 33.7359 0.4952 0.8688 0.0011 0.9294 0.3022
NPCjames.jpg
12 13.7297 -0.7018 33.7359 0.4952 0.8688 0.0011 0.9294 0.3022
11 14.0698 -0.9080 33.5286 -0.3065 -0.8460 0.4363 0.9295 0.3058
11 14.8050 -0.7753 33.5272 0.6997 -0.6993 0.1463 0.9388 0.3075
NPCjames.jpg
13 12.3275 -1.6836 33.2690 -0.3774 -0.9258 -0.0202 0.9116 0.2809
14 11.4592 -1.2077 32.7016 -0.8756 -0.3992 0.2719 0.8981 0.2836
14 11.9034 -1.1762 32.2689 0.1057 -0.6021 -0.7914 0.9011 0.2880
NPCjames.jpg
14 11.9034 -1.1762 32.2689 0.1057 -0.6021 -0.7914 0.9011 0.2880
13 13.1603 -1.6892 33.0482 0.3296 -0.6954 -0.6386 0.9160 0.2850
13 12.3275 -1.6836 33.2690 -0.3774 -0.9258 -0.0202 0.9116 0.2809
NPCjames.jpg
14 11.9034 -1.1762 32.2689 0.1057 -0.6021 -0.7914 0.9011 0.2880
14 11.8993 -0.5929 32.2301 0.0968 0.7848 -0.6121 0.8999 0.2939
13 13.0294 -0.9203 32.8095 0.5677 0.2352 -0.7889 0.9142 0.2934
NPCjames.jpg
13 13.0294 -0.9203 32.8095 0.5677 0.2352 -0.7889 0.9142 0.2934
13 13.1603 -1.6892 33.0482 0.3296 -0.6954 -0.6386 0.9160 0.2850
14 11.9034 -1.1762 32.2689 0.1057 -0.6021 -0.7914 0.9011 0.2880
NPCjames.jpg
12 14.6253 -1.0725 35.3718 0.8118 -0.5246 0.2565 0.9483 0.2801
12 13.9964 -1.3672 35.7286 0.1869 -0.8066 0.5607 0.9470 0.2715
12 13.6251 -2.0438 34.6613 -0.0606 -0.9533 0.2958 0.9328 0.2780
NPCjames.jpg
12 13.6251 -2.0438 34.6613 -0.0606 -0.9533 0.2958 0.9328 0.2780
12 14.2403 -1.7566 34.1325 0.6823 -0.6806 -0.2670 0.9309 0.2841
12 14.6253 -1.0725 35.3718 0.8118 -0.5246 0.2565 0.9483 0.2801
NPCjames.jpg
12 13.7297 -0.7018 33.7359 0.4952 0.8688 0.0011 0.9294 0.3022
12 14.4473 -0.9313 33.9645 0.7444 -0.5738 -0.3416 0.9360 0.2946
13 13.0294 -0.9203 32.8095 0.5677 0.2352 -0.7889 0.9142 0.2934
NPCjames.jpg
13 13.0294 -0.9203 32.8095 0.5677 0.2352 -0.7889 0.9142 0.2934
13 12.8378 -0.6034 32.9814 0.2396 0.9506 -0.1973 0.9145 0.2982
12 13.7297 -0.7018 33.7359 0.4952 0.8688 0.0011 0.9294 0.3022
NPCjames.jpg
12 14.6253 -1.0725 35.3718 0.8118 -0.5246 0.2565 0.9483 0.2801
11 15.0537 0.2089 34.4950 0.9938 -0.1009 0.0465 0.9539 0.3002
11 14.7479 -0.0464 36.0558 0.7915 -0.0583 0.6083 0.9609 0.2810
NPCjames.jpg
12 14.4473 -0.9313 33.9645 0.7444 -0.5738 -0.3416 0.9360 0.2946
11 15.0537 0.2089 34.4950 0.9938 -0.1009 0.0465 0.9539 0.3002
12 14.6253 -1.0725 35.3718 0.8118 -0.5246 0.2565 0.9483 0.2801
NPCjames.jpg
11 14.0832 -1.1128 32.3268 -0.4610 -0.8653 0.1969 0.9242 0.3191
11 14.8050 -0.7753 33.5272 0.6997 -0.6993 0.1463 0.9388 0.3075
11 14.0698 -0.9080 33.5286 -0.3065 -0.8460 0.4363 0.9295 0.3058
NPCjames.jpg
12 13.6251 -2.0438 34.6613 -0.0606 -0.9533 0.2958 0.9328 0.2780
13 12.3275 -1.6836 33.2690 -0.3774 -0.9258 -0.0202 0.9116 0.2809
13 13.1603 -1.6892 33.0482 0.3296 -0.6954 -0.6386 0.9160 0.2850
NPCjames.jpg
13 13.1603 -1.6892 33.0482 0.3296 -0.6954 -0.6386 0.9160 0.2850
12 14.2403 -1.7566 34.1325 0.6823 -0.6806 -0.2670 0.9309 0.2841
12 13.6251 -2.0438 34.6613 -0.0606 -0.9533 0.2958 0.9328 0.2780
NPCjames.jpg
13 13.1603 -1.6892 33.0482 0.3296 -0.6954 -0.6386 0.9160 0.2850
13 13.0294 -0.9203 32.8095 0.5677 0.2352 -0.7889 0.9142 0.2934
12 14.4473 -0.9313 33.9645 0.7444 -0.5738 -0.3416 0.9360 0.2946
NPCjames.jpg
12 14.4473 -0.9313 33.9645 0.7444 -0.5738 -0.3416 0.9360 0.2946
12 14.2403 -1.7566 34.1325 0.6823 -0.6806 -0.2670 0.9309 0.2841
13 13.1603 -1.6892 33.0482 0.3296 -0.6954 -0.6386 0.9160 0.2850
NPCjames.jpg
14 10.8467 -0.6666 31.8496 -0.8168 0.2745 -0.5074 0.8880 0.2907
14 11.9034 -1.1762 32.2689 0.1057 -0.6021 -0.7914 0.9011 0.2880
14 11.4592 -1.2077 32.7016 -0.8756 -0.3992 0.2719 0.8981 0.2836
NPCjames.jpg
14 11.8993 -0.5929 32.2301 0.0968 0.7848 -0.6121 0.8999 0.2939
13 12.8378 -0.6034 32.9814 0.2396 0.9506 -0.1973 0.9145 0.2982
13 13.0294 -0.9203 32.8095 0.5677 0.2352 -0.7889 0.9142 0.2934
NPCjames.jpg
14 10.8467 -0.6666 31.8496 -0.8168 0.2745 -0.5074 0.8880 0.2907
14 11.8993 -0.5929 32.2301 0.0968 0.7848 -0.6121 0.8999 0.2939
14 11.9034 -1.1762 32.2689 0.1057 -0.6021 -0.7914 0.9011 0.2880
NPCjames.jpg
11 13.8214 -0.5966 36.6047 0.1599 -0.4227 0.8920 0.8035 0.0133
11 14.7479 -0.0464 36.0558 0.7915 -0.0583 0.6083 0.8173 0.0076
10 13.9706 -0.1695 36.5232 0.4825 -0.5360 0.6927 0.8224 0.0154
NPCjames.jpg
10 13.9706 -0.1695 36.5232 0.4825 -0.5360 0.6927 0.8224 0.0154
10 12.5192 -0.2700 36.6926 -0.1729 -0.7844 -0.5957 0.8030 0.0200
11 13.8214 -0.5966 36.6047 0.1599 -0.4227 0.8920 0.8035 0.0133
NPCjames.jpg
11 14.8531 1.3325 35.4846 0.9436 0.3129 -0.1086 0.8481 0.0006
10 15.4847 0.5003 36.2946 0.8815 -0.4000 -0.2510 0.8486 0.0109
10 13.9706 -0.1695 36.5232 0.4825 -0.5360 0.6927 0.8224 0.0154
NPCjames.jpg
10 13.9706 -0.1695 36.5232 0.4825 -0.5360 0.6927 0.8224 0.0154
11 14.7479 -0.0464 36.0558 0.7915 -0.0583 0.6083 0.8173 0.0076
11 14.8531 1.3325 35.4846 0.9436 0.3129 -0.1086 0.8481 0.0006
NPCjames.jpg
11 13.8676 2.9906 35.7300 0.4810 0.8668 -0.1314 0.8815 0.0082
10 14.7192 2.2634 36.2761 0.8314 0.4885 -0.2649 0.8822 0.0157
10 15.4847 0.5003 36.2946 0.8815 -0.4000 -0.2510 0.8486 0.0109
NPCjames.jpg
10 15.4847 0.5003 36.2946 0.8815 -0.4000 -0.2510 0.8486 0.0109
11 14.8531 1.3325 35.4846 0.9436 0.3129 -0.1086 0.8481 0.0006
11 13.8676 2.9906 35.7300 0.4810 0.8668 -0.1314 0.8815 0.0082
NPCjames.jpg
10 11.7024 3.1140 38.7109 -0.7017 0.5573 -0.4439 0.9372 0.0850
10 13.3144 3.8649 38.7748 0.2933 0.9439 -0.1519 0.9049 0.0790
10 13.0114 3.5067 36.1374 -0.2377 0.8391 -0.4893 0.9305 0.0319
NPCjames.jpg
10 12.9571 4.0915 43.3325 0.7561 0.6407 0.1334 0.8866 0.1658
10 12.2167 4.7626 41.8446 0.2210 0.9526 -0.2090 0.9106 0.1435
10 12.0639 5.0352 42.7737 0.3261 0.8976 -0.2966 0.9101 0.1607
NPCjames.jpg
10 9.2002 4.4566 44.5405 -0.7129 0.6908 -0.1209 0.9439 0.2099
10 11.1094 5.8834 45.1698 0.1633 0.9790 0.1219 0.9080 0.2097
10 11.5765 5.7316 43.9489 0.2541 0.9573 -0.1378 0.9149 0.1823
NPCjames.jpg
10 8.7621 3.1925 42.6895 -0.8000 0.4935 -0.3413 0.9682 0.1725
10 9.2002 4.4566 44.5405 -0.7129 0.6908 -0.1209 0.9439 0.2099
10 9.7201 4.2624 42.6697 -0.5425 0.7620 -0.3537 0.9485 0.1729
NPCjames.jpg
10 8.4656 3.1853 44.3350 -0.8722 0.4787 -0.1011 0.9656 0.2058
10 8.7621 3.1925 42.6895 -0.8000 0.4935 -0.3413 0.9682 0.1725
10 8.2068 1.9829 42.6580 -0.8938 -0.2172 -0.3924 0.9921 0.1715
NPCjames.jpg
10 8.2068 1.9829 42.6580 -0.8938 -0.2172 -0.3924 0.9921 0.1715
10 7.9148 1.9654 44.2312 -0.9492 -0.2959 -0.1067 0.9911 0.2060
10 8.4656 3.1853 44.3350 -0.8722 0.4787 -0.1011 0.9656 0.2058
NPCjames.jpg
10 8.2068 1.9829 42.6580 -0.8938 -0.2172 -0.3924 0.7243 0.1603
10 9.6115 0.5747 43.0206 -0.4728 -0.8759 -0.0964 0.7625 0.1614
10 9.3275 0.8408 44.5146 -0.4037 -0.8582 0.3171 0.7658 0.1913
NPCjames.jpg
10 9.3275 0.8408 44.5146 -0.4037 -0.8582 0.3171 0.7658 0.1913
10 7.9148 1.9654 44.2312 -0.9492 -0.2959 -0.1067 0.7315 0.1937
10 8.2068 1.9829 42.6580 -0.8938 -0.2172 -0.3924 0.7243 0.1603
NPCjames.jpg
10 10.1167 0.5067 42.2236 -0.5104 -0.8344 -0.2081 0.7652 0.1434
10 12.2962 0.0866 43.1132 0.1228 -0.9751 0.1847 0.8044 0.1490
10 9.6115 0.5747 43.0206 -0.4728 -0.8759 -0.0964 0.7625 0.1614
NPCjames.jpg
10 12.7232 1.7459 46.2110 0.3885 -0.3145 0.8661 0.8354 0.2063
10 11.0515 0.9801 45.3497 -0.0447 -0.7894 0.6122 0.8006 0.1995
10 13.2583 1.6460 45.2581 0.7125 -0.3497 0.6083 0.8383 0.1858
NPCjames.jpg
10 14.3142 1.0965 41.3198 0.8858 -0.4637 0.0170 0.8412 0.1108
10 14.5462 1.1103 43.7293 0.8628 -0.3983 0.3114 0.8388 0.1527
10 12.2962 0.0866 43.1132 0.1228 -0.9751 0.1847 0.8044 0.1490
NPCjames.jpg
10 14.0973 2.8821 43.3007 0.8607 0.4647 0.2080 0.8655 0.1527
10 14.3142 1.0965 41.3198 0.8858 -0.4637 0.0170 0.8412 0.1108
10 14.3639 1.0111 39.6668 0.8720 -0.4628 0.1594 0.8428 0.0811
NPCjames.jpg
10 14.3639 1.0111 39.6668 0.8720 -0.4628 0.1594 0.8428 0.0811
10 14.3788 2.6224 39.3662 0.9321 0.3584 0.0527 0.8757 0.0808
10 14.0973 2.8821 43.3007 0.8607 0.4647 0.2080 0.8655 0.1527
NPCjames.jpg
10 13.3144 3.8649 38.7748 0.2933 0.9439 -0.1519 0.9049 0.0790
10 12.2167 4.7626 41.8446 0.2210 0.9526 -0.2090 0.9106 0.1435
10 14.0973 2.8821 43.3007 0.8607 0.4647 0.2080 0.8655 0.1527
NPCjames.jpg
10 14.0973 2.8821 43.3007 0.8607 0.4647 0.2080 0.8655 0.1527
10 14.3788 2.6224 39.3662 0.9321 0.3584 0.0527 0.8757 0.0808
10 13.3144 3.8649 38.7748 0.2933 0.9439 -0.1519 0.9049 0.0790
NPCjames.jpg
10 13.3144 3.8649 38.7748 0.2933 0.9439 -0.1519 0.9049 0.0790
10 10.7613 3.6666 40.1698 -0.5950 0.6003 -0.5344 0.9445 0.1195
10 12.2167 4.7626 41.8446 0.2210 0.9526 -0.2090 0.9106 0.1435
NPCjames.jpg
10 11.7024 3.1140 38.7109 -0.7017 0.5573 -0.4439 0.9372 0.0850
10 11.0804 0.9479 38.8808 -0.9093 -0.2662 -0.3198 0.9786 0.0759
10 9.9005 1.6329 40.9539 -0.8007 -0.3188 -0.5073 0.9862 0.1254
NPCjames.jpg
10 9.9005 1.6329 40.9539 -0.8007 -0.3188 -0.5073 0.9862 0.1254
10 10.7613 3.6666 40.1698 -0.5950 0.6003 -0.5344 0.9445 0.1195
10 11.7024 3.1140 38.7109 -0.7017 0.5573 -0.4439 0.9372 0.0850
NPCjames.jpg
10 11.7675 0.1188 39.0159 -0.3972 -0.9163 -0.0516 0.7852 0.0755
10 10.1167 0.5067 42.2236 -0.5104 -0.8344 -0.2081 0.7652 0.1434
10 9.9005 1.6329 40.9539 -0.8007 -0.3188 -0.5073 0.7430 0.1201
NPCjames.jpg
10 9.9005 1.6329 40.9539 -0.8007 -0.3188 -0.5073 0.7430 0.1201
10 11.0804 0.9479 38.8808 -0.9093 -0.2662 -0.3198 0.7646 0.0752
10 11.7675 0.1188 39.0159 -0.3972 -0.9163 -0.0516 0.7852 0.0755
NPCjames.jpg
10 11.7675 0.1188 39.0159 -0.3972 -0.9163 -0.0516 0.7852 0.0755
10 13.1821 0.2328 39.3237 0.2968 -0.9457 0.1323 0.8131 0.0762
10 12.2962 0.0866 43.1132 0.1228 -0.9751 0.1847 0.8044 0.1490
NPCjames.jpg
10 12.2962 0.0866 43.1132 0.1228 -0.9751 0.1847 0.8044 0.1490
10 10.1167 0.5067 42.2236 -0.5104 -0.8344 -0.2081 0.7652 0.1434
10 11.7675 0.1188 39.0159 -0.3972 -0.9163 -0.0516 0.7852 0.0755
NPCjames.jpg
10 9.2438 2.3695 41.3423 -0.7699 -0.0326 -0.6373 0.7250 0.1320
10 9.9005 1.6329 40.9539 -0.8007 -0.3188 -0.5073 0.7430 0.1201
10 10.1167 0.5067 42.2236 -0.5104 -0.8344 -0.2081 0.7652 0.1434
NPCjames.jpg
10 10.7009 5.6031 46.1569 0.0472 0.9072 0.4180 0.9070 0.2266
10 11.1094 5.8834 45.1698 0.1633 0.9790 0.1219 0.9080 0.2097
10 9.2002 4.4566 44.5405 -0.7129 0.6908 -0.1209 0.9439 0.2099
NPCjames.jpg
10 9.2002 4.4566 44.5405 -0.7129 0.6908 -0.1209 0.9439 0.2099
10 9.1369 4.3783 45.8258 -0.7169 0.6925 0.0809 0.9343 0.2307
10 10.7009 5.6031 46.1569 0.0472 0.9072 0.4180 0.9070 0.2266
NPCjames.jpg
10 11.8876 3.8017 46.3841 0.7939 0.3600 0.4900 0.8704 0.2249
10 12.3357 3.5526 45.7319 0.8060 0.3455 0.4806 0.8701 0.2085
10 11.1094 5.8834 45.1698 0.1633 0.9790 0.1219 0.9080 0.2097
NPCjames.jpg
10 11.1094 5.8834 45.1698 0.1633 0.9790 0.1219 0.9080 0.2097
10 10.7009 5.6031 46.1569 0.0472 0.9072 0.4180 0.9070 0.2266
10 11.8876 3.8017 46.3841 0.7939 0.3600 0.4900 0.8704 0.2249
NPCjames.jpg
10 7.7834 2.0430 44.9971 -0.6324 -0.1446 -0.7610 0.9875 0.2219
9 8.3976 3.0970 45.5188 -0.5767 0.6355 -0.5134 0.9627 0.2287
10 8.4656 3.1853 44.3350 -0.8722 0.4787 -0.1011 0.9656 0.2058
NPCjames.jpg
10 9.1369 4.3783 45.8258 -0.7169 0.6925 0.0809 0.9343 0.2307
9 10.1864 4.5027 46.8619 0.1086 0.9905 0.0846 0.9032 0.2482
10 10.3030 5.1201 46.8766 -0.1728 0.5466 0.8194 0.9041 0.2426
NPCjames.jpg
10 11.0515 0.9801 45.3497 -0.0447 -0.7894 0.6122 0.8006 0.1995
10 12.2962 0.0866 43.1132 0.1228 -0.9751 0.1847 0.8044 0.1490
10 12.4008 0.9706 44.7454 0.2499 -0.8223 0.5112 0.8197 0.1795
NPCjames.jpg
16 13.9239 -1.5296 31.2978 -0.1852 -0.8279 0.5294 0.6885 0.4630
16 13.7332 -0.5440 31.2691 -0.8702 0.4921 0.0254 0.7003 0.4623
17 13.2819 -1.0070 30.8681 -0.7164 0.5636 0.4112 0.6957 0.4744
NPCjames.jpg
17 13.2819 -1.0070 30.8681 -0.7164 0.5636 0.4112 0.6957 0.4744
17 13.4132 -1.7944 30.8275 0.1535 -0.6925 0.7049 0.6843 0.4764
16 13.9239 -1.5296 31.2978 -0.1852 -0.8279 0.5294 0.6885 0.4630
NPCjames.jpg
18 12.5464 -1.6033 30.8681 -0.4498 0.6691 0.5916 0.6904 0.4889
18 12.8515 -2.1014 30.8714 0.4698 -0.5067 0.7229 0.6822 0.4867
17 13.4132 -1.7944 30.8275 0.1535 -0.6925 0.7049 0.6843 0.4764
NPCjames.jpg
17 13.4132 -1.7944 30.8275 0.1535 -0.6925 0.7049 0.6843 0.4764
17 13.2819 -1.0070 30.8681 -0.7164 0.5636 0.4112 0.6957 0.4744
18 12.5464 -1.6033 30.8681 -0.4498 0.6691 0.5916 0.6904 0.4889
NPCjames.jpg
11 14.0832 -1.1128 32.3268 -0.4610 -0.8653 0.1969 0.6917 0.4466
11 13.7959 -0.1253 32.3999 -0.9497 -0.3051 -0.0700 0.7040 0.4430
16 13.7332 -0.5440 31.2691 -0.8702 0.4921 0.0254 0.7003 0.4623
NPCjames.jpg
16 13.7332 -0.5440 31.2691 -0.8702 0.4921 0.0254 0.7003 0.4623
16 13.9239 -1.5296 31.2978 -0.1852 -0.8279 0.5294 0.6885 0.4630
11 14.0832 -1.1128 32.3268 -0.4610 -0.8653 0.1969 0.6917 0.4466
NPCjames.jpg
11 14.0832 -1.1128 32.3268 -0.4610 -0.8653 0.1969 0.6917 0.4466
11 14.0698 -0.9080 33.5286 -0.3065 -0.8460 0.4363 0.6906 0.4292
11 13.4883 -0.0296 34.3070 -0.9666 -0.1635 -0.1973 0.7016 0.4143
NPCjames.jpg
22 11.6301 1.8495 30.8171 -0.6469 0.5789 0.4963 0.7535 0.4787
22 11.6094 0.4712 30.8788 -0.0385 0.0433 0.9983 0.7349 0.4898
22 11.8426 -0.5030 30.8398 0.0812 -0.0572 0.9951 0.7210 0.4944
NPCjames.jpg
11 15.0030 0.4675 32.3771 0.9593 0.1992 -0.2000 0.9474 0.3269
11 15.0537 0.2089 34.4950 0.9938 -0.1009 0.0465 0.9539 0.3002
11 14.8050 -0.7753 33.5272 0.6997 -0.6993 0.1463 0.9388 0.3075
NPCjames.jpg
11 14.8050 -0.7753 33.5272 0.6997 -0.6993 0.1463 0.9388 0.3075
11 14.9690 -0.8153 32.6129 0.8325 -0.5476 0.0838 0.9355 0.3202
11 15.0030 0.4675 32.3771 0.9593 0.1992 -0.2000 0.9474 0.3269
NPCjames.jpg
11 14.9690 -0.8153 32.6129 0.8325 -0.5476 0.0838 0.9355 0.3202
11 14.8050 -0.7753 33.5272 0.6997 -0.6993 0.1463 0.9388 0.3075
11 14.0832 -1.1128 32.3268 -0.4610 -0.8653 0.1969 0.9242 0.3191
NPCjames.jpg
17 13.3714 -2.0337 29.9812 0.4309 -0.6363 -0.6399 0.9135 0.3561
17 13.4132 -1.7944 30.8275 0.1535 -0.6925 0.7049 0.9077 0.3473
18 12.8515 -2.1014 30.8714 0.4698 -0.5067 0.7229 0.9022 0.3579
NPCjames.jpg
18 12.8515 -2.1014 30.8714 0.4698 -0.5067 0.7229 0.9022 0.3579
18 12.4221 -2.5130 30.3334 -0.1639 -0.9056 -0.3912 0.9080 0.3657
17 13.3714 -2.0337 29.9812 0.4309 -0.6363 -0.6399 0.9135 0.3561
NPCjames.jpg
18 12.4221 -2.5130 30.3334 -0.1639 -0.9056 -0.3912 0.9080 0.3657
18 12.8515 -2.1014 30.8714 0.4698 -0.5067 0.7229 0.9022 0.3579
18 12.0740 -2.3784 31.3256 -0.4877 -0.3603 0.7952 0.8967 0.3705
NPCjames.jpg
18 12.8515 -2.1014 30.8714 0.4698 -0.5067 0.7229 0.6822 0.4867
18 12.5464 -1.6033 30.8681 -0.4498 0.6691 0.5916 0.6904 0.4889
18 12.0740 -2.3784 31.3256 -0.4877 -0.3603 0.7952 0.6810 0.5004
NPCjames.jpg
18 12.5464 -1.6033 30.8681 -0.4498 0.6691 0.5916 0.6904 0.4889
18 12.1443 -2.0288 30.2852 -0.8498 0.1364 -0.5092 0.6968 0.4989
18 12.0740 -2.3784 31.3256 -0.4877 -0.3603 0.7952 0.6810 0.5004
NPCjames.jpg
18 12.1443 -2.0288 30.2852 -0.8498 0.1364 -0.5092 0.9125 0.3713
18 12.4221 -2.5130 30.3334 -0.1639 -0.9056 -0.3912 0.9080 0.3657
18 12.0740 -2.3784 31.3256 -0.4877 -0.3603 0.7952 0.8967 0.3705
NPCjames.jpg
22 11.6094 0.4712 30.8788 -0.0385 0.0433 0.9983 0.7349 0.4898
22 11.6301 1.8495 30.8171 -0.6469 0.5789 0.4963 0.7535 0.4787
22 10.8866 0.9839 30.8921 -0.9064 0.0322 0.4212 0.7468 0.4948
NPCjames.jpg
22 11.6301 1.8495 30.8171 -0.6469 0.5789 0.4963 0.7535 0.4787
22 11.4969 1.5128 30.3686 -0.5322 0.3932 -0.7497 0.7621 0.4825
22 10.8866 0.9839 30.8921 -0.9064 0.0322 0.4212 0.7613 0.4955
NPCjames.jpg
22 11.4969 1.5128 30.3686 -0.5322 0.3932 -0.7497 0.9696 0.3787
22 11.2695 0.4063 30.3475 -0.7473 0.0340 -0.6637 0.9550 0.3867
22 10.8866 0.9839 30.8921 -0.9064 0.0322 0.4212 0.9671 0.3897
NPCjames.jpg
22 11.2695 0.4063 30.3475 -0.7473 0.0340 -0.6637 0.9550 0.3867
22 11.6094 0.4712 30.8788 -0.0385 0.0433 0.9983 0.9583 0.3946
22 10.8866 0.9839 30.8921 -0.9064 0.0322 0.4212 0.9671 0.3897
NPCjames.jpg
22 11.2695 0.4063 30.3475 -0.7473 0.0340 -0.6637 0.9550 0.3867
22 11.4237 -0.6169 30.2900 -0.6834 -0.1914 -0.7045 0.9386 0.3873
22 10.8756 -0.3449 31.1638 -0.7349 -0.2650 0.6243 0.9461 0.3988
NPCjames.jpg
22 11.4237 -0.6169 30.2900 -0.6834 -0.1914 -0.7045 0.9386 0.3873
22 11.8426 -0.5030 30.8398 0.0812 -0.0572 0.9951 0.9349 0.3962
22 10.8756 -0.3449 31.1638 -0.7349 -0.2650 0.6243 0.9461 0.3988
NPCjames.jpg
22 11.8426 -0.5030 30.8398 0.0812 -0.0572 0.9951 0.7210 0.4944
22 11.6094 0.4712 30.8788 -0.0385 0.0433 0.9983 0.7349 0.4898
22 10.8756 -0.3449 31.1638 -0.7349 -0.2650 0.6243 0.7308 0.5058
NPCjames.jpg
22 11.6094 0.4712 30.8788 -0.0385 0.0433 0.9983 0.9583 0.3946
22 11.2695 0.4063 30.3475 -0.7473 0.0340 -0.6637 0.9550 0.3867
22 10.8756 -0.3449 31.1638 -0.7349 -0.2650 0.6243 0.9461 0.3988
NPCjames.jpg
22 11.4237 -0.6169 30.2900 -0.6834 -0.1914 -0.7045 0.9386 0.3873
22 11.9299 -1.3661 30.2904 -0.0683 -0.7785 -0.6240 0.9296 0.3795
22 11.0241 -1.4709 31.1197 -0.7159 -0.4702 0.5162 0.9202 0.3901
NPCjames.jpg
22 11.9299 -1.3661 30.2904 -0.0683 -0.7785 -0.6240 0.9296 0.3795
22 12.1562 -1.3178 30.7388 0.4021 -0.7161 0.5705 0.9240 0.3773
22 11.0241 -1.4709 31.1197 -0.7159 -0.4702 0.5162 0.9202 0.3901
NPCjames.jpg
22 12.1562 -1.3178 30.7388 0.4021 -0.7161 0.5705 0.7084 0.4968
22 11.8426 -0.5030 30.8398 0.0812 -0.0572 0.9951 0.7210 0.4944
22 11.0241 -1.4709 31.1197 -0.7159 -0.4702 0.5162 0.7160 0.5126
NPCjames.jpg
22 11.8426 -0.5030 30.8398 0.0812 -0.0572 0.9951 0.9349 0.3962
22 11.4237 -0.6169 30.2900 -0.6834 -0.1914 -0.7045 0.9386 0.3873
22 11.0241 -1.4709 31.1197 -0.7159 -0.4702 0.5162 0.9202 0.3901
NPCjames.jpg
20 14.3869 0.0081 30.7149 0.7746 -0.2968 -0.5585 0.9430 0.3488
21 12.7571 -0.9204 30.0436 0.3227 -0.5177 -0.7924 0.9341 0.3703
21 12.2466 2.1109 30.3181 -0.1398 0.5886 -0.7962 0.9717 0.3683
NPCjames.jpg
21 12.2466 2.1109 30.3181 -0.1398 0.5886 -0.7962 0.9717 0.3683
20 13.2118 2.8219 31.0998 0.2683 0.7883 -0.5537 0.9761 0.3528
20 14.3869 0.0081 30.7149 0.7746 -0.2968 -0.5585 0.9430 0.3488
NPCjames.jpg
20 12.4789 2.7285 31.5846 -0.8454 0.5336 0.0248 0.7490 0.4525
20 13.9173 -0.2745 31.2247 0.0586 -0.9414 0.3322 0.7056 0.4632
11 13.7959 -0.1253 32.3999 -0.9497 -0.3051 -0.0700 0.7040 0.4430
NPCjames.jpg
11 13.7959 -0.1253 32.3999 -0.9497 -0.3051 -0.0700 0.7040 0.4430
11 12.6489 2.8577 32.7233 -0.8432 0.5367 0.0296 0.7476 0.4337
20 12.4789 2.7285 31.5846 -0.8454 0.5336 0.0248 0.7490 0.4525
NPCjames.jpg
21 12.1577 2.2706 31.0202 -0.7767 0.5109 0.3683 0.7513 0.4658
21 12.8337 -0.9229 30.6295 0.3601 -0.7361 0.5731 0.7078 0.4841
20 13.9173 -0.2745 31.2247 0.0586 -0.9414 0.3322 0.7056 0.4632
NPCjames.jpg
20 13.9173 -0.2745 31.2247 0.0586 -0.9414 0.3322 0.7056 0.4632
20 12.4789 2.7285 31.5846 -0.8454 0.5336 0.0248 0.7490 0.4525
21 12.1577 2.2706 31.0202 -0.7767 0.5109 0.3683 0.7513 0.4658
NPCjames.jpg
21 12.1577 2.2706 31.0202 -0.7767 0.5109 0.3683 0.7513 0.4658
22 11.6301 1.8495 30.8171 -0.6469 0.5789 0.4963 0.7535 0.4787
21 12.8337 -0.9229 30.6295 0.3601 -0.7361 0.5731 0.7078 0.4841
NPCjames.jpg
21 12.8337 -0.9229 30.6295 0.3601 -0.7361 0.5731 0.7078 0.4841
22 11.8426 -0.5030 30.8398 0.0812 -0.0572 0.9951 0.7210 0.4944
22 12.1562 -1.3178 30.7388 0.4021 -0.7161 0.5705 0.7084 0.4968
NPCjames.jpg
21 12.8337 -0.9229 30.6295 0.3601 -0.7361 0.5731 0.7078 0.4841
22 11.6301 1.8495 30.8171 -0.6469 0.5789 0.4963 0.7535 0.4787
22 11.8426 -0.5030 30.8398 0.0812 -0.0572 0.9951 0.7210 0.4944
NPCjames.jpg
21 12.7571 -0.9204 30.0436 0.3227 -0.5177 -0.7924 0.9341 0.3703
21 12.8337 -0.9229 30.6295 0.3601 -0.7361 0.5731 0.9285 0.3648
22 12.1562 -1.3178 30.7388 0.4021 -0.7161 0.5705 0.9240 0.3773
NPCjames.jpg
22 12.1562 -1.3178 30.7388 0.4021 -0.7161 0.5705 0.9240 0.3773
22 11.9299 -1.3661 30.2904 -0.0683 -0.7785 -0.6240 0.9296 0.3795
21 12.7571 -0.9204 30.0436 0.3227 -0.5177 -0.7924 0.9341 0.3703
NPCjames.jpg
20 14.3869 0.0081 30.7149 0.7746 -0.2968 -0.5585 0.9430 0.3488
20 13.9173 -0.2745 31.2247 0.0586 -0.9414 0.3322 0.9375 0.3454
21 12.8337 -0.9229 30.6295 0.3601 -0.7361 0.5731 0.9285 0.3648
NPCjames.jpg
21 12.8337 -0.9229 30.6295 0.3601 -0.7361 0.5731 0.9285 0.3648
21 12.7571 -0.9204 30.0436 0.3227 -0.5177 -0.7924 0.9341 0.3703
20 14.3869 0.0081 30.7149 0.7746 -0.2968 -0.5585 0.9430 0.3488
NPCjames.jpg
11 15.0030 0.4675 32.3771 0.9593 0.1992 -0.2000 0.9474 0.3269
11 13.7959 -0.1253 32.3999 -0.9497 -0.3051 -0.0700 0.9461 0.3291
20 13.9173 -0.2745 31.2247 0.0586 -0.9414 0.3322 0.9375 0.3454
NPCjames.jpg
20 13.9173 -0.2745 31.2247 0.0586 -0.9414 0.3322 0.9375 0.3454
20 14.3869 0.0081 30.7149 0.7746 -0.2968 -0.5585 0.9430 0.3488
11 15.0030 0.4675 32.3771 0.9593 0.1992 -0.2000 0.9474 0.3269
NPCjames.jpg
16 14.3976 -0.3452 30.5618 0.2994 0.6320 -0.7148 0.9330 0.3443
16 13.7332 -0.5440 31.2691 -0.8702 0.4921 0.0254 0.9361 0.3446
11 13.7959 -0.1253 32.3999 -0.9497 -0.3051 -0.0700 0.9461 0.3291
NPCjames.jpg
11 13.7959 -0.1253 32.3999 -0.9497 -0.3051 -0.0700 0.9461 0.3291
11 15.0030 0.4675 32.3771 0.9593 0.1992 -0.2000 0.9474 0.3269
16 14.3976 -0.3452 30.5618 0.2994 0.6320 -0.7148 0.9330 0.3443
NPCjames.jpg
16 14.3976 -0.3452 30.5618 0.2994 0.6320 -0.7148 0.9330 0.3443
17 13.0558 -1.4094 29.8353 -0.2173 0.4187 -0.8817 0.9207 0.3604
17 13.2819 -1.0070 30.8681 -0.7164 0.5636 0.4112 0.9278 0.3595
NPCjames.jpg
17 13.2819 -1.0070 30.8681 -0.7164 0.5636 0.4112 0.9278 0.3595
16 13.7332 -0.5440 31.2691 -0.8702 0.4921 0.0254 0.9361 0.3446
16 14.3976 -0.3452 30.5618 0.2994 0.6320 -0.7148 0.9330 0.3443
NPCjames.jpg
17 13.0558 -1.4094 29.8353 -0.2173 0.4187 -0.8817 0.9207 0.3604
18 12.1443 -2.0288 30.2852 -0.8498 0.1364 -0.5092 0.9125 0.3713
18 12.5464 -1.6033 30.8681 -0.4498 0.6691 0.5916 0.9210 0.3698
NPCjames.jpg
18 12.5464 -1.6033 30.8681 -0.4498 0.6691 0.5916 0.9210 0.3698
17 13.2819 -1.0070 30.8681 -0.7164 0.5636 0.4112 0.9278 0.3595
17 13.0558 -1.4094 29.8353 -0.2173 0.4187 -0.8817 0.9207 0.3604
NPCjames.jpg
22 11.2695 0.4063 30.3475 -0.7473 0.0340 -0.6637 0.9550 0.3867
22 11.4969 1.5128 30.3686 -0.5322 0.3932 -0.7497 0.9696 0.3787
21 12.2466 2.1109 30.3181 -0.1398 0.5886 -0.7962 0.9717 0.3683
NPCjames.jpg
21 12.7571 -0.9204 30.0436 0.3227 -0.5177 -0.7924 0.9341 0.3703
22 11.4237 -0.6169 30.2900 -0.6834 -0.1914 -0.7045 0.9386 0.3873
22 11.2695 0.4063 30.3475 -0.7473 0.0340 -0.6637 0.9550 0.3867
NPCjames.jpg
22 11.2695 0.4063 30.3475 -0.7473 0.0340 -0.6637 0.9550 0.3867
21 12.2466 2.1109 30.3181 -0.1398 0.5886 -0.7962 0.9717 0.3683
21 12.7571 -0.9204 30.0436 0.3227 -0.5177 -0.7924 0.9341 0.3703
NPCjames.jpg
11 13.8676 2.9906 35.7300 0.4810 0.8668 -0.1314 0.9965 0.2991
11 14.8531 1.3325 35.4846 0.9436 0.3129 -0.1086 0.9724 0.2945
11 15.0030 0.4675 32.3771 0.9593 0.1992 -0.2000 0.9474 0.3269
NPCjames.jpg
11 15.0030 0.4675 32.3771 0.9593 0.1992 -0.2000 0.9474 0.3269
11 13.7974 3.1267 32.4804 0.4571 0.8762 -0.1527 0.9804 0.3363
11 13.8676 2.9906 35.7300 0.4810 0.8668 -0.1314 0.9965 0.2991
NPCjames.jpg
20 13.2118 2.8219 31.0998 0.2683 0.7883 -0.5537 0.9761 0.3528
11 13.7974 3.1267 32.4804 0.4571 0.8762 -0.1527 0.9804 0.3363
11 15.0030 0.4675 32.3771 0.9593 0.1992 -0.2000 0.9474 0.3269
NPCjames.jpg
11 15.0030 0.4675 32.3771 0.9593 0.1992 -0.2000 0.9474 0.3269
20 14.3869 0.0081 30.7149 0.7746 -0.2968 -0.5585 0.9430 0.3488
20 13.2118 2.8219 31.0998 0.2683 0.7883 -0.5537 0.9761 0.3528
NPCjames.jpg
10 14.7192 2.2634 36.2761 0.8314 0.4885 -0.2649 0.8822 0.0157
11 13.8676 2.9906 35.7300 0.4810 0.8668 -0.1314 0.8815 0.0082
10 13.0114 3.5067 36.1374 -0.2377 0.8391 -0.4893 0.9305 0.0319
NPCjames.jpg
10 14.7192 2.2634 36.2761 0.8314 0.4885 -0.2649 0.8822 0.0157
10 13.0114 3.5067 36.1374 -0.2377 0.8391 -0.4893 0.9305 0.0319
10 13.3144 3.8649 38.7748 0.2933 0.9439 -0.1519 0.9049 0.0790
NPCjames.jpg
10 12.2962 0.0866 43.1132 0.1228 -0.9751 0.1847 0.8044 0.1490
10 14.5462 1.1103 43.7293 0.8628 -0.3983 0.3114 0.8388 0.1527
10 12.4008 0.9706 44.7454 0.2499 -0.8223 0.5112 0.8197 0.1795
NPCjames.jpg
10 14.3639 1.0111 39.6668 0.8720 -0.4628 0.1594 0.8428 0.0811
10 14.3142 1.0965 41.3198 0.8858 -0.4637 0.0170 0.8412 0.1108
10 12.2962 0.0866 43.1132 0.1228 -0.9751 0.1847 0.8044 0.1490
NPCjames.jpg
10 12.2962 0.0866 43.1132 0.1228 -0.9751 0.1847 0.8044 0.1490
10 13.1821 0.2328 39.3237 0.2968 -0.9457 0.1323 0.8131 0.0762
10 14.3639 1.0111 39.6668 0.8720 -0.4628 0.1594 0.8428 0.0811
NPCjames.jpg
10 14.0973 2.8821 43.3007 0.8607 0.4647 0.2080 0.8655 0.1527
10 14.5462 1.1103 43.7293 0.8628 -0.3983 0.3114 0.8388 0.1527
10 14.3142 1.0965 41.3198 0.8858 -0.4637 0.0170 0.8412 0.1108
NPCjames.jpg
10 8.2068 1.9829 42.6580 -0.8938 -0.2172 -0.3924 0.7243 0.1603
10 9.2438 2.3695 41.3423 -0.7699 -0.0326 -0.6373 0.7250 0.1320
10 9.6115 0.5747 43.0206 -0.4728 -0.8759 -0.0964 0.7625 0.1614
NPCjames.jpg
10 11.0515 0.9801 45.3497 -0.0447 -0.7894 0.6122 0.8006 0.1995
10 9.3275 0.8408 44.5146 -0.4037 -0.8582 0.3171 0.7658 0.1913
10 9.6115 0.5747 43.0206 -0.4728 -0.8759 -0.0964 0.7625 0.1614
NPCjames.jpg
10 12.2962 0.0866 43.1132 0.1228 -0.9751 0.1847 0.8044 0.1490
10 11.0515 0.9801 45.3497 -0.0447 -0.7894 0.6122 0.8006 0.1995
10 9.6115 0.5747 43.0206 -0.4728 -0.8759 -0.0964 0.7625 0.1614
NPCjames.jpg
10 8.7621 3.1925 42.6895 -0.8000 0.4935 -0.3413 0.9682 0.1725
10 8.4656 3.1853 44.3350 -0.8722 0.4787 -0.1011 0.9656 0.2058
10 9.2002 4.4566 44.5405 -0.7129 0.6908 -0.1209 0.9439 0.2099
NPCjames.jpg
10 9.2438 2.3695 41.3423 -0.7699 -0.0326 -0.6373 0.9817 0.1442
10 8.2068 1.9829 42.6580 -0.8938 -0.2172 -0.3924 0.9921 0.1715
10 8.7621 3.1925 42.6895 -0.8000 0.4935 -0.3413 0.9682 0.1725
NPCjames.jpg
10 9.2438 2.3695 41.3423 -0.7699 -0.0326 -0.6373 0.7250 0.1320
10 10.1167 0.5067 42.2236 -0.5104 -0.8344 -0.2081 0.7652 0.1434
10 9.6115 0.5747 43.0206 -0.4728 -0.8759 -0.0964 0.7625 0.1614
NPCjames.jpg
10 11.0515 0.9801 45.3497 -0.0447 -0.7894 0.6122 0.8006 0.1995
10 12.7232 1.7459 46.2110 0.3885 -0.3145 0.8661 0.8354 0.2063
10 11.8687 2.1725 45.9197 0.2953 -0.4189 0.8587 0.8344 0.2147
NPCjames.jpg
10 11.8687 2.1725 45.9197 0.2953 -0.4189 0.8587 0.8344 0.2147
10 12.7232 1.7459 46.2110 0.3885 -0.3145 0.8661 0.8354 0.2063
10 12.3357 3.5526 45.7319 0.8060 0.3455 0.4806 0.8701 0.2085
NPCjames.jpg
10 13.2583 1.6460 45.2581 0.7125 -0.3497 0.6083 0.8383 0.1858
10 13.1660 2.9269 44.7501 0.7917 0.4154 0.4480 0.8611 0.1822
10 12.7232 1.7459 46.2110 0.3885 -0.3145 0.8661 0.8354 0.2063
NPCjames.jpg
10 11.8876 3.8017 46.3841 0.7939 0.3600 0.4900 0.8704 0.2249
10 10.7009 5.6031 46.1569 0.0472 0.9072 0.4180 0.9070 0.2266
10 10.3030 5.1201 46.8766 -0.1728 0.5466 0.8194 0.9041 0.2426
NPCjames.jpg
10 10.3030 5.1201 46.8766 -0.1728 0.5466 0.8194 0.9041 0.2426
10 10.7009 5.6031 46.1569 0.0472 0.9072 0.4180 0.9070 0.2266
10 9.1369 4.3783 45.8258 -0.7169 0.6925 0.0809 0.9343 0.2307
NPCjames.jpg
9 10.1864 4.5027 46.8619 0.1086 0.9905 0.0846 0.9032 0.2482
9 11.6432 3.7163 46.9816 0.8144 0.5356 -0.2232 0.8679 0.2372
10 11.8876 3.8017 46.3841 0.7939 0.3600 0.4900 0.8704 0.2249
NPCjames.jpg
10 9.1369 4.3783 45.8258 -0.7169 0.6925 0.0809 0.9343 0.2307
9 8.9786 4.2047 46.2701 -0.3808 0.8567 -0.3480 0.9274 0.2435
9 10.1864 4.5027 46.8619 0.1086 0.9905 0.0846 0.9032 0.2482
NPCjames.jpg
10 12.0639 5.0352 42.7737 0.3261 0.8976 -0.2966 0.9101 0.1607
10 11.5765 5.7316 43.9489 0.2541 0.9573 -0.1378 0.9149 0.1823
10 12.9571 4.0915 43.3325 0.7561 0.6407 0.1334 0.8866 0.1658
NPCjames.jpg
10 12.0639 5.0352 42.7737 0.3261 0.8976 -0.2966 0.9101 0.1607
10 10.1653 3.8987 41.4037 -0.5480 0.7223 -0.4219 0.9483 0.1453
10 9.7201 4.2624 42.6697 -0.5425 0.7620 -0.3537 0.9485 0.1729
NPCjames.jpg
10 9.7201 4.2624 42.6697 -0.5425 0.7620 -0.3537 0.9485 0.1729
10 10.1653 3.8987 41.4037 -0.5480 0.7223 -0.4219 0.9483 0.1453
10 8.7621 3.1925 42.6895 -0.8000 0.4935 -0.3413 0.9682 0.1725
NPCjames.jpg
10 13.2583 1.6460 45.2581 0.7125 -0.3497 0.6083 0.8383 0.1858
10 14.5462 1.1103 43.7293 0.8628 -0.3983 0.3114 0.8388 0.1527
10 13.1660 2.9269 44.7501 0.7917 0.4154 0.4480 0.8611 0.1822
NPCjames.jpg
10 14.0973 2.8821 43.3007 0.8607 0.4647 0.2080 0.8655 0.1527
10 12.9571 4.0915 43.3325 0.7561 0.6407 0.1334 0.8866 0.1658
10 13.1660 2.9269 44.7501 0.7917 0.4154 0.4480 0.8611 0.1822
NPCjames.jpg
10 13.1660 2.9269 44.7501 0.7917 0.4154 0.4480 0.8611 0.1822
10 12.9571 4.0915 43.3325 0.7561 0.6407 0.1334 0.8866 0.1658
10 12.3357 3.5526 45.7319 0.8060 0.3455 0.4806 0.8701 0.2085
NPCjames.jpg
10 12.9571 4.0915 43.3325 0.7561 0.6407 0.1334 0.8866 0.1658
10 14.0973 2.8821 43.3007 0.8607 0.4647 0.2080 0.8655 0.1527
10 12.2167 4.7626 41.8446 0.2210 0.9526 -0.2090 0.9106 0.1435
NPCjames.jpg
10 13.1660 2.9269 44.7501 0.7917 0.4154 0.4480 0.8611 0.1822
10 12.3357 3.5526 45.7319 0.8060 0.3455 0.4806 0.8701 0.2085
10 12.7232 1.7459 46.2110 0.3885 -0.3145 0.8661 0.8354 0.2063
NPCjames.jpg
10 14.5462 1.1103 43.7293 0.8628 -0.3983 0.3114 0.8388 0.1527
10 14.0973 2.8821 43.3007 0.8607 0.4647 0.2080 0.8655 0.1527
10 13.1660 2.9269 44.7501 0.7917 0.4154 0.4480 0.8611 0.1822
NPCjames.jpg
10 14.5462 1.1103 43.7293 0.8628 -0.3983 0.3114 0.8388 0.1527
10 13.2583 1.6460 45.2581 0.7125 -0.3497 0.6083 0.8383 0.1858
10 12.4008 0.9706 44.7454 0.2499 -0.8223 0.5112 0.8197 0.1795
NPCjames.jpg
10 12.4008 0.9706 44.7454 0.2499 -0.8223 0.5112 0.8197 0.1795
10 13.2583 1.6460 45.2581 0.7125 -0.3497 0.6083 0.8383 0.1858
10 11.0515 0.9801 45.3497 -0.0447 -0.7894 0.6122 0.8006 0.1995
NPCjames.jpg
10 9.2438 2.3695 41.3423 -0.7699 -0.0326 -0.6373 0.9817 0.1442
10 8.7621 3.1925 42.6895 -0.8000 0.4935 -0.3413 0.9682 0.1725
10 10.1653 3.8987 41.4037 -0.5480 0.7223 -0.4219 0.9483 0.1453
NPCjames.jpg
10 12.0639 5.0352 42.7737 0.3261 0.8976 -0.2966 0.9101 0.1607
10 12.2167 4.7626 41.8446 0.2210 0.9526 -0.2090 0.9106 0.1435
10 10.1653 3.8987 41.4037 -0.5480 0.7223 -0.4219 0.9483 0.1453
NPCjames.jpg
10 9.9005 1.6329 40.9539 -0.8007 -0.3188 -0.5073 0.9862 0.1254
10 9.2438 2.3695 41.3423 -0.7699 -0.0326 -0.6373 0.9817 0.1442
10 10.7613 3.6666 40.1698 -0.5950 0.6003 -0.5344 0.9445 0.1195
NPCjames.jpg
10 13.3144 3.8649 38.7748 0.2933 0.9439 -0.1519 0.9049 0.0790
10 11.7024 3.1140 38.7109 -0.7017 0.5573 -0.4439 0.9372 0.0850
10 10.7613 3.6666 40.1698 -0.5950 0.6003 -0.5344 0.9445 0.1195
NPCjames.jpg
10 10.7613 3.6666 40.1698 -0.5950 0.6003 -0.5344 0.9445 0.1195
10 10.1653 3.8987 41.4037 -0.5480 0.7223 -0.4219 0.9483 0.1453
10 12.2167 4.7626 41.8446 0.2210 0.9526 -0.2090 0.9106 0.1435
NPCjames.jpg
10 9.2438 2.3695 41.3423 -0.7699 -0.0326 -0.6373 0.9817 0.1442
10 10.1653 3.8987 41.4037 -0.5480 0.7223 -0.4219 0.9483 0.1453
10 10.7613 3.6666 40.1698 -0.5950 0.6003 -0.5344 0.9445 0.1195
NPCjames.jpg
10 11.5765 5.7316 43.9489 0.2541 0.9573 -0.1378 0.9149 0.1823
10 9.7201 4.2624 42.6697 -0.5425 0.7620 -0.3537 0.9485 0.1729
10 9.2002 4.4566 44.5405 -0.7129 0.6908 -0.1209 0.9439 0.2099
NPCjames.jpg
10 11.5765 5.7316 43.9489 0.2541 0.9573 -0.1378 0.9149 0.1823
10 11.1094 5.8834 45.1698 0.1633 0.9790 0.1219 0.9080 0.2097
10 12.3357 3.5526 45.7319 0.8060 0.3455 0.4806 0.8701 0.2085
NPCjames.jpg
10 11.5765 5.7316 43.9489 0.2541 0.9573 -0.1378 0.9149 0.1823
10 12.3357 3.5526 45.7319 0.8060 0.3455 0.4806 0.8701 0.2085
10 12.9571 4.0915 43.3325 0.7561 0.6407 0.1334 0.8866 0.1658
NPCjames.jpg
10 11.5765 5.7316 43.9489 0.2541 0.9573 -0.1378 0.9149 0.1823
10 12.0639 5.0352 42.7737 0.3261 0.8976 -0.2966 0.9101 0.1607
10 9.7201 4.2624 42.6697 -0.5425 0.7620 -0.3537 0.9485 0.1729
NPCjames.jpg
11 13.8214 -0.5966 36.6047 0.1599 -0.4227 0.8920 0.9597 0.2698
12 13.9964 -1.3672 35.7286 0.1869 -0.8066 0.5607 0.9470 0.2715
12 14.6253 -1.0725 35.3718 0.8118 -0.5246 0.2565 0.9483 0.2801
NPCjames.jpg
26 -12.4589 4.1925 45.8963 0.0706 0.7906 0.6083 0.9041 0.2426
26 -13.9384 2.6933 45.6608 -0.8231 0.4187 0.3837 0.8704 0.2249
25 -12.2399 3.4486 46.2734 -0.1733 0.9611 -0.2151 0.9032 0.2482
NPCjames.jpg
25 -13.6877 2.6471 46.4019 -0.8151 0.4873 -0.3134 0.8679 0.2372
26 -13.9384 2.6933 45.6608 -0.8231 0.4187 0.3837 0.8704 0.2249
26 -13.7752 1.2864 46.2362 -0.9213 -0.3830 0.0679 0.8370 0.2248
NPCjames.jpg
26 -12.7284 0.2498 45.5252 -0.3033 -0.7897 0.5333 0.8026 0.2100
26 -13.7752 1.2864 46.2362 -0.9213 -0.3830 0.0679 0.8370 0.2248
26 -13.8038 1.0059 45.5930 -0.3199 -0.2272 0.9198 0.8344 0.2147
NPCjames.jpg
26 -13.8038 1.0059 45.5930 -0.3199 -0.2272 0.9198 0.8344 0.2147
26 -12.8914 -0.2290 45.3538 0.0533 -0.6213 0.7818 0.8006 0.1995
26 -12.7284 0.2498 45.5252 -0.3033 -0.7897 0.5333 0.8026 0.2100
NPCjames.jpg
26 -9.7554 0.6769 44.1685 0.9686 -0.2486 0.0059 0.7315 0.1937
26 -9.6720 0.9385 44.8998 0.6476 -0.1604 -0.7449 0.7338 0.2080
26 -11.2130 0.0943 45.0255 0.2608 -0.9415 0.2133 0.7685 0.2035
NPCjames.jpg
26 -11.2130 0.0943 45.0255 0.2608 -0.9415 0.2133 0.7685 0.2035
26 -11.1180 -0.4429 44.6482 0.4316 -0.7325 0.5264 0.7658 0.1913
26 -9.7554 0.6769 44.1685 0.9686 -0.2486 0.0059 0.7315 0.1937
NPCjames.jpg
26 -12.8914 -0.2290 45.3538 0.0533 -0.6213 0.7818 0.8006 0.1995
26 -11.1180 -0.4429 44.6482 0.4316 -0.7325 0.5264 0.7658 0.1913
26 -11.2130 0.0943 45.0255 0.2608 -0.9415 0.2133 0.7685 0.2035
NPCjames.jpg
26 -11.2130 0.0943 45.0255 0.2608 -0.9415 0.2133 0.7685 0.2035
26 -12.7284 0.2498 45.5252 -0.3033 -0.7897 0.5333 0.8026 0.2100
26 -12.8914 -0.2290 45.3538 0.0533 -0.6213 0.7818 0.8006 0.1995
NPCjames.jpg
26 -9.6720 0.9385 44.8998 0.6476 -0.1604 -0.7449 0.9875 0.2219
26 -9.7554 0.6769 44.1685 0.9686 -0.2486 0.0059 0.9911 0.2060
26 -10.3773 1.8482 43.9597 0.8491 0.4994 -0.1722 0.9656 0.2058
NPCjames.jpg
26 -10.3697 2.0281 45.1406 0.5983 0.5928 -0.5391 0.9627 0.2287
26 -10.3773 1.8482 43.9597 0.8491 0.4994 -0.1722 0.9656 0.2058
26 -11.1963 3.3067 45.0991 0.6836 0.7299 -0.0016 0.9343 0.2307
NPCjames.jpg
26 -14.3345 2.2706 45.0670 -0.8496 0.3930 0.3518 0.8701 0.2085
26 -13.8038 1.0059 45.5930 -0.3199 -0.2272 0.9198 0.8344 0.2147
26 -13.7752 1.2864 46.2362 -0.9213 -0.3830 0.0679 0.8370 0.2248
NPCjames.jpg
26 -13.7752 1.2864 46.2362 -0.9213 -0.3830 0.0679 0.8370 0.2248
26 -13.9384 2.6933 45.6608 -0.8231 0.4187 0.3837 0.8704 0.2249
26 -14.3345 2.2706 45.0670 -0.8496 0.3930 0.3518 0.8701 0.2085
NPCjames.jpg
26 -10.3697 2.0281 45.1406 0.5983 0.5928 -0.5391 0.9627 0.2287
26 -11.1963 3.3067 45.0991 0.6836 0.7299 -0.0016 0.9343 0.2307
25 -10.9979 3.1167 45.7785 0.3830 0.8312 -0.4030 0.9274 0.2435
NPCjames.jpg
26 -11.1963 3.3067 45.0991 0.6836 0.7299 -0.0016 0.9343 0.2307
26 -10.3773 1.8482 43.9597 0.8491 0.4994 -0.1722 0.9656 0.2058
26 -11.1910 3.0807 43.8299 0.6796 0.6899 -0.2495 0.9439 0.2099
NPCjames.jpg
27 -14.4209 -2.7823 36.0223 0.9560 -0.1283 0.2638 0.7125 0.3928
27 -13.6156 -1.2730 35.3958 0.8833 0.3924 0.2565 0.7303 0.3935
26 -14.4633 -0.0421 35.7317 0.2181 0.7613 -0.6106 0.7248 0.3740
NPCjames.jpg
27 -14.5790 -3.2594 37.4274 0.5690 -0.0728 -0.8191 0.6961 0.3787
27 -14.4209 -2.7823 36.0223 0.9560 -0.1283 0.2638 0.7125 0.3928
26 -14.4633 -0.0421 35.7317 0.2181 0.7613 -0.6106 0.7248 0.3740
NPCjames.jpg
27 -14.5790 -3.2594 37.4274 0.5690 -0.0728 -0.8191 0.7811 0.0186
26 -13.0410 -2.6529 36.9070 0.6838 -0.3754 -0.6258 0.7806 0.0237
26 -13.7965 -3.5460 37.1782 0.0902 -0.8518 -0.5161 0.8030 0.0200
NPCjames.jpg
26 -13.7965 -3.5460 37.1782 0.0902 -0.8518 -0.5161 0.8030 0.0200
27 -15.2651 -3.7575 37.3742 -0.2343 0.2600 0.9368 0.8035 0.0133
27 -14.5790 -3.2594 37.4274 0.5690 -0.0728 -0.8191 0.7811 0.0186
NPCjames.jpg
27 -14.8160 -5.9864 33.7047 0.4535 -0.7312 0.5096 0.6917 0.4466
27 -14.5251 -5.0418 33.4111 0.9469 -0.2899 0.1388 0.7040 0.4430
27 -14.5399 -4.1610 35.1330 0.9719 -0.2287 0.0556 0.7016 0.4143
NPCjames.jpg
27 -14.5251 -5.0418 33.4111 0.9469 -0.2899 0.1388 0.7040 0.4430
27 -13.3884 -2.1324 32.6616 0.8556 0.5117 -0.0779 0.7476 0.4337
27 -13.6156 -1.2730 35.3958 0.8833 0.3924 0.2565 0.7303 0.3935
NPCjames.jpg
27 -13.6156 -1.2730 35.3958 0.8833 0.3924 0.2565 0.7303 0.3935
27 -14.5399 -4.1610 35.1330 0.9719 -0.2287 0.0556 0.7016 0.4143
27 -14.5251 -5.0418 33.4111 0.9469 -0.2899 0.1388 0.7040 0.4430
NPCjames.jpg
27 -14.4209 -2.7823 36.0223 0.9560 -0.1283 0.2638 0.7125 0.3928
27 -14.5399 -4.1610 35.1330 0.9719 -0.2287 0.0556 0.7016 0.4143
27 -13.6156 -1.2730 35.3958 0.8833 0.3924 0.2565 0.7303 0.3935
NPCjames.jpg
28 -14.7954 -5.1635 35.2945 0.9281 -0.0239 -0.3716 0.6860 0.4199
28 -15.1143 -5.3662 34.9182 0.1501 -0.4622 -0.8740 0.6891 0.4252
27 -15.0002 -5.3088 34.7013 0.4731 -0.8484 0.2374 0.6906 0.4292
NPCjames.jpg
27 -15.0002 -5.3088 34.7013 0.4731 -0.8484 0.2374 0.6906 0.4292
27 -14.5399 -4.1610 35.1330 0.9719 -0.2287 0.0556 0.7016 0.4143
28 -14.7954 -5.1635 35.2945 0.9281 -0.0239 -0.3716 0.6860 0.4199
NPCjames.jpg
27 -14.4209 -2.7823 36.0223 0.9560 -0.1283 0.2638 0.7125 0.3928
27 -14.5790 -3.2594 37.4274 0.5690 -0.0728 -0.8191 0.6961 0.3787
27 -14.5399 -4.1610 35.1330 0.9719 -0.2287 0.0556 0.7016 0.4143
NPCjames.jpg
28 -14.3550 -4.6798 36.6690 0.8387 -0.2609 0.4781 0.9429 0.2628
27 -14.5790 -3.2594 37.4274 0.5690 -0.0728 -0.8191 0.9621 0.2574
27 -15.2651 -3.7575 37.3742 -0.2343 0.2600 0.9368 0.9597 0.2698
NPCjames.jpg
27 -15.2651 -3.7575 37.3742 -0.2343 0.2600 0.9368 0.9597 0.2698
28 -15.2019 -4.6762 36.9185 -0.1616 -0.4417 0.8825 0.9470 0.2715
28 -14.3550 -4.6798 36.6690 0.8387 -0.2609 0.4781 0.9429 0.2628
NPCjames.jpg
27 -14.5399 -4.1610 35.1330 0.9719 -0.2287 0.0556 0.7016 0.4143
28 -14.3550 -4.6798 36.6690 0.8387 -0.2609 0.4781 0.6876 0.3996
28 -14.5251 -5.6338 36.1216 0.9004 -0.1575 0.4055 0.6802 0.4139
NPCjames.jpg
28 -14.5251 -5.6338 36.1216 0.9004 -0.1575 0.4055 0.6802 0.4139
28 -14.7954 -5.1635 35.2945 0.9281 -0.0239 -0.3716 0.6860 0.4199
27 -14.5399 -4.1610 35.1330 0.9719 -0.2287 0.0556 0.7016 0.4143
NPCjames.jpg
27 -14.5790 -3.2594 37.4274 0.5690 -0.0728 -0.8191 0.6961 0.3787
28 -14.3550 -4.6798 36.6690 0.8387 -0.2609 0.4781 0.6876 0.3996
27 -14.5399 -4.1610 35.1330 0.9719 -0.2287 0.0556 0.7016 0.4143
NPCjames.jpg
29 -14.0566 -6.8601 35.0992 0.9335 -0.0760 0.3504 0.9108 0.2765
28 -14.5251 -5.6338 36.1216 0.9004 -0.1575 0.4055 0.9303 0.2697
28 -15.0446 -5.9010 36.4601 -0.0009 -0.5172 0.8559 0.9328 0.2780
NPCjames.jpg
28 -15.0446 -5.9010 36.4601 -0.0009 -0.5172 0.8559 0.9328 0.2780
29 -14.3571 -7.0413 35.1990 0.1699 -0.6669 0.7255 0.9116 0.2809
29 -14.0566 -6.8601 35.0992 0.9335 -0.0760 0.3504 0.9108 0.2765
NPCjames.jpg
30 -14.1576 -7.1405 34.0950 0.7820 0.2644 -0.5644 0.6662 0.4431
30 -14.5141 -7.5516 33.7334 -0.2896 0.0101 -0.9571 0.6607 0.4534
29 -14.7014 -6.3380 34.2520 -0.0406 0.4898 -0.8709 0.6783 0.4407
NPCjames.jpg
30 -14.1576 -7.1405 34.0950 0.7820 0.2644 -0.5644 0.6662 0.4431
29 -14.3016 -6.4068 34.4670 0.7567 0.4831 -0.4404 0.6733 0.4344
29 -14.0566 -6.8601 35.0992 0.9335 -0.0760 0.3504 0.6647 0.4316
NPCjames.jpg
28 -15.2019 -4.6762 36.9185 -0.1616 -0.4417 0.8825 0.9470 0.2715
28 -14.5251 -5.6338 36.1216 0.9004 -0.1575 0.4055 0.9303 0.2697
28 -14.3550 -4.6798 36.6690 0.8387 -0.2609 0.4781 0.9429 0.2628
NPCjames.jpg
29 -14.0566 -6.8601 35.0992 0.9335 -0.0760 0.3504 0.6647 0.4316
29 -14.3016 -6.4068 34.4670 0.7567 0.4831 -0.4404 0.6733 0.4344
28 -14.7954 -5.1635 35.2945 0.9281 -0.0239 -0.3716 0.6860 0.4199
NPCjames.jpg
28 -14.7954 -5.1635 35.2945 0.9281 -0.0239 -0.3716 0.6860 0.4199
28 -14.5251 -5.6338 36.1216 0.9004 -0.1575 0.4055 0.6802 0.4139
29 -14.0566 -6.8601 35.0992 0.9335 -0.0760 0.3504 0.6647 0.4316
NPCjames.jpg
29 -14.3016 -6.4068 34.4670 0.7567 0.4831 -0.4404 0.6733 0.4344
29 -14.7014 -6.3380 34.2520 -0.0406 0.4898 -0.8709 0.6783 0.4407
28 -15.1143 -5.3662 34.9182 0.1501 -0.4622 -0.8740 0.6891 0.4252
NPCjames.jpg
28 -15.1143 -5.3662 34.9182 0.1501 -0.4622 -0.8740 0.6891 0.4252
28 -14.7954 -5.1635 35.2945 0.9281 -0.0239 -0.3716 0.6860 0.4199
29 -14.3016 -6.4068 34.4670 0.7567 0.4831 -0.4404 0.6733 0.4344
NPCjames.jpg
30 -14.0321 -7.8107 34.4366 0.7083 -0.5965 0.3774 0.8981 0.2836
29 -14.0566 -6.8601 35.0992 0.9335 -0.0760 0.3504 0.9108 0.2765
29 -14.3571 -7.0413 35.1990 0.1699 -0.6669 0.7255 0.9116 0.2809
NPCjames.jpg
30 -14.2418 -7.7591 33.9582 0.8284 0.2831 -0.4834 0.6568 0.4482
30 -14.5141 -7.5516 33.7334 -0.2896 0.0101 -0.9571 0.6607 0.4534
30 -14.1576 -7.1405 34.0950 0.7820 0.2644 -0.5644 0.6662 0.4431
NPCjames.jpg
30 -14.0219 -8.5328 33.5025 0.3206 -0.7580 -0.5680 0.6473 0.4559
30 -14.5141 -7.5516 33.7334 -0.2896 0.0101 -0.9571 0.6607 0.4534
30 -14.2418 -7.7591 33.9582 0.8284 0.2831 -0.4834 0.6568 0.4482
NPCjames.jpg
30 -14.0321 -7.8107 34.4366 0.7083 -0.5965 0.3774 0.6547 0.4445
30 -14.1576 -7.1405 34.0950 0.7820 0.2644 -0.5644 0.6662 0.4431
29 -14.0566 -6.8601 35.0992 0.9335 -0.0760 0.3504 0.6647 0.4316
NPCjames.jpg
30 -14.1576 -7.1405 34.0950 0.7820 0.2644 -0.5644 0.6662 0.4431
29 -14.7014 -6.3380 34.2520 -0.0406 0.4898 -0.8709 0.6783 0.4407
29 -14.3016 -6.4068 34.4670 0.7567 0.4831 -0.4404 0.6733 0.4344
NPCjames.jpg
30 -14.0219 -8.5328 33.5025 0.3206 -0.7580 -0.5680 0.6473 0.4559
30 -14.2418 -7.7591 33.9582 0.8284 0.2831 -0.4834 0.6568 0.4482
30 -14.0321 -7.8107 34.4366 0.7083 -0.5965 0.3774 0.6547 0.4445
NPCjames.jpg
30 -14.0321 -7.8107 34.4366 0.7083 -0.5965 0.3774 0.6547 0.4445
30 -14.2418 -7.7591 33.9582 0.8284 0.2831 -0.4834 0.6568 0.4482
30 -14.1576 -7.1405 34.0950 0.7820 0.2644 -0.5644 0.6662 0.4431
NPCjames.jpg
28 -15.2019 -4.6762 36.9185 -0.1616 -0.4417 0.8825 0.9470 0.2715
28 -15.0446 -5.9010 36.4601 -0.0009 -0.5172 0.8559 0.9328 0.2780
28 -14.5251 -5.6338 36.1216 0.9004 -0.1575 0.4055 0.9303 0.2697
NPCjames.jpg
26 -13.0410 -2.6529 36.9070 0.6838 -0.3754 -0.6258 0.7806 0.0237
26 -12.5529 -1.7612 39.0780 0.9392 -0.2719 -0.2098 0.7646 0.0752
26 -13.1999 -2.5802 39.3749 0.4492 -0.8747 0.1818 0.7852 0.0755
NPCjames.jpg
26 -13.1999 -2.5802 39.3749 0.4492 -0.8747 0.1818 0.7852 0.0755
26 -13.7965 -3.5460 37.1782 0.0902 -0.8518 -0.5161 0.8030 0.0200
26 -13.0410 -2.6529 36.9070 0.6838 -0.3754 -0.6258 0.7806 0.0237
NPCjames.jpg
26 -13.0410 -2.6529 36.9070 0.6838 -0.3754 -0.6258 0.9672 0.0314
27 -14.5790 -3.2594 37.4274 0.5690 -0.0728 -0.8191 0.9618 0.0215
26 -14.4633 -0.0421 35.7317 0.2181 0.7613 -0.6106 0.9305 0.0319
NPCjames.jpg
26 -13.0410 -2.6529 36.9070 0.6838 -0.3754 -0.6258 0.9672 0.0314
26 -14.4633 -0.0421 35.7317 0.2181 0.7613 -0.6106 0.9305 0.0319
26 -13.2822 0.2602 38.3783 0.6934 0.4904 -0.5279 0.9372 0.0850
NPCjames.jpg
26 -13.2822 0.2602 38.3783 0.6934 0.4904 -0.5279 0.9372 0.0850
26 -12.5529 -1.7612 39.0780 0.9392 -0.2719 -0.2098 0.9786 0.0759
26 -13.0410 -2.6529 36.9070 0.6838 -0.3754 -0.6258 0.9672 0.0314
NPCjames.jpg
26 -16.1053 -1.3303 36.0863 -0.8461 0.3829 -0.3709 0.8822 0.0157
26 -16.7726 -3.0881 36.4859 -0.8540 -0.4938 -0.1639 0.8486 0.0109
26 -15.8741 -1.7364 39.6881 -0.8529 -0.4703 0.2267 0.8428 0.0811
NPCjames.jpg
26 -15.8741 -1.7364 39.6881 -0.8529 -0.4703 0.2267 0.8428 0.0811
26 -15.9604 -0.2432 39.0173 -0.9518 0.2980 -0.0722 0.8757 0.0808
26 -16.1053 -1.3303 36.0863 -0.8461 0.3829 -0.3709 0.8822 0.0157
NPCjames.jpg
26 -15.9604 -0.2432 39.0173 -0.9518 0.2980 -0.0722 0.8757 0.0808
26 -14.9340 0.8965 38.1960 -0.3334 0.8628 -0.3801 0.9049 0.0790
26 -16.1053 -1.3303 36.0863 -0.8461 0.3829 -0.3709 0.8822 0.0157
NPCjames.jpg
26 -13.7965 -3.5460 37.1782 0.0902 -0.8518 -0.5161 0.8030 0.0200
26 -13.1999 -2.5802 39.3749 0.4492 -0.8747 0.1818 0.7852 0.0755
26 -14.6337 -2.4925 39.5874 -0.2514 -0.9070 0.3380 0.8131 0.0762
NPCjames.jpg
26 -14.6337 -2.4925 39.5874 -0.2514 -0.9070 0.3380 0.8131 0.0762
26 -15.2394 -3.5844 36.9289 -0.4840 0.1586 0.8606 0.8224 0.0154
26 -13.7965 -3.5460 37.1782 0.0902 -0.8518 -0.5161 0.8030 0.0200
NPCjames.jpg
26 -15.2394 -3.5844 36.9289 -0.4840 0.1586 0.8606 0.8224 0.0154
26 -14.6337 -2.4925 39.5874 -0.2514 -0.9070 0.3380 0.8131 0.0762
26 -15.8741 -1.7364 39.6881 -0.8529 -0.4703 0.2267 0.8428 0.0811
NPCjames.jpg
26 -15.8741 -1.7364 39.6881 -0.8529 -0.4703 0.2267 0.8428 0.0811
26 -16.7726 -3.0881 36.4859 -0.8540 -0.4938 -0.1639 0.8486 0.0109
26 -15.2394 -3.5844 36.9289 -0.4840 0.1586 0.8606 0.8224 0.0154
NPCjames.jpg
38 -12.4172 -6.4490 30.6192 0.3329 -0.3465 -0.8770 0.9386 0.3873
38 -12.9181 -7.1365 30.9259 -0.2302 -0.8425 -0.4871 0.9296 0.3795
37 -13.6962 -6.6539 31.0001 -0.5811 -0.6349 -0.5091 0.9341 0.3703
NPCjames.jpg
27 -14.8160 -5.9864 33.7047 0.4535 -0.7312 0.5096 0.9242 0.3191
27 -15.7310 -5.6433 33.6966 -0.8378 -0.4988 0.2222 0.9355 0.3202
32 -15.4383 -6.6555 32.2764 -0.8446 -0.5307 -0.0711 0.9252 0.3382
NPCjames.jpg
32 -15.4383 -6.6555 32.2764 -0.8446 -0.5307 -0.0711 0.9252 0.3382
32 -14.7248 -6.7826 32.7327 0.2216 -0.6611 0.7168 0.9162 0.3338
27 -14.8160 -5.9864 33.7047 0.4535 -0.7312 0.5096 0.9242 0.3191
NPCjames.jpg
27 -15.6990 -4.5719 32.9527 -0.9327 0.0948 -0.3479 0.9474 0.3269
32 -15.1374 -5.8612 31.6605 -0.2717 0.4369 -0.8575 0.9330 0.3443
32 -15.4383 -6.6555 32.2764 -0.8446 -0.5307 -0.0711 0.9252 0.3382
NPCjames.jpg
32 -15.4383 -6.6555 32.2764 -0.8446 -0.5307 -0.0711 0.9252 0.3382
27 -15.7310 -5.6433 33.6966 -0.8378 -0.4988 0.2222 0.9355 0.3202
27 -15.6990 -4.5719 32.9527 -0.9327 0.0948 -0.3479 0.9474 0.3269
NPCjames.jpg
32 -15.4383 -6.6555 32.2764 -0.8446 -0.5307 -0.0711 0.9252 0.3382
32 -15.1374 -5.8612 31.6605 -0.2717 0.4369 -0.8575 0.9330 0.3443
33 -14.1160 -7.1763 31.0716 0.0658 0.2492 -0.9662 0.9207 0.3604
NPCjames.jpg
33 -14.1160 -7.1763 31.0716 0.0658 0.2492 -0.9662 0.9207 0.3604
33 -14.4700 -7.7009 31.4035 -0.6826 -0.6336 -0.3641 0.9135 0.3561
32 -15.4383 -6.6555 32.2764 -0.8446 -0.5307 -0.0711 0.9252 0.3382
NPCjames.jpg
33 -14.1160 -7.1763 31.0716 0.0658 0.2492 -0.9662 0.9207 0.3604
34 -13.3299 -7.8973 31.2757 0.6246 -0.1031 -0.7741 0.9125 0.3713
34 -13.6605 -8.2995 31.4828 -0.1673 -0.9431 -0.2872 0.9080 0.3657
NPCjames.jpg
34 -13.6605 -8.2995 31.4828 -0.1673 -0.9431 -0.2872 0.9080 0.3657
33 -14.4700 -7.7009 31.4035 -0.6826 -0.6336 -0.3641 0.9135 0.3561
33 -14.1160 -7.1763 31.0716 0.0658 0.2492 -0.9662 0.9207 0.3604
NPCjames.jpg
32 -15.4383 -6.6555 32.2764 -0.8446 -0.5307 -0.0711 0.9252 0.3382
33 -14.4700 -7.7009 31.4035 -0.6826 -0.6336 -0.3641 0.9135 0.3561
33 -14.3151 -7.2962 32.1700 -0.0208 -0.5204 0.8537 0.9077 0.3473
NPCjames.jpg
33 -14.3151 -7.2962 32.1700 -0.0208 -0.5204 0.8537 0.9077 0.3473
32 -14.7248 -6.7826 32.7327 0.2216 -0.6611 0.7168 0.9162 0.3338
32 -15.4383 -6.6555 32.2764 -0.8446 -0.5307 -0.0711 0.9252 0.3382
NPCjames.jpg
36 -13.1460 -2.7134 31.5305 0.8641 0.4857 -0.1319 0.7490 0.4525
36 -13.8852 -2.7732 31.0501 -0.2697 0.5854 -0.7646 0.7635 0.4517
27 -14.4742 -2.0445 32.1480 -0.4145 0.7471 -0.5196 0.7642 0.4321
NPCjames.jpg
27 -14.4742 -2.0445 32.1480 -0.4145 0.7471 -0.5196 0.7642 0.4321
27 -13.3884 -2.1324 32.6616 0.8556 0.5117 -0.0779 0.7476 0.4337
36 -13.1460 -2.7134 31.5305 0.8641 0.4857 -0.1319 0.7490 0.4525
NPCjames.jpg
37 -12.8534 -3.3699 31.0290 0.8349 0.5359 0.1259 0.7513 0.4658
37 -13.0830 -3.6859 30.4175 -0.0172 0.3884 -0.9213 0.7632 0.4702
36 -13.8852 -2.7732 31.0501 -0.2697 0.5854 -0.7646 0.7635 0.4517
NPCjames.jpg
36 -13.8852 -2.7732 31.0501 -0.2697 0.5854 -0.7646 0.7635 0.4517
36 -13.1460 -2.7134 31.5305 0.8641 0.4857 -0.1319 0.7490 0.4525
37 -12.8534 -3.3699 31.0290 0.8349 0.5359 0.1259 0.7513 0.4658
NPCjames.jpg
38 -12.3066 -3.9256 30.7726 0.7740 0.6047 0.1879 0.7535 0.4787
38 -12.3649 -4.3321 30.3681 0.2943 0.2358 -0.9262 0.7621 0.4825
37 -13.0830 -3.6859 30.4175 -0.0172 0.3884 -0.9213 0.7632 0.4702
NPCjames.jpg
37 -13.0830 -3.6859 30.4175 -0.0172 0.3884 -0.9213 0.7632 0.4702
37 -12.8534 -3.3699 31.0290 0.8349 0.5359 0.1259 0.7513 0.4658
38 -12.3066 -3.9256 30.7726 0.7740 0.6047 0.1879 0.7535 0.4787
NPCjames.jpg
27 -14.4742 -2.0445 32.1480 -0.4145 0.7471 -0.5196 0.7642 0.4321
27 -15.0912 -0.8466 35.1090 -0.4160 0.7209 -0.5543 0.7587 0.3857
27 -13.6156 -1.2730 35.3958 0.8833 0.3924 0.2565 0.7303 0.3935
NPCjames.jpg
27 -13.6156 -1.2730 35.3958 0.8833 0.3924 0.2565 0.7303 0.3935
27 -13.3884 -2.1324 32.6616 0.8556 0.5117 -0.0779 0.7476 0.4337
27 -14.4742 -2.0445 32.1480 -0.4145 0.7471 -0.5196 0.7642 0.4321
NPCjames.jpg
27 -16.0550 -2.5081 35.4106 -0.9150 0.2316 -0.3303 0.9724 0.2945
27 -15.6990 -4.5719 32.9527 -0.9327 0.0948 -0.3479 0.9474 0.3269
27 -16.1095 -3.9462 34.9515 -0.9939 -0.0684 -0.0868 0.9539 0.3002
NPCjames.jpg
27 -16.0550 -2.5081 35.4106 -0.9150 0.2316 -0.3303 0.9724 0.2945
27 -16.1095 -3.9462 34.9515 -0.9939 -0.0684 -0.0868 0.9539 0.3002
27 -16.0751 -3.5268 36.5064 -0.8226 0.2632 0.5040 0.9609 0.2810
NPCjames.jpg
28 -15.8187 -5.2956 35.2628 -0.9271 -0.3293 -0.1790 0.9360 0.2946
28 -15.6854 -5.8839 35.8859 -0.8334 -0.4561 0.3121 0.9309 0.2841
28 -15.8338 -4.5498 36.4776 -0.8420 -0.2838 0.4588 0.9483 0.2801
NPCjames.jpg
27 -15.0912 -0.8466 35.1090 -0.4160 0.7209 -0.5543 0.7587 0.3857
26 -14.4633 -0.0421 35.7317 0.2181 0.7613 -0.6106 0.7248 0.3740
27 -13.6156 -1.2730 35.3958 0.8833 0.3924 0.2565 0.7303 0.3935
NPCjames.jpg
28 -15.8338 -4.5498 36.4776 -0.8420 -0.2838 0.4588 0.9483 0.2801
27 -15.2651 -3.7575 37.3742 -0.2343 0.2600 0.9368 0.9597 0.2698
27 -16.0751 -3.5268 36.5064 -0.8226 0.2632 0.5040 0.9609 0.2810
NPCjames.jpg
27 -15.7220 -5.2256 34.5271 -0.7639 -0.6439 0.0437 0.9388 0.3075
28 -15.8187 -5.2956 35.2628 -0.9271 -0.3293 -0.1790 0.9360 0.2946
27 -16.1095 -3.9462 34.9515 -0.9939 -0.0684 -0.0868 0.9539 0.3002
NPCjames.jpg
27 -15.7220 -5.2256 34.5271 -0.7639 -0.6439 0.0437 0.9388 0.3075
27 -15.0002 -5.3088 34.7013 0.4731 -0.8484 0.2374 0.9295 0.3058
28 -15.1143 -5.3662 34.9182 0.1501 -0.4622 -0.8740 0.9294 0.3022
NPCjames.jpg
28 -15.1143 -5.3662 34.9182 0.1501 -0.4622 -0.8740 0.9294 0.3022
28 -15.8187 -5.2956 35.2628 -0.9271 -0.3293 -0.1790 0.9360 0.2946
27 -15.7220 -5.2256 34.5271 -0.7639 -0.6439 0.0437 0.9388 0.3075
NPCjames.jpg
29 -14.3571 -7.0413 35.1990 0.1699 -0.6669 0.7255 0.9116 0.2809
29 -15.1896 -6.8242 35.1535 -0.7231 -0.6631 0.1934 0.9160 0.2850
30 -14.6275 -7.7587 34.2682 -0.7275 -0.6593 0.1898 0.9011 0.2880
NPCjames.jpg
30 -14.6275 -7.7587 34.2682 -0.7275 -0.6593 0.1898 0.9011 0.2880
30 -14.0321 -7.8107 34.4366 0.7083 -0.5965 0.3774 0.8981 0.2836
29 -14.3571 -7.0413 35.1990 0.1699 -0.6669 0.7255 0.9116 0.2809
NPCjames.jpg
30 -14.6275 -7.7587 34.2682 -0.7275 -0.6593 0.1898 0.9011 0.2880
29 -15.1896 -6.8242 35.1535 -0.7231 -0.6631 0.1934 0.9160 0.2850
29 -15.0075 -6.5622 34.4028 -0.7925 -0.0047 -0.6098 0.9142 0.2934
NPCjames.jpg
29 -15.0075 -6.5622 34.4028 -0.7925 -0.0047 -0.6098 0.9142 0.2934
30 -14.5141 -7.5516 33.7334 -0.2896 0.0101 -0.9571 0.8999 0.2939
30 -14.6275 -7.7587 34.2682 -0.7275 -0.6593 0.1898 0.9011 0.2880
NPCjames.jpg
28 -15.8338 -4.5498 36.4776 -0.8420 -0.2838 0.4588 0.9483 0.2801
28 -15.6854 -5.8839 35.8859 -0.8334 -0.4561 0.3121 0.9309 0.2841
28 -15.0446 -5.9010 36.4601 -0.0009 -0.5172 0.8559 0.9328 0.2780
NPCjames.jpg
28 -15.0446 -5.9010 36.4601 -0.0009 -0.5172 0.8559 0.9328 0.2780
28 -15.2019 -4.6762 36.9185 -0.1616 -0.4417 0.8825 0.9470 0.2715
28 -15.8338 -4.5498 36.4776 -0.8420 -0.2838 0.4588 0.9483 0.2801
NPCjames.jpg
28 -15.1143 -5.3662 34.9182 0.1501 -0.4622 -0.8740 0.9294 0.3022
29 -14.7014 -6.3380 34.2520 -0.0406 0.4898 -0.8709 0.9145 0.2982
29 -15.0075 -6.5622 34.4028 -0.7925 -0.0047 -0.6098 0.9142 0.2934
NPCjames.jpg
29 -15.0075 -6.5622 34.4028 -0.7925 -0.0047 -0.6098 0.9142 0.2934
28 -15.8187 -5.2956 35.2628 -0.9271 -0.3293 -0.1790 0.9360 0.2946
28 -15.1143 -5.3662 34.9182 0.1501 -0.4622 -0.8740 0.9294 0.3022
NPCjames.jpg
28 -15.8338 -4.5498 36.4776 -0.8420 -0.2838 0.4588 0.9483 0.2801
27 -16.0751 -3.5268 36.5064 -0.8226 0.2632 0.5040 0.9609 0.2810
27 -16.1095 -3.9462 34.9515 -0.9939 -0.0684 -0.0868 0.9539 0.3002
NPCjames.jpg
28 -15.8187 -5.2956 35.2628 -0.9271 -0.3293 -0.1790 0.9360 0.2946
28 -15.8338 -4.5498 36.4776 -0.8420 -0.2838 0.4588 0.9483 0.2801
27 -16.1095 -3.9462 34.9515 -0.9939 -0.0684 -0.0868 0.9539 0.3002
NPCjames.jpg
27 -14.8160 -5.9864 33.7047 0.4535 -0.7312 0.5096 0.9242 0.3191
27 -15.0002 -5.3088 34.7013 0.4731 -0.8484 0.2374 0.9295 0.3058
27 -15.7220 -5.2256 34.5271 -0.7639 -0.6439 0.0437 0.9388 0.3075
NPCjames.jpg
28 -15.0446 -5.9010 36.4601 -0.0009 -0.5172 0.8559 0.9328 0.2780
28 -15.6854 -5.8839 35.8859 -0.8334 -0.4561 0.3121 0.9309 0.2841
29 -15.1896 -6.8242 35.1535 -0.7231 -0.6631 0.1934 0.9160 0.2850
NPCjames.jpg
29 -15.1896 -6.8242 35.1535 -0.7231 -0.6631 0.1934 0.9160 0.2850
29 -14.3571 -7.0413 35.1990 0.1699 -0.6669 0.7255 0.9116 0.2809
28 -15.0446 -5.9010 36.4601 -0.0009 -0.5172 0.8559 0.9328 0.2780
NPCjames.jpg
29 -15.1896 -6.8242 35.1535 -0.7231 -0.6631 0.1934 0.9160 0.2850
28 -15.6854 -5.8839 35.8859 -0.8334 -0.4561 0.3121 0.9309 0.2841
28 -15.8187 -5.2956 35.2628 -0.9271 -0.3293 -0.1790 0.9360 0.2946
NPCjames.jpg
28 -15.8187 -5.2956 35.2628 -0.9271 -0.3293 -0.1790 0.9360 0.2946
29 -15.0075 -6.5622 34.4028 -0.7925 -0.0047 -0.6098 0.9142 0.2934
29 -15.1896 -6.8242 35.1535 -0.7231 -0.6631 0.1934 0.9160 0.2850
NPCjames.jpg
30 -14.0219 -8.5328 33.5025 0.3206 -0.7580 -0.5680 0.8880 0.2907
30 -14.0321 -7.8107 34.4366 0.7083 -0.5965 0.3774 0.8981 0.2836
30 -14.6275 -7.7587 34.2682 -0.7275 -0.6593 0.1898 0.9011 0.2880
NPCjames.jpg
30 -14.5141 -7.5516 33.7334 -0.2896 0.0101 -0.9571 0.8999 0.2939
29 -15.0075 -6.5622 34.4028 -0.7925 -0.0047 -0.6098 0.9142 0.2934
29 -14.7014 -6.3380 34.2520 -0.0406 0.4898 -0.8709 0.9145 0.2982
NPCjames.jpg
30 -14.0219 -8.5328 33.5025 0.3206 -0.7580 -0.5680 0.8880 0.2907
30 -14.6275 -7.7587 34.2682 -0.7275 -0.6593 0.1898 0.9011 0.2880
30 -14.5141 -7.5516 33.7334 -0.2896 0.0101 -0.9571 0.8999 0.2939
NPCjames.jpg
27 -15.2651 -3.7575 37.3742 -0.2343 0.2600 0.9368 0.8035 0.0133
26 -13.7965 -3.5460 37.1782 0.0902 -0.8518 -0.5161 0.8030 0.0200
26 -15.2394 -3.5844 36.9289 -0.4840 0.1586 0.8606 0.8224 0.0154
NPCjames.jpg
26 -15.2394 -3.5844 36.9289 -0.4840 0.1586 0.8606 0.8224 0.0154
27 -16.0751 -3.5268 36.5064 -0.8226 0.2632 0.5040 0.8173 0.0076
27 -15.2651 -3.7575 37.3742 -0.2343 0.2600 0.9368 0.8035 0.0133
NPCjames.jpg
27 -16.0550 -2.5081 35.4106 -0.9150 0.2316 -0.3303 0.8481 0.0006
27 -16.0751 -3.5268 36.5064 -0.8226 0.2632 0.5040 0.8173 0.0076
26 -15.2394 -3.5844 36.9289 -0.4840 0.1586 0.8606 0.8224 0.0154
NPCjames.jpg
26 -15.2394 -3.5844 36.9289 -0.4840 0.1586 0.8606 0.8224 0.0154
26 -16.7726 -3.0881 36.4859 -0.8540 -0.4938 -0.1639 0.8486 0.0109
27 -16.0550 -2.5081 35.4106 -0.9150 0.2316 -0.3303 0.8481 0.0006
NPCjames.jpg
27 -15.0912 -0.8466 35.1090 -0.4160 0.7209 -0.5543 0.8815 0.0082
27 -16.0550 -2.5081 35.4106 -0.9150 0.2316 -0.3303 0.8481 0.0006
26 -16.7726 -3.0881 36.4859 -0.8540 -0.4938 -0.1639 0.8486 0.0109
NPCjames.jpg
26 -16.7726 -3.0881 36.4859 -0.8540 -0.4938 -0.1639 0.8486 0.0109
26 -16.1053 -1.3303 36.0863 -0.8461 0.3829 -0.3709 0.8822 0.0157
27 -15.0912 -0.8466 35.1090 -0.4160 0.7209 -0.5543 0.8815 0.0082
NPCjames.jpg
26 -13.2822 0.2602 38.3783 0.6934 0.4904 -0.5279 0.9372 0.0850
26 -14.4633 -0.0421 35.7317 0.2181 0.7613 -0.6106 0.9305 0.0319
26 -14.9340 0.8965 38.1960 -0.3334 0.8628 -0.3801 0.9049 0.0790
NPCjames.jpg
26 -14.8480 2.1963 42.5841 -0.7965 0.6023 -0.0527 0.8866 0.1658
26 -13.9777 3.0421 41.8575 -0.3576 0.7807 -0.5125 0.9101 0.1607
26 -14.0626 2.5521 41.0128 -0.2588 0.8602 -0.4394 0.9106 0.1435
NPCjames.jpg
26 -11.1910 3.0807 43.8299 0.6796 0.6899 -0.2495 0.9439 0.2099
26 -13.5965 4.0228 42.8559 -0.2981 0.8802 -0.3692 0.9149 0.1823
26 -13.2082 4.4841 44.0256 -0.2235 0.9675 -0.1184 0.9080 0.2097
NPCjames.jpg
26 -10.5803 1.4542 42.3475 0.7897 0.4531 -0.4136 0.9682 0.1725
26 -11.5929 2.4241 42.0367 0.5189 0.6937 -0.4995 0.9485 0.1729
26 -11.1910 3.0807 43.8299 0.6796 0.6899 -0.2495 0.9439 0.2099
NPCjames.jpg
26 -10.3773 1.8482 43.9597 0.8491 0.4994 -0.1722 0.9656 0.2058
26 -9.7554 0.6769 44.1685 0.9686 -0.2486 0.0059 0.9911 0.2060
26 -9.9586 0.3099 42.6242 0.9251 -0.2422 -0.2925 0.9921 0.1715
NPCjames.jpg
26 -9.9586 0.3099 42.6242 0.9251 -0.2422 -0.2925 0.9921 0.1715
26 -10.5803 1.4542 42.3475 0.7897 0.4531 -0.4136 0.9682 0.1725
26 -10.3773 1.8482 43.9597 0.8491 0.4994 -0.1722 0.9656 0.2058
NPCjames.jpg
26 -9.9586 0.3099 42.6242 0.9251 -0.2422 -0.2925 0.7243 0.1603
26 -9.7554 0.6769 44.1685 0.9686 -0.2486 0.0059 0.7315 0.1937
26 -11.1180 -0.4429 44.6482 0.4316 -0.7325 0.5264 0.7658 0.1913
NPCjames.jpg
26 -11.1180 -0.4429 44.6482 0.4316 -0.7325 0.5264 0.7658 0.1913
26 -11.3020 -1.0662 43.2478 0.5249 -0.8409 0.1319 0.7625 0.1614
26 -9.9586 0.3099 42.6242 0.9251 -0.2422 -0.2925 0.7243 0.1603
NPCjames.jpg
26 -11.7568 -1.3506 42.4685 0.5664 -0.8240 0.0153 0.7652 0.1434
26 -11.3020 -1.0662 43.2478 0.5249 -0.8409 0.1319 0.7625 0.1614
26 -13.9568 -1.6973 43.3392 -0.0793 -0.9117 0.4031 0.8044 0.1490
NPCjames.jpg
26 -14.6487 0.6024 45.9400 -0.4190 -0.1304 0.8986 0.8354 0.2063
26 -15.1228 0.2491 45.0155 -0.7254 -0.2459 0.6429 0.8383 0.1858
26 -12.8914 -0.2290 45.3538 0.0533 -0.6213 0.7818 0.8006 0.1995
NPCjames.jpg
26 -15.9226 -1.2671 41.2754 -0.8586 -0.5051 0.0881 0.8412 0.1108
26 -13.9568 -1.6973 43.3392 -0.0793 -0.9117 0.4031 0.8044 0.1490
26 -16.2909 -0.7108 43.6023 -0.8558 -0.3718 0.3596 0.8388 0.1527
NPCjames.jpg
26 -15.9164 0.9392 42.7891 -0.8953 0.4418 0.0567 0.8655 0.1527
26 -15.9604 -0.2432 39.0173 -0.9518 0.2980 -0.0722 0.8757 0.0808
26 -15.8741 -1.7364 39.6881 -0.8529 -0.4703 0.2267 0.8428 0.0811
NPCjames.jpg
26 -15.8741 -1.7364 39.6881 -0.8529 -0.4703 0.2267 0.8428 0.0811
26 -15.9226 -1.2671 41.2754 -0.8586 -0.5051 0.0881 0.8412 0.1108
26 -15.9164 0.9392 42.7891 -0.8953 0.4418 0.0567 0.8655 0.1527
NPCjames.jpg
26 -14.9340 0.8965 38.1960 -0.3334 0.8628 -0.3801 0.9049 0.0790
26 -15.9604 -0.2432 39.0173 -0.9518 0.2980 -0.0722 0.8757 0.0808
26 -15.9164 0.9392 42.7891 -0.8953 0.4418 0.0567 0.8655 0.1527
NPCjames.jpg
26 -15.9164 0.9392 42.7891 -0.8953 0.4418 0.0567 0.8655 0.1527
26 -14.0626 2.5521 41.0128 -0.2588 0.8602 -0.4394 0.9106 0.1435
26 -14.9340 0.8965 38.1960 -0.3334 0.8628 -0.3801 0.9049 0.0790
NPCjames.jpg
26 -14.9340 0.8965 38.1960 -0.3334 0.8628 -0.3801 0.9049 0.0790
26 -14.0626 2.5521 41.0128 -0.2588 0.8602 -0.4394 0.9106 0.1435
26 -12.4648 1.1476 39.6970 0.5946 0.4892 -0.6381 0.9445 0.1195
NPCjames.jpg
26 -13.2822 0.2602 38.3783 0.6934 0.4904 -0.5279 0.9372 0.0850
26 -12.4648 1.1476 39.6970 0.5946 0.4892 -0.6381 0.9445 0.1195
26 -11.5314 -0.5374 40.9802 0.8441 -0.3746 -0.3836 0.9862 0.1254
NPCjames.jpg
26 -11.5314 -0.5374 40.9802 0.8441 -0.3746 -0.3836 0.9862 0.1254
26 -12.5529 -1.7612 39.0780 0.9392 -0.2719 -0.2098 0.9786 0.0759
26 -13.2822 0.2602 38.3783 0.6934 0.4904 -0.5279 0.9372 0.0850
NPCjames.jpg
26 -13.1999 -2.5802 39.3749 0.4492 -0.8747 0.1818 0.7852 0.0755
26 -12.5529 -1.7612 39.0780 0.9392 -0.2719 -0.2098 0.7646 0.0752
26 -11.5314 -0.5374 40.9802 0.8441 -0.3746 -0.3836 0.7430 0.1201
NPCjames.jpg
26 -11.5314 -0.5374 40.9802 0.8441 -0.3746 -0.3836 0.7430 0.1201
26 -11.7568 -1.3506 42.4685 0.5664 -0.8240 0.0153 0.7652 0.1434
26 -13.1999 -2.5802 39.3749 0.4492 -0.8747 0.1818 0.7852 0.0755
NPCjames.jpg
26 -13.1999 -2.5802 39.3749 0.4492 -0.8747 0.1818 0.7852 0.0755
26 -11.7568 -1.3506 42.4685 0.5664 -0.8240 0.0153 0.7652 0.1434
26 -13.9568 -1.6973 43.3392 -0.0793 -0.9117 0.4031 0.8044 0.1490
NPCjames.jpg
26 -13.9568 -1.6973 43.3392 -0.0793 -0.9117 0.4031 0.8044 0.1490
26 -14.6337 -2.4925 39.5874 -0.2514 -0.9070 0.3380 0.8131 0.0762
26 -13.1999 -2.5802 39.3749 0.4492 -0.8747 0.1818 0.7852 0.0755
NPCjames.jpg
26 -10.9391 0.3112 41.2121 0.8057 -0.1273 -0.5784 0.7250 0.1320
26 -11.7568 -1.3506 42.4685 0.5664 -0.8240 0.0153 0.7652 0.1434
26 -11.5314 -0.5374 40.9802 0.8441 -0.3746 -0.3836 0.7430 0.1201
NPCjames.jpg
26 -12.8414 4.4680 45.0672 -0.1205 0.9742 0.1910 0.9070 0.2266
26 -11.1963 3.3067 45.0991 0.6836 0.7299 -0.0016 0.9343 0.2307
26 -11.1910 3.0807 43.8299 0.6796 0.6899 -0.2495 0.9439 0.2099
NPCjames.jpg
26 -11.1910 3.0807 43.8299 0.6796 0.6899 -0.2495 0.9439 0.2099
26 -13.2082 4.4841 44.0256 -0.2235 0.9675 -0.1184 0.9080 0.2097
26 -12.8414 4.4680 45.0672 -0.1205 0.9742 0.1910 0.9070 0.2266
NPCjames.jpg
26 -13.9384 2.6933 45.6608 -0.8231 0.4187 0.3837 0.8704 0.2249
26 -12.8414 4.4680 45.0672 -0.1205 0.9742 0.1910 0.9070 0.2266
26 -13.2082 4.4841 44.0256 -0.2235 0.9675 -0.1184 0.9080 0.2097
NPCjames.jpg
26 -13.2082 4.4841 44.0256 -0.2235 0.9675 -0.1184 0.9080 0.2097
26 -14.3345 2.2706 45.0670 -0.8496 0.3930 0.3518 0.8701 0.2085
26 -13.9384 2.6933 45.6608 -0.8231 0.4187 0.3837 0.8704 0.2249
NPCjames.jpg
26 -9.6720 0.9385 44.8998 0.6476 -0.1604 -0.7449 0.9875 0.2219
26 -10.3773 1.8482 43.9597 0.8491 0.4994 -0.1722 0.9656 0.2058
26 -10.3697 2.0281 45.1406 0.5983 0.5928 -0.5391 0.9627 0.2287
NPCjames.jpg
26 -11.1963 3.3067 45.0991 0.6836 0.7299 -0.0016 0.9343 0.2307
26 -12.4589 4.1925 45.8963 0.0706 0.7906 0.6083 0.9041 0.2426
25 -12.2399 3.4486 46.2734 -0.1733 0.9611 -0.2151 0.9032 0.2482
NPCjames.jpg
26 -12.8914 -0.2290 45.3538 0.0533 -0.6213 0.7818 0.8006 0.1995
26 -14.2018 -0.4681 44.7124 -0.2328 -0.6963 0.6790 0.8197 0.1795
26 -13.9568 -1.6973 43.3392 -0.0793 -0.9117 0.4031 0.8044 0.1490
NPCjames.jpg
32 -14.7248 -6.7826 32.7327 0.2216 -0.6611 0.7168 0.6885 0.4630
33 -14.3151 -7.2962 32.1700 -0.0208 -0.5204 0.8537 0.6843 0.4764
33 -14.0840 -6.5477 32.0115 0.8553 0.4945 0.1549 0.6957 0.4744
NPCjames.jpg
33 -14.0840 -6.5477 32.0115 0.8553 0.4945 0.1549 0.6957 0.4744
32 -14.4741 -5.8702 32.3962 0.9089 0.3946 -0.1347 0.7003 0.4623
32 -14.7248 -6.7826 32.7327 0.2216 -0.6611 0.7168 0.6885 0.4630
NPCjames.jpg
34 -13.4028 -7.3543 31.8940 0.7358 0.5979 0.3179 0.6904 0.4889
33 -14.0840 -6.5477 32.0115 0.8553 0.4945 0.1549 0.6957 0.4744
33 -14.3151 -7.2962 32.1700 -0.0208 -0.5204 0.8537 0.6843 0.4764
NPCjames.jpg
33 -14.3151 -7.2962 32.1700 -0.0208 -0.5204 0.8537 0.6843 0.4764
34 -13.7772 -7.7664 32.0705 -0.2720 -0.3275 0.9049 0.6822 0.4867
34 -13.4028 -7.3543 31.8940 0.7358 0.5979 0.3179 0.6904 0.4889
NPCjames.jpg
27 -14.8160 -5.9864 33.7047 0.4535 -0.7312 0.5096 0.6917 0.4466
32 -14.7248 -6.7826 32.7327 0.2216 -0.6611 0.7168 0.6885 0.4630
32 -14.4741 -5.8702 32.3962 0.9089 0.3946 -0.1347 0.7003 0.4623
NPCjames.jpg
32 -14.4741 -5.8702 32.3962 0.9089 0.3946 -0.1347 0.7003 0.4623
27 -14.5251 -5.0418 33.4111 0.9469 -0.2899 0.1388 0.7040 0.4430
27 -14.8160 -5.9864 33.7047 0.4535 -0.7312 0.5096 0.6917 0.4466
NPCjames.jpg
27 -14.8160 -5.9864 33.7047 0.4535 -0.7312 0.5096 0.6917 0.4466
27 -14.5399 -4.1610 35.1330 0.9719 -0.2287 0.0556 0.7016 0.4143
27 -15.0002 -5.3088 34.7013 0.4731 -0.8484 0.2374 0.6906 0.4292
NPCjames.jpg
38 -12.3066 -3.9256 30.7726 0.7740 0.6047 0.1879 0.7535 0.4787
38 -12.5953 -6.2196 31.2567 0.3291 0.0772 0.9411 0.7210 0.4944
38 -12.3230 -5.2776 31.0480 0.4101 0.1754 0.8950 0.7349 0.4898
NPCjames.jpg
27 -15.6990 -4.5719 32.9527 -0.9327 0.0948 -0.3479 0.9474 0.3269
27 -15.7310 -5.6433 33.6966 -0.8378 -0.4988 0.2222 0.9355 0.3202
27 -15.7220 -5.2256 34.5271 -0.7639 -0.6439 0.0437 0.9388 0.3075
NPCjames.jpg
27 -15.7220 -5.2256 34.5271 -0.7639 -0.6439 0.0437 0.9388 0.3075
27 -16.1095 -3.9462 34.9515 -0.9939 -0.0684 -0.0868 0.9539 0.3002
27 -15.6990 -4.5719 32.9527 -0.9327 0.0948 -0.3479 0.9474 0.3269
NPCjames.jpg
27 -15.7310 -5.6433 33.6966 -0.8378 -0.4988 0.2222 0.9355 0.3202
27 -14.8160 -5.9864 33.7047 0.4535 -0.7312 0.5096 0.9242 0.3191
27 -15.7220 -5.2256 34.5271 -0.7639 -0.6439 0.0437 0.9388 0.3075
NPCjames.jpg
33 -14.4700 -7.7009 31.4035 -0.6826 -0.6336 -0.3641 0.9135 0.3561
34 -13.6605 -8.2995 31.4828 -0.1673 -0.9431 -0.2872 0.9080 0.3657
34 -13.7772 -7.7664 32.0705 -0.2720 -0.3275 0.9049 0.9022 0.3579
NPCjames.jpg
34 -13.7772 -7.7664 32.0705 -0.2720 -0.3275 0.9049 0.9022 0.3579
33 -14.3151 -7.2962 32.1700 -0.0208 -0.5204 0.8537 0.9077 0.3473
33 -14.4700 -7.7009 31.4035 -0.6826 -0.6336 -0.3641 0.9135 0.3561
NPCjames.jpg
34 -13.6605 -8.2995 31.4828 -0.1673 -0.9431 -0.2872 0.9080 0.3657
34 -12.9585 -8.1880 32.2692 0.6614 -0.4136 0.6257 0.8967 0.3705
34 -13.7772 -7.7664 32.0705 -0.2720 -0.3275 0.9049 0.9022 0.3579
NPCjames.jpg
34 -13.7772 -7.7664 32.0705 -0.2720 -0.3275 0.9049 0.6822 0.4867
34 -12.9585 -8.1880 32.2692 0.6614 -0.4136 0.6257 0.6810 0.5004
34 -13.4028 -7.3543 31.8940 0.7358 0.5979 0.3179 0.6904 0.4889
NPCjames.jpg
34 -13.4028 -7.3543 31.8940 0.7358 0.5979 0.3179 0.6904 0.4889
34 -12.9585 -8.1880 32.2692 0.6614 -0.4136 0.6257 0.6810 0.5004
34 -13.3299 -7.8973 31.2757 0.6246 -0.1031 -0.7741 0.6968 0.4989
NPCjames.jpg
34 -13.3299 -7.8973 31.2757 0.6246 -0.1031 -0.7741 0.9125 0.3713
34 -12.9585 -8.1880 32.2692 0.6614 -0.4136 0.6257 0.8967 0.3705
34 -13.6605 -8.2995 31.4828 -0.1673 -0.9431 -0.2872 0.9080 0.3657
NPCjames.jpg
38 -12.3230 -5.2776 31.0480 0.4101 0.1754 0.8950 0.7349 0.4898
38 -11.6264 -4.8430 30.7143 0.9986 -0.0017 0.0529 0.7468 0.4948
38 -12.3066 -3.9256 30.7726 0.7740 0.6047 0.1879 0.7535 0.4787
NPCjames.jpg
38 -12.3066 -3.9256 30.7726 0.7740 0.6047 0.1879 0.7535 0.4787
38 -11.6264 -4.8430 30.7143 0.9986 -0.0017 0.0529 0.7613 0.4955
38 -12.3649 -4.3321 30.3681 0.2943 0.2358 -0.9262 0.7621 0.4825
NPCjames.jpg
38 -12.3649 -4.3321 30.3681 0.2943 0.2358 -0.9262 0.9696 0.3787
38 -11.6264 -4.8430 30.7143 0.9986 -0.0017 0.0529 0.9671 0.3897
38 -12.2092 -5.4483 30.4481 0.4422 -0.1499 -0.8843 0.9550 0.3867
NPCjames.jpg
38 -12.2092 -5.4483 30.4481 0.4422 -0.1499 -0.8843 0.9550 0.3867
38 -11.6264 -4.8430 30.7143 0.9986 -0.0017 0.0529 0.9671 0.3897
38 -12.3230 -5.2776 31.0480 0.4101 0.1754 0.8950 0.9583 0.3946
NPCjames.jpg
38 -12.2092 -5.4483 30.4481 0.4422 -0.1499 -0.8843 0.9550 0.3867
38 -11.5714 -6.1166 31.1778 0.9028 -0.2496 0.3502 0.9461 0.3988
38 -12.4172 -6.4490 30.6192 0.3329 -0.3465 -0.8770 0.9386 0.3873
NPCjames.jpg
38 -12.4172 -6.4490 30.6192 0.3329 -0.3465 -0.8770 0.9386 0.3873
38 -11.5714 -6.1166 31.1778 0.9028 -0.2496 0.3502 0.9461 0.3988
38 -12.5953 -6.2196 31.2567 0.3291 0.0772 0.9411 0.9349 0.3962
NPCjames.jpg
38 -12.5953 -6.2196 31.2567 0.3291 0.0772 0.9411 0.7210 0.4944
38 -11.5714 -6.1166 31.1778 0.9028 -0.2496 0.3502 0.7308 0.5058
38 -12.3230 -5.2776 31.0480 0.4101 0.1754 0.8950 0.7349 0.4898
NPCjames.jpg
38 -12.3230 -5.2776 31.0480 0.4101 0.1754 0.8950 0.9583 0.3946
38 -11.5714 -6.1166 31.1778 0.9028 -0.2496 0.3502 0.9461 0.3988
38 -12.2092 -5.4483 30.4481 0.4422 -0.1499 -0.8843 0.9550 0.3867
NPCjames.jpg
38 -12.4172 -6.4490 30.6192 0.3329 -0.3465 -0.8770 0.9386 0.3873
38 -11.7735 -7.2173 31.3760 0.8361 -0.4647 0.2917 0.9202 0.3901
38 -12.9181 -7.1365 30.9259 -0.2302 -0.8425 -0.4871 0.9296 0.3795
NPCjames.jpg
38 -12.9181 -7.1365 30.9259 -0.2302 -0.8425 -0.4871 0.9296 0.3795
38 -11.7735 -7.2173 31.3760 0.8361 -0.4647 0.2917 0.9202 0.3901
38 -12.9583 -7.0049 31.4113 -0.1767 -0.6085 0.7736 0.9240 0.3773
NPCjames.jpg
38 -12.9583 -7.0049 31.4113 -0.1767 -0.6085 0.7736 0.7084 0.4968
38 -11.7735 -7.2173 31.3760 0.8361 -0.4647 0.2917 0.7160 0.5126
38 -12.5953 -6.2196 31.2567 0.3291 0.0772 0.9411 0.7210 0.4944
NPCjames.jpg
38 -12.5953 -6.2196 31.2567 0.3291 0.0772 0.9411 0.9349 0.3962
38 -11.7735 -7.2173 31.3760 0.8361 -0.4647 0.2917 0.9202 0.3901
38 -12.4172 -6.4490 30.6192 0.3329 -0.3465 -0.8770 0.9386 0.3873
NPCjames.jpg
36 -15.0991 -5.5371 31.6279 -0.8213 -0.4335 -0.3708 0.9430 0.3488
36 -13.8852 -2.7732 31.0501 -0.2697 0.5854 -0.7646 0.9761 0.3528
37 -13.0830 -3.6859 30.4175 -0.0172 0.3884 -0.9213 0.9717 0.3683
NPCjames.jpg
37 -13.0830 -3.6859 30.4175 -0.0172 0.3884 -0.9213 0.9717 0.3683
37 -13.6962 -6.6539 31.0001 -0.5811 -0.6349 -0.5091 0.9341 0.3703
36 -15.0991 -5.5371 31.6279 -0.8213 -0.4335 -0.3708 0.9430 0.3488
NPCjames.jpg
36 -13.1460 -2.7134 31.5305 0.8641 0.4857 -0.1319 0.7490 0.4525
27 -13.3884 -2.1324 32.6616 0.8556 0.5117 -0.0779 0.7476 0.4337
27 -14.5251 -5.0418 33.4111 0.9469 -0.2899 0.1388 0.7040 0.4430
NPCjames.jpg
27 -14.5251 -5.0418 33.4111 0.9469 -0.2899 0.1388 0.7040 0.4430
36 -14.6250 -5.6433 32.1972 0.0098 -0.7924 0.6099 0.7056 0.4632
36 -13.1460 -2.7134 31.5305 0.8641 0.4857 -0.1319 0.7490 0.4525
NPCjames.jpg
37 -12.8534 -3.3699 31.0290 0.8349 0.5359 0.1259 0.7513 0.4658
36 -13.1460 -2.7134 31.5305 0.8641 0.4857 -0.1319 0.7490 0.4525
36 -14.6250 -5.6433 32.1972 0.0098 -0.7924 0.6099 0.7056 0.4632
NPCjames.jpg
36 -14.6250 -5.6433 32.1972 0.0098 -0.7924 0.6099 0.7056 0.4632
37 -13.6549 -6.5116 31.5721 -0.1361 -0.5671 0.8123 0.7078 0.4841
37 -12.8534 -3.3699 31.0290 0.8349 0.5359 0.1259 0.7513 0.4658
NPCjames.jpg
37 -12.8534 -3.3699 31.0290 0.8349 0.5359 0.1259 0.7513 0.4658
37 -13.6549 -6.5116 31.5721 -0.1361 -0.5671 0.8123 0.7078 0.4841
38 -12.3066 -3.9256 30.7726 0.7740 0.6047 0.1879 0.7535 0.4787
NPCjames.jpg
37 -13.6549 -6.5116 31.5721 -0.1361 -0.5671 0.8123 0.7078 0.4841
38 -12.9583 -7.0049 31.4113 -0.1767 -0.6085 0.7736 0.7084 0.4968
38 -12.5953 -6.2196 31.2567 0.3291 0.0772 0.9411 0.7210 0.4944
NPCjames.jpg
37 -13.6549 -6.5116 31.5721 -0.1361 -0.5671 0.8123 0.7078 0.4841
38 -12.5953 -6.2196 31.2567 0.3291 0.0772 0.9411 0.7210 0.4944
38 -12.3066 -3.9256 30.7726 0.7740 0.6047 0.1879 0.7535 0.4787
NPCjames.jpg
37 -13.6962 -6.6539 31.0001 -0.5811 -0.6349 -0.5091 0.9341 0.3703
38 -12.9181 -7.1365 30.9259 -0.2302 -0.8425 -0.4871 0.9296 0.3795
38 -12.9583 -7.0049 31.4113 -0.1767 -0.6085 0.7736 0.9240 0.3773
NPCjames.jpg
38 -12.9583 -7.0049 31.4113 -0.1767 -0.6085 0.7736 0.9240 0.3773
37 -13.6549 -6.5116 31.5721 -0.1361 -0.5671 0.8123 0.9285 0.3648
37 -13.6962 -6.6539 31.0001 -0.5811 -0.6349 -0.5091 0.9341 0.3703
NPCjames.jpg
36 -15.0991 -5.5371 31.6279 -0.8213 -0.4335 -0.3708 0.9430 0.3488
37 -13.6962 -6.6539 31.0001 -0.5811 -0.6349 -0.5091 0.9341 0.3703
37 -13.6549 -6.5116 31.5721 -0.1361 -0.5671 0.8123 0.9285 0.3648
NPCjames.jpg
37 -13.6549 -6.5116 31.5721 -0.1361 -0.5671 0.8123 0.9285 0.3648
36 -14.6250 -5.6433 32.1972 0.0098 -0.7924 0.6099 0.9375 0.3454
36 -15.0991 -5.5371 31.6279 -0.8213 -0.4335 -0.3708 0.9430 0.3488
NPCjames.jpg
27 -15.6990 -4.5719 32.9527 -0.9327 0.0948 -0.3479 0.9474 0.3269
36 -15.0991 -5.5371 31.6279 -0.8213 -0.4335 -0.3708 0.9430 0.3488
36 -14.6250 -5.6433 32.1972 0.0098 -0.7924 0.6099 0.9375 0.3454
NPCjames.jpg
36 -14.6250 -5.6433 32.1972 0.0098 -0.7924 0.6099 0.9375 0.3454
27 -14.5251 -5.0418 33.4111 0.9469 -0.2899 0.1388 0.9461 0.3291
27 -15.6990 -4.5719 32.9527 -0.9327 0.0948 -0.3479 0.9474 0.3269
NPCjames.jpg
32 -15.1374 -5.8612 31.6605 -0.2717 0.4369 -0.8575 0.9330 0.3443
27 -15.6990 -4.5719 32.9527 -0.9327 0.0948 -0.3479 0.9474 0.3269
27 -14.5251 -5.0418 33.4111 0.9469 -0.2899 0.1388 0.9461 0.3291
NPCjames.jpg
27 -14.5251 -5.0418 33.4111 0.9469 -0.2899 0.1388 0.9461 0.3291
32 -14.4741 -5.8702 32.3962 0.9089 0.3946 -0.1347 0.9361 0.3446
32 -15.1374 -5.8612 31.6605 -0.2717 0.4369 -0.8575 0.9330 0.3443
NPCjames.jpg
32 -15.1374 -5.8612 31.6605 -0.2717 0.4369 -0.8575 0.9330 0.3443
32 -14.4741 -5.8702 32.3962 0.9089 0.3946 -0.1347 0.9361 0.3446
33 -14.0840 -6.5477 32.0115 0.8553 0.4945 0.1549 0.9278 0.3595
NPCjames.jpg
33 -14.0840 -6.5477 32.0115 0.8553 0.4945 0.1549 0.9278 0.3595
33 -14.1160 -7.1763 31.0716 0.0658 0.2492 -0.9662 0.9207 0.3604
32 -15.1374 -5.8612 31.6605 -0.2717 0.4369 -0.8575 0.9330 0.3443
NPCjames.jpg
33 -14.1160 -7.1763 31.0716 0.0658 0.2492 -0.9662 0.9207 0.3604
33 -14.0840 -6.5477 32.0115 0.8553 0.4945 0.1549 0.9278 0.3595
34 -13.4028 -7.3543 31.8940 0.7358 0.5979 0.3179 0.9210 0.3698
NPCjames.jpg
34 -13.4028 -7.3543 31.8940 0.7358 0.5979 0.3179 0.9210 0.3698
34 -13.3299 -7.8973 31.2757 0.6246 -0.1031 -0.7741 0.9125 0.3713
33 -14.1160 -7.1763 31.0716 0.0658 0.2492 -0.9662 0.9207 0.3604
NPCjames.jpg
38 -12.2092 -5.4483 30.4481 0.4422 -0.1499 -0.8843 0.9550 0.3867
37 -13.0830 -3.6859 30.4175 -0.0172 0.3884 -0.9213 0.9717 0.3683
38 -12.3649 -4.3321 30.3681 0.2943 0.2358 -0.9262 0.9696 0.3787
NPCjames.jpg
37 -13.6962 -6.6539 31.0001 -0.5811 -0.6349 -0.5091 0.9341 0.3703
37 -13.0830 -3.6859 30.4175 -0.0172 0.3884 -0.9213 0.9717 0.3683
38 -12.2092 -5.4483 30.4481 0.4422 -0.1499 -0.8843 0.9550 0.3867
NPCjames.jpg
38 -12.2092 -5.4483 30.4481 0.4422 -0.1499 -0.8843 0.9550 0.3867
38 -12.4172 -6.4490 30.6192 0.3329 -0.3465 -0.8770 0.9386 0.3873
37 -13.6962 -6.6539 31.0001 -0.5811 -0.6349 -0.5091 0.9341 0.3703
NPCjames.jpg
27 -15.0912 -0.8466 35.1090 -0.4160 0.7209 -0.5543 0.9965 0.2991
27 -14.4742 -2.0445 32.1480 -0.4145 0.7471 -0.5196 0.9804 0.3363
27 -15.6990 -4.5719 32.9527 -0.9327 0.0948 -0.3479 0.9474 0.3269
NPCjames.jpg
27 -15.6990 -4.5719 32.9527 -0.9327 0.0948 -0.3479 0.9474 0.3269
27 -16.0550 -2.5081 35.4106 -0.9150 0.2316 -0.3303 0.9724 0.2945
27 -15.0912 -0.8466 35.1090 -0.4160 0.7209 -0.5543 0.9965 0.2991
NPCjames.jpg
36 -13.8852 -2.7732 31.0501 -0.2697 0.5854 -0.7646 0.9761 0.3528
36 -15.0991 -5.5371 31.6279 -0.8213 -0.4335 -0.3708 0.9430 0.3488
27 -15.6990 -4.5719 32.9527 -0.9327 0.0948 -0.3479 0.9474 0.3269
NPCjames.jpg
27 -15.6990 -4.5719 32.9527 -0.9327 0.0948 -0.3479 0.9474 0.3269
27 -14.4742 -2.0445 32.1480 -0.4145 0.7471 -0.5196 0.9804 0.3363
36 -13.8852 -2.7732 31.0501 -0.2697 0.5854 -0.7646 0.9761 0.3528
NPCjames.jpg
26 -16.1053 -1.3303 36.0863 -0.8461 0.3829 -0.3709 0.8822 0.0157
26 -14.4633 -0.0421 35.7317 0.2181 0.7613 -0.6106 0.9305 0.0319
27 -15.0912 -0.8466 35.1090 -0.4160 0.7209 -0.5543 0.8815 0.0082
NPCjames.jpg
26 -16.1053 -1.3303 36.0863 -0.8461 0.3829 -0.3709 0.8822 0.0157
26 -14.9340 0.8965 38.1960 -0.3334 0.8628 -0.3801 0.9049 0.0790
26 -14.4633 -0.0421 35.7317 0.2181 0.7613 -0.6106 0.9305 0.0319
NPCjames.jpg
26 -13.9568 -1.6973 43.3392 -0.0793 -0.9117 0.4031 0.8044 0.1490
26 -14.2018 -0.4681 44.7124 -0.2328 -0.6963 0.6790 0.8197 0.1795
26 -16.2909 -0.7108 43.6023 -0.8558 -0.3718 0.3596 0.8388 0.1527
NPCjames.jpg
26 -15.8741 -1.7364 39.6881 -0.8529 -0.4703 0.2267 0.8428 0.0811
26 -14.6337 -2.4925 39.5874 -0.2514 -0.9070 0.3380 0.8131 0.0762
26 -13.9568 -1.6973 43.3392 -0.0793 -0.9117 0.4031 0.8044 0.1490
NPCjames.jpg
26 -13.9568 -1.6973 43.3392 -0.0793 -0.9117 0.4031 0.8044 0.1490
26 -15.9226 -1.2671 41.2754 -0.8586 -0.5051 0.0881 0.8412 0.1108
26 -15.8741 -1.7364 39.6881 -0.8529 -0.4703 0.2267 0.8428 0.0811
NPCjames.jpg
26 -15.9164 0.9392 42.7891 -0.8953 0.4418 0.0567 0.8655 0.1527
26 -15.9226 -1.2671 41.2754 -0.8586 -0.5051 0.0881 0.8412 0.1108
26 -16.2909 -0.7108 43.6023 -0.8558 -0.3718 0.3596 0.8388 0.1527
NPCjames.jpg
26 -9.9586 0.3099 42.6242 0.9251 -0.2422 -0.2925 0.7243 0.1603
26 -11.3020 -1.0662 43.2478 0.5249 -0.8409 0.1319 0.7625 0.1614
26 -10.9391 0.3112 41.2121 0.8057 -0.1273 -0.5784 0.7250 0.1320
NPCjames.jpg
26 -12.8914 -0.2290 45.3538 0.0533 -0.6213 0.7818 0.8006 0.1995
26 -11.3020 -1.0662 43.2478 0.5249 -0.8409 0.1319 0.7625 0.1614
26 -11.1180 -0.4429 44.6482 0.4316 -0.7325 0.5264 0.7658 0.1913
NPCjames.jpg
26 -13.9568 -1.6973 43.3392 -0.0793 -0.9117 0.4031 0.8044 0.1490
26 -11.3020 -1.0662 43.2478 0.5249 -0.8409 0.1319 0.7625 0.1614
26 -12.8914 -0.2290 45.3538 0.0533 -0.6213 0.7818 0.8006 0.1995
NPCjames.jpg
26 -10.5803 1.4542 42.3475 0.7897 0.4531 -0.4136 0.9682 0.1725
26 -11.1910 3.0807 43.8299 0.6796 0.6899 -0.2495 0.9439 0.2099
26 -10.3773 1.8482 43.9597 0.8491 0.4994 -0.1722 0.9656 0.2058
NPCjames.jpg
26 -10.9391 0.3112 41.2121 0.8057 -0.1273 -0.5784 0.9817 0.1442
26 -10.5803 1.4542 42.3475 0.7897 0.4531 -0.4136 0.9682 0.1725
26 -9.9586 0.3099 42.6242 0.9251 -0.2422 -0.2925 0.9921 0.1715
NPCjames.jpg
26 -10.9391 0.3112 41.2121 0.8057 -0.1273 -0.5784 0.7250 0.1320
26 -11.3020 -1.0662 43.2478 0.5249 -0.8409 0.1319 0.7625 0.1614
26 -11.7568 -1.3506 42.4685 0.5664 -0.8240 0.0153 0.7652 0.1434
NPCjames.jpg
26 -12.8914 -0.2290 45.3538 0.0533 -0.6213 0.7818 0.8006 0.1995
26 -13.8038 1.0059 45.5930 -0.3199 -0.2272 0.9198 0.8344 0.2147
26 -14.6487 0.6024 45.9400 -0.4190 -0.1304 0.8986 0.8354 0.2063
NPCjames.jpg
26 -13.8038 1.0059 45.5930 -0.3199 -0.2272 0.9198 0.8344 0.2147
26 -14.3345 2.2706 45.0670 -0.8496 0.3930 0.3518 0.8701 0.2085
26 -14.6487 0.6024 45.9400 -0.4190 -0.1304 0.8986 0.8354 0.2063
NPCjames.jpg
26 -15.1228 0.2491 45.0155 -0.7254 -0.2459 0.6429 0.8383 0.1858
26 -14.6487 0.6024 45.9400 -0.4190 -0.1304 0.8986 0.8354 0.2063
26 -15.0723 1.3806 44.2254 -0.8373 0.4544 0.3041 0.8611 0.1822
NPCjames.jpg
26 -13.9384 2.6933 45.6608 -0.8231 0.4187 0.3837 0.8704 0.2249
26 -12.4589 4.1925 45.8963 0.0706 0.7906 0.6083 0.9041 0.2426
26 -12.8414 4.4680 45.0672 -0.1205 0.9742 0.1910 0.9070 0.2266
NPCjames.jpg
26 -12.4589 4.1925 45.8963 0.0706 0.7906 0.6083 0.9041 0.2426
26 -11.1963 3.3067 45.0991 0.6836 0.7299 -0.0016 0.9343 0.2307
26 -12.8414 4.4680 45.0672 -0.1205 0.9742 0.1910 0.9070 0.2266
NPCjames.jpg
25 -12.2399 3.4486 46.2734 -0.1733 0.9611 -0.2151 0.9032 0.2482
26 -13.9384 2.6933 45.6608 -0.8231 0.4187 0.3837 0.8704 0.2249
25 -13.6877 2.6471 46.4019 -0.8151 0.4873 -0.3134 0.8679 0.2372
NPCjames.jpg
26 -11.1963 3.3067 45.0991 0.6836 0.7299 -0.0016 0.9343 0.2307
25 -12.2399 3.4486 46.2734 -0.1733 0.9611 -0.2151 0.9032 0.2482
25 -10.9979 3.1167 45.7785 0.3830 0.8312 -0.4030 0.9274 0.2435
NPCjames.jpg
26 -13.9777 3.0421 41.8575 -0.3576 0.7807 -0.5125 0.9101 0.1607
26 -14.8480 2.1963 42.5841 -0.7965 0.6023 -0.0527 0.8866 0.1658
26 -13.5965 4.0228 42.8559 -0.2981 0.8802 -0.3692 0.9149 0.1823
NPCjames.jpg
26 -13.9777 3.0421 41.8575 -0.3576 0.7807 -0.5125 0.9101 0.1607
26 -11.5929 2.4241 42.0367 0.5189 0.6937 -0.4995 0.9485 0.1729
26 -11.9452 1.7482 40.8739 0.5259 0.6358 -0.5649 0.9483 0.1453
NPCjames.jpg
26 -11.5929 2.4241 42.0367 0.5189 0.6937 -0.4995 0.9485 0.1729
26 -10.5803 1.4542 42.3475 0.7897 0.4531 -0.4136 0.9682 0.1725
26 -11.9452 1.7482 40.8739 0.5259 0.6358 -0.5649 0.9483 0.1453
NPCjames.jpg
26 -15.1228 0.2491 45.0155 -0.7254 -0.2459 0.6429 0.8383 0.1858
26 -15.0723 1.3806 44.2254 -0.8373 0.4544 0.3041 0.8611 0.1822
26 -16.2909 -0.7108 43.6023 -0.8558 -0.3718 0.3596 0.8388 0.1527
NPCjames.jpg
26 -15.9164 0.9392 42.7891 -0.8953 0.4418 0.0567 0.8655 0.1527
26 -15.0723 1.3806 44.2254 -0.8373 0.4544 0.3041 0.8611 0.1822
26 -14.8480 2.1963 42.5841 -0.7965 0.6023 -0.0527 0.8866 0.1658
NPCjames.jpg
26 -15.0723 1.3806 44.2254 -0.8373 0.4544 0.3041 0.8611 0.1822
26 -14.3345 2.2706 45.0670 -0.8496 0.3930 0.3518 0.8701 0.2085
26 -14.8480 2.1963 42.5841 -0.7965 0.6023 -0.0527 0.8866 0.1658
NPCjames.jpg
26 -14.8480 2.1963 42.5841 -0.7965 0.6023 -0.0527 0.8866 0.1658
26 -14.0626 2.5521 41.0128 -0.2588 0.8602 -0.4394 0.9106 0.1435
26 -15.9164 0.9392 42.7891 -0.8953 0.4418 0.0567 0.8655 0.1527
NPCjames.jpg
26 -15.0723 1.3806 44.2254 -0.8373 0.4544 0.3041 0.8611 0.1822
26 -14.6487 0.6024 45.9400 -0.4190 -0.1304 0.8986 0.8354 0.2063
26 -14.3345 2.2706 45.0670 -0.8496 0.3930 0.3518 0.8701 0.2085
NPCjames.jpg
26 -16.2909 -0.7108 43.6023 -0.8558 -0.3718 0.3596 0.8388 0.1527
26 -15.0723 1.3806 44.2254 -0.8373 0.4544 0.3041 0.8611 0.1822
26 -15.9164 0.9392 42.7891 -0.8953 0.4418 0.0567 0.8655 0.1527
NPCjames.jpg
26 -16.2909 -0.7108 43.6023 -0.8558 -0.3718 0.3596 0.8388 0.1527
26 -14.2018 -0.4681 44.7124 -0.2328 -0.6963 0.6790 0.8197 0.1795
26 -15.1228 0.2491 45.0155 -0.7254 -0.2459 0.6429 0.8383 0.1858
NPCjames.jpg
26 -14.2018 -0.4681 44.7124 -0.2328 -0.6963 0.6790 0.8197 0.1795
26 -12.8914 -0.2290 45.3538 0.0533 -0.6213 0.7818 0.8006 0.1995
26 -15.1228 0.2491 45.0155 -0.7254 -0.2459 0.6429 0.8383 0.1858
NPCjames.jpg
26 -10.9391 0.3112 41.2121 0.8057 -0.1273 -0.5784 0.9817 0.1442
26 -11.9452 1.7482 40.8739 0.5259 0.6358 -0.5649 0.9483 0.1453
26 -10.5803 1.4542 42.3475 0.7897 0.4531 -0.4136 0.9682 0.1725
NPCjames.jpg
26 -13.9777 3.0421 41.8575 -0.3576 0.7807 -0.5125 0.9101 0.1607
26 -11.9452 1.7482 40.8739 0.5259 0.6358 -0.5649 0.9483 0.1453
26 -14.0626 2.5521 41.0128 -0.2588 0.8602 -0.4394 0.9106 0.1435
NPCjames.jpg
26 -11.5314 -0.5374 40.9802 0.8441 -0.3746 -0.3836 0.9862 0.1254
26 -12.4648 1.1476 39.6970 0.5946 0.4892 -0.6381 0.9445 0.1195
26 -10.9391 0.3112 41.2121 0.8057 -0.1273 -0.5784 0.9817 0.1442
NPCjames.jpg
26 -14.9340 0.8965 38.1960 -0.3334 0.8628 -0.3801 0.9049 0.0790
26 -12.4648 1.1476 39.6970 0.5946 0.4892 -0.6381 0.9445 0.1195
26 -13.2822 0.2602 38.3783 0.6934 0.4904 -0.5279 0.9372 0.0850
NPCjames.jpg
26 -12.4648 1.1476 39.6970 0.5946 0.4892 -0.6381 0.9445 0.1195
26 -14.0626 2.5521 41.0128 -0.2588 0.8602 -0.4394 0.9106 0.1435
26 -11.9452 1.7482 40.8739 0.5259 0.6358 -0.5649 0.9483 0.1453
NPCjames.jpg
26 -10.9391 0.3112 41.2121 0.8057 -0.1273 -0.5784 0.9817 0.1442
26 -12.4648 1.1476 39.6970 0.5946 0.4892 -0.6381 0.9445 0.1195
26 -11.9452 1.7482 40.8739 0.5259 0.6358 -0.5649 0.9483 0.1453
NPCjames.jpg
26 -13.5965 4.0228 42.8559 -0.2981 0.8802 -0.3692 0.9149 0.1823
26 -11.1910 3.0807 43.8299 0.6796 0.6899 -0.2495 0.9439 0.2099
26 -11.5929 2.4241 42.0367 0.5189 0.6937 -0.4995 0.9485 0.1729
NPCjames.jpg
26 -13.5965 4.0228 42.8559 -0.2981 0.8802 -0.3692 0.9149 0.1823
26 -14.3345 2.2706 45.0670 -0.8496 0.3930 0.3518 0.8701 0.2085
26 -13.2082 4.4841 44.0256 -0.2235 0.9675 -0.1184 0.9080 0.2097
NPCjames.jpg
26 -13.5965 4.0228 42.8559 -0.2981 0.8802 -0.3692 0.9149 0.1823
26 -14.8480 2.1963 42.5841 -0.7965 0.6023 -0.0527 0.8866 0.1658
26 -14.3345 2.2706 45.0670 -0.8496 0.3930 0.3518 0.8701 0.2085
NPCjames.jpg
26 -13.5965 4.0228 42.8559 -0.2981 0.8802 -0.3692 0.9149 0.1823
26 -11.5929 2.4241 42.0367 0.5189 0.6937 -0.4995 0.9485 0.1729
26 -13.9777 3.0421 41.8575 -0.3576 0.7807 -0.5125 0.9101 0.1607
NPCjames.jpg
27 -15.2651 -3.7575 37.3742 -0.2343 0.2600 0.9368 0.9597 0.2698
28 -15.8338 -4.5498 36.4776 -0.8420 -0.2838 0.4588 0.9483 0.2801
28 -15.2019 -4.6762 36.9185 -0.1616 -0.4417 0.8825 0.9470 0.2715
NPCjames.jpg
40 5.1159 0.5393 26.1294 0.7819 0.5984 -0.1748 0.8661 0.6095
40 3.1706 1.4653 24.8018 0.0453 0.9362 -0.3485 0.8571 0.5897
40 3.3706 3.9307 31.5332 0.2399 0.9571 -0.1626 0.8968 0.5787
NPCjames.jpg
40 3.3706 3.9307 31.5332 0.2399 0.9571 -0.1626 0.8968 0.5787
40 5.1167 1.5111 32.9774 0.8824 0.4699 0.0230 0.9082 0.6038
40 5.1159 0.5393 26.1294 0.7819 0.5984 -0.1748 0.8661 0.6095
NPCjames.jpg
40 -1.0436 -1.1239 27.2184 -0.9724 -0.0437 -0.2291 0.8543 0.7060
40 2.2888 -4.0619 26.4542 -0.3097 -0.9482 -0.0710 0.8690 0.6783
40 0.5339 -3.4679 31.9231 -0.4992 -0.8664 -0.0111 0.9009 0.6869
NPCjames.jpg
40 0.5339 -3.4679 31.9231 -0.4992 -0.8664 -0.0111 0.9009 0.6869
40 -1.0325 0.0047 30.6634 -0.9726 0.1852 -0.1407 0.8840 0.7175
40 -1.0436 -1.1239 27.2184 -0.9724 -0.0437 -0.2291 0.8543 0.7060
NPCjames.jpg
40 2.2888 -4.0619 26.4542 -0.3097 -0.9482 -0.0710 0.8690 0.6783
40 4.8580 -3.8005 26.6666 0.5556 -0.8308 0.0333 0.8720 0.6531
40 4.1271 -3.5843 33.4294 0.4280 -0.8890 0.1628 0.9114 0.6538
NPCjames.jpg
40 4.1271 -3.5843 33.4294 0.4280 -0.8890 0.1628 0.9114 0.6538
40 0.5339 -3.4679 31.9231 -0.4992 -0.8664 -0.0111 0.9009 0.6869
40 2.2888 -4.0619 26.4542 -0.3097 -0.9482 -0.0710 0.8690 0.6783
NPCjames.jpg
40 4.1271 -3.5843 33.4294 0.4280 -0.8890 0.1628 0.9114 0.6538
40 4.8580 -3.8005 26.6666 0.5556 -0.8308 0.0333 0.8720 0.6531
40 6.0725 -1.6449 26.4958 0.9980 -0.0624 -0.0125 0.8717 0.6307
NPCjames.jpg
40 6.0725 -1.6449 26.4958 0.9980 -0.0624 -0.0125 0.8717 0.6307
40 6.0030 -0.9226 33.6317 0.9848 -0.1251 0.1207 0.9125 0.6260
40 4.1271 -3.5843 33.4294 0.4280 -0.8890 0.1628 0.9114 0.6538
NPCjames.jpg
40 6.0030 -0.9226 33.6317 0.9848 -0.1251 0.1207 0.9125 0.6260
40 6.0725 -1.6449 26.4958 0.9980 -0.0624 -0.0125 0.8717 0.6307
40 5.1159 0.5393 26.1294 0.7819 0.5984 -0.1748 0.8661 0.6095
NPCjames.jpg
40 5.1159 0.5393 26.1294 0.7819 0.5984 -0.1748 0.8661 0.6095
40 5.1167 1.5111 32.9774 0.8824 0.4699 0.0230 0.9082 0.6038
40 6.0030 -0.9226 33.6317 0.9848 -0.1251 0.1207 0.9125 0.6260
NPCjames.jpg
40 5.5242 -1.6584 19.8629 0.9954 0.0926 0.0256 0.8166 0.6323
40 3.4769 0.5707 20.5840 -0.0997 0.8980 0.4286 0.8195 0.5987
40 3.4347 0.1754 21.5130 0.0134 0.9869 -0.1606 0.8293 0.5968
NPCjames.jpg
40 3.4347 0.1754 21.5130 0.0134 0.9869 -0.1606 0.8293 0.5968
40 5.5466 -1.6563 21.3751 0.9552 0.2749 -0.1100 0.8307 0.6306
40 5.5242 -1.6584 19.8629 0.9954 0.0926 0.0256 0.8166 0.6323
NPCjames.jpg
40 3.4347 0.1754 21.5130 0.0134 0.9869 -0.1606 0.8293 0.5968
40 3.4769 0.5707 20.5840 -0.0997 0.8980 0.4286 0.8195 0.5987
40 1.6682 -1.8913 19.4829 -0.9817 -0.0239 -0.1890 0.8072 0.5695
NPCjames.jpg
40 1.6682 -1.8913 19.4829 -0.9817 -0.0239 -0.1890 0.8072 0.5695
40 1.3550 -1.9211 20.6968 -0.9503 -0.0702 -0.3034 0.8153 0.5673
40 3.4347 0.1754 21.5130 0.0134 0.9869 -0.1606 0.8293 0.5968
NPCjames.jpg
40 1.3550 -1.9211 20.6968 -0.9503 -0.0702 -0.3034 0.8226 0.6912
40 1.6682 -1.8913 19.4829 -0.9817 -0.0239 -0.1890 0.8118 0.6873
40 2.8812 -3.0161 18.6236 -0.6226 -0.7446 -0.2406 0.8066 0.6709
NPCjames.jpg
40 2.8812 -3.0161 18.6236 -0.6226 -0.7446 -0.2406 0.8066 0.6709
40 3.8148 -3.7742 20.6763 -0.0417 -0.9924 -0.1157 0.8261 0.6602
40 1.3550 -1.9211 20.6968 -0.9503 -0.0702 -0.3034 0.8226 0.6912
NPCjames.jpg
40 3.8148 -3.7742 20.6763 -0.0417 -0.9924 -0.1157 0.8261 0.6602
40 2.8812 -3.0161 18.6236 -0.6226 -0.7446 -0.2406 0.8066 0.6709
40 3.9586 -3.8637 18.8501 0.0982 -0.9809 -0.1677 0.8100 0.6591
NPCjames.jpg
40 4.8580 -3.8005 26.6666 0.5556 -0.8308 0.0333 0.8720 0.6531
40 2.2888 -4.0619 26.4542 -0.3097 -0.9482 -0.0710 0.8690 0.6783
40 3.8148 -3.7742 20.6763 -0.0417 -0.9924 -0.1157 0.8261 0.6602
NPCjames.jpg
40 3.8148 -3.7742 20.6763 -0.0417 -0.9924 -0.1157 0.8261 0.6602
40 5.1413 -3.1533 20.7762 0.7388 -0.6503 -0.1771 0.8266 0.6460
40 4.8580 -3.8005 26.6666 0.5556 -0.8308 0.0333 0.8720 0.6531
NPCjames.jpg
40 5.5242 -1.6584 19.8629 0.9954 0.0926 0.0256 0.8166 0.6323
40 5.5466 -1.6563 21.3751 0.9552 0.2749 -0.1100 0.8307 0.6306
40 5.1413 -3.1533 20.7762 0.7388 -0.6503 -0.1771 0.8266 0.6460
NPCjames.jpg
40 5.1413 -3.1533 20.7762 0.7388 -0.6503 -0.1771 0.8266 0.6460
40 4.9458 -2.6780 19.4450 0.8106 -0.5705 -0.1322 0.8140 0.6445
40 5.5242 -1.6584 19.8629 0.9954 0.0926 0.0256 0.8166 0.6323
NPCjames.jpg
41 6.0479 0.2723 15.6116 0.8591 0.4493 0.2452 0.7734 0.6299
41 3.5509 2.1577 16.5333 -0.2136 0.9112 0.3524 0.7755 0.6026
41 3.4962 1.1166 19.7471 -0.1513 0.8790 0.4522 0.8066 0.6005
NPCjames.jpg
41 3.4962 1.1166 19.7471 -0.1513 0.8790 0.4522 0.8066 0.6005
41 5.6269 -1.1611 18.7222 0.9846 0.0769 0.1571 0.8045 0.6314
41 6.0479 0.2723 15.6116 0.8591 0.4493 0.2452 0.7734 0.6299
NPCjames.jpg
41 3.5509 2.1577 16.5333 -0.2136 0.9112 0.3524 0.7755 0.6026
41 1.5348 -0.5375 14.9514 -0.9597 0.1727 0.2217 0.7672 0.5699
41 1.9989 -1.5536 17.7523 -0.9861 -0.1498 -0.0713 0.7937 0.5700
NPCjames.jpg
41 1.9989 -1.5536 17.7523 -0.9861 -0.1498 -0.0713 0.7937 0.5700
41 3.4962 1.1166 19.7471 -0.1513 0.8790 0.4522 0.8066 0.6005
41 3.5509 2.1577 16.5333 -0.2136 0.9112 0.3524 0.7755 0.6026
NPCjames.jpg
41 1.9989 -1.5536 17.7523 -0.9861 -0.1498 -0.0713 0.7937 0.5700
40 1.6682 -1.8913 19.4829 -0.9817 -0.0239 -0.1890 0.8072 0.5695
40 3.4769 0.5707 20.5840 -0.0997 0.8980 0.4286 0.8195 0.5987
NPCjames.jpg
40 3.4769 0.5707 20.5840 -0.0997 0.8980 0.4286 0.8195 0.5987
41 3.4962 1.1166 19.7471 -0.1513 0.8790 0.4522 0.8066 0.6005
41 1.9989 -1.5536 17.7523 -0.9861 -0.1498 -0.0713 0.7937 0.5700
NPCjames.jpg
40 2.8812 -3.0161 18.6236 -0.6226 -0.7446 -0.2406 0.8066 0.6709
41 1.9989 -1.5536 17.7523 -0.9861 -0.1498 -0.0713 0.7964 0.6862
41 3.0972 -2.4789 17.2045 -0.5854 -0.7492 -0.3098 0.7945 0.6708
NPCjames.jpg
41 3.0972 -2.4789 17.2045 -0.5854 -0.7492 -0.3098 0.7945 0.6708
41 4.2341 -2.9759 17.0993 0.0991 -0.9090 -0.4049 0.7953 0.6587
40 2.8812 -3.0161 18.6236 -0.6226 -0.7446 -0.2406 0.8066 0.6709
NPCjames.jpg
40 2.8812 -3.0161 18.6236 -0.6226 -0.7446 -0.2406 0.8066 0.6709
41 4.2341 -2.9759 17.0993 0.0991 -0.9090 -0.4049 0.7953 0.6587
40 3.9586 -3.8637 18.8501 0.0982 -0.9809 -0.1677 0.8100 0.6591
NPCjames.jpg
41 4.9985 -2.4272 17.8981 0.8407 -0.5314 -0.1043 0.8007 0.6465
40 4.9458 -2.6780 19.4450 0.8106 -0.5705 -0.1322 0.8140 0.6445
40 3.9586 -3.8637 18.8501 0.0982 -0.9809 -0.1677 0.8100 0.6591
NPCjames.jpg
40 3.9586 -3.8637 18.8501 0.0982 -0.9809 -0.1677 0.8100 0.6591
41 4.2341 -2.9759 17.0993 0.0991 -0.9090 -0.4049 0.7953 0.6587
41 4.9985 -2.4272 17.8981 0.8407 -0.5314 -0.1043 0.8007 0.6465
NPCjames.jpg
40 0.5333 -3.1559 34.8209 -0.0948 -0.9943 -0.0494 0.9288 0.6851
40 0.5339 -3.4679 31.9231 -0.4992 -0.8664 -0.0111 0.9009 0.6869
40 4.1271 -3.5843 33.4294 0.4280 -0.8890 0.1628 0.9114 0.6538
NPCjames.jpg
40 4.1271 -3.5843 33.4294 0.4280 -0.8890 0.1628 0.9114 0.6538
40 3.6142 -2.5320 37.7293 0.5725 -0.8045 0.1582 0.9512 0.6502
40 0.5333 -3.1559 34.8209 -0.0948 -0.9943 -0.0494 0.9288 0.6851
NPCjames.jpg
40 0.5333 -3.1559 34.8209 -0.0948 -0.9943 -0.0494 0.9288 0.6851
40 -0.7789 -2.3523 33.5482 -0.4453 -0.7711 -0.4551 0.9176 0.7028
40 0.5339 -3.4679 31.9231 -0.4992 -0.8664 -0.0111 0.9009 0.6869
NPCjames.jpg
40 -1.4203 0.0960 32.7072 -0.0194 -0.2086 -0.9778 0.9011 0.7221
40 -1.0325 0.0047 30.6634 -0.9726 0.1852 -0.1407 0.8840 0.7175
40 -0.7789 -2.3523 33.5482 -0.4453 -0.7711 -0.4551 0.9176 0.7028
NPCjames.jpg
40 0.7882 2.1965 30.4583 -0.6090 0.7467 -0.2675 0.8794 0.5569
40 -1.0325 0.0047 30.6634 -0.9726 0.1852 -0.1407 0.8692 0.5350
40 -1.4203 0.0960 32.7072 -0.0194 -0.2086 -0.9778 0.8850 0.5251
NPCjames.jpg
40 -1.4203 0.0960 32.7072 -0.0194 -0.2086 -0.9778 0.8850 0.5251
40 -0.0789 2.4986 33.1856 -0.1711 0.6334 -0.7547 0.9026 0.5437
40 0.7882 2.1965 30.4583 -0.6090 0.7467 -0.2675 0.8794 0.5569
NPCjames.jpg
40 3.3706 3.9307 31.5332 0.2399 0.9571 -0.1626 0.8968 0.5787
40 0.7882 2.1965 30.4583 -0.6090 0.7467 -0.2675 0.8794 0.5569
40 -0.0789 2.4986 33.1856 -0.1711 0.6334 -0.7547 0.9026 0.5437
NPCjames.jpg
40 -0.0789 2.4986 33.1856 -0.1711 0.6334 -0.7547 0.9026 0.5437
40 3.0316 4.0634 34.4244 0.4822 0.8347 -0.2660 0.9232 0.5733
40 3.3706 3.9307 31.5332 0.2399 0.9571 -0.1626 0.8968 0.5787
NPCjames.jpg
40 5.1167 1.5111 32.9774 0.8824 0.4699 0.0230 0.9082 0.6038
40 3.3706 3.9307 31.5332 0.2399 0.9571 -0.1626 0.8968 0.5787
40 3.0316 4.0634 34.4244 0.4822 0.8347 -0.2660 0.9232 0.5733
NPCjames.jpg
40 6.0030 -0.9226 33.6317 0.9848 -0.1251 0.1207 0.9125 0.6260
40 5.1167 1.5111 32.9774 0.8824 0.4699 0.0230 0.9082 0.6038
40 4.4726 1.9698 36.2568 0.9074 0.4127 0.0794 0.9384 0.6000
NPCjames.jpg
40 4.4726 1.9698 36.2568 0.9074 0.4127 0.0794 0.9384 0.6000
40 5.1380 -0.2276 37.6467 0.9735 -0.0655 0.2190 0.9497 0.6232
40 6.0030 -0.9226 33.6317 0.9848 -0.1251 0.1207 0.9125 0.6260
NPCjames.jpg
40 6.0030 -0.9226 33.6317 0.9848 -0.1251 0.1207 0.9125 0.6260
40 5.1380 -0.2276 37.6467 0.9735 -0.0655 0.2190 0.9497 0.6232
40 3.6142 -2.5320 37.7293 0.5725 -0.8045 0.1582 0.9512 0.6502
NPCjames.jpg
40 3.6142 -2.5320 37.7293 0.5725 -0.8045 0.1582 0.9512 0.6502
40 4.1271 -3.5843 33.4294 0.4280 -0.8890 0.1628 0.9114 0.6538
40 6.0030 -0.9226 33.6317 0.9848 -0.1251 0.1207 0.9125 0.6260
NPCjames.jpg
2 -1.2306 0.9714 32.5852 -0.2227 -0.0537 -0.9734 0.8866 0.5224
2 -0.4895 3.6394 33.3769 0.2543 0.5108 -0.8212 0.9068 0.5374
40 -0.0789 2.4986 33.1856 -0.1711 0.6334 -0.7547 0.9026 0.5437
NPCjames.jpg
40 -0.0789 2.4986 33.1856 -0.1711 0.6334 -0.7547 0.9026 0.5437
40 -1.4203 0.0960 32.7072 -0.0194 -0.2086 -0.9778 0.8850 0.5251
2 -1.2306 0.9714 32.5852 -0.2227 -0.0537 -0.9734 0.8866 0.5224
NPCjames.jpg
2 -2.0045 -1.6293 33.1562 -0.2522 -0.3729 -0.8929 0.9229 0.7125
2 -1.8380 -1.1196 32.6567 -0.1458 -0.5323 -0.8339 0.9189 0.7155
40 -1.4203 0.0960 32.7072 -0.0194 -0.2086 -0.9778 0.9011 0.7221
NPCjames.jpg
40 -1.4203 0.0960 32.7072 -0.0194 -0.2086 -0.9778 0.9011 0.7221
40 -0.7789 -2.3523 33.5482 -0.4453 -0.7711 -0.4551 0.9176 0.7028
2 -2.0045 -1.6293 33.1562 -0.2522 -0.3729 -0.8929 0.9229 0.7125
NPCjames.jpg
40 -0.7789 -2.3523 33.5482 -0.4453 -0.7711 -0.4551 0.9176 0.7028
40 0.5333 -3.1559 34.8209 -0.0948 -0.9943 -0.0494 0.9288 0.6851
40 -0.1932 -3.4136 35.7450 0.0256 -0.9894 -0.1426 0.9395 0.6899
NPCjames.jpg
40 3.8148 -3.7742 20.6763 -0.0417 -0.9924 -0.1157 0.8261 0.6602
40 3.9586 -3.8637 18.8501 0.0982 -0.9809 -0.1677 0.8100 0.6591
40 4.9458 -2.6780 19.4450 0.8106 -0.5705 -0.1322 0.8140 0.6445
NPCjames.jpg
40 4.9458 -2.6780 19.4450 0.8106 -0.5705 -0.1322 0.8140 0.6445
40 5.1413 -3.1533 20.7762 0.7388 -0.6503 -0.1771 0.8266 0.6460
40 3.8148 -3.7742 20.6763 -0.0417 -0.9924 -0.1157 0.8261 0.6602
NPCjames.jpg
40 2.2888 -4.0619 26.4542 -0.3097 -0.9482 -0.0710 0.8690 0.6783
40 1.3550 -1.9211 20.6968 -0.9503 -0.0702 -0.3034 0.8226 0.6912
40 3.8148 -3.7742 20.6763 -0.0417 -0.9924 -0.1157 0.8261 0.6602
NPCjames.jpg
40 3.0316 4.0634 34.4244 0.4822 0.8347 -0.2660 0.9232 0.5733
40 -0.0789 2.4986 33.1856 -0.1711 0.6334 -0.7547 0.9026 0.5437
40 1.1868 5.3447 35.1279 0.2523 0.8191 -0.5152 0.9348 0.5541
NPCjames.jpg
2 0.1235 6.0735 35.7438 0.3763 0.8756 -0.3028 0.9371 0.5408
40 1.1868 5.3447 35.1279 0.2523 0.8191 -0.5152 0.9348 0.5541
40 -0.0789 2.4986 33.1856 -0.1711 0.6334 -0.7547 0.9026 0.5437
NPCjames.jpg
40 -0.0789 2.4986 33.1856 -0.1711 0.6334 -0.7547 0.9026 0.5437
2 -0.4895 3.6394 33.3769 0.2543 0.5108 -0.8212 0.9068 0.5374
2 0.1235 6.0735 35.7438 0.3763 0.8756 -0.3028 0.9371 0.5408
NPCjames.jpg
40 1.1868 5.3447 35.1279 0.2523 0.8191 -0.5152 0.9348 0.5541
40 1.7764 5.2471 37.1448 0.4304 0.8980 0.0910 0.9518 0.5618
40 3.5592 4.2794 36.8003 0.7447 0.6667 0.0290 0.9456 0.5787
NPCjames.jpg
40 3.5592 4.2794 36.8003 0.7447 0.6667 0.0290 0.9456 0.5787
40 3.0316 4.0634 34.4244 0.4822 0.8347 -0.2660 0.9232 0.5733
40 1.1868 5.3447 35.1279 0.2523 0.8191 -0.5152 0.9348 0.5541
NPCjames.jpg
2 1.7033 3.9799 41.6816 0.4670 0.8332 0.2960 0.9879 0.5706
2 -0.0766 5.7391 38.4384 0.3158 0.8871 0.3366 0.9619 0.5450
2 -0.5952 4.3439 41.4389 0.2333 0.8657 0.4429 0.9919 0.5516
NPCjames.jpg
40 4.4726 1.9698 36.2568 0.9074 0.4127 0.0794 0.9384 0.6000
2 3.5387 2.3145 41.7577 0.8464 0.4974 0.1903 0.9853 0.5936
2 4.2711 -0.1828 41.8668 0.9752 -0.1269 0.1811 0.9858 0.6178
NPCjames.jpg
40 1.7764 5.2471 37.1448 0.4304 0.8980 0.0910 0.9518 0.5618
2 1.7033 3.9799 41.6816 0.4670 0.8332 0.2960 0.9879 0.5706
2 3.5387 2.3145 41.7577 0.8464 0.4974 0.1903 0.9853 0.5936
NPCjames.jpg
2 3.5387 2.3145 41.7577 0.8464 0.4974 0.1903 0.9853 0.5936
40 3.5592 4.2794 36.8003 0.7447 0.6667 0.0290 0.9456 0.5787
40 1.7764 5.2471 37.1448 0.4304 0.8980 0.0910 0.9518 0.5618
NPCjames.jpg
40 5.1380 -0.2276 37.6467 0.9735 -0.0655 0.2190 0.9497 0.6232
2 4.2711 -0.1828 41.8668 0.9752 -0.1269 0.1811 0.9858 0.6178
2 2.5334 -2.8463 41.3768 0.5478 -0.8286 0.1155 0.9861 0.6476
NPCjames.jpg
2 2.5334 -2.8463 41.3768 0.5478 -0.8286 0.1155 0.9861 0.6476
40 3.6142 -2.5320 37.7293 0.5725 -0.8045 0.1582 0.9512 0.6502
40 5.1380 -0.2276 37.6467 0.9735 -0.0655 0.2190 0.9497 0.6232
NPCjames.jpg
40 5.1380 -0.2276 37.6467 0.9735 -0.0655 0.2190 0.9497 0.6232
40 4.4726 1.9698 36.2568 0.9074 0.4127 0.0794 0.9384 0.6000
2 4.2711 -0.1828 41.8668 0.9752 -0.1269 0.1811 0.9858 0.6178
NPCjames.jpg
40 4.4726 1.9698 36.2568 0.9074 0.4127 0.0794 0.9384 0.6000
40 3.5592 4.2794 36.8003 0.7447 0.6667 0.0290 0.9456 0.5787
2 3.5387 2.3145 41.7577 0.8464 0.4974 0.1903 0.9853 0.5936
NPCjames.jpg
40 3.0316 4.0634 34.4244 0.4822 0.8347 -0.2660 0.9232 0.5733
40 3.5592 4.2794 36.8003 0.7447 0.6667 0.0290 0.9456 0.5787
40 4.4726 1.9698 36.2568 0.9074 0.4127 0.0794 0.9384 0.6000
NPCjames.jpg
40 5.1167 1.5111 32.9774 0.8824 0.4699 0.0230 0.9082 0.6038
40 3.0316 4.0634 34.4244 0.4822 0.8347 -0.2660 0.9232 0.5733
40 4.4726 1.9698 36.2568 0.9074 0.4127 0.0794 0.9384 0.6000
NPCjames.jpg
40 1.7764 5.2471 37.1448 0.4304 0.8980 0.0910 0.9518 0.5618
2 -0.0453 5.8159 38.2009 0.3571 0.9051 0.2306 0.9597 0.5445
2 -0.0766 5.7391 38.4384 0.3158 0.8871 0.3366 0.9619 0.5450
NPCjames.jpg
2 -0.0766 5.7391 38.4384 0.3158 0.8871 0.3366 0.9619 0.5450
2 1.7033 3.9799 41.6816 0.4670 0.8332 0.2960 0.9879 0.5706
40 1.7764 5.2471 37.1448 0.4304 0.8980 0.0910 0.9518 0.5618
NPCjames.jpg
40 0.6930 -3.3717 38.0923 0.1266 -0.9919 -0.0138 0.9595 0.6771
40 3.6142 -2.5320 37.7293 0.5725 -0.8045 0.1582 0.9512 0.6502
2 2.5334 -2.8463 41.3768 0.5478 -0.8286 0.1155 0.9861 0.6476
NPCjames.jpg
40 0.6930 -3.3717 38.0923 0.1266 -0.9919 -0.0138 0.9595 0.6771
2 2.5334 -2.8463 41.3768 0.5478 -0.8286 0.1155 0.9861 0.6476
2 -0.7207 -3.4033 40.3190 -0.0056 -0.9999 0.0134 0.9853 0.6788
NPCjames.jpg
40 -0.1932 -3.4136 35.7450 0.0256 -0.9894 -0.1426 0.9395 0.6899
40 0.5333 -3.1559 34.8209 -0.0948 -0.9943 -0.0494 0.9288 0.6851
40 3.6142 -2.5320 37.7293 0.5725 -0.8045 0.1582 0.9512 0.6502
NPCjames.jpg
40 3.6142 -2.5320 37.7293 0.5725 -0.8045 0.1582 0.9512 0.6502
40 0.6930 -3.3717 38.0923 0.1266 -0.9919 -0.0138 0.9595 0.6771
40 -0.1932 -3.4136 35.7450 0.0256 -0.9894 -0.1426 0.9395 0.6899
NPCjames.jpg
40 1.6601 0.3719 24.1339 -0.5885 0.7306 -0.3461 0.8469 0.5744
40 3.4347 0.1754 21.5130 0.0134 0.9869 -0.1606 0.8293 0.5968
40 1.3550 -1.9211 20.6968 -0.9503 -0.0702 -0.3034 0.8153 0.5673
NPCjames.jpg
40 3.1706 1.4653 24.8018 0.0453 0.9362 -0.3485 0.8571 0.5897
40 3.4347 0.1754 21.5130 0.0134 0.9869 -0.1606 0.8293 0.5968
40 1.6601 0.3719 24.1339 -0.5885 0.7306 -0.3461 0.8469 0.5744
NPCjames.jpg
40 3.1706 1.4653 24.8018 0.0453 0.9362 -0.3485 0.8571 0.5897
40 5.1159 0.5393 26.1294 0.7819 0.5984 -0.1748 0.8661 0.6095
40 3.4347 0.1754 21.5130 0.0134 0.9869 -0.1606 0.8293 0.5968
NPCjames.jpg
40 5.1159 0.5393 26.1294 0.7819 0.5984 -0.1748 0.8661 0.6095
40 6.0725 -1.6449 26.4958 0.9980 -0.0624 -0.0125 0.8717 0.6307
40 5.5466 -1.6563 21.3751 0.9552 0.2749 -0.1100 0.8307 0.6306
NPCjames.jpg
40 5.1413 -3.1533 20.7762 0.7388 -0.6503 -0.1771 0.8266 0.6460
40 5.5466 -1.6563 21.3751 0.9552 0.2749 -0.1100 0.8307 0.6306
40 6.0725 -1.6449 26.4958 0.9980 -0.0624 -0.0125 0.8717 0.6307
NPCjames.jpg
40 6.0725 -1.6449 26.4958 0.9980 -0.0624 -0.0125 0.8717 0.6307
40 4.8580 -3.8005 26.6666 0.5556 -0.8308 0.0333 0.8720 0.6531
40 5.1413 -3.1533 20.7762 0.7388 -0.6503 -0.1771 0.8266 0.6460
NPCjames.jpg
40 2.8812 -3.0161 18.6236 -0.6226 -0.7446 -0.2406 0.8066 0.6709
40 1.6682 -1.8913 19.4829 -0.9817 -0.0239 -0.1890 0.8118 0.6873
41 1.9989 -1.5536 17.7523 -0.9861 -0.1498 -0.0713 0.7964 0.6862
NPCjames.jpg
40 5.5242 -1.6584 19.8629 0.9954 0.0926 0.0256 0.8166 0.6323
41 5.6269 -1.1611 18.7222 0.9846 0.0769 0.1571 0.8045 0.6314
41 3.4962 1.1166 19.7471 -0.1513 0.8790 0.4522 0.8066 0.6005
NPCjames.jpg
41 3.4962 1.1166 19.7471 -0.1513 0.8790 0.4522 0.8066 0.6005
40 3.4769 0.5707 20.5840 -0.0997 0.8980 0.4286 0.8195 0.5987
40 5.5242 -1.6584 19.8629 0.9954 0.0926 0.0256 0.8166 0.6323
NPCjames.jpg
41 5.6269 -1.1611 18.7222 0.9846 0.0769 0.1571 0.8045 0.6314
40 5.5242 -1.6584 19.8629 0.9954 0.0926 0.0256 0.8166 0.6323
40 4.9458 -2.6780 19.4450 0.8106 -0.5705 -0.1322 0.8140 0.6445
NPCjames.jpg
40 4.9458 -2.6780 19.4450 0.8106 -0.5705 -0.1322 0.8140 0.6445
41 4.9985 -2.4272 17.8981 0.8407 -0.5314 -0.1043 0.8007 0.6465
41 5.6269 -1.1611 18.7222 0.9846 0.0769 0.1571 0.8045 0.6314
NPCjames.jpg
40 -1.4203 0.0960 32.7072 -0.0194 -0.2086 -0.9778 0.9011 0.7221
2 -1.8380 -1.1196 32.6567 -0.1458 -0.5323 -0.8339 0.9189 0.7155
2 -1.2306 0.9714 32.5852 -0.2227 -0.0537 -0.9734 0.9022 0.7253
NPCjames.jpg
40 0.7882 2.1965 30.4583 -0.6090 0.7467 -0.2675 0.8794 0.5569
40 -1.0436 -1.1239 27.2184 -0.9724 -0.0437 -0.2291 0.8435 0.5521
40 -1.0325 0.0047 30.6634 -0.9726 0.1852 -0.1407 0.8692 0.5350
NPCjames.jpg
40 0.7882 2.1965 30.4583 -0.6090 0.7467 -0.2675 0.8794 0.5569
40 3.3706 3.9307 31.5332 0.2399 0.9571 -0.1626 0.8968 0.5787
40 3.1706 1.4653 24.8018 0.0453 0.9362 -0.3485 0.8571 0.5897
NPCjames.jpg
40 3.1706 1.4653 24.8018 0.0453 0.9362 -0.3485 0.8571 0.5897
40 1.6601 0.3719 24.1339 -0.5885 0.7306 -0.3461 0.8469 0.5744
40 0.7882 2.1965 30.4583 -0.6090 0.7467 -0.2675 0.8794 0.5569
NPCjames.jpg
40 0.7882 2.1965 30.4583 -0.6090 0.7467 -0.2675 0.8794 0.5569
40 1.6601 0.3719 24.1339 -0.5885 0.7306 -0.3461 0.8469 0.5744
40 -1.0436 -1.1239 27.2184 -0.9724 -0.0437 -0.2291 0.8435 0.5521
NPCjames.jpg
41 3.0972 -2.4789 17.2045 -0.5854 -0.7492 -0.3098 0.7945 0.6708
41 1.9989 -1.5536 17.7523 -0.9861 -0.1498 -0.0713 0.7964 0.6862
41 1.5348 -0.5375 14.9514 -0.9597 0.1727 0.2217 0.7695 0.6891
NPCjames.jpg
41 6.0479 0.2723 15.6116 0.8591 0.4493 0.2452 0.7734 0.6299
41 5.6269 -1.1611 18.7222 0.9846 0.0769 0.1571 0.8045 0.6314
41 4.9985 -2.4272 17.8981 0.8407 -0.5314 -0.1043 0.8007 0.6465
NPCjames.jpg
40 1.6601 0.3719 24.1339 -0.5885 0.7306 -0.3461 0.8469 0.5744
40 1.3550 -1.9211 20.6968 -0.9503 -0.0702 -0.3034 0.8153 0.5673
40 -1.0436 -1.1239 27.2184 -0.9724 -0.0437 -0.2291 0.8435 0.5521
NPCjames.jpg
40 5.1159 0.5393 26.1294 0.7819 0.5984 -0.1748 0.8661 0.6095
40 5.5466 -1.6563 21.3751 0.9552 0.2749 -0.1100 0.8307 0.6306
40 3.4347 0.1754 21.5130 0.0134 0.9869 -0.1606 0.8293 0.5968
NPCjames.jpg
40 1.3550 -1.9211 20.6968 -0.9503 -0.0702 -0.3034 0.8226 0.6912
40 2.2888 -4.0619 26.4542 -0.3097 -0.9482 -0.0710 0.8690 0.6783
40 -1.0436 -1.1239 27.2184 -0.9724 -0.0437 -0.2291 0.8543 0.7060
NPCjames.jpg
40 -1.0325 0.0047 30.6634 -0.9726 0.1852 -0.1407 0.8840 0.7175
40 0.5339 -3.4679 31.9231 -0.4992 -0.8664 -0.0111 0.9009 0.6869
40 -0.7789 -2.3523 33.5482 -0.4453 -0.7711 -0.4551 0.9176 0.7028
NPCjames.jpg
2 -2.5933 -3.1072 37.3628 -0.3193 -0.9467 -0.0432 0.9643 0.7008
2 -2.4548 -2.9970 34.5855 -0.3552 -0.8386 -0.4130 0.9410 0.7077
40 -0.1932 -3.4136 35.7450 0.0256 -0.9894 -0.1426 0.9395 0.6899
NPCjames.jpg
40 -0.1932 -3.4136 35.7450 0.0256 -0.9894 -0.1426 0.9395 0.6899
40 0.6930 -3.3717 38.0923 0.1266 -0.9919 -0.0138 0.9595 0.6771
2 -2.5933 -3.1072 37.3628 -0.3193 -0.9467 -0.0432 0.9643 0.7008
NPCjames.jpg
40 1.1868 5.3447 35.1279 0.2523 0.8191 -0.5152 0.9348 0.5541
2 0.1235 6.0735 35.7438 0.3763 0.8756 -0.3028 0.9371 0.5408
2 -0.0453 5.8159 38.2009 0.3571 0.9051 0.2306 0.9597 0.5445
NPCjames.jpg
2 -0.0453 5.8159 38.2009 0.3571 0.9051 0.2306 0.9597 0.5445
40 1.7764 5.2471 37.1448 0.4304 0.8980 0.0910 0.9518 0.5618
40 1.1868 5.3447 35.1279 0.2523 0.8191 -0.5152 0.9348 0.5541
NPCjames.jpg
2 -2.4548 -2.9970 34.5855 -0.3552 -0.8386 -0.4130 0.9410 0.7077
2 -2.0045 -1.6293 33.1562 -0.2522 -0.3729 -0.8929 0.9229 0.7125
40 -0.7789 -2.3523 33.5482 -0.4453 -0.7711 -0.4551 0.9176 0.7028
NPCjames.jpg
40 -0.7789 -2.3523 33.5482 -0.4453 -0.7711 -0.4551 0.9176 0.7028
40 -0.1932 -3.4136 35.7450 0.0256 -0.9894 -0.1426 0.9395 0.6899
2 -2.4548 -2.9970 34.5855 -0.3552 -0.8386 -0.4130 0.9410 0.7077
NPCjames.jpg
2 -0.7207 -3.4033 40.3190 -0.0056 -0.9999 0.0134 0.9853 0.6788
2 -2.6810 -3.0751 39.8913 -0.2779 -0.9606 0.0026 0.9864 0.6951
2 -2.5933 -3.1072 37.3628 -0.3193 -0.9467 -0.0432 0.9643 0.7008
NPCjames.jpg
2 -2.5933 -3.1072 37.3628 -0.3193 -0.9467 -0.0432 0.9643 0.7008
40 0.6930 -3.3717 38.0923 0.1266 -0.9919 -0.0138 0.9595 0.6771
2 -0.7207 -3.4033 40.3190 -0.0056 -0.9999 0.0134 0.9853 0.6788
NPCjames.jpg
45 -6.4889 4.3063 26.0865 -0.4167 0.8916 -0.1771 0.8661 0.6095
45 -6.5639 4.9490 32.9728 -0.5784 0.8157 0.0069 0.9082 0.6038
45 -3.8188 6.3699 31.7752 0.2259 0.9674 -0.1145 0.8968 0.5787
NPCjames.jpg
45 -3.8188 6.3699 31.7752 0.2259 0.9674 -0.1145 0.8968 0.5787
45 -4.2423 4.3009 24.9217 0.4039 0.8673 -0.2909 0.8571 0.5897
45 -6.4889 4.3063 26.0865 -0.4167 0.8916 -0.1771 0.8661 0.6095
NPCjames.jpg
45 -1.8217 0.0144 27.3854 0.8644 -0.4691 -0.1809 0.8543 0.7060
45 -1.5831 0.9133 30.8892 0.9603 -0.2679 -0.0784 0.8840 0.7175
45 -4.6248 -1.5221 31.8462 0.0587 -0.9975 -0.0397 0.9009 0.6869
NPCjames.jpg
45 -4.6248 -1.5221 31.8462 0.0587 -0.9975 -0.0397 0.9009 0.6869
45 -6.0487 -1.0828 26.2676 -0.1423 -0.9832 -0.1142 0.8690 0.6783
45 -1.8217 0.0144 27.3854 0.8644 -0.4691 -0.1809 0.8543 0.7060
NPCjames.jpg
45 -6.0487 -1.0828 26.2676 -0.1423 -0.9832 -0.1142 0.8690 0.6783
45 -4.6248 -1.5221 31.8462 0.0587 -0.9975 -0.0397 0.9009 0.6869
45 -7.9921 -0.0583 33.1549 -0.7909 -0.6061 0.0844 0.9114 0.6538
NPCjames.jpg
45 -7.9921 -0.0583 33.1549 -0.7909 -0.6061 0.0844 0.9114 0.6538
45 -8.2381 0.2998 26.3631 -0.8690 -0.4925 -0.0476 0.8720 0.6531
45 -6.0487 -1.0828 26.2676 -0.1423 -0.9832 -0.1142 0.8690 0.6783
NPCjames.jpg
45 -7.9921 -0.0583 33.1549 -0.7909 -0.6061 0.0844 0.9114 0.6538
45 -8.4901 3.1545 33.4266 -0.9428 0.3276 0.0617 0.9125 0.6260
45 -8.3450 2.7756 26.2654 -0.9167 0.3938 -0.0679 0.8717 0.6307
NPCjames.jpg
45 -8.3450 2.7756 26.2654 -0.9167 0.3938 -0.0679 0.8717 0.6307
45 -8.2381 0.2998 26.3631 -0.8690 -0.4925 -0.0476 0.8720 0.6531
45 -7.9921 -0.0583 33.1549 -0.7909 -0.6061 0.0844 0.9114 0.6538
NPCjames.jpg
45 -8.4901 3.1545 33.4266 -0.9428 0.3276 0.0617 0.9125 0.6260
45 -6.5639 4.9490 32.9728 -0.5784 0.8157 0.0069 0.9082 0.6038
45 -6.4889 4.3063 26.0865 -0.4167 0.8916 -0.1771 0.8661 0.6095
NPCjames.jpg
45 -6.4889 4.3063 26.0865 -0.4167 0.8916 -0.1771 0.8661 0.6095
45 -8.3450 2.7756 26.2654 -0.9167 0.3938 -0.0679 0.8717 0.6307
45 -8.4901 3.1545 33.4266 -0.9428 0.3276 0.0617 0.9125 0.6260
NPCjames.jpg
45 -7.3697 2.7348 19.6819 -0.8500 0.5264 -0.0198 0.8166 0.6323
45 -7.5010 2.6971 21.1880 -0.7205 0.6788 -0.1416 0.8307 0.6306
45 -4.8100 3.3767 21.5492 0.4410 0.8921 -0.0989 0.8293 0.5968
NPCjames.jpg
45 -4.8100 3.3767 21.5492 0.4410 0.8921 -0.0989 0.8293 0.5968
45 -4.6020 3.7790 20.6460 0.4567 0.7348 0.5015 0.8195 0.5987
45 -7.3697 2.7348 19.6819 -0.8500 0.5264 -0.0198 0.8166 0.6323
NPCjames.jpg
45 -4.8100 3.3767 21.5492 0.4410 0.8921 -0.0989 0.8293 0.5968
45 -3.8320 0.5966 20.7116 0.8384 -0.4803 -0.2577 0.8153 0.5673
45 -4.0078 0.8040 19.4875 0.8771 -0.4595 -0.1398 0.8072 0.5695
NPCjames.jpg
45 -4.0078 0.8040 19.4875 0.8771 -0.4595 -0.1398 0.8072 0.5695
45 -4.6020 3.7790 20.6460 0.4567 0.7348 0.5015 0.8195 0.5987
45 -4.8100 3.3767 21.5492 0.4410 0.8921 -0.0989 0.8293 0.5968
NPCjames.jpg
45 -3.8320 0.5966 20.7116 0.8384 -0.4803 -0.2577 0.8226 0.6912
45 -6.8516 0.0506 20.4481 -0.3977 -0.9006 -0.1754 0.8261 0.6602
45 -5.5281 0.3744 18.4979 0.2417 -0.9335 -0.2649 0.8066 0.6709
NPCjames.jpg
45 -5.5281 0.3744 18.4979 0.2417 -0.9335 -0.2649 0.8066 0.6709
45 -4.0078 0.8040 19.4875 0.8771 -0.4595 -0.1398 0.8118 0.6873
45 -3.8320 0.5966 20.7116 0.8384 -0.4803 -0.2577 0.8226 0.6912
NPCjames.jpg
45 -6.8516 0.0506 20.4481 -0.3977 -0.9006 -0.1754 0.8261 0.6602
45 -6.8841 0.0954 18.6148 -0.5135 -0.8235 -0.2413 0.8100 0.6591
45 -5.5281 0.3744 18.4979 0.2417 -0.9335 -0.2649 0.8066 0.6709
NPCjames.jpg
45 -8.2381 0.2998 26.3631 -0.8690 -0.4925 -0.0476 0.8720 0.6531
45 -7.7641 1.1984 20.5182 -0.9361 -0.2420 -0.2554 0.8266 0.6460
45 -6.8516 0.0506 20.4481 -0.3977 -0.9006 -0.1754 0.8261 0.6602
NPCjames.jpg
45 -6.8516 0.0506 20.4481 -0.3977 -0.9006 -0.1754 0.8261 0.6602
45 -6.0487 -1.0828 26.2676 -0.1423 -0.9832 -0.1142 0.8690 0.6783
45 -8.2381 0.2998 26.3631 -0.8690 -0.4925 -0.0476 0.8720 0.6531
NPCjames.jpg
45 -7.3697 2.7348 19.6819 -0.8500 0.5264 -0.0198 0.8166 0.6323
45 -7.2786 1.5783 19.2312 -0.9670 -0.1391 -0.2134 0.8140 0.6445
45 -7.7641 1.1984 20.5182 -0.9361 -0.2420 -0.2554 0.8266 0.6460
NPCjames.jpg
45 -7.7641 1.1984 20.5182 -0.9361 -0.2420 -0.2554 0.8266 0.6460
45 -7.5010 2.6971 21.1880 -0.7205 0.6788 -0.1416 0.8307 0.6306
45 -7.3697 2.7348 19.6819 -0.8500 0.5264 -0.0198 0.8166 0.6323
NPCjames.jpg
46 -6.6316 4.9117 15.5918 -0.5854 0.7745 0.2397 0.7734 0.6299
46 -7.1485 3.2801 18.5882 -0.8563 0.5037 0.1144 0.8045 0.6314
46 -4.3170 4.2957 19.9032 0.4897 0.6887 0.5347 0.8066 0.6005
NPCjames.jpg
46 -4.3170 4.2957 19.9032 0.4897 0.6887 0.5347 0.8066 0.6005
46 -3.6402 5.4181 16.7891 0.5680 0.6971 0.4375 0.7755 0.6026
46 -6.6316 4.9117 15.5918 -0.5854 0.7745 0.2397 0.7734 0.6299
NPCjames.jpg
46 -3.6402 5.4181 16.7891 0.5680 0.6971 0.4375 0.7755 0.6026
46 -4.3170 4.2957 19.9032 0.4897 0.6887 0.5347 0.8066 0.6005
46 -4.0105 1.3470 17.7674 0.8184 -0.5735 -0.0361 0.7937 0.5700
NPCjames.jpg
46 -4.0105 1.3470 17.7674 0.8184 -0.5735 -0.0361 0.7937 0.5700
46 -2.9161 2.1914 15.0875 0.9145 -0.2902 0.2820 0.7672 0.5699
46 -3.6402 5.4181 16.7891 0.5680 0.6971 0.4375 0.7755 0.6026
NPCjames.jpg
46 -4.0105 1.3470 17.7674 0.8184 -0.5735 -0.0361 0.7937 0.5700
46 -4.3170 4.2957 19.9032 0.4897 0.6887 0.5347 0.8066 0.6005
45 -4.6020 3.7790 20.6460 0.4567 0.7348 0.5015 0.8195 0.5987
NPCjames.jpg
45 -4.6020 3.7790 20.6460 0.4567 0.7348 0.5015 0.8195 0.5987
45 -4.0078 0.8040 19.4875 0.8771 -0.4595 -0.1398 0.8072 0.5695
46 -4.0105 1.3470 17.7674 0.8184 -0.5735 -0.0361 0.7937 0.5700
NPCjames.jpg
45 -5.5281 0.3744 18.4979 0.2417 -0.9335 -0.2649 0.8066 0.6709
46 -6.5841 1.1211 16.8890 -0.4617 -0.7439 -0.4831 0.7953 0.6587
46 -5.3576 1.0462 17.0910 0.2140 -0.9140 -0.3447 0.7945 0.6708
NPCjames.jpg
46 -5.3576 1.0462 17.0910 0.2140 -0.9140 -0.3447 0.7945 0.6708
46 -4.0105 1.3470 17.7674 0.8184 -0.5735 -0.0361 0.7964 0.6862
45 -5.5281 0.3744 18.4979 0.2417 -0.9335 -0.2649 0.8066 0.6709
NPCjames.jpg
45 -5.5281 0.3744 18.4979 0.2417 -0.9335 -0.2649 0.8066 0.6709
45 -6.8841 0.0954 18.6148 -0.5135 -0.8235 -0.2413 0.8100 0.6591
46 -6.5841 1.1211 16.8890 -0.4617 -0.7439 -0.4831 0.7953 0.6587
NPCjames.jpg
46 -7.0857 1.9123 17.6926 -0.9778 -0.0893 -0.1897 0.8007 0.6465
46 -6.5841 1.1211 16.8890 -0.4617 -0.7439 -0.4831 0.7953 0.6587
45 -6.8841 0.0954 18.6148 -0.5135 -0.8235 -0.2413 0.8100 0.6591
NPCjames.jpg
45 -6.8841 0.0954 18.6148 -0.5135 -0.8235 -0.2413 0.8100 0.6591
45 -7.2786 1.5783 19.2312 -0.9670 -0.1391 -0.2134 0.8140 0.6445
46 -7.0857 1.9123 17.6926 -0.9778 -0.0893 -0.1897 0.8007 0.6465
NPCjames.jpg
45 -4.7001 -1.3391 34.7541 -0.3561 -0.9283 -0.1067 0.9288 0.6851
45 -7.3839 0.5087 37.5330 -0.8784 -0.4737 0.0640 0.9512 0.6502
45 -7.9921 -0.0583 33.1549 -0.7909 -0.6061 0.0844 0.9114 0.6538
NPCjames.jpg
45 -7.9921 -0.0583 33.1549 -0.7909 -0.6061 0.0844 0.9114 0.6538
45 -4.6248 -1.5221 31.8462 0.0587 -0.9975 -0.0397 0.9009 0.6869
45 -4.7001 -1.3391 34.7541 -0.3561 -0.9283 -0.1067 0.9288 0.6851
NPCjames.jpg
45 -4.7001 -1.3391 34.7541 -0.3561 -0.9283 -0.1067 0.9288 0.6851
45 -4.6248 -1.5221 31.8462 0.0587 -0.9975 -0.0397 0.9009 0.6869
45 -3.0766 -1.1708 33.6036 -0.0869 -0.8209 -0.5644 0.9176 0.7028
NPCjames.jpg
45 -1.3483 0.7531 32.9520 -0.3277 -0.1913 -0.9252 0.9011 0.7221
45 -3.0766 -1.1708 33.6036 -0.0869 -0.8209 -0.5644 0.9176 0.7028
45 -1.5831 0.9133 30.8892 0.9603 -0.2679 -0.0784 0.8840 0.7175
NPCjames.jpg
45 -2.2116 3.6954 30.7283 0.8965 0.4011 -0.1883 0.8794 0.5569
45 -1.5061 3.4852 33.5103 0.4519 0.5695 -0.6866 0.9026 0.5437
45 -1.3483 0.7531 32.9520 -0.3277 -0.1913 -0.9252 0.8850 0.5251
NPCjames.jpg
45 -1.3483 0.7531 32.9520 -0.3277 -0.1913 -0.9252 0.8850 0.5251
45 -1.5831 0.9133 30.8892 0.9603 -0.2679 -0.0784 0.8692 0.5350
45 -2.2116 3.6954 30.7283 0.8965 0.4011 -0.1883 0.8794 0.5569
NPCjames.jpg
45 -3.8188 6.3699 31.7752 0.2259 0.9674 -0.1145 0.8968 0.5787
45 -3.6719 6.2408 34.6826 -0.0371 0.9706 -0.2377 0.9232 0.5733
45 -1.5061 3.4852 33.5103 0.4519 0.5695 -0.6866 0.9026 0.5437
NPCjames.jpg
45 -1.5061 3.4852 33.5103 0.4519 0.5695 -0.6866 0.9026 0.5437
45 -2.2116 3.6954 30.7283 0.8965 0.4011 -0.1883 0.8794 0.5569
45 -3.8188 6.3699 31.7752 0.2259 0.9674 -0.1145 0.8968 0.5787
NPCjames.jpg
45 -6.5639 4.9490 32.9728 -0.5784 0.8157 0.0069 0.9082 0.6038
45 -3.6719 6.2408 34.6826 -0.0371 0.9706 -0.2377 0.9232 0.5733
45 -3.8188 6.3699 31.7752 0.2259 0.9674 -0.1145 0.8968 0.5787
NPCjames.jpg
45 -8.4901 3.1545 33.4266 -0.9428 0.3276 0.0617 0.9125 0.6260
45 -7.7065 3.2535 37.5166 -0.9184 0.3669 0.1481 0.9497 0.6232
45 -6.0282 4.9607 36.3034 -0.6271 0.7767 0.0593 0.9384 0.6000
NPCjames.jpg
45 -6.0282 4.9607 36.3034 -0.6271 0.7767 0.0593 0.9384 0.6000
45 -6.5639 4.9490 32.9728 -0.5784 0.8157 0.0069 0.9082 0.6038
45 -8.4901 3.1545 33.4266 -0.9428 0.3276 0.0617 0.9125 0.6260
NPCjames.jpg
45 -8.4901 3.1545 33.4266 -0.9428 0.3276 0.0617 0.9125 0.6260
45 -7.9921 -0.0583 33.1549 -0.7909 -0.6061 0.0844 0.9114 0.6538
45 -7.3839 0.5087 37.5330 -0.8784 -0.4737 0.0640 0.9512 0.6502
NPCjames.jpg
45 -7.3839 0.5087 37.5330 -0.8784 -0.4737 0.0640 0.9512 0.6502
45 -7.7065 3.2535 37.5166 -0.9184 0.3669 0.1481 0.9497 0.6232
45 -8.4901 3.1545 33.4266 -0.9428 0.3276 0.0617 0.9125 0.6260
NPCjames.jpg
2 -1.2306 0.9714 32.5852 -0.2227 -0.0537 -0.9734 0.8866 0.5224
45 -1.3483 0.7531 32.9520 -0.3277 -0.1913 -0.9252 0.8850 0.5251
45 -1.5061 3.4852 33.5103 0.4519 0.5695 -0.6866 0.9026 0.5437
NPCjames.jpg
45 -1.5061 3.4852 33.5103 0.4519 0.5695 -0.6866 0.9026 0.5437
2 -0.4895 3.6394 33.3769 0.2543 0.5108 -0.8212 0.9068 0.5374
2 -1.2306 0.9714 32.5852 -0.2227 -0.0537 -0.9734 0.8866 0.5224
NPCjames.jpg
2 -2.0045 -1.6293 33.1562 -0.2522 -0.3729 -0.8929 0.9229 0.7125
45 -3.0766 -1.1708 33.6036 -0.0869 -0.8209 -0.5644 0.9176 0.7028
45 -1.3483 0.7531 32.9520 -0.3277 -0.1913 -0.9252 0.9011 0.7221
NPCjames.jpg
45 -1.3483 0.7531 32.9520 -0.3277 -0.1913 -0.9252 0.9011 0.7221
2 -1.8380 -1.1196 32.6567 -0.1458 -0.5323 -0.8339 0.9189 0.7155
2 -2.0045 -1.6293 33.1562 -0.2522 -0.3729 -0.8929 0.9229 0.7125
NPCjames.jpg
45 -3.0766 -1.1708 33.6036 -0.0869 -0.8209 -0.5644 0.9176 0.7028
45 -4.2361 -1.9264 35.6964 -0.5660 -0.7933 -0.2242 0.9395 0.6899
45 -4.7001 -1.3391 34.7541 -0.3561 -0.9283 -0.1067 0.9288 0.6851
NPCjames.jpg
45 -6.8516 0.0506 20.4481 -0.3977 -0.9006 -0.1754 0.8261 0.6602
45 -7.7641 1.1984 20.5182 -0.9361 -0.2420 -0.2554 0.8266 0.6460
45 -7.2786 1.5783 19.2312 -0.9670 -0.1391 -0.2134 0.8140 0.6445
NPCjames.jpg
45 -7.2786 1.5783 19.2312 -0.9670 -0.1391 -0.2134 0.8140 0.6445
45 -6.8841 0.0954 18.6148 -0.5135 -0.8235 -0.2413 0.8100 0.6591
45 -6.8516 0.0506 20.4481 -0.3977 -0.9006 -0.1754 0.8261 0.6602
NPCjames.jpg
45 -6.0487 -1.0828 26.2676 -0.1423 -0.9832 -0.1142 0.8690 0.6783
45 -6.8516 0.0506 20.4481 -0.3977 -0.9006 -0.1754 0.8261 0.6602
45 -3.8320 0.5966 20.7116 0.8384 -0.4803 -0.2577 0.8226 0.6912
NPCjames.jpg
45 -3.6719 6.2408 34.6826 -0.0371 0.9706 -0.2377 0.9232 0.5733
45 -1.5069 6.5309 35.5594 0.2109 0.8904 -0.4034 0.9348 0.5541
45 -1.5061 3.4852 33.5103 0.4519 0.5695 -0.6866 0.9026 0.5437
NPCjames.jpg
2 0.1235 6.0735 35.7438 0.3763 0.8756 -0.3028 0.9371 0.5408
2 -0.4895 3.6394 33.3769 0.2543 0.5108 -0.8212 0.9068 0.5374
45 -1.5061 3.4852 33.5103 0.4519 0.5695 -0.6866 0.9026 0.5437
NPCjames.jpg
45 -1.5061 3.4852 33.5103 0.4519 0.5695 -0.6866 0.9026 0.5437
45 -1.5069 6.5309 35.5594 0.2109 0.8904 -0.4034 0.9348 0.5541
2 0.1235 6.0735 35.7438 0.3763 0.8756 -0.3028 0.9371 0.5408
NPCjames.jpg
45 -1.5069 6.5309 35.5594 0.2109 0.8904 -0.4034 0.9348 0.5541
45 -3.6719 6.2408 34.6826 -0.0371 0.9706 -0.2377 0.9232 0.5733
45 -4.2221 6.5930 37.0371 -0.3724 0.9273 0.0377 0.9456 0.5787
NPCjames.jpg
45 -4.2221 6.5930 37.0371 -0.3724 0.9273 0.0377 0.9456 0.5787
45 -2.2259 6.6429 37.5330 0.0978 0.9805 0.1702 0.9518 0.5618
45 -1.5069 6.5309 35.5594 0.2109 0.8904 -0.4034 0.9348 0.5541
NPCjames.jpg
2 -2.7444 5.2660 41.5110 0.0609 0.9295 0.3638 0.9879 0.5706
2 -0.5952 4.3439 41.4389 0.2333 0.8657 0.4429 0.9919 0.5516
2 -0.0766 5.7391 38.4384 0.3158 0.8871 0.3366 0.9619 0.5450
NPCjames.jpg
45 -6.0282 4.9607 36.3034 -0.6271 0.7767 0.0593 0.9384 0.6000
2 -7.1412 3.1171 41.4288 -0.8998 0.4110 0.1466 0.9858 0.6178
2 -5.1849 4.8370 41.4229 -0.4787 0.8519 0.2124 0.9853 0.5936
NPCjames.jpg
45 -2.2259 6.6429 37.5330 0.0978 0.9805 0.1702 0.9518 0.5618
45 -4.2221 6.5930 37.0371 -0.3724 0.9273 0.0377 0.9456 0.5787
2 -5.1849 4.8370 41.4229 -0.4787 0.8519 0.2124 0.9853 0.5936
NPCjames.jpg
2 -5.1849 4.8370 41.4229 -0.4787 0.8519 0.2124 0.9853 0.5936
2 -2.7444 5.2660 41.5110 0.0609 0.9295 0.3638 0.9879 0.5706
45 -2.2259 6.6429 37.5330 0.0978 0.9805 0.1702 0.9518 0.5618
NPCjames.jpg
45 -7.7065 3.2535 37.5166 -0.9184 0.3669 0.1481 0.9497 0.6232
45 -7.3839 0.5087 37.5330 -0.8784 -0.4737 0.0640 0.9512 0.6502
2 -7.0609 -0.0721 41.0086 -0.9010 -0.4326 0.0329 0.9861 0.6476
NPCjames.jpg
2 -7.0609 -0.0721 41.0086 -0.9010 -0.4326 0.0329 0.9861 0.6476
2 -7.1412 3.1171 41.4288 -0.8998 0.4110 0.1466 0.9858 0.6178
45 -7.7065 3.2535 37.5166 -0.9184 0.3669 0.1481 0.9497 0.6232
NPCjames.jpg
45 -7.7065 3.2535 37.5166 -0.9184 0.3669 0.1481 0.9497 0.6232
2 -7.1412 3.1171 41.4288 -0.8998 0.4110 0.1466 0.9858 0.6178
45 -6.0282 4.9607 36.3034 -0.6271 0.7767 0.0593 0.9384 0.6000
NPCjames.jpg
45 -6.0282 4.9607 36.3034 -0.6271 0.7767 0.0593 0.9384 0.6000
2 -5.1849 4.8370 41.4229 -0.4787 0.8519 0.2124 0.9853 0.5936
45 -4.2221 6.5930 37.0371 -0.3724 0.9273 0.0377 0.9456 0.5787
NPCjames.jpg
45 -3.6719 6.2408 34.6826 -0.0371 0.9706 -0.2377 0.9232 0.5733
45 -6.0282 4.9607 36.3034 -0.6271 0.7767 0.0593 0.9384 0.6000
45 -4.2221 6.5930 37.0371 -0.3724 0.9273 0.0377 0.9456 0.5787
NPCjames.jpg
45 -6.5639 4.9490 32.9728 -0.5784 0.8157 0.0069 0.9082 0.6038
45 -6.0282 4.9607 36.3034 -0.6271 0.7767 0.0593 0.9384 0.6000
45 -3.6719 6.2408 34.6826 -0.0371 0.9706 -0.2377 0.9232 0.5733
NPCjames.jpg
45 -2.2259 6.6429 37.5330 0.0978 0.9805 0.1702 0.9518 0.5618
2 -2.7444 5.2660 41.5110 0.0609 0.9295 0.3638 0.9879 0.5706
2 -0.0766 5.7391 38.4384 0.3158 0.8871 0.3366 0.9619 0.5450
NPCjames.jpg
2 -0.0766 5.7391 38.4384 0.3158 0.8871 0.3366 0.9619 0.5450
2 -0.0453 5.8159 38.2009 0.3571 0.9051 0.2306 0.9597 0.5445
45 -2.2259 6.6429 37.5330 0.0978 0.9805 0.1702 0.9518 0.5618
NPCjames.jpg
45 -5.1817 -1.5673 37.9928 -0.6184 -0.7789 -0.1046 0.9595 0.6771
2 -7.0609 -0.0721 41.0086 -0.9010 -0.4326 0.0329 0.9861 0.6476
45 -7.3839 0.5087 37.5330 -0.8784 -0.4737 0.0640 0.9512 0.6502
NPCjames.jpg
45 -5.1817 -1.5673 37.9928 -0.6184 -0.7789 -0.1046 0.9595 0.6771
2 -4.5391 -2.2991 40.1724 -0.5613 -0.8252 -0.0635 0.9853 0.6788
2 -7.0609 -0.0721 41.0086 -0.9010 -0.4326 0.0329 0.9861 0.6476
NPCjames.jpg
45 -4.2361 -1.9264 35.6964 -0.5660 -0.7933 -0.2242 0.9395 0.6899
45 -5.1817 -1.5673 37.9928 -0.6184 -0.7789 -0.1046 0.9595 0.6771
45 -7.3839 0.5087 37.5330 -0.8784 -0.4737 0.0640 0.9512 0.6502
NPCjames.jpg
45 -7.3839 0.5087 37.5330 -0.8784 -0.4737 0.0640 0.9512 0.6502
45 -4.7001 -1.3391 34.7541 -0.3561 -0.9283 -0.1067 0.9288 0.6851
45 -4.2361 -1.9264 35.6964 -0.5660 -0.7933 -0.2242 0.9395 0.6899
NPCjames.jpg
45 -3.3347 2.6673 24.2654 0.8769 0.3986 -0.2687 0.8469 0.5744
45 -3.8320 0.5966 20.7116 0.8384 -0.4803 -0.2577 0.8153 0.5673
45 -4.8100 3.3767 21.5492 0.4410 0.8921 -0.0989 0.8293 0.5968
NPCjames.jpg
45 -4.2423 4.3009 24.9217 0.4039 0.8673 -0.2909 0.8571 0.5897
45 -3.3347 2.6673 24.2654 0.8769 0.3986 -0.2687 0.8469 0.5744
45 -4.8100 3.3767 21.5492 0.4410 0.8921 -0.0989 0.8293 0.5968
NPCjames.jpg
45 -4.2423 4.3009 24.9217 0.4039 0.8673 -0.2909 0.8571 0.5897
45 -4.8100 3.3767 21.5492 0.4410 0.8921 -0.0989 0.8293 0.5968
45 -6.4889 4.3063 26.0865 -0.4167 0.8916 -0.1771 0.8661 0.6095
NPCjames.jpg
45 -6.4889 4.3063 26.0865 -0.4167 0.8916 -0.1771 0.8661 0.6095
45 -7.5010 2.6971 21.1880 -0.7205 0.6788 -0.1416 0.8307 0.6306
45 -8.3450 2.7756 26.2654 -0.9167 0.3938 -0.0679 0.8717 0.6307
NPCjames.jpg
45 -7.7641 1.1984 20.5182 -0.9361 -0.2420 -0.2554 0.8266 0.6460
45 -8.2381 0.2998 26.3631 -0.8690 -0.4925 -0.0476 0.8720 0.6531
45 -8.3450 2.7756 26.2654 -0.9167 0.3938 -0.0679 0.8717 0.6307
NPCjames.jpg
45 -8.3450 2.7756 26.2654 -0.9167 0.3938 -0.0679 0.8717 0.6307
45 -7.5010 2.6971 21.1880 -0.7205 0.6788 -0.1416 0.8307 0.6306
45 -7.7641 1.1984 20.5182 -0.9361 -0.2420 -0.2554 0.8266 0.6460
NPCjames.jpg
45 -5.5281 0.3744 18.4979 0.2417 -0.9335 -0.2649 0.8066 0.6709
46 -4.0105 1.3470 17.7674 0.8184 -0.5735 -0.0361 0.7964 0.6862
45 -4.0078 0.8040 19.4875 0.8771 -0.4595 -0.1398 0.8118 0.6873
NPCjames.jpg
45 -7.3697 2.7348 19.6819 -0.8500 0.5264 -0.0198 0.8166 0.6323
45 -4.6020 3.7790 20.6460 0.4567 0.7348 0.5015 0.8195 0.5987
46 -4.3170 4.2957 19.9032 0.4897 0.6887 0.5347 0.8066 0.6005
NPCjames.jpg
46 -4.3170 4.2957 19.9032 0.4897 0.6887 0.5347 0.8066 0.6005
46 -7.1485 3.2801 18.5882 -0.8563 0.5037 0.1144 0.8045 0.6314
45 -7.3697 2.7348 19.6819 -0.8500 0.5264 -0.0198 0.8166 0.6323
NPCjames.jpg
46 -7.1485 3.2801 18.5882 -0.8563 0.5037 0.1144 0.8045 0.6314
46 -7.0857 1.9123 17.6926 -0.9778 -0.0893 -0.1897 0.8007 0.6465
45 -7.2786 1.5783 19.2312 -0.9670 -0.1391 -0.2134 0.8140 0.6445
NPCjames.jpg
45 -7.2786 1.5783 19.2312 -0.9670 -0.1391 -0.2134 0.8140 0.6445
45 -7.3697 2.7348 19.6819 -0.8500 0.5264 -0.0198 0.8166 0.6323
46 -7.1485 3.2801 18.5882 -0.8563 0.5037 0.1144 0.8045 0.6314
NPCjames.jpg
45 -1.3483 0.7531 32.9520 -0.3277 -0.1913 -0.9252 0.9011 0.7221
2 -1.2306 0.9714 32.5852 -0.2227 -0.0537 -0.9734 0.9022 0.7253
2 -1.8380 -1.1196 32.6567 -0.1458 -0.5323 -0.8339 0.9189 0.7155
NPCjames.jpg
45 -2.2116 3.6954 30.7283 0.8965 0.4011 -0.1883 0.8794 0.5569
45 -1.5831 0.9133 30.8892 0.9603 -0.2679 -0.0784 0.8692 0.5350
45 -1.8217 0.0144 27.3854 0.8644 -0.4691 -0.1809 0.8435 0.5521
NPCjames.jpg
45 -2.2116 3.6954 30.7283 0.8965 0.4011 -0.1883 0.8794 0.5569
45 -3.3347 2.6673 24.2654 0.8769 0.3986 -0.2687 0.8469 0.5744
45 -4.2423 4.3009 24.9217 0.4039 0.8673 -0.2909 0.8571 0.5897
NPCjames.jpg
45 -4.2423 4.3009 24.9217 0.4039 0.8673 -0.2909 0.8571 0.5897
45 -3.8188 6.3699 31.7752 0.2259 0.9674 -0.1145 0.8968 0.5787
45 -2.2116 3.6954 30.7283 0.8965 0.4011 -0.1883 0.8794 0.5569
NPCjames.jpg
45 -2.2116 3.6954 30.7283 0.8965 0.4011 -0.1883 0.8794 0.5569
45 -1.8217 0.0144 27.3854 0.8644 -0.4691 -0.1809 0.8435 0.5521
45 -3.3347 2.6673 24.2654 0.8769 0.3986 -0.2687 0.8469 0.5744
NPCjames.jpg
46 -5.3576 1.0462 17.0910 0.2140 -0.9140 -0.3447 0.7945 0.6708
46 -2.9161 2.1914 15.0875 0.9145 -0.2902 0.2820 0.7695 0.6891
46 -4.0105 1.3470 17.7674 0.8184 -0.5735 -0.0361 0.7964 0.6862
NPCjames.jpg
46 -6.6316 4.9117 15.5918 -0.5854 0.7745 0.2397 0.7734 0.6299
46 -7.0857 1.9123 17.6926 -0.9778 -0.0893 -0.1897 0.8007 0.6465
46 -7.1485 3.2801 18.5882 -0.8563 0.5037 0.1144 0.8045 0.6314
NPCjames.jpg
45 -3.3347 2.6673 24.2654 0.8769 0.3986 -0.2687 0.8469 0.5744
45 -1.8217 0.0144 27.3854 0.8644 -0.4691 -0.1809 0.8435 0.5521
45 -3.8320 0.5966 20.7116 0.8384 -0.4803 -0.2577 0.8153 0.5673
NPCjames.jpg
45 -6.4889 4.3063 26.0865 -0.4167 0.8916 -0.1771 0.8661 0.6095
45 -4.8100 3.3767 21.5492 0.4410 0.8921 -0.0989 0.8293 0.5968
45 -7.5010 2.6971 21.1880 -0.7205 0.6788 -0.1416 0.8307 0.6306
NPCjames.jpg
45 -3.8320 0.5966 20.7116 0.8384 -0.4803 -0.2577 0.8226 0.6912
45 -1.8217 0.0144 27.3854 0.8644 -0.4691 -0.1809 0.8543 0.7060
45 -6.0487 -1.0828 26.2676 -0.1423 -0.9832 -0.1142 0.8690 0.6783
NPCjames.jpg
45 -1.5831 0.9133 30.8892 0.9603 -0.2679 -0.0784 0.8840 0.7175
45 -3.0766 -1.1708 33.6036 -0.0869 -0.8209 -0.5644 0.9176 0.7028
45 -4.6248 -1.5221 31.8462 0.0587 -0.9975 -0.0397 0.9009 0.6869
NPCjames.jpg
2 -2.5933 -3.1072 37.3628 -0.3193 -0.9467 -0.0432 0.9643 0.7008
45 -5.1817 -1.5673 37.9928 -0.6184 -0.7789 -0.1046 0.9595 0.6771
45 -4.2361 -1.9264 35.6964 -0.5660 -0.7933 -0.2242 0.9395 0.6899
NPCjames.jpg
45 -4.2361 -1.9264 35.6964 -0.5660 -0.7933 -0.2242 0.9395 0.6899
2 -2.4548 -2.9970 34.5855 -0.3552 -0.8386 -0.4130 0.9410 0.7077
2 -2.5933 -3.1072 37.3628 -0.3193 -0.9467 -0.0432 0.9643 0.7008
NPCjames.jpg
45 -1.5069 6.5309 35.5594 0.2109 0.8904 -0.4034 0.9348 0.5541
45 -2.2259 6.6429 37.5330 0.0978 0.9805 0.1702 0.9518 0.5618
2 -0.0453 5.8159 38.2009 0.3571 0.9051 0.2306 0.9597 0.5445
NPCjames.jpg
2 -0.0453 5.8159 38.2009 0.3571 0.9051 0.2306 0.9597 0.5445
2 0.1235 6.0735 35.7438 0.3763 0.8756 -0.3028 0.9371 0.5408
45 -1.5069 6.5309 35.5594 0.2109 0.8904 -0.4034 0.9348 0.5541
NPCjames.jpg
2 -2.4548 -2.9970 34.5855 -0.3552 -0.8386 -0.4130 0.9410 0.7077
45 -4.2361 -1.9264 35.6964 -0.5660 -0.7933 -0.2242 0.9395 0.6899
45 -3.0766 -1.1708 33.6036 -0.0869 -0.8209 -0.5644 0.9176 0.7028
NPCjames.jpg
45 -3.0766 -1.1708 33.6036 -0.0869 -0.8209 -0.5644 0.9176 0.7028
2 -2.0045 -1.6293 33.1562 -0.2522 -0.3729 -0.8929 0.9229 0.7125
2 -2.4548 -2.9970 34.5855 -0.3552 -0.8386 -0.4130 0.9410 0.7077
NPCjames.jpg
2 -4.5391 -2.2991 40.1724 -0.5613 -0.8252 -0.0635 0.9853 0.6788
45 -5.1817 -1.5673 37.9928 -0.6184 -0.7789 -0.1046 0.9595 0.6771
2 -2.5933 -3.1072 37.3628 -0.3193 -0.9467 -0.0432 0.9643 0.7008
NPCjames.jpg
2 -2.5933 -3.1072 37.3628 -0.3193 -0.9467 -0.0432 0.9643 0.7008
2 -2.6810 -3.0751 39.8913 -0.2779 -0.9606 0.0026 0.9864 0.6951
2 -4.5391 -2.2991 40.1724 -0.5613 -0.8252 -0.0635 0.9853 0.6788
NPCjames.jpg
62 5.7116 5.9110 28.2611 0.6738 0.7209 0.1621 0.2968 0.2667
63 2.9918 8.5909 24.7522 0.5926 0.7922 0.1457 0.3549 0.2364
62 1.4718 9.2848 25.7814 0.2644 0.9503 0.1641 0.3683 0.2494
NPCjames.jpg
62 1.4718 9.2848 25.7814 0.2644 0.9503 0.1641 0.3683 0.2494
2 0.9962 8.9261 28.6600 0.2337 0.9519 0.1983 0.3591 0.2815
62 5.7116 5.9110 28.2611 0.6738 0.7209 0.1621 0.2968 0.2667
NPCjames.jpg
62 5.0475 5.7542 34.9673 0.6060 0.7675 0.2090 0.2884 0.3307
58 8.7740 1.4076 30.5468 0.9391 0.3430 0.0184 0.2299 0.2734
62 5.7116 5.9110 28.2611 0.6738 0.7209 0.1621 0.2968 0.2667
NPCjames.jpg
62 5.7116 5.9110 28.2611 0.6738 0.7209 0.1621 0.2968 0.2667
2 0.9962 8.9261 28.6600 0.2337 0.9519 0.1983 0.3591 0.2815
2 0.5689 7.4501 34.8581 0.2589 0.9422 0.2127 0.3447 0.3421
NPCjames.jpg
2 0.5689 7.4501 34.8581 0.2589 0.9422 0.2127 0.3447 0.3421
62 5.0475 5.7542 34.9673 0.6060 0.7675 0.2090 0.2884 0.3307
62 5.7116 5.9110 28.2611 0.6738 0.7209 0.1621 0.2968 0.2667
NPCjames.jpg
2 3.8016 -3.6301 41.5382 0.0227 -0.9966 0.0794 0.1229 0.4186
2 3.3083 -3.6506 41.5711 0.1225 -0.9733 0.1939 0.1165 0.4205
2 6.6255 -3.9843 39.5742 0.2692 -0.9391 0.2134 0.1452 0.3840
NPCjames.jpg
2 6.6255 -3.9843 39.5742 0.2692 -0.9391 0.2134 0.1452 0.3840
2 5.3128 -3.5673 41.4375 0.2503 -0.9530 0.1704 0.1427 0.4129
2 3.8016 -3.6301 41.5382 0.0227 -0.9966 0.0794 0.1229 0.4186
NPCjames.jpg
60 6.6968 -10.7496 14.2138 0.1765 -0.9708 0.1624 0.0729 0.1030
59 5.7129 -9.8762 18.9045 0.1562 -0.9598 0.2330 0.0750 0.1648
59 2.9672 -9.7811 18.0766 -0.0850 -0.9781 0.1898 0.0390 0.1654
NPCjames.jpg
59 2.9672 -9.7811 18.0766 -0.0850 -0.9781 0.1898 0.0390 0.1654
60 4.2901 -10.4815 14.9813 -0.0741 -0.9908 0.1135 0.0462 0.1196
60 6.6968 -10.7496 14.2138 0.1765 -0.9708 0.1624 0.0729 0.1030
NPCjames.jpg
59 8.7948 -8.1701 19.9928 0.6468 -0.7096 0.2795 0.1213 0.1710
59 5.7129 -9.8762 18.9045 0.1562 -0.9598 0.2330 0.0750 0.1648
60 6.6968 -10.7496 14.2138 0.1765 -0.9708 0.1624 0.0729 0.1030
NPCjames.jpg
60 6.6968 -10.7496 14.2138 0.1765 -0.9708 0.1624 0.0729 0.1030
60 10.0205 -8.9177 13.7761 0.6868 -0.6822 0.2509 0.1197 0.0910
59 8.7948 -8.1701 19.9928 0.6468 -0.7096 0.2795 0.1213 0.1710
NPCjames.jpg
59 10.8328 -4.6840 20.0936 0.9473 -0.1743 0.2689 0.1731 0.1723
59 8.7948 -8.1701 19.9928 0.6468 -0.7096 0.2795 0.1213 0.1710
60 10.0205 -8.9177 13.7761 0.6868 -0.6822 0.2509 0.1197 0.0910
NPCjames.jpg
60 10.0205 -8.9177 13.7761 0.6868 -0.6822 0.2509 0.1197 0.0910
60 11.9697 -5.4749 13.5357 0.9420 -0.2006 0.2690 0.1709 0.0865
59 10.8328 -4.6840 20.0936 0.9473 -0.1743 0.2689 0.1731 0.1723
NPCjames.jpg
63 7.1850 7.3047 19.4835 0.6889 0.6957 0.2033 0.3224 0.1775
63 9.5105 1.3554 20.5923 0.9437 0.2682 0.1934 0.2425 0.1746
64 11.1258 1.4407 14.1536 0.9085 0.2374 0.3438 0.2530 0.0916
NPCjames.jpg
64 11.1258 1.4407 14.1536 0.9085 0.2374 0.3438 0.2530 0.0916
64 7.6213 8.5896 14.1005 0.6020 0.7018 0.3809 0.3506 0.1134
63 7.1850 7.3047 19.4835 0.6889 0.6957 0.2033 0.3224 0.1775
NPCjames.jpg
63 7.1850 7.3047 19.4835 0.6889 0.6957 0.2033 0.3224 0.1775
64 7.6213 8.5896 14.1005 0.6020 0.7018 0.3809 0.3506 0.1134
64 3.9790 9.8766 13.6006 0.2340 0.9099 0.3424 0.3936 0.1342
NPCjames.jpg
64 3.9790 9.8766 13.6006 0.2340 0.9099 0.3424 0.3936 0.1342
64 3.9961 9.0373 18.3516 0.4205 0.8898 0.1772 0.3686 0.1818
63 7.1850 7.3047 19.4835 0.6889 0.6957 0.2033 0.3224 0.1775
NPCjames.jpg
63 9.5105 1.3554 20.5923 0.9437 0.2682 0.1934 0.2425 0.1746
58 8.6147 1.1740 29.2541 0.9747 0.2226 -0.0211 0.2297 0.2635
59 8.6438 -3.4133 27.0703 0.9375 -0.2435 0.2488 0.1727 0.2538
NPCjames.jpg
59 8.6438 -3.4133 27.0703 0.9375 -0.2435 0.2488 0.1727 0.2538
59 10.8328 -4.6840 20.0936 0.9473 -0.1743 0.2689 0.1731 0.1723
63 9.5105 1.3554 20.5923 0.9437 0.2682 0.1934 0.2425 0.1746
NPCjames.jpg
58 7.6784 1.5664 33.9592 0.8983 0.3728 0.2325 0.2317 0.3181
2 7.3419 -0.3842 37.3611 0.9123 0.3970 -0.1005 0.2071 0.3532
2 8.3778 -2.8189 37.1415 0.8500 -0.2701 -0.4523 0.1700 0.3517
NPCjames.jpg
2 8.3778 -2.8189 37.1415 0.8500 -0.2701 -0.4523 0.1700 0.3517
58 8.9848 -3.1731 33.8630 0.9226 -0.3371 0.1876 0.1693 0.3108
58 7.6784 1.5664 33.9592 0.8983 0.3728 0.2325 0.2317 0.3181
NPCjames.jpg
62 5.0475 5.7542 34.9673 0.6060 0.7675 0.2090 0.2884 0.3307
2 3.3368 5.3213 38.2852 0.4996 0.7891 0.3574 0.2946 0.3755
2 6.6128 1.8463 38.6111 0.7867 0.5766 0.2206 0.2359 0.3720
NPCjames.jpg
2 6.6128 1.8463 38.6111 0.7867 0.5766 0.2206 0.2359 0.3720
58 7.6784 1.5664 33.9592 0.8983 0.3728 0.2325 0.2317 0.3181
62 5.0475 5.7542 34.9673 0.6060 0.7675 0.2090 0.2884 0.3307
NPCjames.jpg
2 5.9363 0.4062 42.6105 0.2803 0.5031 0.8175 0.2137 0.4253
2 5.2628 0.1975 42.0884 -0.6337 0.1435 0.7602 0.2187 0.4343
2 4.7391 -2.0483 42.2298 -0.3701 0.0929 0.9243 0.1778 0.4329
NPCjames.jpg
2 4.7391 -2.0483 42.2298 -0.3701 0.0929 0.9243 0.1778 0.4329
2 6.9588 -2.3463 43.0954 0.5654 -0.2076 0.7983 0.1755 0.4234
2 5.9363 0.4062 42.6105 0.2803 0.5031 0.8175 0.2137 0.4253
NPCjames.jpg
58 2.5613 -6.0691 33.1222 -0.0235 -0.9794 0.2007 0.0758 0.3126
58 6.3919 -6.4220 28.6164 0.4928 -0.8353 0.2437 0.1240 0.2600
58 5.8267 -5.7514 33.3061 0.3536 -0.9076 0.2262 0.1167 0.3061
NPCjames.jpg
58 8.9848 -3.1731 33.8630 0.9226 -0.3371 0.1876 0.1693 0.3108
58 9.5303 -3.4093 29.0433 0.8792 -0.2405 -0.4114 0.1709 0.2660
58 8.7740 1.4076 30.5468 0.9391 0.3430 0.0184 0.2299 0.2734
NPCjames.jpg
58 8.7740 1.4076 30.5468 0.9391 0.3430 0.0184 0.2299 0.2734
58 7.6784 1.5664 33.9592 0.8983 0.3728 0.2325 0.2317 0.3181
58 8.9848 -3.1731 33.8630 0.9226 -0.3371 0.1876 0.1693 0.3108
NPCjames.jpg
64 11.1258 1.4407 14.1536 0.9085 0.2374 0.3438 0.2530 0.0916
63 9.5105 1.3554 20.5923 0.9437 0.2682 0.1934 0.2425 0.1746
59 10.8328 -4.6840 20.0936 0.9473 -0.1743 0.2689 0.1731 0.1723
NPCjames.jpg
59 10.8328 -4.6840 20.0936 0.9473 -0.1743 0.2689 0.1731 0.1723
60 11.9697 -5.4749 13.5357 0.9420 -0.2006 0.2690 0.1709 0.0865
64 11.1258 1.4407 14.1536 0.9085 0.2374 0.3438 0.2530 0.0916
NPCjames.jpg
58 8.6147 1.1740 29.2541 0.9747 0.2226 -0.0211 0.2297 0.2635
63 9.5105 1.3554 20.5923 0.9437 0.2682 0.1934 0.2425 0.1746
63 7.1850 7.3047 19.4835 0.6889 0.6957 0.2033 0.3224 0.1775
NPCjames.jpg
63 7.1850 7.3047 19.4835 0.6889 0.6957 0.2033 0.3224 0.1775
62 5.7116 5.9110 28.2611 0.6738 0.7209 0.1621 0.2968 0.2667
58 8.6147 1.1740 29.2541 0.9747 0.2226 -0.0211 0.2297 0.2635
NPCjames.jpg
59 1.5708 -8.3038 24.4644 -0.0728 -0.9600 0.2704 0.0391 0.2377
58 3.5146 -6.9637 28.5294 0.0592 -0.9468 0.3163 0.0774 0.2630
58 -0.2610 -5.6378 32.7496 -0.1730 -0.9690 0.1763 0.0403 0.3163
NPCjames.jpg
58 9.5303 -3.4093 29.0433 0.8792 -0.2405 -0.4114 0.1709 0.2660
58 8.9848 -3.1731 33.8630 0.9226 -0.3371 0.1876 0.1693 0.3108
58 5.8267 -5.7514 33.3061 0.3536 -0.9076 0.2262 0.1167 0.3061
NPCjames.jpg
58 5.8267 -5.7514 33.3061 0.3536 -0.9076 0.2262 0.1167 0.3061
58 6.3919 -6.4220 28.6164 0.4928 -0.8353 0.2437 0.1240 0.2600
58 9.5303 -3.4093 29.0433 0.8792 -0.2405 -0.4114 0.1709 0.2660
NPCjames.jpg
59 8.6438 -3.4133 27.0703 0.9375 -0.2435 0.2488 0.1727 0.2538
59 6.6956 -6.7108 27.6348 0.5830 -0.7191 0.3781 0.1232 0.2556
59 8.7948 -8.1701 19.9928 0.6468 -0.7096 0.2795 0.1213 0.1710
NPCjames.jpg
59 8.7948 -8.1701 19.9928 0.6468 -0.7096 0.2795 0.1213 0.1710
59 10.8328 -4.6840 20.0936 0.9473 -0.1743 0.2689 0.1731 0.1723
59 8.6438 -3.4133 27.0703 0.9375 -0.2435 0.2488 0.1727 0.2538
NPCjames.jpg
2 6.8603 -3.9066 37.8244 0.3236 -0.9223 -0.2112 0.1415 0.3621
2 4.8270 -4.6087 37.3824 0.2439 -0.9487 0.2011 0.1171 0.3624
2 6.5166 -3.5427 36.9921 0.4110 -0.9114 -0.0221 0.1411 0.3517
NPCjames.jpg
60 5.3961 -10.9872 8.7746 -0.2125 -0.9731 0.0890 0.0375 0.0424
60 8.0733 -11.6111 8.1597 0.2044 -0.9566 0.2078 0.0686 0.0255
60 6.6968 -10.7496 14.2138 0.1765 -0.9708 0.1624 0.0729 0.1030
NPCjames.jpg
60 6.6968 -10.7496 14.2138 0.1765 -0.9708 0.1624 0.0729 0.1030
60 8.0733 -11.6111 8.1597 0.2044 -0.9566 0.2078 0.0686 0.0255
60 10.0205 -8.9177 13.7761 0.6868 -0.6822 0.2509 0.1197 0.0910
NPCjames.jpg
64 9.5631 10.6537 8.6567 0.7123 0.4646 0.5262 0.3817 0.0438
64 7.6213 8.5896 14.1005 0.6020 0.7018 0.3809 0.3506 0.1134
64 11.1258 1.4407 14.1536 0.9085 0.2374 0.3438 0.2530 0.0916
NPCjames.jpg
64 8.6538 11.0453 9.7207 0.3928 0.7733 0.4977 0.3915 0.0584
64 4.3809 11.9503 7.6959 -0.0210 0.9420 0.3350 0.4443 0.0842
64 3.9790 9.8766 13.6006 0.2340 0.9099 0.3424 0.3936 0.1342
NPCjames.jpg
64 3.9790 9.8766 13.6006 0.2340 0.9099 0.3424 0.3936 0.1342
64 7.6213 8.5896 14.1005 0.6020 0.7018 0.3809 0.3506 0.1134
64 8.6538 11.0453 9.7207 0.3928 0.7733 0.4977 0.3915 0.0584
NPCjames.jpg
60 11.9697 -5.4749 13.5357 0.9420 -0.2006 0.2690 0.1709 0.0865
60 10.0205 -8.9177 13.7761 0.6868 -0.6822 0.2509 0.1197 0.0910
60 11.5508 -10.0678 7.8523 0.6582 -0.6852 0.3118 0.1136 0.0134
NPCjames.jpg
60 11.5508 -10.0678 7.8523 0.6582 -0.6852 0.3118 0.1136 0.0134
60 13.9558 -6.0028 7.8408 0.8910 -0.2508 0.3784 0.1699 0.0105
60 11.9697 -5.4749 13.5357 0.9420 -0.2006 0.2690 0.1709 0.0865
NPCjames.jpg
64 11.1258 1.4407 14.1536 0.9085 0.2374 0.3438 0.2530 0.0916
60 11.9697 -5.4749 13.5357 0.9420 -0.2006 0.2690 0.1709 0.0865
60 13.9558 -6.0028 7.8408 0.8910 -0.2508 0.3784 0.1699 0.0105
NPCjames.jpg
60 13.9558 -6.0028 7.8408 0.8910 -0.2508 0.3784 0.1699 0.0105
64 14.3320 1.3145 8.4465 0.8701 0.0755 0.4871 0.2546 0.0094
64 11.1258 1.4407 14.1536 0.9085 0.2374 0.3438 0.2530 0.0916
NPCjames.jpg
59 8.7948 -8.1701 19.9928 0.6468 -0.7096 0.2795 0.1213 0.1710
59 6.6956 -6.7108 27.6348 0.5830 -0.7191 0.3781 0.1232 0.2556
59 4.4211 -8.0929 26.1906 0.1069 -0.9317 0.3473 0.0785 0.2456
NPCjames.jpg
59 4.4211 -8.0929 26.1906 0.1069 -0.9317 0.3473 0.0785 0.2456
59 5.7129 -9.8762 18.9045 0.1562 -0.9598 0.2330 0.0750 0.1648
59 8.7948 -8.1701 19.9928 0.6468 -0.7096 0.2795 0.1213 0.1710
NPCjames.jpg
59 5.7129 -9.8762 18.9045 0.1562 -0.9598 0.2330 0.0750 0.1648
59 4.4211 -8.0929 26.1906 0.1069 -0.9317 0.3473 0.0785 0.2456
59 1.5708 -8.3038 24.4644 -0.0728 -0.9600 0.2704 0.0391 0.2377
NPCjames.jpg
59 1.5708 -8.3038 24.4644 -0.0728 -0.9600 0.2704 0.0391 0.2377
59 2.9672 -9.7811 18.0766 -0.0850 -0.9781 0.1898 0.0390 0.1654
59 5.7129 -9.8762 18.9045 0.1562 -0.9598 0.2330 0.0750 0.1648
NPCjames.jpg
2 0.3259 -5.0927 37.1434 -0.1139 -0.9806 0.1594 0.0625 0.3718
58 -0.9985 -4.9227 35.0066 -0.3897 -0.9052 0.1696 0.0391 0.3470
58 -0.2610 -5.6378 32.7496 -0.1730 -0.9690 0.1763 0.0403 0.3163
NPCjames.jpg
58 -0.2610 -5.6378 32.7496 -0.1730 -0.9690 0.1763 0.0403 0.3163
58 2.5613 -6.0691 33.1222 -0.0235 -0.9794 0.2007 0.0758 0.3126
2 0.3259 -5.0927 37.1434 -0.1139 -0.9806 0.1594 0.0625 0.3718
NPCjames.jpg
58 2.5613 -6.0691 33.1222 -0.0235 -0.9794 0.2007 0.0758 0.3126
58 5.8267 -5.7514 33.3061 0.3536 -0.9076 0.2262 0.1167 0.3061
2 4.8270 -4.6087 37.3824 0.2439 -0.9487 0.2011 0.1171 0.3624
NPCjames.jpg
2 4.8270 -4.6087 37.3824 0.2439 -0.9487 0.2011 0.1171 0.3624
2 0.3259 -5.0927 37.1434 -0.1139 -0.9806 0.1594 0.0625 0.3718
58 2.5613 -6.0691 33.1222 -0.0235 -0.9794 0.2007 0.0758 0.3126
NPCjames.jpg
2 2.1207 4.4449 41.6678 0.4487 0.7855 0.4262 0.2909 0.4222
2 3.3368 5.3213 38.2852 0.4996 0.7891 0.3574 0.2946 0.3755
2 0.0611 6.3068 39.4748 0.2662 0.9018 0.3403 0.3296 0.4018
NPCjames.jpg
2 0.0611 6.3068 39.4748 0.2662 0.9018 0.3403 0.3296 0.4018
2 -0.4609 4.8099 41.8004 0.2161 0.7987 0.5616 0.3183 0.4354
2 2.1207 4.4449 41.6678 0.4487 0.7855 0.4262 0.2909 0.4222
NPCjames.jpg
2 2.1207 4.4449 41.6678 0.4487 0.7855 0.4262 0.2909 0.4222
2 5.2456 1.5558 41.9520 0.5846 0.6556 0.4780 0.2352 0.4193
2 6.6128 1.8463 38.6111 0.7867 0.5766 0.2206 0.2359 0.3720
NPCjames.jpg
2 6.6128 1.8463 38.6111 0.7867 0.5766 0.2206 0.2359 0.3720
2 3.3368 5.3213 38.2852 0.4996 0.7891 0.3574 0.2946 0.3755
2 2.1207 4.4449 41.6678 0.4487 0.7855 0.4262 0.2909 0.4222
NPCjames.jpg
2 0.3259 -5.0927 37.1434 -0.1139 -0.9806 0.1594 0.0625 0.3718
2 -0.4085 -4.5550 38.9771 -0.0506 -0.9637 0.2623 0.0648 0.4015
2 -3.0337 -4.3461 39.8527 -0.4730 -0.8805 -0.0312 0.0259 0.4117
NPCjames.jpg
2 -3.0337 -4.3461 39.8527 -0.4730 -0.8805 -0.0312 0.0259 0.4117
2 -2.8969 -4.2017 37.3761 -0.3656 -0.9241 -0.1111 0.0238 0.3811
2 0.3259 -5.0927 37.1434 -0.1139 -0.9806 0.1594 0.0625 0.3718
NPCjames.jpg
2 0.3259 -5.0927 37.1434 -0.1139 -0.9806 0.1594 0.0625 0.3718
2 -2.8969 -4.2017 37.3761 -0.3656 -0.9241 -0.1111 0.0238 0.3811
2 -2.7877 -3.9117 36.0759 -0.2691 -0.9627 0.0293 0.0217 0.3558
NPCjames.jpg
2 -2.7877 -3.9117 36.0759 -0.2691 -0.9627 0.0293 0.0217 0.3558
58 -0.9985 -4.9227 35.0066 -0.3897 -0.9052 0.1696 0.0391 0.3470
2 0.3259 -5.0927 37.1434 -0.1139 -0.9806 0.1594 0.0625 0.3718
NPCjames.jpg
63 7.1850 7.3047 19.4835 0.6889 0.6957 0.2033 0.3224 0.1775
64 3.9961 9.0373 18.3516 0.4205 0.8898 0.1772 0.3686 0.1818
63 3.6280 8.3308 22.0504 0.4605 0.8683 0.1841 0.3536 0.2211
NPCjames.jpg
62 5.7116 5.9110 28.2611 0.6738 0.7209 0.1621 0.2968 0.2667
63 7.1850 7.3047 19.4835 0.6889 0.6957 0.2033 0.3224 0.1775
63 3.6280 8.3308 22.0504 0.4605 0.8683 0.1841 0.3536 0.2211
NPCjames.jpg
63 3.6280 8.3308 22.0504 0.4605 0.8683 0.1841 0.3536 0.2211
63 2.9918 8.5909 24.7522 0.5926 0.7922 0.1457 0.3549 0.2364
62 5.7116 5.9110 28.2611 0.6738 0.7209 0.1621 0.2968 0.2667
NPCjames.jpg
64 4.3809 11.9503 7.6959 -0.0210 0.9420 0.3350 0.4443 0.0842
64 8.6538 11.0453 9.7207 0.3928 0.7733 0.4977 0.3915 0.0584
64 8.2447 12.0175 8.2482 -0.0703 0.9094 0.4100 0.4250 0.0581
NPCjames.jpg
2 3.3368 5.3213 38.2852 0.4996 0.7891 0.3574 0.2946 0.3755
62 5.0475 5.7542 34.9673 0.6060 0.7675 0.2090 0.2884 0.3307
2 0.5689 7.4501 34.8581 0.2589 0.9422 0.2127 0.3447 0.3421
NPCjames.jpg
2 0.5689 7.4501 34.8581 0.2589 0.9422 0.2127 0.3447 0.3421
2 0.1796 6.5372 38.1233 0.2461 0.9401 0.2361 0.3343 0.3840
2 3.3368 5.3213 38.2852 0.4996 0.7891 0.3574 0.2946 0.3755
NPCjames.jpg
54 -3.7788 8.5962 28.4803 -0.1321 0.9777 0.1635 0.6342 0.2668
2 0.9962 8.9261 28.6600 0.2337 0.9519 0.1983 0.6907 0.2759
62 1.4718 9.2848 25.7814 0.2644 0.9503 0.1641 0.6995 0.2433
NPCjames.jpg
62 1.4718 9.2848 25.7814 0.2644 0.9503 0.1641 0.6995 0.2433
55 -0.8205 9.1894 24.5476 0.0001 0.9888 0.1492 0.6845 0.2310
54 -3.7788 8.5962 28.4803 -0.1321 0.9777 0.1635 0.6342 0.2668
NPCjames.jpg
54 -8.6385 7.1771 28.4450 -0.6621 0.7371 0.1353 0.5737 0.2672
54 -7.3360 6.7626 36.0170 -0.5864 0.6987 0.4099 0.5753 0.3374
54 -3.3682 8.1983 34.9207 -0.0649 0.9707 0.2314 0.6280 0.3293
NPCjames.jpg
54 -3.3682 8.1983 34.9207 -0.0649 0.9707 0.2314 0.6280 0.3293
54 -3.7788 8.5962 28.4803 -0.1321 0.9777 0.1635 0.6342 0.2668
54 -8.6385 7.1771 28.4450 -0.6621 0.7371 0.1353 0.5737 0.2672
NPCjames.jpg
54 -3.7788 8.5962 28.4803 -0.1321 0.9777 0.1635 0.6342 0.2668
2 0.5689 7.4501 34.8581 0.2589 0.9422 0.2127 0.6791 0.3377
2 0.9962 8.9261 28.6600 0.2337 0.9519 0.1983 0.6907 0.2759
NPCjames.jpg
2 -7.6546 -0.2043 40.3436 -0.8984 -0.4037 0.1728 0.4925 0.4140
2 -8.1111 1.9480 40.5605 -0.9780 0.1764 0.1115 0.5296 0.4090
2 -8.1975 2.3837 37.5462 -0.9427 0.1858 0.2771 0.5282 0.3705
NPCjames.jpg
2 -8.1975 2.3837 37.5462 -0.9427 0.1858 0.2771 0.5282 0.3705
2 -8.0011 -0.9498 37.6389 -0.8339 -0.4097 0.3697 0.4807 0.3816
2 -7.6546 -0.2043 40.3436 -0.8984 -0.4037 0.1728 0.4925 0.4140
NPCjames.jpg
2 -5.5614 -3.1363 37.5251 -0.4391 -0.8357 0.3298 0.4400 0.3907
2 -5.3246 -2.3636 39.9949 -0.5757 -0.7868 0.2227 0.4507 0.4212
2 -7.6546 -0.2043 40.3436 -0.8984 -0.4037 0.1728 0.4925 0.4140
NPCjames.jpg
2 -7.6546 -0.2043 40.3436 -0.8984 -0.4037 0.1728 0.4925 0.4140
2 -8.0011 -0.9498 37.6389 -0.8339 -0.4097 0.3697 0.4807 0.3816
2 -5.5614 -3.1363 37.5251 -0.4391 -0.8357 0.3298 0.4400 0.3907
NPCjames.jpg
51 -13.7677 -1.3040 21.4064 -0.9412 -0.2143 0.2612 0.4697 0.2012
51 -14.7940 -0.7655 17.7619 -0.9787 -0.1388 0.1513 0.4726 0.1541
51 -13.6678 -2.8976 17.1280 -0.8618 -0.4954 0.1090 0.4448 0.1501
NPCjames.jpg
51 -13.6678 -2.8976 17.1280 -0.8618 -0.4954 0.1090 0.4448 0.1501
51 -11.8149 -3.9131 22.7955 -0.7522 -0.6057 0.2595 0.4307 0.2042
51 -13.7677 -1.3040 21.4064 -0.9412 -0.2143 0.2612 0.4697 0.2012
NPCjames.jpg
51 -13.0959 2.0637 21.9960 -0.8516 0.4808 0.2089 0.5134 0.2083
51 -14.1212 2.0928 17.6783 -0.8447 0.5064 0.1733 0.5113 0.1522
51 -14.7940 -0.7655 17.7619 -0.9787 -0.1388 0.1513 0.4726 0.1541
NPCjames.jpg
51 -14.7940 -0.7655 17.7619 -0.9787 -0.1388 0.1513 0.4726 0.1541
51 -13.7677 -1.3040 21.4064 -0.9412 -0.2143 0.2612 0.4697 0.2012
51 -13.0959 2.0637 21.9960 -0.8516 0.4808 0.2089 0.5134 0.2083
NPCjames.jpg
55 -5.2902 10.7039 19.6358 -0.4182 0.8747 0.2450 0.6490 0.1737
56 -6.1913 12.2257 14.6354 -0.4357 0.7998 0.4130 0.6604 0.1076
52 -9.9765 6.3119 13.6504 -0.7555 0.5982 0.2671 0.5955 0.1176
NPCjames.jpg
52 -9.9765 6.3119 13.6504 -0.7555 0.5982 0.2671 0.5955 0.1176
51 -9.3540 5.6353 19.5023 -0.7279 0.6798 0.0896 0.5838 0.1888
55 -5.2902 10.7039 19.6358 -0.4182 0.8747 0.2450 0.6490 0.1737
NPCjames.jpg
55 -5.2902 10.7039 19.6358 -0.4182 0.8747 0.2450 0.6490 0.1737
56 -1.5547 11.6423 18.4284 -0.1523 0.9513 0.2681 0.6994 0.1721
56 -1.0657 12.4749 13.4555 0.0846 0.9482 0.3061 0.7255 0.1158
NPCjames.jpg
56 -1.0657 12.4749 13.4555 0.0846 0.9482 0.3061 0.7255 0.1158
56 -6.1913 12.2257 14.6354 -0.4357 0.7998 0.4130 0.6604 0.1076
55 -5.2902 10.7039 19.6358 -0.4182 0.8747 0.2450 0.6490 0.1737
NPCjames.jpg
51 -9.3540 5.6353 19.5023 -0.7279 0.6798 0.0896 0.5838 0.1888
51 -13.0959 2.0637 21.9960 -0.8516 0.4808 0.2089 0.5134 0.2083
50 -11.5380 2.5219 27.6317 -0.9294 0.2874 0.2315 0.5189 0.2702
NPCjames.jpg
50 -11.5380 2.5219 27.6317 -0.9294 0.2874 0.2315 0.5189 0.2702
54 -8.6385 7.1771 28.4450 -0.6621 0.7371 0.1353 0.5737 0.2672
51 -9.3540 5.6353 19.5023 -0.7279 0.6798 0.0896 0.5838 0.1888
NPCjames.jpg
2 -8.1975 2.3837 37.5462 -0.9427 0.1858 0.2771 0.5282 0.3705
2 -6.3640 5.6410 37.6814 -0.5478 0.6906 0.4723 0.5805 0.3677
54 -7.3360 6.7626 36.0170 -0.5864 0.6987 0.4099 0.5753 0.3374
NPCjames.jpg
54 -7.3360 6.7626 36.0170 -0.5864 0.6987 0.4099 0.5753 0.3374
50 -9.0839 2.6359 35.2979 -0.9329 0.1856 0.3086 0.5267 0.3379
2 -8.1975 2.3837 37.5462 -0.9427 0.1858 0.2771 0.5282 0.3705
NPCjames.jpg
54 -3.3682 8.1983 34.9207 -0.0649 0.9707 0.2314 0.6280 0.3293
54 -7.3360 6.7626 36.0170 -0.5864 0.6987 0.4099 0.5753 0.3374
2 -6.3640 5.6410 37.6814 -0.5478 0.6906 0.4723 0.5805 0.3677
NPCjames.jpg
2 -6.3640 5.6410 37.6814 -0.5478 0.6906 0.4723 0.5805 0.3677
2 -2.6353 7.0516 37.8308 -0.0830 0.9583 0.2736 0.6316 0.3701
54 -3.3682 8.1983 34.9207 -0.0649 0.9707 0.2314 0.6280 0.3293
NPCjames.jpg
2 -8.1111 1.9480 40.5605 -0.9780 0.1764 0.1115 0.5296 0.4090
2 -5.6909 4.6967 40.7822 -0.5564 0.7370 0.3837 0.5833 0.4087
2 -6.3640 5.6410 37.6814 -0.5478 0.6906 0.4723 0.5805 0.3677
NPCjames.jpg
2 -6.3640 5.6410 37.6814 -0.5478 0.6906 0.4723 0.5805 0.3677
2 -8.1975 2.3837 37.5462 -0.9427 0.1858 0.2771 0.5282 0.3705
2 -8.1111 1.9480 40.5605 -0.9780 0.1764 0.1115 0.5296 0.4090
NPCjames.jpg
50 -9.0839 2.6359 35.2979 -0.9329 0.1856 0.3086 0.5267 0.3379
54 -7.3360 6.7626 36.0170 -0.5864 0.6987 0.4099 0.5753 0.3374
54 -8.6385 7.1771 28.4450 -0.6621 0.7371 0.1353 0.5737 0.2672
NPCjames.jpg
54 -8.6385 7.1771 28.4450 -0.6621 0.7371 0.1353 0.5737 0.2672
50 -11.5380 2.5219 27.6317 -0.9294 0.2874 0.2315 0.5189 0.2702
50 -9.0839 2.6359 35.2979 -0.9329 0.1856 0.3086 0.5267 0.3379
NPCjames.jpg
51 -14.1212 2.0928 17.6783 -0.8447 0.5064 0.1733 0.5113 0.1522
51 -9.3540 5.6353 19.5023 -0.7279 0.6798 0.0896 0.5838 0.1888
52 -9.9765 6.3119 13.6504 -0.7555 0.5982 0.2671 0.5955 0.1176
NPCjames.jpg
54 -8.6385 7.1771 28.4450 -0.6621 0.7371 0.1353 0.5737 0.2672
54 -3.7788 8.5962 28.4803 -0.1321 0.9777 0.1635 0.6342 0.2668
55 -5.2902 10.7039 19.6358 -0.4182 0.8747 0.2450 0.6490 0.1737
NPCjames.jpg
55 -5.2902 10.7039 19.6358 -0.4182 0.8747 0.2450 0.6490 0.1737
51 -9.3540 5.6353 19.5023 -0.7279 0.6798 0.0896 0.5838 0.1888
54 -8.6385 7.1771 28.4450 -0.6621 0.7371 0.1353 0.5737 0.2672
NPCjames.jpg
50 -11.1031 -2.3322 27.9623 -0.8359 -0.4488 0.3161 0.4575 0.2731
50 -7.9647 -5.3369 26.3183 -0.5784 -0.7685 0.2736 0.4055 0.2751
50 -6.1362 -4.6537 32.8826 -0.5457 -0.7950 0.2649 0.4094 0.3308
NPCjames.jpg
50 -6.1362 -4.6537 32.8826 -0.5457 -0.7950 0.2649 0.4094 0.3308
50 -9.2971 -1.9557 34.7164 -0.8226 -0.4512 0.3461 0.4655 0.3367
50 -11.1031 -2.3322 27.9623 -0.8359 -0.4488 0.3161 0.4575 0.2731
NPCjames.jpg
50 -9.0839 2.6359 35.2979 -0.9329 0.1856 0.3086 0.5267 0.3379
50 -11.5380 2.5219 27.6317 -0.9294 0.2874 0.2315 0.5189 0.2702
50 -11.1031 -2.3322 27.9623 -0.8359 -0.4488 0.3161 0.4575 0.2731
NPCjames.jpg
50 -11.1031 -2.3322 27.9623 -0.8359 -0.4488 0.3161 0.4575 0.2731
50 -9.2971 -1.9557 34.7164 -0.8226 -0.4512 0.3461 0.4655 0.3367
50 -9.0839 2.6359 35.2979 -0.9329 0.1856 0.3086 0.5267 0.3379
NPCjames.jpg
50 -11.5380 2.5219 27.6317 -0.9294 0.2874 0.2315 0.5189 0.2702
51 -13.0959 2.0637 21.9960 -0.8516 0.4808 0.2089 0.5134 0.2083
51 -13.7677 -1.3040 21.4064 -0.9412 -0.2143 0.2612 0.4697 0.2012
NPCjames.jpg
51 -13.7677 -1.3040 21.4064 -0.9412 -0.2143 0.2612 0.4697 0.2012
50 -11.1031 -2.3322 27.9623 -0.8359 -0.4488 0.3161 0.4575 0.2731
50 -11.5380 2.5219 27.6317 -0.9294 0.2874 0.2315 0.5189 0.2702
NPCjames.jpg
2 -8.1975 2.3837 37.5462 -0.9427 0.1858 0.2771 0.5282 0.3705
50 -9.0839 2.6359 35.2979 -0.9329 0.1856 0.3086 0.5267 0.3379
50 -9.2971 -1.9557 34.7164 -0.8226 -0.4512 0.3461 0.4655 0.3367
NPCjames.jpg
50 -9.2971 -1.9557 34.7164 -0.8226 -0.4512 0.3461 0.4655 0.3367
2 -8.0011 -0.9498 37.6389 -0.8339 -0.4097 0.3697 0.4807 0.3816
2 -8.1975 2.3837 37.5462 -0.9427 0.1858 0.2771 0.5282 0.3705
NPCjames.jpg
51 -13.6678 -2.8976 17.1280 -0.8618 -0.4954 0.1090 0.4448 0.1501
51 -14.7940 -0.7655 17.7619 -0.9787 -0.1388 0.1513 0.4726 0.1541
52 -15.2207 -0.3186 12.3515 -0.9940 0.0056 0.1090 0.4790 0.0841
NPCjames.jpg
56 -6.1913 12.2257 14.6354 -0.4357 0.7998 0.4130 0.6604 0.1076
56 -8.9863 11.1244 11.5466 -0.7645 0.4639 0.4476 0.6298 0.0627
52 -9.9765 6.3119 13.6504 -0.7555 0.5982 0.2671 0.5955 0.1176
NPCjames.jpg
56 -6.1913 12.2257 14.6354 -0.4357 0.7998 0.4130 0.6604 0.1076
56 -1.0657 12.4749 13.4555 0.0846 0.9482 0.3061 0.7255 0.1158
56 -4.9675 14.6878 9.7409 0.1841 0.9286 0.3221 0.6990 0.0492
NPCjames.jpg
51 -14.1212 2.0928 17.6783 -0.8447 0.5064 0.1733 0.5113 0.1522
52 -14.9470 2.2982 13.2075 -0.8926 0.4038 0.2005 0.5140 0.0972
52 -15.2207 -0.3186 12.3515 -0.9940 0.0056 0.1090 0.4790 0.0841
NPCjames.jpg
52 -15.2207 -0.3186 12.3515 -0.9940 0.0056 0.1090 0.4790 0.0841
51 -14.7940 -0.7655 17.7619 -0.9787 -0.1388 0.1513 0.4726 0.1541
51 -14.1212 2.0928 17.6783 -0.8447 0.5064 0.1733 0.5113 0.1522
NPCjames.jpg
52 -9.9765 6.3119 13.6504 -0.7555 0.5982 0.2671 0.5955 0.1176
52 -14.9470 2.2982 13.2075 -0.8926 0.4038 0.2005 0.5140 0.0972
51 -14.1212 2.0928 17.6783 -0.8447 0.5064 0.1733 0.5113 0.1522
NPCjames.jpg
51 -13.7677 -1.3040 21.4064 -0.9412 -0.2143 0.2612 0.4697 0.2012
51 -11.8149 -3.9131 22.7955 -0.7522 -0.6057 0.2595 0.4307 0.2042
50 -11.1031 -2.3322 27.9623 -0.8359 -0.4488 0.3161 0.4575 0.2731
NPCjames.jpg
51 -11.8149 -3.9131 22.7955 -0.7522 -0.6057 0.2595 0.4307 0.2042
51 -9.6512 -5.1476 23.3953 -0.5315 -0.8080 0.2543 0.4042 0.2219
50 -7.9647 -5.3369 26.3183 -0.5784 -0.7685 0.2736 0.4055 0.2751
NPCjames.jpg
50 -7.9647 -5.3369 26.3183 -0.5784 -0.7685 0.2736 0.4055 0.2751
50 -11.1031 -2.3322 27.9623 -0.8359 -0.4488 0.3161 0.4575 0.2731
51 -11.8149 -3.9131 22.7955 -0.7522 -0.6057 0.2595 0.4307 0.2042
NPCjames.jpg
2 -5.5614 -3.1363 37.5251 -0.4391 -0.8357 0.3298 0.4400 0.3907
50 -9.2971 -1.9557 34.7164 -0.8226 -0.4512 0.3461 0.4655 0.3367
50 -6.1362 -4.6537 32.8826 -0.5457 -0.7950 0.2649 0.4094 0.3308
NPCjames.jpg
50 -6.1362 -4.6537 32.8826 -0.5457 -0.7950 0.2649 0.4094 0.3308
50 -4.8868 -4.5215 35.1767 -0.3229 -0.8529 0.4103 0.4091 0.3625
2 -5.5614 -3.1363 37.5251 -0.4391 -0.8357 0.3298 0.4400 0.3907
NPCjames.jpg
50 -9.2971 -1.9557 34.7164 -0.8226 -0.4512 0.3461 0.4655 0.3367
2 -5.5614 -3.1363 37.5251 -0.4391 -0.8357 0.3298 0.4400 0.3907
2 -8.0011 -0.9498 37.6389 -0.8339 -0.4097 0.3697 0.4807 0.3816
NPCjames.jpg
2 -0.4609 4.8099 41.8004 0.2161 0.7987 0.5616 0.6527 0.4318
2 0.0611 6.3068 39.4748 0.2662 0.9018 0.3403 0.6643 0.3980
2 -2.3757 6.7173 40.0915 -0.0560 0.9207 0.3863 0.6312 0.3974
NPCjames.jpg
2 -2.3757 6.7173 40.0915 -0.0560 0.9207 0.3863 0.6312 0.3974
2 -2.4466 5.3542 42.0231 -0.0222 0.8172 0.5759 0.6252 0.4258
2 -0.4609 4.8099 41.8004 0.2161 0.7987 0.5616 0.6527 0.4318
NPCjames.jpg
2 -5.6909 4.6967 40.7822 -0.5564 0.7370 0.3837 0.5833 0.4087
2 -2.4466 5.3542 42.0231 -0.0222 0.8172 0.5759 0.6252 0.4258
2 -2.3757 6.7173 40.0915 -0.0560 0.9207 0.3863 0.6312 0.3974
NPCjames.jpg
2 -5.5614 -3.1363 37.5251 -0.4391 -0.8357 0.3298 0.4400 0.3907
2 -2.8969 -4.2017 37.3761 -0.3656 -0.9241 -0.1111 0.4039 0.3988
2 -5.3246 -2.3636 39.9949 -0.5757 -0.7868 0.2227 0.4507 0.4212
NPCjames.jpg
55 -5.2902 10.7039 19.6358 -0.4182 0.8747 0.2450 0.6490 0.1737
55 -1.6303 9.7885 21.8732 0.0526 0.9558 0.2891 0.6835 0.2129
56 -1.5547 11.6423 18.4284 -0.1523 0.9513 0.2681 0.6994 0.1721
NPCjames.jpg
54 -3.7788 8.5962 28.4803 -0.1321 0.9777 0.1635 0.6342 0.2668
55 -0.8205 9.1894 24.5476 0.0001 0.9888 0.1492 0.6845 0.2310
55 -1.6303 9.7885 21.8732 0.0526 0.9558 0.2891 0.6835 0.2129
NPCjames.jpg
55 -1.6303 9.7885 21.8732 0.0526 0.9558 0.2891 0.6835 0.2129
55 -5.2902 10.7039 19.6358 -0.4182 0.8747 0.2450 0.6490 0.1737
54 -3.7788 8.5962 28.4803 -0.1321 0.9777 0.1635 0.6342 0.2668
NPCjames.jpg
56 -0.9924 13.6724 7.5808 0.3498 0.8423 0.4102 0.7561 0.0488
56 -4.6459 15.1412 7.8497 0.2665 0.8939 0.3605 0.7115 0.0281
56 -4.9675 14.6878 9.7409 0.1841 0.9286 0.3221 0.6990 0.0492
NPCjames.jpg
2 -2.6353 7.0516 37.8308 -0.0830 0.9583 0.2736 0.6316 0.3701
2 0.1796 6.5372 38.1233 0.2461 0.9401 0.2361 0.6693 0.3798
2 0.5689 7.4501 34.8581 0.2589 0.9422 0.2127 0.6791 0.3377
NPCjames.jpg
2 0.5689 7.4501 34.8581 0.2589 0.9422 0.2127 0.6791 0.3377
54 -3.3682 8.1983 34.9207 -0.0649 0.9707 0.2314 0.6280 0.3293
2 -2.6353 7.0516 37.8308 -0.0830 0.9583 0.2736 0.6316 0.3701
NPCjames.jpg
64 8.2447 12.0175 8.2482 -0.0703 0.9094 0.4100 0.4250 0.0581
64 5.0594 12.4342 6.0948 -0.0501 0.9634 0.2633 0.4646 0.0706
64 4.3809 11.9503 7.6959 -0.0210 0.9420 0.3350 0.4444 0.0842
NPCjames.jpg
56 -2.4020 15.4265 4.4516 0.0101 0.9965 -0.0834 0.7544 0.0022
56 -5.1441 15.6220 6.4575 0.0619 0.9758 0.2095 0.7121 0.0088
56 -1.4405 15.5293 5.7951 0.1773 0.9285 0.3264 0.7568 0.0181
NPCjames.jpg
56 -4.6459 15.1412 7.8497 0.2665 0.8939 0.3605 0.7115 0.0281
56 -0.9924 13.6724 7.5808 0.3498 0.8423 0.4102 0.7561 0.0488
56 -1.4405 15.5293 5.7951 0.1773 0.9285 0.3264 0.7568 0.0181
NPCjames.jpg
64 9.0136 12.3088 7.2511 -0.0435 0.9664 0.2535 0.4354 0.0446
64 6.5952 12.8586 4.8031 -0.0460 0.9640 0.2620 0.4771 0.0582
64 5.0594 12.4342 6.0948 -0.0501 0.9634 0.2633 0.4646 0.0706
NPCjames.jpg
64 5.0594 12.4342 6.0948 -0.0501 0.9634 0.2633 0.4646 0.0706
64 8.2447 12.0175 8.2482 -0.0703 0.9094 0.4100 0.4250 0.0581
64 9.0136 12.3088 7.2511 -0.0435 0.9664 0.2535 0.4354 0.0446
NPCjames.jpg
52 -9.9765 6.3119 13.6504 -0.7555 0.5982 0.2671 0.5955 0.1176
52 -11.8718 5.9235 9.2613 -0.5912 0.7048 0.3920 0.5822 0.0579
52 -14.9470 2.2982 13.2075 -0.8926 0.4038 0.2005 0.5140 0.0972
NPCjames.jpg
52 -14.9470 2.2982 13.2075 -0.8926 0.4038 0.2005 0.5140 0.0972
52 -15.1323 5.9202 7.5172 -0.5065 0.7198 0.4747 0.5593 0.0287
52 -15.2207 -0.3186 12.3515 -0.9940 0.0056 0.1090 0.4790 0.0841
NPCjames.jpg
52 -11.8718 5.9235 9.2613 -0.5912 0.7048 0.3920 0.5822 0.0579
52 -15.1323 5.9202 7.5172 -0.5065 0.7198 0.4747 0.5593 0.0287
52 -14.9470 2.2982 13.2075 -0.8926 0.4038 0.2005 0.5140 0.0972
NPCjames.jpg
56 -6.1913 12.2257 14.6354 -0.4357 0.7998 0.4130 0.6604 0.1076
56 -4.9675 14.6878 9.7409 0.1841 0.9286 0.3221 0.6990 0.0492
56 -6.8110 13.4597 11.1672 -0.4464 0.8149 0.3697 0.6696 0.0617
NPCjames.jpg
51 -14.1212 2.0928 17.6783 -0.8447 0.5064 0.1733 0.5113 0.1522
51 -13.0959 2.0637 21.9960 -0.8516 0.4808 0.2089 0.5134 0.2083
51 -9.3540 5.6353 19.5023 -0.7279 0.6798 0.0896 0.5838 0.1888
NPCjames.jpg
64 11.1258 1.4407 14.1536 0.9085 0.2374 0.3438 0.2530 0.0916
64 14.3320 1.3145 8.4465 0.8701 0.0755 0.4871 0.2546 0.0094
64 12.5171 7.7087 8.2387 0.6720 0.4239 0.6073 0.3363 0.0196
NPCjames.jpg
64 11.1258 1.4407 14.1536 0.9085 0.2374 0.3438 0.2530 0.0916
64 12.5171 7.7087 8.2387 0.6720 0.4239 0.6073 0.3363 0.0196
64 9.5631 10.6537 8.6567 0.7123 0.4646 0.5262 0.3817 0.0438
NPCjames.jpg
64 9.5631 10.6537 8.6567 0.7123 0.4646 0.5262 0.3817 0.0438
64 8.6538 11.0453 9.7207 0.3928 0.7733 0.4977 0.3915 0.0584
64 7.6213 8.5896 14.1005 0.6020 0.7018 0.3809 0.3506 0.1134
NPCjames.jpg
2 -2.8969 -4.2017 37.3761 -0.3656 -0.9241 -0.1111 0.4039 0.3988
2 -3.0337 -4.3461 39.8527 -0.4730 -0.8805 -0.0312 0.4101 0.4286
2 -5.3246 -2.3636 39.9949 -0.5757 -0.7868 0.2227 0.4507 0.4212
NPCjames.jpg
2 3.3368 5.3213 38.2852 0.4996 0.7891 0.3574 0.2946 0.3755
2 0.1796 6.5372 38.1233 0.2461 0.9401 0.2361 0.3343 0.3840
2 0.0611 6.3068 39.4748 0.2662 0.9018 0.3403 0.3296 0.4018
NPCjames.jpg
2 0.0611 6.3068 39.4748 0.2662 0.9018 0.3403 0.6643 0.3980
2 0.1796 6.5372 38.1233 0.2461 0.9401 0.2361 0.6693 0.3798
2 -2.6353 7.0516 37.8308 -0.0830 0.9583 0.2736 0.6316 0.3701
NPCjames.jpg
2 -2.6353 7.0516 37.8308 -0.0830 0.9583 0.2736 0.6316 0.3701
2 -2.3757 6.7173 40.0915 -0.0560 0.9207 0.3863 0.6312 0.3974
2 0.0611 6.3068 39.4748 0.2662 0.9018 0.3403 0.6643 0.3980
NPCjames.jpg
2 -2.3757 6.7173 40.0915 -0.0560 0.9207 0.3863 0.6312 0.3974
2 -2.6353 7.0516 37.8308 -0.0830 0.9583 0.2736 0.6316 0.3701
2 -6.3640 5.6410 37.6814 -0.5478 0.6906 0.4723 0.5805 0.3677
NPCjames.jpg
2 -6.3640 5.6410 37.6814 -0.5478 0.6906 0.4723 0.5805 0.3677
2 -5.6909 4.6967 40.7822 -0.5564 0.7370 0.3837 0.5833 0.4087
2 -2.3757 6.7173 40.0915 -0.0560 0.9207 0.3863 0.6312 0.3974
NPCjames.jpg
58 6.3919 -6.4220 28.6164 0.4928 -0.8353 0.2437 0.1240 0.2600
58 8.3955 -3.1387 28.3843 0.9161 -0.1895 -0.3534 0.1720 0.2588
58 9.5303 -3.4093 29.0433 0.8792 -0.2405 -0.4114 0.1709 0.2660
NPCjames.jpg
58 9.5303 -3.4093 29.0433 0.8792 -0.2405 -0.4114 0.1709 0.2660
58 8.3955 -3.1387 28.3843 0.9161 -0.1895 -0.3534 0.1720 0.2588
58 8.7740 1.4076 30.5468 0.9391 0.3430 0.0184 0.2299 0.2734
NPCjames.jpg
62 5.0475 5.7542 34.9673 0.6060 0.7675 0.2090 0.2884 0.3307
58 7.6784 1.5664 33.9592 0.8983 0.3728 0.2325 0.2317 0.3181
58 8.7740 1.4076 30.5468 0.9391 0.3430 0.0184 0.2299 0.2734
NPCjames.jpg
58 8.7740 1.4076 30.5468 0.9391 0.3430 0.0184 0.2299 0.2734
58 8.6147 1.1740 29.2541 0.9747 0.2226 -0.0211 0.2297 0.2635
62 5.7116 5.9110 28.2611 0.6738 0.7209 0.1621 0.2968 0.2667
NPCjames.jpg
2 -0.4085 -4.5550 38.9771 -0.0506 -0.9637 0.2623 0.0648 0.4015
2 0.3259 -5.0927 37.1434 -0.1139 -0.9806 0.1594 0.0625 0.3718
2 1.4088 -4.3967 40.6910 0.1125 -0.9655 0.2349 0.0831 0.4112
NPCjames.jpg
2 0.3259 -5.0927 37.1434 -0.1139 -0.9806 0.1594 0.0625 0.3718
2 4.8270 -4.6087 37.3824 0.2439 -0.9487 0.2011 0.1171 0.3624
2 1.4088 -4.3967 40.6910 0.1125 -0.9655 0.2349 0.0831 0.4112
NPCjames.jpg
2 4.8270 -4.6087 37.3824 0.2439 -0.9487 0.2011 0.1171 0.3624
58 5.8267 -5.7514 33.3061 0.3536 -0.9076 0.2262 0.1167 0.3061
2 6.5166 -3.5427 36.9921 0.4110 -0.9114 -0.0221 0.1411 0.3517
NPCjames.jpg
2 7.3419 -0.3842 37.3611 0.9123 0.3970 -0.1005 0.2071 0.3532
2 8.0256 -0.0819 38.6210 0.8717 0.4754 -0.1185 0.2096 0.3701
2 9.4325 -3.2545 37.8631 0.8945 -0.4000 -0.1997 0.1701 0.3609
NPCjames.jpg
2 9.4325 -3.2545 37.8631 0.8945 -0.4000 -0.1997 0.1701 0.3609
2 8.3778 -2.8189 37.1415 0.8500 -0.2701 -0.4523 0.1700 0.3517
2 7.3419 -0.3842 37.3611 0.9123 0.3970 -0.1005 0.2071 0.3532
NPCjames.jpg
58 7.6784 1.5664 33.9592 0.8983 0.3728 0.2325 0.2317 0.3181
2 6.6128 1.8463 38.6111 0.7867 0.5766 0.2206 0.2359 0.3720
2 7.3419 -0.3842 37.3611 0.9123 0.3970 -0.1005 0.2071 0.3532
NPCjames.jpg
2 7.3419 -0.3842 37.3611 0.9123 0.3970 -0.1005 0.2071 0.3532
2 6.6128 1.8463 38.6111 0.7867 0.5766 0.2206 0.2359 0.3720
2 8.0256 -0.0819 38.6210 0.8717 0.4754 -0.1185 0.2096 0.3701
NPCjames.jpg
58 5.8267 -5.7514 33.3061 0.3536 -0.9076 0.2262 0.1167 0.3061
58 8.9848 -3.1731 33.8630 0.9226 -0.3371 0.1876 0.1693 0.3108
2 8.3778 -2.8189 37.1415 0.8500 -0.2701 -0.4523 0.1700 0.3517
NPCjames.jpg
2 8.3778 -2.8189 37.1415 0.8500 -0.2701 -0.4523 0.1700 0.3517
2 6.5166 -3.5427 36.9921 0.4110 -0.9114 -0.0221 0.1411 0.3517
58 5.8267 -5.7514 33.3061 0.3536 -0.9076 0.2262 0.1167 0.3061
NPCjames.jpg
2 4.8360 -3.8489 42.4869 -0.0134 -0.7762 0.6303 0.1409 0.4272
2 6.9588 -2.3463 43.0954 0.5654 -0.2076 0.7983 0.1755 0.4234
2 4.7391 -2.0483 42.2298 -0.3701 0.0929 0.9243 0.1778 0.4329
NPCjames.jpg
2 4.7391 -2.0483 42.2298 -0.3701 0.0929 0.9243 0.1778 0.4329
2 3.9499 -3.6648 42.1988 -0.2721 -0.8639 0.4239 0.1270 0.4330
2 4.8360 -3.8489 42.4869 -0.0134 -0.7762 0.6303 0.1409 0.4272
NPCjames.jpg
2 5.2456 1.5558 41.9520 0.5846 0.6556 0.4780 0.2352 0.4193
2 5.9363 0.4062 42.6105 0.2803 0.5031 0.8175 0.2137 0.4253
2 6.2682 -0.0234 41.8520 0.8042 0.4213 0.4193 0.2096 0.4150
NPCjames.jpg
2 3.9499 -3.6648 42.1988 -0.2721 -0.8639 0.4239 0.1270 0.4330
2 3.3083 -3.6506 41.5711 0.1225 -0.9733 0.1939 0.1165 0.4205
2 3.8016 -3.6301 41.5382 0.0227 -0.9966 0.0794 0.1229 0.4186
NPCjames.jpg
2 3.8016 -3.6301 41.5382 0.0227 -0.9966 0.0794 0.1229 0.4186
2 4.8360 -3.8489 42.4869 -0.0134 -0.7762 0.6303 0.1409 0.4272
2 3.9499 -3.6648 42.1988 -0.2721 -0.8639 0.4239 0.1270 0.4330
NPCjames.jpg
2 5.3128 -3.5673 41.4375 0.2503 -0.9530 0.1704 0.1427 0.4129
2 6.6255 -3.9843 39.5742 0.2692 -0.9391 0.2134 0.1452 0.3840
2 8.3155 -2.8883 40.5394 0.8084 -0.3851 0.4451 0.1721 0.3898
NPCjames.jpg
2 8.3155 -2.8883 40.5394 0.8084 -0.3851 0.4451 0.1721 0.3898
2 7.1237 -2.4333 42.3831 0.8192 -0.3635 0.4437 0.1744 0.4118
2 5.3128 -3.5673 41.4375 0.2503 -0.9530 0.1704 0.1427 0.4129
NPCjames.jpg
2 7.1237 -2.4333 42.3831 0.8192 -0.3635 0.4437 0.1744 0.4118
2 8.3155 -2.8883 40.5394 0.8084 -0.3851 0.4451 0.1721 0.3898
2 7.5857 0.0061 40.3713 0.8109 0.4447 0.3804 0.2086 0.3912
NPCjames.jpg
2 7.5857 0.0061 40.3713 0.8109 0.4447 0.3804 0.2086 0.3912
2 6.2682 -0.0234 41.8520 0.8042 0.4213 0.4193 0.2096 0.4150
2 7.1237 -2.4333 42.3831 0.8192 -0.3635 0.4437 0.1744 0.4118
NPCjames.jpg
2 6.2682 -0.0234 41.8520 0.8042 0.4213 0.4193 0.2096 0.4150
2 7.5857 0.0061 40.3713 0.8109 0.4447 0.3804 0.2086 0.3912
2 5.2456 1.5558 41.9520 0.5846 0.6556 0.4780 0.2352 0.4193
NPCjames.jpg
2 6.6255 -3.9843 39.5742 0.2692 -0.9391 0.2134 0.1452 0.3840
2 6.8603 -3.9066 37.8244 0.3236 -0.9223 -0.2112 0.1415 0.3621
2 8.8322 -3.0697 38.9904 0.8196 -0.4340 0.3740 0.1708 0.3711
NPCjames.jpg
2 8.8322 -3.0697 38.9904 0.8196 -0.4340 0.3740 0.1708 0.3711
2 8.3155 -2.8883 40.5394 0.8084 -0.3851 0.4451 0.1721 0.3898
2 6.6255 -3.9843 39.5742 0.2692 -0.9391 0.2134 0.1452 0.3840
NPCjames.jpg
2 8.3155 -2.8883 40.5394 0.8084 -0.3851 0.4451 0.1721 0.3898
2 8.8322 -3.0697 38.9904 0.8196 -0.4340 0.3740 0.1708 0.3711
2 8.0256 -0.0819 38.6210 0.8717 0.4754 -0.1185 0.2096 0.3701
NPCjames.jpg
2 8.0256 -0.0819 38.6210 0.8717 0.4754 -0.1185 0.2096 0.3701
2 7.5857 0.0061 40.3713 0.8109 0.4447 0.3804 0.2086 0.3912
2 8.3155 -2.8883 40.5394 0.8084 -0.3851 0.4451 0.1721 0.3898
NPCjames.jpg
2 7.5857 0.0061 40.3713 0.8109 0.4447 0.3804 0.2086 0.3912
2 8.0256 -0.0819 38.6210 0.8717 0.4754 -0.1185 0.2096 0.3701
2 6.6128 1.8463 38.6111 0.7867 0.5766 0.2206 0.2359 0.3720
NPCjames.jpg
2 7.5857 0.0061 40.3713 0.8109 0.4447 0.3804 0.2086 0.3912
2 6.6128 1.8463 38.6111 0.7867 0.5766 0.2206 0.2359 0.3720
2 5.2456 1.5558 41.9520 0.5846 0.6556 0.4780 0.2352 0.4193
NPCjames.jpg
2 3.3083 -3.6506 41.5711 0.1225 -0.9733 0.1939 0.1165 0.4205
2 4.8270 -4.6087 37.3824 0.2439 -0.9487 0.2011 0.1171 0.3624
2 6.6255 -3.9843 39.5742 0.2692 -0.9391 0.2134 0.1452 0.3840
NPCjames.jpg
2 4.8270 -4.6087 37.3824 0.2439 -0.9487 0.2011 0.1171 0.3624
2 6.8603 -3.9066 37.8244 0.3236 -0.9223 -0.2112 0.1415 0.3621
2 6.6255 -3.9843 39.5742 0.2692 -0.9391 0.2134 0.1452 0.3840
NPCjames.jpg
2 6.8603 -3.9066 37.8244 0.3236 -0.9223 -0.2112 0.1415 0.3621
2 9.4325 -3.2545 37.8631 0.8945 -0.4000 -0.1997 0.1701 0.3609
2 8.8322 -3.0697 38.9904 0.8196 -0.4340 0.3740 0.1708 0.3711
NPCjames.jpg
2 8.8322 -3.0697 38.9904 0.8196 -0.4340 0.3740 0.1708 0.3711
2 9.4325 -3.2545 37.8631 0.8945 -0.4000 -0.1997 0.1701 0.3609
2 8.0256 -0.0819 38.6210 0.8717 0.4754 -0.1185 0.2096 0.3701
NPCjames.jpg
58 3.5146 -6.9637 28.5294 0.0592 -0.9468 0.3163 0.0774 0.2630
59 6.6956 -6.7108 27.6348 0.5830 -0.7191 0.3781 0.1232 0.2556
58 6.3919 -6.4220 28.6164 0.4928 -0.8353 0.2437 0.1240 0.2600
NPCjames.jpg
58 6.3919 -6.4220 28.6164 0.4928 -0.8353 0.2437 0.1240 0.2600
58 2.5613 -6.0691 33.1222 -0.0235 -0.9794 0.2007 0.0758 0.3126
58 3.5146 -6.9637 28.5294 0.0592 -0.9468 0.3163 0.0774 0.2630
NPCjames.jpg
58 3.5146 -6.9637 28.5294 0.0592 -0.9468 0.3163 0.0774 0.2630
59 4.4211 -8.0929 26.1906 0.1069 -0.9317 0.3473 0.0785 0.2456
59 6.6956 -6.7108 27.6348 0.5830 -0.7191 0.3781 0.1232 0.2556
NPCjames.jpg
58 3.5146 -6.9637 28.5294 0.0592 -0.9468 0.3163 0.0774 0.2630
58 2.5613 -6.0691 33.1222 -0.0235 -0.9794 0.2007 0.0758 0.3126
58 -0.2610 -5.6378 32.7496 -0.1730 -0.9690 0.1763 0.0403 0.3163
NPCjames.jpg
59 1.5708 -8.3038 24.4644 -0.0728 -0.9600 0.2704 0.0391 0.2377
59 4.4211 -8.0929 26.1906 0.1069 -0.9317 0.3473 0.0785 0.2456
58 3.5146 -6.9637 28.5294 0.0592 -0.9468 0.3163 0.0774 0.2630
NPCjames.jpg
2 -5.5614 -3.1363 37.5251 -0.4391 -0.8357 0.3298 0.4400 0.3907
50 -4.8868 -4.5215 35.1767 -0.3229 -0.8529 0.4103 0.4091 0.3625
2 -2.7877 -3.9117 36.0759 -0.2691 -0.9627 0.0293 0.3991 0.3732
NPCjames.jpg
2 -2.7877 -3.9117 36.0759 -0.2691 -0.9627 0.0293 0.3991 0.3732
2 -2.8969 -4.2017 37.3761 -0.3656 -0.9241 -0.1111 0.4039 0.3988
2 -5.5614 -3.1363 37.5251 -0.4391 -0.8357 0.3298 0.4400 0.3907
NPCjames.jpg
2 6.5166 -3.5427 36.9921 0.4110 -0.9114 -0.0221 0.1411 0.3517
2 8.3778 -2.8189 37.1415 0.8500 -0.2701 -0.4523 0.1700 0.3517
2 9.4325 -3.2545 37.8631 0.8945 -0.4000 -0.1997 0.1701 0.3609
NPCjames.jpg
2 4.8270 -4.6087 37.3824 0.2439 -0.9487 0.2011 0.1171 0.3624
2 3.3083 -3.6506 41.5711 0.1225 -0.9733 0.1939 0.1165 0.4205
2 1.4088 -4.3967 40.6910 0.1125 -0.9655 0.2349 0.0831 0.4112
NPCjames.jpg
56 -6.1913 12.2257 14.6354 -0.4357 0.7998 0.4130 0.6604 0.1076
56 -6.8110 13.4597 11.1672 -0.4464 0.8149 0.3697 0.6696 0.0617
56 -8.9863 11.1244 11.5466 -0.7645 0.4639 0.4476 0.6298 0.0627
NPCjames.jpg
56 -8.9863 11.1244 11.5466 -0.7645 0.4639 0.4476 0.6298 0.0627
52 -11.8718 5.9235 9.2613 -0.5912 0.7048 0.3920 0.5822 0.0579
52 -9.9765 6.3119 13.6504 -0.7555 0.5982 0.2671 0.5955 0.1176
NPCjames.jpg
56 -1.0657 12.4749 13.4555 0.0846 0.9482 0.3061 0.7255 0.1158
56 -0.9924 13.6724 7.5808 0.3498 0.8423 0.4102 0.7561 0.0488
56 -4.9675 14.6878 9.7409 0.1841 0.9286 0.3221 0.6990 0.0492
NPCjames.jpg
56 -5.1441 15.6220 6.4575 0.0619 0.9758 0.2095 0.7121 0.0088
56 -4.6459 15.1412 7.8497 0.2665 0.8939 0.3605 0.7115 0.0281
56 -1.4405 15.5293 5.7951 0.1773 0.9285 0.3264 0.7568 0.0181
NPCjames.jpg
60 6.6968 -10.7496 14.2138 0.1765 -0.9708 0.1624 0.0729 0.1030
60 4.1851 -10.3676 12.6946 -0.1872 -0.9810 0.0508 0.0366 0.0933
60 5.3961 -10.9872 8.7746 -0.2125 -0.9731 0.0890 0.0375 0.0424
NPCjames.jpg
60 8.0733 -11.6111 8.1597 0.2044 -0.9566 0.2078 0.0686 0.0255
60 11.5508 -10.0678 7.8523 0.6582 -0.6852 0.3118 0.1136 0.0134
60 10.0205 -8.9177 13.7761 0.6868 -0.6822 0.2509 0.1197 0.0910
NPCjames.jpg
60 6.6968 -10.7496 14.2138 0.1765 -0.9708 0.1624 0.0729 0.1030
60 4.2901 -10.4815 14.9813 -0.0741 -0.9908 0.1135 0.0462 0.1196
60 4.1851 -10.3676 12.6946 -0.1872 -0.9810 0.0508 0.0366 0.0933
NPCjames.jpg
60 4.1851 -10.3676 12.6946 -0.1872 -0.9810 0.0508 0.0366 0.0933
60 3.2509 -10.3605 10.0815 -0.2338 -0.9689 0.0809 0.0161 0.0659
60 5.3961 -10.9872 8.7746 -0.2125 -0.9731 0.0890 0.0375 0.0424
NPCjames.jpg
2 3.8016 -3.6301 41.5382 0.0227 -0.9966 0.0794 0.1229 0.4186
2 5.3128 -3.5673 41.4375 0.2503 -0.9530 0.1704 0.1427 0.4129
2 4.8360 -3.8489 42.4869 -0.0134 -0.7762 0.6303 0.1409 0.4272
NPCjames.jpg
2 6.9588 -2.3463 43.0954 0.5654 -0.2076 0.7983 0.1755 0.4234
2 4.8360 -3.8489 42.4869 -0.0134 -0.7762 0.6303 0.1409 0.4272
2 5.3128 -3.5673 41.4375 0.2503 -0.9530 0.1704 0.1427 0.4129
NPCjames.jpg
2 5.3128 -3.5673 41.4375 0.2503 -0.9530 0.1704 0.1427 0.4129
2 7.1237 -2.4333 42.3831 0.8192 -0.3635 0.4437 0.1744 0.4118
2 6.9588 -2.3463 43.0954 0.5654 -0.2076 0.7983 0.1755 0.4234
NPCjames.jpg
2 6.2682 -0.0234 41.8520 0.8042 0.4213 0.4193 0.2096 0.4150
2 5.9363 0.4062 42.6105 0.2803 0.5031 0.8175 0.2137 0.4253
2 6.9588 -2.3463 43.0954 0.5654 -0.2076 0.7983 0.1755 0.4234
NPCjames.jpg
2 6.9588 -2.3463 43.0954 0.5654 -0.2076 0.7983 0.1755 0.4234
2 7.1237 -2.4333 42.3831 0.8192 -0.3635 0.4437 0.1744 0.4118
2 6.2682 -0.0234 41.8520 0.8042 0.4213 0.4193 0.2096 0.4150
NPCjames.jpg
2 5.2456 1.5558 41.9520 0.5846 0.6556 0.4780 0.2352 0.4193
2 5.2628 0.1975 42.0884 -0.6337 0.1435 0.7602 0.2187 0.4343
2 5.9363 0.4062 42.6105 0.2803 0.5031 0.8175 0.2137 0.4253
NPCjames.jpg
54 -3.7788 8.5962 28.4803 -0.1321 0.9777 0.1635 0.6342 0.2668
54 -3.3682 8.1983 34.9207 -0.0649 0.9707 0.2314 0.6280 0.3293
2 0.5689 7.4501 34.8581 0.2589 0.9422 0.2127 0.6791 0.3377
NPCjames.jpg
2 6.8603 -3.9066 37.8244 0.3236 -0.9223 -0.2112 0.1415 0.3621
2 6.5166 -3.5427 36.9921 0.4110 -0.9114 -0.0221 0.1411 0.3517
2 9.4325 -3.2545 37.8631 0.8945 -0.4000 -0.1997 0.1701 0.3609
NPCjames.jpg
58 6.3919 -6.4220 28.6164 0.4928 -0.8353 0.2437 0.1240 0.2600
59 6.6956 -6.7108 27.6348 0.5830 -0.7191 0.3781 0.1232 0.2556
59 8.6438 -3.4133 27.0703 0.9375 -0.2435 0.2488 0.1727 0.2538
NPCjames.jpg
59 8.6438 -3.4133 27.0703 0.9375 -0.2435 0.2488 0.1727 0.2538
58 8.3955 -3.1387 28.3843 0.9161 -0.1895 -0.3534 0.1720 0.2588
58 6.3919 -6.4220 28.6164 0.4928 -0.8353 0.2437 0.1240 0.2600
NPCjames.jpg
58 8.6147 1.1740 29.2541 0.9747 0.2226 -0.0211 0.2297 0.2635
58 8.7740 1.4076 30.5468 0.9391 0.3430 0.0184 0.2299 0.2734
58 8.3955 -3.1387 28.3843 0.9161 -0.1895 -0.3534 0.1720 0.2588
NPCjames.jpg
58 8.3955 -3.1387 28.3843 0.9161 -0.1895 -0.3534 0.1720 0.2588
59 8.6438 -3.4133 27.0703 0.9375 -0.2435 0.2488 0.1727 0.2538
58 8.6147 1.1740 29.2541 0.9747 0.2226 -0.0211 0.2297 0.2635
NPCjames.jpg
9 5.2651 -3.0046 58.8560 0.0771 -0.9877 0.1364 0.8220 0.9079
9 5.8863 -2.5737 58.3169 0.3376 -0.9175 -0.2104 0.8067 0.8855
9 6.6055 -1.6832 60.6411 0.3372 -0.6959 0.6341 0.7483 0.9324
NPCjames.jpg
9 9.5957 -0.3843 51.9249 0.7424 -0.6379 0.2045 0.7646 0.6568
9 9.5981 -0.8083 51.5390 0.7841 -0.4738 0.4009 0.7832 0.6520
9 11.1041 1.3141 51.1024 0.8526 -0.5192 -0.0586 0.7121 0.6097
NPCjames.jpg
9 6.6239 -2.2061 54.2403 0.4954 -0.8654 -0.0752 0.8326 0.7605
9 6.0776 -2.6642 56.3404 0.2356 -0.8771 0.4186 0.8247 0.8268
9 5.4845 -3.1588 56.1969 0.4925 -0.6304 0.6000 0.8447 0.8295
NPCjames.jpg
9 5.4845 -3.1588 56.1969 0.4925 -0.6304 0.6000 0.8447 0.8295
9 5.5895 -2.8556 53.3199 0.6278 -0.7662 0.1373 0.8704 0.7531
9 6.6239 -2.2061 54.2403 0.4954 -0.8654 -0.0752 0.8326 0.7605
NPCjames.jpg
9 5.5895 -2.8556 53.3199 0.6278 -0.7662 0.1373 0.8704 0.7531
9 5.2863 -3.3393 52.7549 0.6204 -0.7620 0.1855 0.8909 0.7426
9 6.0379 -2.8976 52.7591 0.4571 -0.7818 0.4241 0.8692 0.7331
NPCjames.jpg
9 8.3463 3.0292 61.1741 0.9251 0.0939 0.3679 0.5918 0.9055
9 7.3437 0.9862 61.9555 0.4142 -0.4945 0.7641 0.6516 0.9537
9 8.9399 1.2766 59.3624 0.7341 -0.4734 0.4869 0.6610 0.8514
NPCjames.jpg
9 8.9399 1.2766 59.3624 0.7341 -0.4734 0.4869 0.6610 0.8514
9 8.6487 3.0968 59.9476 0.8090 0.0753 0.5830 0.5961 0.8691
9 8.3463 3.0292 61.1741 0.9251 0.0939 0.3679 0.5918 0.9055
NPCjames.jpg
9 8.3463 3.0292 61.1741 0.9251 0.0939 0.3679 0.5918 0.9055
9 7.4042 1.8738 62.7300 0.2020 -0.7291 0.6540 0.6228 0.9591
9 7.3437 0.9862 61.9555 0.4142 -0.4945 0.7641 0.6516 0.9537
NPCjames.jpg
9 8.6487 3.0968 59.9476 0.8090 0.0753 0.5830 0.5961 0.8691
9 8.9399 1.2766 59.3624 0.7341 -0.4734 0.4869 0.6610 0.8514
9 10.0092 1.7030 58.7762 0.5672 -0.5755 0.5891 0.6332 0.8177
NPCjames.jpg
9 11.9326 3.5588 56.5825 0.9771 0.1051 0.1850 0.5923 0.7318
9 12.0062 3.5482 57.2752 0.9369 0.0964 0.3359 0.5873 0.7509
9 11.7151 2.0341 56.6974 0.8111 -0.4657 0.3539 0.6305 0.7449
NPCjames.jpg
9 12.0050 3.7388 50.2874 0.9742 0.1151 -0.1940 0.6611 0.5608
9 12.3405 3.7597 50.9088 0.9234 0.1141 -0.3665 0.6496 0.5778
9 11.1041 1.3141 51.1024 0.8526 -0.5192 -0.0586 0.7121 0.6097
NPCjames.jpg
9 11.1041 1.3141 51.1024 0.8526 -0.5192 -0.0586 0.7121 0.6097
9 11.7284 1.3442 52.9264 0.7549 -0.6432 -0.1277 0.6842 0.6542
9 9.5957 -0.3843 51.9249 0.7424 -0.6379 0.2045 0.7646 0.6568
NPCjames.jpg
9 6.6055 -1.6832 60.6411 0.3372 -0.6959 0.6341 0.7483 0.9324
9 5.8863 -2.5737 58.3169 0.3376 -0.9175 -0.2104 0.8067 0.8855
9 7.3634 -0.9017 59.0950 0.7734 -0.6016 0.2000 0.7283 0.8785
NPCjames.jpg
9 6.2974 -2.4531 56.9313 0.1486 -0.9654 0.2144 0.8091 0.8363
9 7.7540 -1.0292 57.0777 0.6695 -0.6988 0.2519 0.7522 0.8170
9 7.3634 -0.9017 59.0950 0.7734 -0.6016 0.2000 0.7283 0.8785
NPCjames.jpg
9 7.3634 -0.9017 59.0950 0.7734 -0.6016 0.2000 0.7283 0.8785
9 6.1560 -2.4501 57.6715 0.1873 -0.9811 -0.0487 0.8040 0.8587
9 6.2974 -2.4531 56.9313 0.1486 -0.9654 0.2144 0.8091 0.8363
NPCjames.jpg
9 7.3634 -0.9017 59.0950 0.7734 -0.6016 0.2000 0.7283 0.8785
9 5.8863 -2.5737 58.3169 0.3376 -0.9175 -0.2104 0.8067 0.8855
9 6.1560 -2.4501 57.6715 0.1873 -0.9811 -0.0487 0.8040 0.8587
NPCjames.jpg
9 7.4042 1.8738 62.7300 0.2020 -0.7291 0.6540 0.6228 0.9591
9 8.0713 2.9525 62.8481 0.8899 0.0875 0.4477 0.5878 0.9461
9 7.0592 2.8139 63.7490 -0.1953 -0.0486 0.9795 0.5842 0.9840
NPCjames.jpg
9 4.5089 -3.7814 53.0403 0.4071 -0.8918 -0.1974 0.9101 0.7599
9 4.1875 -4.2005 54.2711 0.4808 -0.8719 -0.0926 0.9090 0.7974
9 3.3901 -4.3757 53.8942 0.2912 -0.9397 -0.1794 0.9330 0.7954
NPCjames.jpg
9 3.4513 -4.5229 56.5433 0.3185 -0.9243 0.2104 0.9042 0.8634
9 4.5659 -3.6370 56.9387 0.8710 -0.3756 0.3166 0.8658 0.8586
9 3.6853 -4.1543 57.3530 0.3321 -0.8373 0.4344 0.8869 0.8802
NPCjames.jpg
9 11.4929 3.4731 57.9064 0.9031 0.0903 0.4198 0.5868 0.7739
9 10.8107 1.8084 57.8512 0.6526 -0.5996 0.4632 0.6362 0.7850
9 11.7151 2.0341 56.6974 0.8111 -0.4657 0.3539 0.6305 0.7449
NPCjames.jpg
9 11.7151 2.0341 56.6974 0.8111 -0.4657 0.3539 0.6305 0.7449
9 12.0062 3.5482 57.2752 0.9369 0.0964 0.3359 0.5873 0.7509
9 11.4929 3.4731 57.9064 0.9031 0.0903 0.4198 0.5868 0.7739
NPCjames.jpg
9 12.2688 2.2712 55.1895 0.9057 -0.3835 0.1807 0.6332 0.7008
9 12.5315 2.4154 53.3974 0.9361 -0.3465 -0.0602 0.6451 0.6526
9 12.6784 3.7280 53.4617 0.9934 0.1126 -0.0225 0.6171 0.6426
NPCjames.jpg
9 12.6784 3.7280 53.4617 0.9934 0.1126 -0.0225 0.6171 0.6426
9 12.5036 3.6579 55.3093 0.9660 0.1024 0.2373 0.5993 0.6927
9 12.2688 2.2712 55.1895 0.9057 -0.3835 0.1807 0.6332 0.7008
NPCjames.jpg
9 12.6784 3.7280 53.4617 0.9934 0.1126 -0.0225 0.6171 0.6426
9 12.2966 2.6453 52.2418 0.9022 -0.3528 -0.2480 0.6548 0.6212
9 12.3405 3.7597 50.9088 0.9234 0.1141 -0.3665 0.6496 0.5778
NPCjames.jpg
9 8.2067 -1.5368 54.4004 0.5872 -0.8015 0.1134 0.7839 0.7466
9 7.7540 -1.0292 57.0777 0.6695 -0.6988 0.2519 0.7522 0.8170
9 6.2974 -2.4531 56.9313 0.1486 -0.9654 0.2144 0.8091 0.8363
NPCjames.jpg
9 6.2974 -2.4531 56.9313 0.1486 -0.9654 0.2144 0.8091 0.8363
9 6.0776 -2.6642 56.3404 0.2356 -0.8771 0.4186 0.8247 0.8268
9 8.2067 -1.5368 54.4004 0.5872 -0.8015 0.1134 0.7839 0.7466
NPCjames.jpg
9 8.2067 -1.5368 54.4004 0.5872 -0.8015 0.1134 0.7839 0.7466
9 6.0776 -2.6642 56.3404 0.2356 -0.8771 0.4186 0.8247 0.8268
9 6.6239 -2.2061 54.2403 0.4954 -0.8654 -0.0752 0.8326 0.7605
NPCjames.jpg
9 9.5957 -0.3843 51.9249 0.7424 -0.6379 0.2045 0.7646 0.6568
9 11.7284 1.3442 52.9264 0.7549 -0.6432 -0.1277 0.6842 0.6542
9 9.5336 -0.4345 52.9022 0.6192 -0.7852 -0.0040 0.7566 0.6858
NPCjames.jpg
9 10.6620 0.7672 56.0116 0.5913 -0.7509 0.2940 0.6801 0.7468
9 9.0964 -0.7600 53.6867 0.6322 -0.7737 0.0417 0.7665 0.7198
9 11.3735 0.9735 54.7241 0.6877 -0.7175 0.1102 0.6783 0.7058
NPCjames.jpg
9 7.3634 -0.9017 59.0950 0.7734 -0.6016 0.2000 0.7283 0.8785
9 7.3437 0.9862 61.9555 0.4142 -0.4945 0.7641 0.6516 0.9537
9 6.6055 -1.6832 60.6411 0.3372 -0.6959 0.6341 0.7483 0.9324
NPCjames.jpg
9 11.3735 0.9735 54.7241 0.6877 -0.7175 0.1102 0.6783 0.7058
9 9.0964 -0.7600 53.6867 0.6322 -0.7737 0.0417 0.7665 0.7198
9 9.5336 -0.4345 52.9022 0.6192 -0.7852 -0.0040 0.7566 0.6858
NPCjames.jpg
9 9.5336 -0.4345 52.9022 0.6192 -0.7852 -0.0040 0.7566 0.6858
9 11.7284 1.3442 52.9264 0.7549 -0.6432 -0.1277 0.6842 0.6542
9 11.3735 0.9735 54.7241 0.6877 -0.7175 0.1102 0.6783 0.7058
NPCjames.jpg
9 7.3634 -0.9017 59.0950 0.7734 -0.6016 0.2000 0.7283 0.8785
9 8.9317 0.5828 57.5914 0.6206 -0.6870 0.3780 0.6937 0.8116
9 8.9399 1.2766 59.3624 0.7341 -0.4734 0.4869 0.6610 0.8514
NPCjames.jpg
9 8.9399 1.2766 59.3624 0.7341 -0.4734 0.4869 0.6610 0.8514
9 8.9317 0.5828 57.5914 0.6206 -0.6870 0.3780 0.6937 0.8116
9 10.0092 1.7030 58.7762 0.5672 -0.5755 0.5891 0.6332 0.8177
NPCjames.jpg
9 12.5036 3.6579 55.3093 0.9660 0.1024 0.2373 0.5993 0.6927
9 11.9326 3.5588 56.5825 0.9771 0.1051 0.1850 0.5923 0.7318
9 11.7151 2.0341 56.6974 0.8111 -0.4657 0.3539 0.6305 0.7449
NPCjames.jpg
9 11.7151 2.0341 56.6974 0.8111 -0.4657 0.3539 0.6305 0.7449
9 12.2688 2.2712 55.1895 0.9057 -0.3835 0.1807 0.6332 0.7008
9 12.5036 3.6579 55.3093 0.9660 0.1024 0.2373 0.5993 0.6927
NPCjames.jpg
9 12.0050 3.7388 50.2874 0.9742 0.1151 -0.1940 0.6611 0.5608
9 11.1041 1.3141 51.1024 0.8526 -0.5192 -0.0586 0.7121 0.6097
9 12.0392 3.7868 48.6730 0.9920 0.1101 0.0617 0.6814 0.5206
NPCjames.jpg
9 12.6784 3.7280 53.4617 0.9934 0.1126 -0.0225 0.6171 0.6426
9 12.5315 2.4154 53.3974 0.9361 -0.3465 -0.0602 0.6451 0.6526
9 12.2966 2.6453 52.2418 0.9022 -0.3528 -0.2480 0.6548 0.6212
NPCjames.jpg
9 10.0092 1.7030 58.7762 0.5672 -0.5755 0.5891 0.6332 0.8177
9 8.9317 0.5828 57.5914 0.6206 -0.6870 0.3780 0.6937 0.8116
9 10.8107 1.8084 57.8512 0.6526 -0.5996 0.4632 0.6362 0.7850
NPCjames.jpg
9 8.9317 0.5828 57.5914 0.6206 -0.6870 0.3780 0.6937 0.8116
9 10.6620 0.7672 56.0116 0.5913 -0.7509 0.2940 0.6801 0.7468
9 10.8107 1.8084 57.8512 0.6526 -0.5996 0.4632 0.6362 0.7850
NPCjames.jpg
9 10.6620 0.7672 56.0116 0.5913 -0.7509 0.2940 0.6801 0.7468
9 11.7151 2.0341 56.6974 0.8111 -0.4657 0.3539 0.6305 0.7449
9 10.8107 1.8084 57.8512 0.6526 -0.5996 0.4632 0.6362 0.7850
NPCjames.jpg
9 11.7151 2.0341 56.6974 0.8111 -0.4657 0.3539 0.6305 0.7449
9 10.6620 0.7672 56.0116 0.5913 -0.7509 0.2940 0.6801 0.7468
9 11.3735 0.9735 54.7241 0.6877 -0.7175 0.1102 0.6783 0.7058
NPCjames.jpg
9 11.3735 0.9735 54.7241 0.6877 -0.7175 0.1102 0.6783 0.7058
9 12.2688 2.2712 55.1895 0.9057 -0.3835 0.1807 0.6332 0.7008
9 11.7151 2.0341 56.6974 0.8111 -0.4657 0.3539 0.6305 0.7449
NPCjames.jpg
9 11.3735 0.9735 54.7241 0.6877 -0.7175 0.1102 0.6783 0.7058
9 11.7284 1.3442 52.9264 0.7549 -0.6432 -0.1277 0.6842 0.6542
9 12.5315 2.4154 53.3974 0.9361 -0.3465 -0.0602 0.6451 0.6526
NPCjames.jpg
9 12.5315 2.4154 53.3974 0.9361 -0.3465 -0.0602 0.6451 0.6526
9 12.2688 2.2712 55.1895 0.9057 -0.3835 0.1807 0.6332 0.7008
9 11.3735 0.9735 54.7241 0.6877 -0.7175 0.1102 0.6783 0.7058
NPCjames.jpg
9 12.5315 2.4154 53.3974 0.9361 -0.3465 -0.0602 0.6451 0.6526
9 11.7284 1.3442 52.9264 0.7549 -0.6432 -0.1277 0.6842 0.6542
9 12.2966 2.6453 52.2418 0.9022 -0.3528 -0.2480 0.6548 0.6212
NPCjames.jpg
9 12.2966 2.6453 52.2418 0.9022 -0.3528 -0.2480 0.6548 0.6212
9 11.1041 1.3141 51.1024 0.8526 -0.5192 -0.0586 0.7121 0.6097
9 12.3405 3.7597 50.9088 0.9234 0.1141 -0.3665 0.6496 0.5778
NPCjames.jpg
9 11.7284 1.3442 52.9264 0.7549 -0.6432 -0.1277 0.6842 0.6542
9 11.1041 1.3141 51.1024 0.8526 -0.5192 -0.0586 0.7121 0.6097
9 12.2966 2.6453 52.2418 0.9022 -0.3528 -0.2480 0.6548 0.6212
NPCjames.jpg
9 10.0092 1.7030 58.7762 0.5672 -0.5755 0.5891 0.6332 0.8177
9 10.4605 3.3183 59.3114 0.5427 0.0382 0.8391 0.5957 0.8182
9 8.6487 3.0968 59.9476 0.8090 0.0753 0.5830 0.5961 0.8691
NPCjames.jpg
9 8.2067 -1.5368 54.4004 0.5872 -0.8015 0.1134 0.7839 0.7466
9 10.6620 0.7672 56.0116 0.5913 -0.7509 0.2940 0.6801 0.7468
9 7.7540 -1.0292 57.0777 0.6695 -0.6988 0.2519 0.7522 0.8170
NPCjames.jpg
9 7.7540 -1.0292 57.0777 0.6695 -0.6988 0.2519 0.7522 0.8170
9 8.9317 0.5828 57.5914 0.6206 -0.6870 0.3780 0.6937 0.8116
9 7.3634 -0.9017 59.0950 0.7734 -0.6016 0.2000 0.7283 0.8785
NPCjames.jpg
9 7.3437 0.9862 61.9555 0.4142 -0.4945 0.7641 0.6516 0.9537
9 7.3634 -0.9017 59.0950 0.7734 -0.6016 0.2000 0.7283 0.8785
9 8.9399 1.2766 59.3624 0.7341 -0.4734 0.4869 0.6610 0.8514
NPCjames.jpg
9 10.6620 0.7672 56.0116 0.5913 -0.7509 0.2940 0.6801 0.7468
9 8.9317 0.5828 57.5914 0.6206 -0.6870 0.3780 0.6937 0.8116
9 7.7540 -1.0292 57.0777 0.6695 -0.6988 0.2519 0.7522 0.8170
NPCjames.jpg
9 10.6620 0.7672 56.0116 0.5913 -0.7509 0.2940 0.6801 0.7468
9 8.2067 -1.5368 54.4004 0.5872 -0.8015 0.1134 0.7839 0.7466
9 9.0964 -0.7600 53.6867 0.6322 -0.7737 0.0417 0.7665 0.7198
NPCjames.jpg
9 11.1041 1.3141 51.1024 0.8526 -0.5192 -0.0586 0.7121 0.6097
9 11.1941 1.0451 49.8780 0.9202 -0.3626 0.1473 0.7307 0.5812
9 12.0392 3.7868 48.6730 0.9920 0.1101 0.0617 0.6814 0.5206
NPCjames.jpg
9 7.4042 1.8738 62.7300 0.2020 -0.7291 0.6540 0.6228 0.9591
9 8.3463 3.0292 61.1741 0.9251 0.0939 0.3679 0.5918 0.9055
9 8.0713 2.9525 62.8481 0.8899 0.0875 0.4477 0.5878 0.9461
NPCjames.jpg
9 6.0629 -1.2011 60.6792 -0.3358 -0.4606 0.8216 0.7489 0.9437
9 4.5291 -2.9071 58.6716 -0.2057 -0.9786 0.0012 0.8427 0.9128
9 5.2651 -3.0046 58.8560 0.0771 -0.9877 0.1364 0.8220 0.9079
NPCjames.jpg
9 5.2651 -3.0046 58.8560 0.0771 -0.9877 0.1364 0.8220 0.9079
9 6.6055 -1.6832 60.6411 0.3372 -0.6959 0.6341 0.7483 0.9324
9 6.0629 -1.2011 60.6792 -0.3358 -0.4606 0.8216 0.7489 0.9437
NPCjames.jpg
9 6.7206 1.4240 62.0231 -0.1327 -0.3254 0.9362 0.6529 0.9723
9 6.0629 -1.2011 60.6792 -0.3358 -0.4606 0.8216 0.7489 0.9437
9 6.6055 -1.6832 60.6411 0.3372 -0.6959 0.6341 0.7483 0.9324
NPCjames.jpg
9 6.6055 -1.6832 60.6411 0.3372 -0.6959 0.6341 0.7483 0.9324
9 7.3437 0.9862 61.9555 0.4142 -0.4945 0.7641 0.6516 0.9537
9 6.7206 1.4240 62.0231 -0.1327 -0.3254 0.9362 0.6529 0.9723
NPCjames.jpg
9 4.5291 -2.9071 58.6716 -0.2057 -0.9786 0.0012 0.8427 0.9128
9 5.3582 -2.3119 58.2291 -0.2397 -0.6699 -0.7027 0.8175 0.8799
9 5.8863 -2.5737 58.3169 0.3376 -0.9175 -0.2104 0.8067 0.8855
NPCjames.jpg
9 5.8863 -2.5737 58.3169 0.3376 -0.9175 -0.2104 0.8067 0.8855
9 5.2651 -3.0046 58.8560 0.0771 -0.9877 0.1364 0.8220 0.9079
9 4.5291 -2.9071 58.6716 -0.2057 -0.9786 0.0012 0.8427 0.9128
NPCjames.jpg
9 5.7053 -2.2917 56.3751 -0.4026 -0.4841 0.7769 0.8265 0.8346
9 5.1453 -2.7834 56.2509 0.1467 -0.0544 0.9877 0.8428 0.8356
9 5.4845 -3.1588 56.1969 0.4925 -0.6304 0.6000 0.8447 0.8295
NPCjames.jpg
9 5.4845 -3.1588 56.1969 0.4925 -0.6304 0.6000 0.8447 0.8295
9 6.0776 -2.6642 56.3404 0.2356 -0.8771 0.4186 0.8247 0.8268
9 5.7053 -2.2917 56.3751 -0.4026 -0.4841 0.7769 0.8265 0.8346
NPCjames.jpg
9 5.7338 -2.1656 57.6041 -0.5152 -0.7996 -0.3085 0.8140 0.8555
9 5.8820 -2.1213 56.9590 -0.6326 -0.7674 0.1040 0.8148 0.8440
9 6.2974 -2.4531 56.9313 0.1486 -0.9654 0.2144 0.8091 0.8363
NPCjames.jpg
9 6.2974 -2.4531 56.9313 0.1486 -0.9654 0.2144 0.8091 0.8363
9 6.1560 -2.4501 57.6715 0.1873 -0.9811 -0.0487 0.8040 0.8587
9 5.7338 -2.1656 57.6041 -0.5152 -0.7996 -0.3085 0.8140 0.8555
NPCjames.jpg
9 5.3582 -2.3119 58.2291 -0.2397 -0.6699 -0.7027 0.8175 0.8799
9 5.7338 -2.1656 57.6041 -0.5152 -0.7996 -0.3085 0.8140 0.8555
9 6.1560 -2.4501 57.6715 0.1873 -0.9811 -0.0487 0.8040 0.8587
NPCjames.jpg
9 6.1560 -2.4501 57.6715 0.1873 -0.9811 -0.0487 0.8040 0.8587
9 5.8863 -2.5737 58.3169 0.3376 -0.9175 -0.2104 0.8067 0.8855
9 5.3582 -2.3119 58.2291 -0.2397 -0.6699 -0.7027 0.8175 0.8799
NPCjames.jpg
9 5.1453 -2.7834 56.2509 0.1467 -0.0544 0.9877 0.8428 0.8356
9 4.6859 -2.9887 56.4481 0.5981 0.1739 0.7823 0.8563 0.8440
9 4.8835 -3.5013 56.3791 0.7138 -0.5112 0.4787 0.8608 0.8420
NPCjames.jpg
9 4.8835 -3.5013 56.3791 0.7138 -0.5112 0.4787 0.8608 0.8420
9 5.4845 -3.1588 56.1969 0.4925 -0.6304 0.6000 0.8447 0.8295
9 5.1453 -2.7834 56.2509 0.1467 -0.0544 0.9877 0.8428 0.8356
NPCjames.jpg
9 4.6859 -2.9887 56.4481 0.5981 0.1739 0.7823 0.8563 0.8440
9 4.3711 -3.1234 56.8440 0.8191 0.3885 0.4221 0.8640 0.8574
9 4.5659 -3.6370 56.9387 0.8710 -0.3756 0.3166 0.8658 0.8586
NPCjames.jpg
9 4.5659 -3.6370 56.9387 0.8710 -0.3756 0.3166 0.8658 0.8586
9 4.8835 -3.5013 56.3791 0.7138 -0.5112 0.4787 0.8608 0.8420
9 4.6859 -2.9887 56.4481 0.5981 0.1739 0.7823 0.8563 0.8440
NPCjames.jpg
9 5.8820 -2.1213 56.9590 -0.6326 -0.7674 0.1040 0.8148 0.8440
9 5.7053 -2.2917 56.3751 -0.4026 -0.4841 0.7769 0.8265 0.8346
9 6.0776 -2.6642 56.3404 0.2356 -0.8771 0.4186 0.8247 0.8268
NPCjames.jpg
9 6.0776 -2.6642 56.3404 0.2356 -0.8771 0.4186 0.8247 0.8268
9 6.2974 -2.4531 56.9313 0.1486 -0.9654 0.2144 0.8091 0.8363
9 5.8820 -2.1213 56.9590 -0.6326 -0.7674 0.1040 0.8148 0.8440
NPCjames.jpg
9 6.3772 2.7738 62.3993 -0.7646 -0.1030 0.6363 0.6217 0.9775
9 6.7206 1.4240 62.0231 -0.1327 -0.3254 0.9362 0.6529 0.9723
9 7.3437 0.9862 61.9555 0.4142 -0.4945 0.7641 0.6516 0.9537
NPCjames.jpg
9 7.3437 0.9862 61.9555 0.4142 -0.4945 0.7641 0.6516 0.9537
9 7.4042 1.8738 62.7300 0.2020 -0.7291 0.6540 0.6228 0.9591
9 6.3772 2.7738 62.3993 -0.7646 -0.1030 0.6363 0.6217 0.9775
NPCjames.jpg
9 7.4042 1.8738 62.7300 0.2020 -0.7291 0.6540 0.6228 0.9591
9 7.0592 2.8139 63.7490 -0.1953 -0.0486 0.9795 0.5842 0.9840
9 6.3772 2.7738 62.3993 -0.7646 -0.1030 0.6363 0.6217 0.9775
NPCjames.jpg
9 9.5981 -0.8083 51.5390 0.7841 -0.4738 0.4009 0.7832 0.6520
9 11.1941 1.0451 49.8780 0.9202 -0.3626 0.1473 0.7307 0.5812
9 11.1041 1.3141 51.1024 0.8526 -0.5192 -0.0586 0.7121 0.6097
NPCjames.jpg
9 4.3689 -3.3105 58.1233 0.6216 -0.6268 0.4698 0.8528 0.8879
9 4.5659 -3.6370 56.9387 0.8710 -0.3756 0.3166 0.8658 0.8586
9 4.3711 -3.1234 56.8440 0.8191 0.3885 0.4221 0.8640 0.8574
NPCjames.jpg
9 11.4261 3.4511 58.4366 0.8757 0.0857 0.4752 0.5863 0.7859
9 10.8107 1.8084 57.8512 0.6526 -0.5996 0.4632 0.6362 0.7850
9 11.4929 3.4731 57.9064 0.9031 0.0903 0.4198 0.5868 0.7739
NPCjames.jpg
9 10.8107 1.8084 57.8512 0.6526 -0.5996 0.4632 0.6362 0.7850
9 11.4261 3.4511 58.4366 0.8757 0.0857 0.4752 0.5863 0.7859
9 10.4605 3.3183 59.3114 0.5427 0.0382 0.8391 0.5957 0.8182
NPCjames.jpg
9 10.4605 3.3183 59.3114 0.5427 0.0382 0.8391 0.5957 0.8182
9 10.0092 1.7030 58.7762 0.5672 -0.5755 0.5891 0.6332 0.8177
9 10.8107 1.8084 57.8512 0.6526 -0.5996 0.4632 0.6362 0.7850
NPCjames.jpg
9 3.6853 -4.1543 57.3530 0.3321 -0.8373 0.4344 0.8869 0.8802
9 4.3689 -3.3105 58.1233 0.6216 -0.6268 0.4698 0.8528 0.8879
9 3.4490 -3.5935 58.0321 0.1537 -0.7349 0.6605 0.8784 0.8996
NPCjames.jpg
9 3.4490 -3.5935 58.0321 0.1537 -0.7349 0.6605 0.8784 0.8996
9 2.9973 -4.0742 57.5914 0.0966 -0.8254 0.5563 0.8992 0.8967
9 3.6853 -4.1543 57.3530 0.3321 -0.8373 0.4344 0.8869 0.8802
NPCjames.jpg
9 3.6853 -4.1543 57.3530 0.3321 -0.8373 0.4344 0.8869 0.8802
9 2.9973 -4.0742 57.5914 0.0966 -0.8254 0.5563 0.8992 0.8967
9 2.6266 -4.5395 56.7552 0.0761 -0.9533 0.2923 0.9216 0.8785
NPCjames.jpg
9 2.6266 -4.5395 56.7552 0.0761 -0.9533 0.2923 0.9216 0.8785
9 3.4513 -4.5229 56.5433 0.3185 -0.9243 0.2104 0.9042 0.8634
9 3.6853 -4.1543 57.3530 0.3321 -0.8373 0.4344 0.8869 0.8802
NPCjames.jpg
9 3.4513 -4.5229 56.5433 0.3185 -0.9243 0.2104 0.9042 0.8634
9 2.6266 -4.5395 56.7552 0.0761 -0.9533 0.2923 0.9216 0.8785
9 2.7228 -4.7653 55.1661 0.2017 -0.9788 -0.0349 0.9395 0.8366
NPCjames.jpg
9 2.7228 -4.7653 55.1661 0.2017 -0.9788 -0.0349 0.9395 0.8366
9 3.5893 -4.5858 55.4942 0.3962 -0.9180 0.0146 0.9136 0.8359
9 3.4513 -4.5229 56.5433 0.3185 -0.9243 0.2104 0.9042 0.8634
NPCjames.jpg
9 4.1875 -4.2005 54.2711 0.4808 -0.8719 -0.0926 0.9090 0.7974
9 3.5893 -4.5858 55.4942 0.3962 -0.9180 0.0146 0.9136 0.8359
9 2.7228 -4.7653 55.1661 0.2017 -0.9788 -0.0349 0.9395 0.8366
NPCjames.jpg
9 2.7228 -4.7653 55.1661 0.2017 -0.9788 -0.0349 0.9395 0.8366
9 3.3901 -4.3757 53.8942 0.2912 -0.9397 -0.1794 0.9330 0.7954
9 4.1875 -4.2005 54.2711 0.4808 -0.8719 -0.0926 0.9090 0.7974
NPCjames.jpg
9 4.5089 -3.7814 53.0403 0.4071 -0.8918 -0.1974 0.9101 0.7599
9 5.2863 -3.3393 52.7549 0.6204 -0.7620 0.1855 0.8909 0.7426
9 4.1875 -4.2005 54.2711 0.4808 -0.8719 -0.0926 0.9090 0.7974
NPCjames.jpg
9 3.6853 -4.1543 57.3530 0.3321 -0.8373 0.4344 0.8869 0.8802
9 4.5659 -3.6370 56.9387 0.8710 -0.3756 0.3166 0.8658 0.8586
9 4.3689 -3.3105 58.1233 0.6216 -0.6268 0.4698 0.8528 0.8879
NPCjames.jpg
9 3.5893 -4.5858 55.4942 0.3962 -0.9180 0.0146 0.9136 0.8359
9 4.8835 -3.5013 56.3791 0.7138 -0.5112 0.4787 0.8608 0.8420
9 4.5659 -3.6370 56.9387 0.8710 -0.3756 0.3166 0.8658 0.8586
NPCjames.jpg
9 4.5659 -3.6370 56.9387 0.8710 -0.3756 0.3166 0.8658 0.8586
9 3.4513 -4.5229 56.5433 0.3185 -0.9243 0.2104 0.9042 0.8634
9 3.5893 -4.5858 55.4942 0.3962 -0.9180 0.0146 0.9136 0.8359
NPCjames.jpg
9 4.1875 -4.2005 54.2711 0.4808 -0.8719 -0.0926 0.9090 0.7974
9 5.4845 -3.1588 56.1969 0.4925 -0.6304 0.6000 0.8447 0.8295
9 4.8835 -3.5013 56.3791 0.7138 -0.5112 0.4787 0.8608 0.8420
NPCjames.jpg
9 4.8835 -3.5013 56.3791 0.7138 -0.5112 0.4787 0.8608 0.8420
9 3.5893 -4.5858 55.4942 0.3962 -0.9180 0.0146 0.9136 0.8359
9 4.1875 -4.2005 54.2711 0.4808 -0.8719 -0.0926 0.9090 0.7974
NPCjames.jpg
9 5.5895 -2.8556 53.3199 0.6278 -0.7662 0.1373 0.8704 0.7531
9 5.4845 -3.1588 56.1969 0.4925 -0.6304 0.6000 0.8447 0.8295
9 4.1875 -4.2005 54.2711 0.4808 -0.8719 -0.0926 0.9090 0.7974
NPCjames.jpg
9 5.5895 -2.8556 53.3199 0.6278 -0.7662 0.1373 0.8704 0.7531
9 4.1875 -4.2005 54.2711 0.4808 -0.8719 -0.0926 0.9090 0.7974
9 5.2863 -3.3393 52.7549 0.6204 -0.7620 0.1855 0.8909 0.7426
NPCjames.jpg
9 3.9863 8.3426 59.1659 -0.1436 0.9712 0.1899 0.8220 0.9079
9 5.5978 7.2581 60.8853 0.1777 0.7183 0.6727 0.7483 0.9324
9 4.6845 8.0903 58.6082 0.1238 0.9795 -0.1586 0.8067 0.8855
NPCjames.jpg
9 8.7491 7.1284 52.1301 0.5832 0.7751 0.2431 0.7646 0.6568
9 10.5924 5.8549 51.2264 0.7155 0.6982 -0.0254 0.7121 0.6097
9 8.6547 7.5625 51.7676 0.6615 0.6141 0.4306 0.7832 0.6520
NPCjames.jpg
9 5.4606 8.1161 54.5221 0.2901 0.9567 -0.0254 0.8326 0.7605
9 4.3021 8.5679 53.6318 0.4425 0.8781 0.1822 0.8704 0.7531
9 4.1497 8.6848 56.5203 0.3437 0.6908 0.6361 0.8447 0.8295
NPCjames.jpg
9 4.1497 8.6848 56.5203 0.3437 0.6908 0.6361 0.8447 0.8295
9 4.8389 8.3274 56.6406 0.0370 0.8837 0.4666 0.8247 0.8268
9 5.4606 8.1161 54.5221 0.2901 0.9567 -0.0254 0.8326 0.7605
NPCjames.jpg
9 4.3021 8.5679 53.6318 0.4425 0.8781 0.1822 0.8704 0.7531
9 4.7265 8.7388 53.0769 0.2743 0.8398 0.4685 0.8692 0.7331
9 3.8955 9.0019 53.0919 0.4365 0.8698 0.2300 0.8909 0.7426
NPCjames.jpg
9 8.3463 3.0292 61.1741 0.9251 0.0939 0.3679 0.5918 0.9055
9 8.6487 3.0968 59.9476 0.8090 0.0753 0.5830 0.5961 0.8691
9 8.5242 4.9649 59.4631 0.6134 0.5979 0.5160 0.6610 0.8514
NPCjames.jpg
9 8.5242 4.9649 59.4631 0.6134 0.5979 0.5160 0.6610 0.8514
9 6.9214 4.7532 62.0580 0.2988 0.5324 0.7920 0.6516 0.9537
9 8.3463 3.0292 61.1741 0.9251 0.0939 0.3679 0.5918 0.9055
NPCjames.jpg
9 8.3463 3.0292 61.1741 0.9251 0.0939 0.3679 0.5918 0.9055
9 6.9214 4.7532 62.0580 0.2988 0.5324 0.7920 0.6516 0.9537
9 7.1826 3.8609 62.7838 0.0402 0.7195 0.6934 0.6228 0.9591
NPCjames.jpg
9 8.6487 3.0968 59.9476 0.8090 0.0753 0.5830 0.5961 0.8691
9 9.6580 4.8192 58.8612 0.4285 0.6547 0.6227 0.6332 0.8177
9 8.5242 4.9649 59.4631 0.6134 0.5979 0.5160 0.6610 0.8514
NPCjames.jpg
9 11.9326 3.5588 56.5825 0.9771 0.1051 0.1850 0.5923 0.7318
9 11.3821 4.9884 56.7781 0.6893 0.6146 0.3835 0.6305 0.7449
9 12.0062 3.5482 57.2752 0.9369 0.0964 0.3359 0.5873 0.7509
NPCjames.jpg
9 12.0050 3.7388 50.2874 0.9742 0.1151 -0.1940 0.6611 0.5608
9 10.5924 5.8549 51.2264 0.7155 0.6982 -0.0254 0.7121 0.6097
9 12.3405 3.7597 50.9088 0.9234 0.1141 -0.3665 0.6496 0.5778
NPCjames.jpg
9 10.5924 5.8549 51.2264 0.7155 0.6982 -0.0254 0.7121 0.6097
9 8.7491 7.1284 52.1301 0.5832 0.7751 0.2431 0.7646 0.6568
9 11.2188 5.8662 53.0499 0.5922 0.8009 -0.0883 0.6842 0.6542
NPCjames.jpg
9 5.5978 7.2581 60.8853 0.1777 0.7183 0.6727 0.7483 0.9324
9 6.5012 6.7493 59.3040 0.6214 0.7469 0.2366 0.7283 0.8785
9 4.6845 8.0903 58.6082 0.1238 0.9795 -0.1586 0.8067 0.8855
NPCjames.jpg
9 5.1037 8.1390 57.2206 -0.0685 0.9612 0.2671 0.8091 0.8363
9 4.9709 8.0648 57.9586 -0.0358 0.9993 0.0054 0.8040 0.8587
9 6.5012 6.7493 59.3040 0.6214 0.7469 0.2366 0.7283 0.8785
NPCjames.jpg
9 6.5012 6.7493 59.3040 0.6214 0.7469 0.2366 0.7283 0.8785
9 6.8413 7.0689 57.2989 0.4988 0.8156 0.2932 0.7522 0.8170
9 5.1037 8.1390 57.2206 -0.0685 0.9612 0.2671 0.8091 0.8363
NPCjames.jpg
9 6.5012 6.7493 59.3040 0.6214 0.7469 0.2366 0.7283 0.8785
9 4.9709 8.0648 57.9586 -0.0358 0.9993 0.0054 0.8040 0.8587
9 4.6845 8.0903 58.6082 0.1238 0.9795 -0.1586 0.8067 0.8855
NPCjames.jpg
9 7.1826 3.8609 62.7838 0.0402 0.7195 0.6934 0.6228 0.9591
9 7.0592 2.8139 63.7490 -0.1953 -0.0486 0.9795 0.5842 0.9840
9 8.0713 2.9525 62.8481 0.8899 0.0875 0.4477 0.5878 0.9461
NPCjames.jpg
9 3.0410 9.2439 53.3960 0.1973 0.9693 -0.1466 0.9101 0.7599
9 1.8232 9.5276 54.2739 0.0738 0.9892 -0.1267 0.9330 0.7954
9 2.6419 9.5141 54.6456 0.2743 0.9607 -0.0426 0.9090 0.7974
NPCjames.jpg
9 1.8662 9.5417 56.9274 0.1063 0.9592 0.2619 0.9042 0.8634
9 2.1812 9.1914 57.7175 0.1402 0.8655 0.4809 0.8869 0.8802
9 3.1523 8.9059 57.2812 0.7676 0.5423 0.3417 0.8658 0.8586
NPCjames.jpg
9 11.4929 3.4731 57.9064 0.9031 0.0903 0.4198 0.5868 0.7739
9 12.0062 3.5482 57.2752 0.9369 0.0964 0.3359 0.5873 0.7509
9 11.3821 4.9884 56.7781 0.6893 0.6146 0.3835 0.6305 0.7449
NPCjames.jpg
9 11.3821 4.9884 56.7781 0.6893 0.6146 0.3835 0.6305 0.7449
9 10.4573 4.9448 57.9368 0.5057 0.7039 0.4988 0.6362 0.7850
9 11.4929 3.4731 57.9064 0.9031 0.0903 0.4198 0.5868 0.7739
NPCjames.jpg
9 11.9655 4.9620 55.2630 0.7988 0.5650 0.2066 0.6332 0.7008
9 12.5036 3.6579 55.3093 0.9660 0.1024 0.2373 0.5993 0.6927
9 12.6784 3.7280 53.4617 0.9934 0.1126 -0.0225 0.6171 0.6426
NPCjames.jpg
9 12.6784 3.7280 53.4617 0.9934 0.1126 -0.0225 0.6171 0.6426
9 12.2428 4.9767 53.4674 0.8352 0.5488 -0.0357 0.6451 0.6526
9 11.9655 4.9620 55.2630 0.7988 0.5650 0.2066 0.6332 0.7008
NPCjames.jpg
9 12.6784 3.7280 53.4617 0.9934 0.1126 -0.0225 0.6171 0.6426
9 12.3405 3.7597 50.9088 0.9234 0.1141 -0.3665 0.6496 0.5778
9 12.0579 4.7629 52.2996 0.7997 0.5574 -0.2231 0.6548 0.6212
NPCjames.jpg
9 7.1536 7.8080 54.6556 0.3950 0.9046 0.1601 0.7839 0.7466
9 4.8389 8.3274 56.6406 0.0370 0.8837 0.4666 0.8247 0.8268
9 5.1037 8.1390 57.2206 -0.0685 0.9612 0.2671 0.8091 0.8363
NPCjames.jpg
9 5.1037 8.1390 57.2206 -0.0685 0.9612 0.2671 0.8091 0.8363
9 6.8413 7.0689 57.2989 0.4988 0.8156 0.2932 0.7522 0.8170
9 7.1536 7.8080 54.6556 0.3950 0.9046 0.1601 0.7839 0.7466
NPCjames.jpg
9 7.1536 7.8080 54.6556 0.3950 0.9046 0.1601 0.7839 0.7466
9 5.4606 8.1161 54.5221 0.2901 0.9567 -0.0254 0.8326 0.7605
9 4.8389 8.3274 56.6406 0.0370 0.8837 0.4666 0.8247 0.8268
NPCjames.jpg
9 8.7491 7.1284 52.1301 0.5832 0.7751 0.2431 0.7646 0.6568
9 8.6832 7.1108 53.1082 0.4290 0.9023 0.0421 0.7566 0.6858
9 11.2188 5.8662 53.0499 0.5922 0.8009 -0.0883 0.6842 0.6542
NPCjames.jpg
9 10.0695 6.0244 56.1552 0.4112 0.8467 0.3377 0.6801 0.7468
9 10.8013 6.0512 54.8628 0.5116 0.8455 0.1529 0.6783 0.7058
9 8.1894 7.2882 53.9065 0.4445 0.8915 0.0871 0.7665 0.7198
NPCjames.jpg
9 6.5012 6.7493 59.3040 0.6214 0.7469 0.2366 0.7283 0.8785
9 5.5978 7.2581 60.8853 0.1777 0.7183 0.6727 0.7483 0.9324
9 6.9214 4.7532 62.0580 0.2988 0.5324 0.7920 0.6516 0.9537
NPCjames.jpg
9 10.8013 6.0512 54.8628 0.5116 0.8455 0.1529 0.6783 0.7058
9 11.2188 5.8662 53.0499 0.5922 0.8009 -0.0883 0.6842 0.6542
9 8.6832 7.1108 53.1082 0.4290 0.9023 0.0421 0.7566 0.6858
NPCjames.jpg
9 8.6832 7.1108 53.1082 0.4290 0.9023 0.0421 0.7566 0.6858
9 8.1894 7.2882 53.9065 0.4445 0.8915 0.0871 0.7665 0.7198
9 10.8013 6.0512 54.8628 0.5116 0.8455 0.1529 0.6783 0.7058
NPCjames.jpg
9 6.5012 6.7493 59.3040 0.6214 0.7469 0.2366 0.7283 0.8785
9 8.5242 4.9649 59.4631 0.6134 0.5979 0.5160 0.6610 0.8514
9 8.3511 5.7339 57.7320 0.4546 0.7864 0.4182 0.6937 0.8116
NPCjames.jpg
9 8.5242 4.9649 59.4631 0.6134 0.5979 0.5160 0.6610 0.8514
9 9.6580 4.8192 58.8612 0.4285 0.6547 0.6227 0.6332 0.8177
9 8.3511 5.7339 57.7320 0.4546 0.7864 0.4182 0.6937 0.8116
NPCjames.jpg
9 12.5036 3.6579 55.3093 0.9660 0.1024 0.2373 0.5993 0.6927
9 11.9655 4.9620 55.2630 0.7988 0.5650 0.2066 0.6332 0.7008
9 11.3821 4.9884 56.7781 0.6893 0.6146 0.3835 0.6305 0.7449
NPCjames.jpg
9 11.3821 4.9884 56.7781 0.6893 0.6146 0.3835 0.6305 0.7449
9 11.9326 3.5588 56.5825 0.9771 0.1051 0.1850 0.5923 0.7318
9 12.5036 3.6579 55.3093 0.9660 0.1024 0.2373 0.5993 0.6927
NPCjames.jpg
9 12.0050 3.7388 50.2874 0.9742 0.1151 -0.1940 0.6611 0.5608
9 12.0392 3.7868 48.6730 0.9920 0.1101 0.0617 0.6814 0.5206
9 10.5924 5.8549 51.2264 0.7155 0.6982 -0.0254 0.7121 0.6097
NPCjames.jpg
9 12.6784 3.7280 53.4617 0.9934 0.1126 -0.0225 0.6171 0.6426
9 12.0579 4.7629 52.2996 0.7997 0.5574 -0.2231 0.6548 0.6212
9 12.2428 4.9767 53.4674 0.8352 0.5488 -0.0357 0.6451 0.6526
NPCjames.jpg
9 9.6580 4.8192 58.8612 0.4285 0.6547 0.6227 0.6332 0.8177
9 10.4573 4.9448 57.9368 0.5057 0.7039 0.4988 0.6362 0.7850
9 8.3511 5.7339 57.7320 0.4546 0.7864 0.4182 0.6937 0.8116
NPCjames.jpg
9 8.3511 5.7339 57.7320 0.4546 0.7864 0.4182 0.6937 0.8116
9 10.4573 4.9448 57.9368 0.5057 0.7039 0.4988 0.6362 0.7850
9 10.0695 6.0244 56.1552 0.4112 0.8467 0.3377 0.6801 0.7468
NPCjames.jpg
9 10.0695 6.0244 56.1552 0.4112 0.8467 0.3377 0.6801 0.7468
9 10.4573 4.9448 57.9368 0.5057 0.7039 0.4988 0.6362 0.7850
9 11.3821 4.9884 56.7781 0.6893 0.6146 0.3835 0.6305 0.7449
NPCjames.jpg
9 11.3821 4.9884 56.7781 0.6893 0.6146 0.3835 0.6305 0.7449
9 11.9655 4.9620 55.2630 0.7988 0.5650 0.2066 0.6332 0.7008
9 10.8013 6.0512 54.8628 0.5116 0.8455 0.1529 0.6783 0.7058
NPCjames.jpg
9 10.8013 6.0512 54.8628 0.5116 0.8455 0.1529 0.6783 0.7058
9 10.0695 6.0244 56.1552 0.4112 0.8467 0.3377 0.6801 0.7468
9 11.3821 4.9884 56.7781 0.6893 0.6146 0.3835 0.6305 0.7449
NPCjames.jpg
9 10.8013 6.0512 54.8628 0.5116 0.8455 0.1529 0.6783 0.7058
9 11.9655 4.9620 55.2630 0.7988 0.5650 0.2066 0.6332 0.7008
9 12.2428 4.9767 53.4674 0.8352 0.5488 -0.0357 0.6451 0.6526
NPCjames.jpg
9 12.2428 4.9767 53.4674 0.8352 0.5488 -0.0357 0.6451 0.6526
9 11.2188 5.8662 53.0499 0.5922 0.8009 -0.0883 0.6842 0.6542
9 10.8013 6.0512 54.8628 0.5116 0.8455 0.1529 0.6783 0.7058
NPCjames.jpg
9 12.2428 4.9767 53.4674 0.8352 0.5488 -0.0357 0.6451 0.6526
9 12.0579 4.7629 52.2996 0.7997 0.5574 -0.2231 0.6548 0.6212
9 11.2188 5.8662 53.0499 0.5922 0.8009 -0.0883 0.6842 0.6542
NPCjames.jpg
9 12.0579 4.7629 52.2996 0.7997 0.5574 -0.2231 0.6548 0.6212
9 12.3405 3.7597 50.9088 0.9234 0.1141 -0.3665 0.6496 0.5778
9 10.5924 5.8549 51.2264 0.7155 0.6982 -0.0254 0.7121 0.6097
NPCjames.jpg
9 11.2188 5.8662 53.0499 0.5922 0.8009 -0.0883 0.6842 0.6542
9 12.0579 4.7629 52.2996 0.7997 0.5574 -0.2231 0.6548 0.6212
9 10.5924 5.8549 51.2264 0.7155 0.6982 -0.0254 0.7121 0.6097
NPCjames.jpg
9 9.6580 4.8192 58.8612 0.4285 0.6547 0.6227 0.6332 0.8177
9 8.6487 3.0968 59.9476 0.8090 0.0753 0.5830 0.5961 0.8691
9 10.4605 3.3183 59.3114 0.5427 0.0382 0.8391 0.5957 0.8182
NPCjames.jpg
9 7.1536 7.8080 54.6556 0.3950 0.9046 0.1601 0.7839 0.7466
9 6.8413 7.0689 57.2989 0.4988 0.8156 0.2932 0.7522 0.8170
9 10.0695 6.0244 56.1552 0.4112 0.8467 0.3377 0.6801 0.7468
NPCjames.jpg
9 6.8413 7.0689 57.2989 0.4988 0.8156 0.2932 0.7522 0.8170
9 6.5012 6.7493 59.3040 0.6214 0.7469 0.2366 0.7283 0.8785
9 8.3511 5.7339 57.7320 0.4546 0.7864 0.4182 0.6937 0.8116
NPCjames.jpg
9 6.9214 4.7532 62.0580 0.2988 0.5324 0.7920 0.6516 0.9537
9 8.5242 4.9649 59.4631 0.6134 0.5979 0.5160 0.6610 0.8514
9 6.5012 6.7493 59.3040 0.6214 0.7469 0.2366 0.7283 0.8785
NPCjames.jpg
9 10.0695 6.0244 56.1552 0.4112 0.8467 0.3377 0.6801 0.7468
9 6.8413 7.0689 57.2989 0.4988 0.8156 0.2932 0.7522 0.8170
9 8.3511 5.7339 57.7320 0.4546 0.7864 0.4182 0.6937 0.8116
NPCjames.jpg
9 10.0695 6.0244 56.1552 0.4112 0.8467 0.3377 0.6801 0.7468
9 8.1894 7.2882 53.9065 0.4445 0.8915 0.0871 0.7665 0.7198
9 7.1536 7.8080 54.6556 0.3950 0.9046 0.1601 0.7839 0.7466
NPCjames.jpg
9 10.5924 5.8549 51.2264 0.7155 0.6982 -0.0254 0.7121 0.6097
9 12.0392 3.7868 48.6730 0.9920 0.1101 0.0617 0.6814 0.5206
9 10.6129 6.2027 50.0188 0.8174 0.5497 0.1723 0.7307 0.5812
NPCjames.jpg
9 7.1826 3.8609 62.7838 0.0402 0.7195 0.6934 0.6228 0.9591
9 8.0713 2.9525 62.8481 0.8899 0.0875 0.4477 0.5878 0.9461
9 8.3463 3.0292 61.1741 0.9251 0.0939 0.3679 0.5918 0.9055
NPCjames.jpg
9 5.1763 6.6661 60.8941 -0.4246 0.3293 0.8434 0.7489 0.9437
9 5.5978 7.2581 60.8853 0.1777 0.7183 0.6727 0.7483 0.9324
9 3.9863 8.3426 59.1659 -0.1436 0.9712 0.1899 0.8220 0.9079
NPCjames.jpg
9 3.9863 8.3426 59.1659 -0.1436 0.9712 0.1899 0.8220 0.9079
9 3.2893 8.0939 58.9720 -0.4182 0.9068 0.0527 0.8427 0.9128
9 5.1763 6.6661 60.8941 -0.4246 0.3293 0.8434 0.7489 0.9437
NPCjames.jpg
9 6.4123 4.1849 62.0979 -0.1968 0.2371 0.9513 0.6529 0.9723
9 6.9214 4.7532 62.0580 0.2988 0.5324 0.7920 0.6516 0.9537
9 5.5978 7.2581 60.8853 0.1777 0.7183 0.6727 0.7483 0.9324
NPCjames.jpg
9 5.5978 7.2581 60.8853 0.1777 0.7183 0.6727 0.7483 0.9324
9 5.1763 6.6661 60.8941 -0.4246 0.3293 0.8434 0.7489 0.9437
9 6.4123 4.1849 62.0979 -0.1968 0.2371 0.9513 0.6529 0.9723
NPCjames.jpg
9 3.2893 8.0939 58.9720 -0.4182 0.9068 0.0527 0.8427 0.9128
9 3.9863 8.3426 59.1659 -0.1436 0.9712 0.1899 0.8220 0.9079
9 4.6845 8.0903 58.6082 0.1238 0.9795 -0.1586 0.8067 0.8855
NPCjames.jpg
9 4.6845 8.0903 58.6082 0.1238 0.9795 -0.1586 0.8067 0.8855
9 4.2273 7.7227 58.5032 -0.3869 0.6367 -0.6670 0.8175 0.8799
9 3.2893 8.0939 58.9720 -0.4182 0.9068 0.0527 0.8427 0.9128
NPCjames.jpg
9 4.5589 7.8802 56.6529 -0.4955 0.3398 0.7994 0.8265 0.8346
9 4.8389 8.3274 56.6406 0.0370 0.8837 0.4666 0.8247 0.8268
9 4.1497 8.6848 56.5203 0.3437 0.6908 0.6361 0.8447 0.8295
NPCjames.jpg
9 4.1497 8.6848 56.5203 0.3437 0.6908 0.6361 0.8447 0.8295
9 3.9028 8.2409 56.5520 0.1369 0.0323 0.9901 0.8428 0.8356
9 4.5589 7.8802 56.6529 -0.4955 0.3398 0.7994 0.8265 0.8346
NPCjames.jpg
9 4.6222 7.6975 57.8735 -0.6820 0.6804 -0.2680 0.8140 0.8555
9 4.9709 8.0648 57.9586 -0.0358 0.9993 0.0054 0.8040 0.8587
9 5.1037 8.1390 57.2206 -0.0685 0.9612 0.2671 0.8091 0.8363
NPCjames.jpg
9 5.1037 8.1390 57.2206 -0.0685 0.9612 0.2671 0.8091 0.8363
9 4.7727 7.7221 57.2279 -0.7868 0.6008 0.1414 0.8148 0.8440
9 4.6222 7.6975 57.8735 -0.6820 0.6804 -0.2680 0.8140 0.8555
NPCjames.jpg
9 4.2273 7.7227 58.5032 -0.3869 0.6367 -0.6670 0.8175 0.8799
9 4.6845 8.0903 58.6082 0.1238 0.9795 -0.1586 0.8067 0.8855
9 4.9709 8.0648 57.9586 -0.0358 0.9993 0.0054 0.8040 0.8587
NPCjames.jpg
9 4.9709 8.0648 57.9586 -0.0358 0.9993 0.0054 0.8040 0.8587
9 4.6222 7.6975 57.8735 -0.6820 0.6804 -0.2680 0.8140 0.8555
9 4.2273 7.7227 58.5032 -0.3869 0.6367 -0.6670 0.8175 0.8799
NPCjames.jpg
9 3.9028 8.2409 56.5520 0.1369 0.0323 0.9901 0.8428 0.8356
9 4.1497 8.6848 56.5203 0.3437 0.6908 0.6361 0.8447 0.8295
9 3.4887 8.8746 56.7171 0.5852 0.6306 0.5098 0.8608 0.8420
NPCjames.jpg
9 3.4887 8.8746 56.7171 0.5852 0.6306 0.5098 0.8608 0.8420
9 3.4105 8.3280 56.7571 0.6266 -0.0783 0.7754 0.8563 0.8440
9 3.9028 8.2409 56.5520 0.1369 0.0323 0.9901 0.8428 0.8356
NPCjames.jpg
9 3.4105 8.3280 56.7571 0.6266 -0.0783 0.7754 0.8563 0.8440
9 3.4887 8.8746 56.7171 0.5852 0.6306 0.5098 0.8608 0.8420
9 3.1523 8.9059 57.2812 0.7676 0.5423 0.3417 0.8658 0.8586
NPCjames.jpg
9 3.1523 8.9059 57.2812 0.7676 0.5423 0.3417 0.8658 0.8586
9 3.0761 8.3677 57.1578 0.8876 -0.2187 0.4055 0.8640 0.8574
9 3.4105 8.3280 56.7571 0.6266 -0.0783 0.7754 0.8563 0.8440
NPCjames.jpg
9 4.7727 7.7221 57.2279 -0.7868 0.6008 0.1414 0.8148 0.8440
9 5.1037 8.1390 57.2206 -0.0685 0.9612 0.2671 0.8091 0.8363
9 4.8389 8.3274 56.6406 0.0370 0.8837 0.4666 0.8247 0.8268
NPCjames.jpg
9 4.8389 8.3274 56.6406 0.0370 0.8837 0.4666 0.8247 0.8268
9 4.5589 7.8802 56.6529 -0.4955 0.3398 0.7994 0.8265 0.8346
9 4.7727 7.7221 57.2279 -0.7868 0.6008 0.1414 0.8148 0.8440
NPCjames.jpg
9 6.3772 2.7738 62.3993 -0.7646 -0.1030 0.6363 0.6217 0.9775
9 7.1826 3.8609 62.7838 0.0402 0.7195 0.6934 0.6228 0.9591
9 6.9214 4.7532 62.0580 0.2988 0.5324 0.7920 0.6516 0.9537
NPCjames.jpg
9 6.9214 4.7532 62.0580 0.2988 0.5324 0.7920 0.6516 0.9537
9 6.4123 4.1849 62.0979 -0.1968 0.2371 0.9513 0.6529 0.9723
9 6.3772 2.7738 62.3993 -0.7646 -0.1030 0.6363 0.6217 0.9775
NPCjames.jpg
9 7.1826 3.8609 62.7838 0.0402 0.7195 0.6934 0.6228 0.9591
9 6.3772 2.7738 62.3993 -0.7646 -0.1030 0.6363 0.6217 0.9775
9 7.0592 2.8139 63.7490 -0.1953 -0.0486 0.9795 0.5842 0.9840
NPCjames.jpg
9 8.6547 7.5625 51.7676 0.6615 0.6141 0.4306 0.7832 0.6520
9 10.5924 5.8549 51.2264 0.7155 0.6982 -0.0254 0.7121 0.6097
9 10.6129 6.2027 50.0188 0.8174 0.5497 0.1723 0.7307 0.5812
NPCjames.jpg
9 3.0401 8.4805 58.4453 0.4694 0.7231 0.5068 0.8528 0.8879
9 3.0761 8.3677 57.1578 0.8876 -0.2187 0.4055 0.8640 0.8574
9 3.1523 8.9059 57.2812 0.7676 0.5423 0.3417 0.8658 0.8586
NPCjames.jpg
9 11.4261 3.4511 58.4366 0.8757 0.0857 0.4752 0.5863 0.7859
9 11.4929 3.4731 57.9064 0.9031 0.0903 0.4198 0.5868 0.7739
9 10.4573 4.9448 57.9368 0.5057 0.7039 0.4988 0.6362 0.7850
NPCjames.jpg
9 10.4573 4.9448 57.9368 0.5057 0.7039 0.4988 0.6362 0.7850
9 9.6580 4.8192 58.8612 0.4285 0.6547 0.6227 0.6332 0.8177
9 10.4605 3.3183 59.3114 0.5427 0.0382 0.8391 0.5957 0.8182
NPCjames.jpg
9 10.4605 3.3183 59.3114 0.5427 0.0382 0.8391 0.5957 0.8182
9 11.4261 3.4511 58.4366 0.8757 0.0857 0.4752 0.5863 0.7859
9 10.4573 4.9448 57.9368 0.5057 0.7039 0.4988 0.6362 0.7850
NPCjames.jpg
9 2.1812 9.1914 57.7175 0.1402 0.8655 0.4809 0.8869 0.8802
9 1.5298 8.9476 57.9470 -0.0860 0.7950 0.6005 0.8992 0.8967
9 2.0797 8.5563 58.3639 -0.0096 0.7140 0.7000 0.8784 0.8996
NPCjames.jpg
9 2.0797 8.5563 58.3639 -0.0096 0.7140 0.7000 0.8784 0.8996
9 3.0401 8.4805 58.4453 0.4694 0.7231 0.5068 0.8528 0.8879
9 2.1812 9.1914 57.7175 0.1402 0.8655 0.4809 0.8869 0.8802
NPCjames.jpg
9 2.1812 9.1914 57.7175 0.1402 0.8655 0.4809 0.8869 0.8802
9 1.8662 9.5417 56.9274 0.1063 0.9592 0.2619 0.9042 0.8634
9 1.0598 9.3631 57.1348 -0.1360 0.9292 0.3437 0.9216 0.8785
NPCjames.jpg
9 1.0598 9.3631 57.1348 -0.1360 0.9292 0.3437 0.9216 0.8785
9 1.5298 8.9476 57.9470 -0.0860 0.7950 0.6005 0.8992 0.8967
9 2.1812 9.1914 57.7175 0.1402 0.8655 0.4809 0.8869 0.8802
NPCjames.jpg
9 1.8662 9.5417 56.9274 0.1063 0.9592 0.2619 0.9042 0.8634
9 1.9804 9.6903 55.8840 0.1822 0.9810 0.0664 0.9136 0.8359
9 1.0937 9.6899 55.5608 -0.0212 0.9996 0.0192 0.9395 0.8366
NPCjames.jpg
9 1.0937 9.6899 55.5608 -0.0212 0.9996 0.0192 0.9395 0.8366
9 1.0598 9.3631 57.1348 -0.1360 0.9292 0.3437 0.9216 0.8785
9 1.8662 9.5417 56.9274 0.1063 0.9592 0.2619 0.9042 0.8634
NPCjames.jpg
9 2.6419 9.5141 54.6456 0.2743 0.9607 -0.0426 0.9090 0.7974
9 1.8232 9.5276 54.2739 0.0738 0.9892 -0.1267 0.9330 0.7954
9 1.0937 9.6899 55.5608 -0.0212 0.9996 0.0192 0.9395 0.8366
NPCjames.jpg
9 1.0937 9.6899 55.5608 -0.0212 0.9996 0.0192 0.9395 0.8366
9 1.9804 9.6903 55.8840 0.1822 0.9810 0.0664 0.9136 0.8359
9 2.6419 9.5141 54.6456 0.2743 0.9607 -0.0426 0.9090 0.7974
NPCjames.jpg
9 3.0410 9.2439 53.3960 0.1973 0.9693 -0.1466 0.9101 0.7599
9 2.6419 9.5141 54.6456 0.2743 0.9607 -0.0426 0.9090 0.7974
9 3.8955 9.0019 53.0919 0.4365 0.8698 0.2300 0.8909 0.7426
NPCjames.jpg
9 2.1812 9.1914 57.7175 0.1402 0.8655 0.4809 0.8869 0.8802
9 3.0401 8.4805 58.4453 0.4694 0.7231 0.5068 0.8528 0.8879
9 3.1523 8.9059 57.2812 0.7676 0.5423 0.3417 0.8658 0.8586
NPCjames.jpg
9 1.9804 9.6903 55.8840 0.1822 0.9810 0.0664 0.9136 0.8359
9 1.8662 9.5417 56.9274 0.1063 0.9592 0.2619 0.9042 0.8634
9 3.1523 8.9059 57.2812 0.7676 0.5423 0.3417 0.8658 0.8586
NPCjames.jpg
9 3.1523 8.9059 57.2812 0.7676 0.5423 0.3417 0.8658 0.8586
9 3.4887 8.8746 56.7171 0.5852 0.6306 0.5098 0.8608 0.8420
9 1.9804 9.6903 55.8840 0.1822 0.9810 0.0664 0.9136 0.8359
NPCjames.jpg
9 2.6419 9.5141 54.6456 0.2743 0.9607 -0.0426 0.9090 0.7974
9 1.9804 9.6903 55.8840 0.1822 0.9810 0.0664 0.9136 0.8359
9 3.4887 8.8746 56.7171 0.5852 0.6306 0.5098 0.8608 0.8420
NPCjames.jpg
9 3.4887 8.8746 56.7171 0.5852 0.6306 0.5098 0.8608 0.8420
9 4.1497 8.6848 56.5203 0.3437 0.6908 0.6361 0.8447 0.8295
9 2.6419 9.5141 54.6456 0.2743 0.9607 -0.0426 0.9090 0.7974
NPCjames.jpg
9 4.3021 8.5679 53.6318 0.4425 0.8781 0.1822 0.8704 0.7531
9 2.6419 9.5141 54.6456 0.2743 0.9607 -0.0426 0.9090 0.7974
9 4.1497 8.6848 56.5203 0.3437 0.6908 0.6361 0.8447 0.8295
NPCjames.jpg
9 4.3021 8.5679 53.6318 0.4425 0.8781 0.1822 0.8704 0.7531
9 3.8955 9.0019 53.0919 0.4365 0.8698 0.2300 0.8909 0.7426
9 2.6419 9.5141 54.6456 0.2743 0.9607 -0.0426 0.9090 0.7974
NPCjames.jpg
25 -7.8330 -2.6469 59.2296 -0.0678 -0.9693 0.2363 0.8220 0.9079
25 -9.2872 -1.1752 60.7943 -0.3586 -0.6327 0.6864 0.7483 0.9324
25 -8.4320 -2.2889 58.6171 -0.3108 -0.9417 -0.1287 0.8067 0.8855
NPCjames.jpg
25 -11.8356 -0.8653 51.8495 -0.7415 -0.6291 0.2332 0.7646 0.6568
25 -13.3266 0.7036 50.7762 -0.8396 -0.5412 -0.0463 0.7121 0.6097
25 -11.8107 -1.3275 51.5112 -0.7961 -0.4463 0.4087 0.7832 0.6520
NPCjames.jpg
25 -8.9600 -2.3679 54.4924 -0.4764 -0.8792 -0.0080 0.8326 0.7605
25 -7.8680 -3.0875 53.6996 -0.6214 -0.7612 0.1858 0.8704 0.7531
25 -7.9095 -3.0844 56.5941 -0.5129 -0.5745 0.6379 0.8447 0.8295
NPCjames.jpg
25 -7.9095 -3.0844 56.5941 -0.5129 -0.5745 0.6379 0.8447 0.8295
25 -8.5175 -2.5906 56.6542 -0.2426 -0.8333 0.4968 0.8247 0.8268
25 -8.9600 -2.3679 54.4924 -0.4764 -0.8792 -0.0080 0.8326 0.7605
NPCjames.jpg
25 -7.8680 -3.0875 53.6996 -0.6214 -0.7612 0.1858 0.8704 0.7531
25 -8.2855 -3.1981 53.1244 -0.4658 -0.7428 0.4810 0.8692 0.7331
25 -7.5275 -3.6211 53.2051 -0.6166 -0.7518 0.2336 0.8909 0.7426
NPCjames.jpg
25 -11.1316 3.5276 60.7358 -0.9446 0.1116 0.3086 0.5918 0.9055
25 -11.3700 3.4593 59.4953 -0.8397 0.1182 0.5300 0.5961 0.8691
25 -11.5998 1.5817 59.0925 -0.7507 -0.4357 0.4966 0.6610 0.8514
NPCjames.jpg
25 -11.5998 1.5817 59.0925 -0.7507 -0.4357 0.4966 0.6610 0.8514
25 -10.1378 1.6006 61.7792 -0.4456 -0.4206 0.7903 0.6516 0.9537
25 -11.1316 3.5276 60.7358 -0.9446 0.1116 0.3086 0.5918 0.9055
NPCjames.jpg
25 -11.1316 3.5276 60.7358 -0.9446 0.1116 0.3086 0.5918 0.9055
25 -10.1378 1.6006 61.7792 -0.4456 -0.4206 0.7903 0.6516 0.9537
25 -10.2536 2.5631 62.4511 -0.2240 -0.6606 0.7165 0.6228 0.9591
NPCjames.jpg
25 -11.3700 3.4593 59.4953 -0.8397 0.1182 0.5300 0.5961 0.8691
25 -12.6437 1.9205 58.4110 -0.5878 -0.5228 0.6174 0.6332 0.8177
25 -11.5998 1.5817 59.0925 -0.7507 -0.4357 0.4966 0.6610 0.8514
NPCjames.jpg
25 -14.4795 3.4927 55.9384 -0.9871 0.1024 0.1230 0.5923 0.7318
25 -14.2431 1.9937 56.2252 -0.8207 -0.4437 0.3599 0.6305 0.7449
25 -14.5893 3.5533 56.6237 -0.9548 0.1105 0.2760 0.5873 0.7509
NPCjames.jpg
25 -14.2234 3.0088 49.6642 -0.9644 0.0726 -0.2541 0.6611 0.5608
25 -13.3266 0.7036 50.7762 -0.8396 -0.5412 -0.0463 0.7121 0.6097
25 -14.5915 3.0874 50.2621 -0.9046 0.0546 -0.4228 0.6496 0.5778
NPCjames.jpg
25 -13.3266 0.7036 50.7762 -0.8396 -0.5412 -0.0463 0.7121 0.6097
25 -11.8356 -0.8653 51.8495 -0.7415 -0.6291 0.2332 0.7646 0.6568
25 -14.0464 0.9114 52.5528 -0.7364 -0.6696 -0.0968 0.6842 0.6542
NPCjames.jpg
25 -9.2872 -1.1752 60.7943 -0.3586 -0.6327 0.6864 0.7483 0.9324
25 -9.9756 -0.5773 59.1378 -0.7728 -0.5941 0.2232 0.7283 0.8785
25 -8.4320 -2.2889 58.6171 -0.3108 -0.9417 -0.1287 0.8067 0.8855
NPCjames.jpg
25 -8.7716 -2.3236 57.2075 -0.1436 -0.9405 0.3078 0.8091 0.8363
25 -8.6693 -2.2397 57.9493 -0.1682 -0.9847 0.0462 0.8040 0.8587
25 -9.9756 -0.5773 59.1378 -0.7728 -0.5941 0.2232 0.7283 0.8785
NPCjames.jpg
25 -9.9756 -0.5773 59.1378 -0.7728 -0.5941 0.2232 0.7283 0.8785
25 -10.2572 -0.9246 57.1282 -0.6701 -0.6831 0.2904 0.7522 0.8170
25 -8.7716 -2.3236 57.2075 -0.1436 -0.9405 0.3078 0.8091 0.8363
NPCjames.jpg
25 -9.9756 -0.5773 59.1378 -0.7728 -0.5941 0.2232 0.7283 0.8785
25 -8.6693 -2.2397 57.9493 -0.1682 -0.9847 0.0462 0.8040 0.8587
25 -8.4320 -2.2889 58.6171 -0.3108 -0.9417 -0.1287 0.8067 0.8855
NPCjames.jpg
25 -10.2536 2.5631 62.4511 -0.2240 -0.6606 0.7165 0.6228 0.9591
25 -9.9784 3.6124 63.3809 0.1442 0.0589 0.9878 0.5842 0.9840
25 -10.9438 3.6333 62.4202 -0.9135 0.1144 0.3903 0.5878 0.9461
NPCjames.jpg
25 -6.7590 -4.0135 53.5748 -0.3813 -0.9163 -0.1221 0.9101 0.7599
25 -5.6769 -4.4900 54.5424 -0.2657 -0.9595 -0.0932 0.9330 0.7954
25 -6.4959 -4.2938 54.8577 -0.4608 -0.8872 -0.0238 0.9090 0.7974
NPCjames.jpg
25 -5.8750 -4.3594 57.1857 -0.3138 -0.9038 0.2909 0.9042 0.8634
25 -6.1574 -3.9131 57.9389 -0.3405 -0.7941 0.5034 0.8869 0.8802
25 -7.0235 -3.4616 57.4280 -0.8801 -0.3594 0.3102 0.8658 0.8586
NPCjames.jpg
25 -14.1088 3.5563 57.2845 -0.9253 0.1140 0.3616 0.5868 0.7739
25 -14.5893 3.5533 56.6237 -0.9548 0.1105 0.2760 0.5873 0.7509
25 -14.2431 1.9937 56.2252 -0.8207 -0.4437 0.3599 0.6305 0.7449
NPCjames.jpg
25 -14.2431 1.9937 56.2252 -0.8207 -0.4437 0.3599 0.6305 0.7449
25 -13.3971 1.9105 57.4407 -0.6660 -0.5619 0.4906 0.6362 0.7850
25 -14.1088 3.5563 57.2845 -0.9253 0.1140 0.3616 0.5868 0.7739
NPCjames.jpg
25 -14.7205 2.0589 54.6746 -0.9075 -0.3823 0.1743 0.6332 0.7008
25 -14.9842 3.4449 54.6347 -0.9787 0.1054 0.1760 0.5993 0.6927
25 -15.0627 3.3167 52.7836 -0.9926 0.0875 -0.0846 0.6171 0.6426
NPCjames.jpg
25 -15.0627 3.3167 52.7836 -0.9926 0.0875 -0.0846 0.6171 0.6426
25 -14.8908 2.0081 52.8664 -0.9258 -0.3715 -0.0704 0.6451 0.6526
25 -14.7205 2.0589 54.6746 -0.9075 -0.3823 0.1743 0.6332 0.7008
NPCjames.jpg
25 -15.0627 3.3167 52.7836 -0.9926 0.0875 -0.0846 0.6171 0.6426
25 -14.5915 3.0874 50.2621 -0.9046 0.0546 -0.4228 0.6496 0.5778
25 -14.5993 2.1205 51.7063 -0.8820 -0.3967 -0.2545 0.6548 0.6212
NPCjames.jpg
25 -10.5599 -1.7205 54.5003 -0.5790 -0.7978 0.1681 0.7839 0.7466
25 -8.5175 -2.5906 56.6542 -0.2426 -0.8333 0.4968 0.8247 0.8268
25 -8.7716 -2.3236 57.2075 -0.1436 -0.9405 0.3078 0.8091 0.8363
NPCjames.jpg
25 -8.7716 -2.3236 57.2075 -0.1436 -0.9405 0.3078 0.8091 0.8363
25 -10.2572 -0.9246 57.1282 -0.6701 -0.6831 0.2904 0.7522 0.8170
25 -10.5599 -1.7205 54.5003 -0.5790 -0.7978 0.1681 0.7839 0.7466
NPCjames.jpg
25 -10.5599 -1.7205 54.5003 -0.5790 -0.7978 0.1681 0.7839 0.7466
25 -8.9600 -2.3679 54.4924 -0.4764 -0.8792 -0.0080 0.8326 0.7605
25 -8.5175 -2.5906 56.6542 -0.2426 -0.8333 0.4968 0.8247 0.8268
NPCjames.jpg
25 -11.8356 -0.8653 51.8495 -0.7415 -0.6291 0.2332 0.7646 0.6568
25 -11.8242 -0.8112 52.8285 -0.6050 -0.7948 0.0480 0.7566 0.6858
25 -14.0464 0.9114 52.5528 -0.7364 -0.6696 -0.0968 0.6842 0.6542
NPCjames.jpg
25 -13.1345 0.6853 55.7318 -0.5934 -0.7288 0.3417 0.6801 0.7468
25 -13.7806 0.7395 54.3954 -0.6806 -0.7170 0.1508 0.6783 0.7058
25 -11.4236 -1.0428 53.6642 -0.6206 -0.7788 0.0915 0.7665 0.7198
NPCjames.jpg
25 -9.9756 -0.5773 59.1378 -0.7728 -0.5941 0.2232 0.7283 0.8785
25 -9.2872 -1.1752 60.7943 -0.3586 -0.6327 0.6864 0.7483 0.9324
25 -10.1378 1.6006 61.7792 -0.4456 -0.4206 0.7903 0.6516 0.9537
NPCjames.jpg
25 -13.7806 0.7395 54.3954 -0.6806 -0.7170 0.1508 0.6783 0.7058
25 -14.0464 0.9114 52.5528 -0.7364 -0.6696 -0.0968 0.6842 0.6542
25 -11.8242 -0.8112 52.8285 -0.6050 -0.7948 0.0480 0.7566 0.6858
NPCjames.jpg
25 -11.8242 -0.8112 52.8285 -0.6050 -0.7948 0.0480 0.7566 0.6858
25 -11.4236 -1.0428 53.6642 -0.6206 -0.7788 0.0915 0.7665 0.7198
25 -13.7806 0.7395 54.3954 -0.6806 -0.7170 0.1508 0.6783 0.7058
NPCjames.jpg
25 -9.9756 -0.5773 59.1378 -0.7728 -0.5941 0.2232 0.7283 0.8785
25 -11.5998 1.5817 59.0925 -0.7507 -0.4357 0.4966 0.6610 0.8514
25 -11.4869 0.7061 57.4077 -0.6282 -0.6570 0.4168 0.6937 0.8116
NPCjames.jpg
25 -11.5998 1.5817 59.0925 -0.7507 -0.4357 0.4966 0.6610 0.8514
25 -12.6437 1.9205 58.4110 -0.5878 -0.5228 0.6174 0.6332 0.8177
25 -11.4869 0.7061 57.4077 -0.6282 -0.6570 0.4168 0.6937 0.8116
NPCjames.jpg
25 -14.9842 3.4449 54.6347 -0.9787 0.1054 0.1760 0.5993 0.6927
25 -14.7205 2.0589 54.6746 -0.9075 -0.3823 0.1743 0.6332 0.7008
25 -14.2431 1.9937 56.2252 -0.8207 -0.4437 0.3599 0.6305 0.7449
NPCjames.jpg
25 -14.2431 1.9937 56.2252 -0.8207 -0.4437 0.3599 0.6305 0.7449
25 -14.4795 3.4927 55.9384 -0.9871 0.1024 0.1230 0.5923 0.7318
25 -14.9842 3.4449 54.6347 -0.9787 0.1054 0.1760 0.5993 0.6927
NPCjames.jpg
25 -14.2234 3.0088 49.6642 -0.9644 0.0726 -0.2541 0.6611 0.5608
25 -14.1734 2.8861 48.0541 -0.9956 0.0941 -0.0006 0.6814 0.5206
25 -13.3266 0.7036 50.7762 -0.8396 -0.5412 -0.0463 0.7121 0.6097
NPCjames.jpg
25 -15.0627 3.3167 52.7836 -0.9926 0.0875 -0.0846 0.6171 0.6426
25 -14.5993 2.1205 51.7063 -0.8820 -0.3967 -0.2545 0.6548 0.6212
25 -14.8908 2.0081 52.8664 -0.9258 -0.3715 -0.0704 0.6451 0.6526
NPCjames.jpg
25 -12.6437 1.9205 58.4110 -0.5878 -0.5228 0.6174 0.6332 0.8177
25 -13.3971 1.9105 57.4407 -0.6660 -0.5619 0.4906 0.6362 0.7850
25 -11.4869 0.7061 57.4077 -0.6282 -0.6570 0.4168 0.6937 0.8116
NPCjames.jpg
25 -11.4869 0.7061 57.4077 -0.6282 -0.6570 0.4168 0.6937 0.8116
25 -13.3971 1.9105 57.4407 -0.6660 -0.5619 0.4906 0.6362 0.7850
25 -13.1345 0.6853 55.7318 -0.5934 -0.7288 0.3417 0.6801 0.7468
NPCjames.jpg
25 -13.1345 0.6853 55.7318 -0.5934 -0.7288 0.3417 0.6801 0.7468
25 -13.3971 1.9105 57.4407 -0.6660 -0.5619 0.4906 0.6362 0.7850
25 -14.2431 1.9937 56.2252 -0.8207 -0.4437 0.3599 0.6305 0.7449
NPCjames.jpg
25 -14.2431 1.9937 56.2252 -0.8207 -0.4437 0.3599 0.6305 0.7449
25 -14.7205 2.0589 54.6746 -0.9075 -0.3823 0.1743 0.6332 0.7008
25 -13.7806 0.7395 54.3954 -0.6806 -0.7170 0.1508 0.6783 0.7058
NPCjames.jpg
25 -13.7806 0.7395 54.3954 -0.6806 -0.7170 0.1508 0.6783 0.7058
25 -13.1345 0.6853 55.7318 -0.5934 -0.7288 0.3417 0.6801 0.7468
25 -14.2431 1.9937 56.2252 -0.8207 -0.4437 0.3599 0.6305 0.7449
NPCjames.jpg
25 -13.7806 0.7395 54.3954 -0.6806 -0.7170 0.1508 0.6783 0.7058
25 -14.7205 2.0589 54.6746 -0.9075 -0.3823 0.1743 0.6332 0.7008
25 -14.8908 2.0081 52.8664 -0.9258 -0.3715 -0.0704 0.6451 0.6526
NPCjames.jpg
25 -14.8908 2.0081 52.8664 -0.9258 -0.3715 -0.0704 0.6451 0.6526
25 -14.0464 0.9114 52.5528 -0.7364 -0.6696 -0.0968 0.6842 0.6542
25 -13.7806 0.7395 54.3954 -0.6806 -0.7170 0.1508 0.6783 0.7058
NPCjames.jpg
25 -14.8908 2.0081 52.8664 -0.9258 -0.3715 -0.0704 0.6451 0.6526
25 -14.5993 2.1205 51.7063 -0.8820 -0.3967 -0.2545 0.6548 0.6212
25 -14.0464 0.9114 52.5528 -0.7364 -0.6696 -0.0968 0.6842 0.6542
NPCjames.jpg
25 -14.5993 2.1205 51.7063 -0.8820 -0.3967 -0.2545 0.6548 0.6212
25 -14.5915 3.0874 50.2621 -0.9046 0.0546 -0.4228 0.6496 0.5778
25 -13.3266 0.7036 50.7762 -0.8396 -0.5412 -0.0463 0.7121 0.6097
NPCjames.jpg
25 -14.0464 0.9114 52.5528 -0.7364 -0.6696 -0.0968 0.6842 0.6542
25 -14.5993 2.1205 51.7063 -0.8820 -0.3967 -0.2545 0.6548 0.6212
25 -13.3266 0.7036 50.7762 -0.8396 -0.5412 -0.0463 0.7121 0.6097
NPCjames.jpg
25 -12.6437 1.9205 58.4110 -0.5878 -0.5228 0.6174 0.6332 0.8177
25 -11.3700 3.4593 59.4953 -0.8397 0.1182 0.5300 0.5961 0.8691
25 -13.1492 3.5728 58.7484 -0.5866 0.1142 0.8018 0.5957 0.8182
NPCjames.jpg
25 -10.5599 -1.7205 54.5003 -0.5790 -0.7978 0.1681 0.7839 0.7466
25 -10.2572 -0.9246 57.1282 -0.6701 -0.6831 0.2904 0.7522 0.8170
25 -13.1345 0.6853 55.7318 -0.5934 -0.7288 0.3417 0.6801 0.7468
NPCjames.jpg
25 -10.2572 -0.9246 57.1282 -0.6701 -0.6831 0.2904 0.7522 0.8170
25 -9.9756 -0.5773 59.1378 -0.7728 -0.5941 0.2232 0.7283 0.8785
25 -11.4869 0.7061 57.4077 -0.6282 -0.6570 0.4168 0.6937 0.8116
NPCjames.jpg
25 -10.1378 1.6006 61.7792 -0.4456 -0.4206 0.7903 0.6516 0.9537
25 -11.5998 1.5817 59.0925 -0.7507 -0.4357 0.4966 0.6610 0.8514
25 -9.9756 -0.5773 59.1378 -0.7728 -0.5941 0.2232 0.7283 0.8785
NPCjames.jpg
25 -13.1345 0.6853 55.7318 -0.5934 -0.7288 0.3417 0.6801 0.7468
25 -10.2572 -0.9246 57.1282 -0.6701 -0.6831 0.2904 0.7522 0.8170
25 -11.4869 0.7061 57.4077 -0.6282 -0.6570 0.4168 0.6937 0.8116
NPCjames.jpg
25 -13.1345 0.6853 55.7318 -0.5934 -0.7288 0.3417 0.6801 0.7468
25 -11.4236 -1.0428 53.6642 -0.6206 -0.7788 0.0915 0.7665 0.7198
25 -10.5599 -1.7205 54.5003 -0.5790 -0.7978 0.1681 0.7839 0.7466
NPCjames.jpg
25 -13.3266 0.7036 50.7762 -0.8396 -0.5412 -0.0463 0.7121 0.6097
25 -14.1734 2.8861 48.0541 -0.9956 0.0941 -0.0006 0.6814 0.5206
25 -13.3476 0.3055 49.5843 -0.9205 -0.3654 0.1382 0.7307 0.5812
NPCjames.jpg
25 -10.2536 2.5631 62.4511 -0.2240 -0.6606 0.7165 0.6228 0.9591
25 -10.9438 3.6333 62.4202 -0.9135 0.1144 0.3903 0.5878 0.9461
25 -11.1316 3.5276 60.7358 -0.9446 0.1116 0.3086 0.5918 0.9055
NPCjames.jpg
25 -8.7555 -0.6799 60.8085 0.2996 -0.3643 0.8818 0.7489 0.9437
25 -9.2872 -1.1752 60.7943 -0.3586 -0.6327 0.6864 0.7483 0.9324
25 -7.8330 -2.6469 59.2296 -0.0678 -0.9693 0.2363 0.8220 0.9079
NPCjames.jpg
25 -7.8330 -2.6469 59.2296 -0.0678 -0.9693 0.2363 0.8220 0.9079
25 -7.0900 -2.5531 59.0733 0.2215 -0.9683 0.1155 0.8427 0.9128
25 -8.7555 -0.6799 60.8085 0.2996 -0.3643 0.8818 0.7489 0.9437
NPCjames.jpg
25 -9.5264 2.0567 61.8314 0.0886 -0.2223 0.9709 0.6529 0.9723
25 -10.1378 1.6006 61.7792 -0.4456 -0.4206 0.7903 0.6516 0.9537
25 -9.2872 -1.1752 60.7943 -0.3586 -0.6327 0.6864 0.7483 0.9324
NPCjames.jpg
25 -9.2872 -1.1752 60.7943 -0.3586 -0.6327 0.6864 0.7483 0.9324
25 -8.7555 -0.6799 60.8085 0.2996 -0.3643 0.8818 0.7489 0.9437
25 -9.5264 2.0567 61.8314 0.0886 -0.2223 0.9709 0.6529 0.9723
NPCjames.jpg
25 -7.0900 -2.5531 59.0733 0.2215 -0.9683 0.1155 0.8427 0.9128
25 -7.8330 -2.6469 59.2296 -0.0678 -0.9693 0.2363 0.8220 0.9079
25 -8.4320 -2.2889 58.6171 -0.3108 -0.9417 -0.1287 0.8067 0.8855
NPCjames.jpg
25 -8.4320 -2.2889 58.6171 -0.3108 -0.9417 -0.1287 0.8067 0.8855
25 -7.9044 -2.0261 58.5288 0.2875 -0.7346 -0.6146 0.8175 0.8799
25 -7.0900 -2.5531 59.0733 0.2215 -0.9683 0.1155 0.8427 0.9128
NPCjames.jpg
25 -8.1537 -2.2085 56.6680 0.3692 -0.3908 0.8432 0.8265 0.8346
25 -8.5175 -2.5906 56.6542 -0.2426 -0.8333 0.4968 0.8247 0.8268
25 -7.9095 -3.0844 56.5941 -0.5129 -0.5745 0.6379 0.8447 0.8295
NPCjames.jpg
25 -7.9095 -3.0844 56.5941 -0.5129 -0.5745 0.6379 0.8447 0.8295
25 -7.5799 -2.6980 56.6251 -0.1976 0.0464 0.9792 0.8428 0.8356
25 -8.1537 -2.2085 56.6680 0.3692 -0.3908 0.8432 0.8265 0.8346
NPCjames.jpg
25 -8.2490 -1.9547 57.8737 0.5440 -0.8160 -0.1954 0.8140 0.8555
25 -8.6693 -2.2397 57.9493 -0.1682 -0.9847 0.0462 0.8040 0.8587
25 -8.7716 -2.3236 57.2075 -0.1436 -0.9405 0.3078 0.8091 0.8363
NPCjames.jpg
25 -8.7716 -2.3236 57.2075 -0.1436 -0.9405 0.3078 0.8091 0.8363
25 -8.3638 -1.9816 57.2208 0.6389 -0.7381 0.2167 0.8148 0.8440
25 -8.2490 -1.9547 57.8737 0.5440 -0.8160 -0.1954 0.8140 0.8555
NPCjames.jpg
25 -7.9044 -2.0261 58.5288 0.2875 -0.7346 -0.6146 0.8175 0.8799
25 -8.4320 -2.2889 58.6171 -0.3108 -0.9417 -0.1287 0.8067 0.8855
25 -8.6693 -2.2397 57.9493 -0.1682 -0.9847 0.0462 0.8040 0.8587
NPCjames.jpg
25 -8.6693 -2.2397 57.9493 -0.1682 -0.9847 0.0462 0.8040 0.8587
25 -8.2490 -1.9547 57.8737 0.5440 -0.8160 -0.1954 0.8140 0.8555
25 -7.9044 -2.0261 58.5288 0.2875 -0.7346 -0.6146 0.8175 0.8799
NPCjames.jpg
25 -7.5799 -2.6980 56.6251 -0.1976 0.0464 0.9792 0.8428 0.8356
25 -7.9095 -3.0844 56.5941 -0.5129 -0.5745 0.6379 0.8447 0.8295
25 -7.3133 -3.3925 56.8418 -0.7295 -0.4737 0.4934 0.8608 0.8420
NPCjames.jpg
25 -7.3133 -3.3925 56.8418 -0.7295 -0.4737 0.4934 0.8608 0.8420
25 -7.1282 -2.8713 56.8659 -0.6413 0.2418 0.7282 0.8563 0.8440
25 -7.5799 -2.6980 56.6251 -0.1976 0.0464 0.9792 0.8428 0.8356
NPCjames.jpg
25 -7.1282 -2.8713 56.8659 -0.6413 0.2418 0.7282 0.8563 0.8440
25 -7.3133 -3.3925 56.8418 -0.7295 -0.4737 0.4934 0.8608 0.8420
25 -7.0235 -3.4616 57.4280 -0.8801 -0.3594 0.3102 0.8658 0.8586
NPCjames.jpg
25 -7.0235 -3.4616 57.4280 -0.8801 -0.3594 0.3102 0.8658 0.8586
25 -6.8325 -2.9566 57.2894 -0.8465 0.4125 0.3365 0.8640 0.8574
25 -7.1282 -2.8713 56.8659 -0.6413 0.2418 0.7282 0.8563 0.8440
NPCjames.jpg
25 -8.3638 -1.9816 57.2208 0.6389 -0.7381 0.2167 0.8148 0.8440
25 -8.7716 -2.3236 57.2075 -0.1436 -0.9405 0.3078 0.8091 0.8363
25 -8.5175 -2.5906 56.6542 -0.2426 -0.8333 0.4968 0.8247 0.8268
NPCjames.jpg
25 -8.5175 -2.5906 56.6542 -0.2426 -0.8333 0.4968 0.8247 0.8268
25 -8.1537 -2.2085 56.6680 0.3692 -0.3908 0.8432 0.8265 0.8346
25 -8.3638 -1.9816 57.2208 0.6389 -0.7381 0.2167 0.8148 0.8440
NPCjames.jpg
25 -9.2257 3.4458 62.0792 0.7316 -0.0187 0.6815 0.6217 0.9775
25 -10.2536 2.5631 62.4511 -0.2240 -0.6606 0.7165 0.6228 0.9591
25 -10.1378 1.6006 61.7792 -0.4456 -0.4206 0.7903 0.6516 0.9537
NPCjames.jpg
25 -10.1378 1.6006 61.7792 -0.4456 -0.4206 0.7903 0.6516 0.9537
25 -9.5264 2.0567 61.8314 0.0886 -0.2223 0.9709 0.6529 0.9723
25 -9.2257 3.4458 62.0792 0.7316 -0.0187 0.6815 0.6217 0.9775
NPCjames.jpg
25 -10.2536 2.5631 62.4511 -0.2240 -0.6606 0.7165 0.6228 0.9591
25 -9.2257 3.4458 62.0792 0.7316 -0.0187 0.6815 0.6217 0.9775
25 -9.9784 3.6124 63.3809 0.1442 0.0589 0.9878 0.5842 0.9840
NPCjames.jpg
25 -11.8107 -1.3275 51.5112 -0.7961 -0.4463 0.4087 0.7832 0.6520
25 -13.3266 0.7036 50.7762 -0.8396 -0.5412 -0.0463 0.7121 0.6097
25 -13.3476 0.3055 49.5843 -0.9205 -0.3654 0.1382 0.7307 0.5812
NPCjames.jpg
25 -6.8945 -3.0082 58.5798 -0.6350 -0.5875 0.5016 0.8528 0.8879
25 -6.8325 -2.9566 57.2894 -0.8465 0.4125 0.3365 0.8640 0.8574
25 -7.0235 -3.4616 57.4280 -0.8801 -0.3594 0.3102 0.8658 0.8586
NPCjames.jpg
25 -14.0695 3.5915 57.8167 -0.9008 0.1158 0.4185 0.5863 0.7859
25 -14.1088 3.5563 57.2845 -0.9253 0.1140 0.3616 0.5868 0.7739
25 -13.3971 1.9105 57.4407 -0.6660 -0.5619 0.4906 0.6362 0.7850
NPCjames.jpg
25 -13.3971 1.9105 57.4407 -0.6660 -0.5619 0.4906 0.6362 0.7850
25 -12.6437 1.9205 58.4110 -0.5878 -0.5228 0.6174 0.6332 0.8177
25 -13.1492 3.5728 58.7484 -0.5866 0.1142 0.8018 0.5957 0.8182
NPCjames.jpg
25 -13.1492 3.5728 58.7484 -0.5866 0.1142 0.8018 0.5957 0.8182
25 -14.0695 3.5915 57.8167 -0.9008 0.1158 0.4185 0.5863 0.7859
25 -13.3971 1.9105 57.4407 -0.6660 -0.5619 0.4906 0.6362 0.7850
NPCjames.jpg
25 -6.1574 -3.9131 57.9389 -0.3405 -0.7941 0.5034 0.8869 0.8802
25 -5.4844 -3.7932 58.2019 -0.1121 -0.7643 0.6351 0.8992 0.8967
25 -5.9665 -3.2789 58.5657 -0.1761 -0.6647 0.7261 0.8784 0.8996
NPCjames.jpg
25 -5.9665 -3.2789 58.5657 -0.1761 -0.6647 0.7261 0.8784 0.8996
25 -6.8945 -3.0082 58.5798 -0.6350 -0.5875 0.5016 0.8528 0.8879
25 -6.1574 -3.9131 57.9389 -0.3405 -0.7941 0.5034 0.8869 0.8802
NPCjames.jpg
25 -6.1574 -3.9131 57.9389 -0.3405 -0.7941 0.5034 0.8869 0.8802
25 -5.8750 -4.3594 57.1857 -0.3138 -0.9038 0.2909 0.9042 0.8634
25 -5.0625 -4.3355 57.4396 -0.0756 -0.9187 0.3876 0.9216 0.8785
NPCjames.jpg
25 -5.0625 -4.3355 57.4396 -0.0756 -0.9187 0.3876 0.9216 0.8785
25 -5.4844 -3.7932 58.2019 -0.1121 -0.7643 0.6351 0.8992 0.8967
25 -6.1574 -3.9131 57.9389 -0.3405 -0.7941 0.5034 0.8869 0.8802
NPCjames.jpg
25 -5.8750 -4.3594 57.1857 -0.3138 -0.9038 0.2909 0.9042 0.8634
25 -5.9566 -4.5352 56.1435 -0.3812 -0.9199 0.0918 0.9136 0.8359
25 -5.0711 -4.7290 55.8806 -0.1833 -0.9813 0.0590 0.9395 0.8366
NPCjames.jpg
25 -5.0711 -4.7290 55.8806 -0.1833 -0.9813 0.0590 0.9395 0.8366
25 -5.0625 -4.3355 57.4396 -0.0756 -0.9187 0.3876 0.9216 0.8785
25 -5.8750 -4.3594 57.1857 -0.3138 -0.9038 0.2909 0.9042 0.8634
NPCjames.jpg
25 -6.4959 -4.2938 54.8577 -0.4608 -0.8872 -0.0238 0.9090 0.7974
25 -5.6769 -4.4900 54.5424 -0.2657 -0.9595 -0.0932 0.9330 0.7954
25 -5.0711 -4.7290 55.8806 -0.1833 -0.9813 0.0590 0.9395 0.8366
NPCjames.jpg
25 -5.0711 -4.7290 55.8806 -0.1833 -0.9813 0.0590 0.9395 0.8366
25 -5.9566 -4.5352 56.1435 -0.3812 -0.9199 0.0918 0.9136 0.8359
25 -6.4959 -4.2938 54.8577 -0.4608 -0.8872 -0.0238 0.9090 0.7974
NPCjames.jpg
25 -6.7590 -4.0135 53.5748 -0.3813 -0.9163 -0.1221 0.9101 0.7599
25 -6.4959 -4.2938 54.8577 -0.4608 -0.8872 -0.0238 0.9090 0.7974
25 -7.5275 -3.6211 53.2051 -0.6166 -0.7518 0.2336 0.8909 0.7426
NPCjames.jpg
25 -6.1574 -3.9131 57.9389 -0.3405 -0.7941 0.5034 0.8869 0.8802
25 -6.8945 -3.0082 58.5798 -0.6350 -0.5875 0.5016 0.8528 0.8879
25 -7.0235 -3.4616 57.4280 -0.8801 -0.3594 0.3102 0.8658 0.8586
NPCjames.jpg
25 -5.9566 -4.5352 56.1435 -0.3812 -0.9199 0.0918 0.9136 0.8359
25 -5.8750 -4.3594 57.1857 -0.3138 -0.9038 0.2909 0.9042 0.8634
25 -7.0235 -3.4616 57.4280 -0.8801 -0.3594 0.3102 0.8658 0.8586
NPCjames.jpg
25 -7.0235 -3.4616 57.4280 -0.8801 -0.3594 0.3102 0.8658 0.8586
25 -7.3133 -3.3925 56.8418 -0.7295 -0.4737 0.4934 0.8608 0.8420
25 -5.9566 -4.5352 56.1435 -0.3812 -0.9199 0.0918 0.9136 0.8359
NPCjames.jpg
25 -6.4959 -4.2938 54.8577 -0.4608 -0.8872 -0.0238 0.9090 0.7974
25 -5.9566 -4.5352 56.1435 -0.3812 -0.9199 0.0918 0.9136 0.8359
25 -7.3133 -3.3925 56.8418 -0.7295 -0.4737 0.4934 0.8608 0.8420
NPCjames.jpg
25 -7.3133 -3.3925 56.8418 -0.7295 -0.4737 0.4934 0.8608 0.8420
25 -7.9095 -3.0844 56.5941 -0.5129 -0.5745 0.6379 0.8447 0.8295
25 -6.4959 -4.2938 54.8577 -0.4608 -0.8872 -0.0238 0.9090 0.7974
NPCjames.jpg
25 -7.8680 -3.0875 53.6996 -0.6214 -0.7612 0.1858 0.8704 0.7531
25 -6.4959 -4.2938 54.8577 -0.4608 -0.8872 -0.0238 0.9090 0.7974
25 -7.9095 -3.0844 56.5941 -0.5129 -0.5745 0.6379 0.8447 0.8295
NPCjames.jpg
25 -7.8680 -3.0875 53.6996 -0.6214 -0.7612 0.1858 0.8704 0.7531
25 -7.5275 -3.6211 53.2051 -0.6166 -0.7518 0.2336 0.8909 0.7426
25 -6.4959 -4.2938 54.8577 -0.4608 -0.8872 -0.0238 0.9090 0.7974
NPCjames.jpg
25 -6.7606 8.6954 58.3986 0.1173 0.9887 0.0928 0.8220 0.9079
25 -7.4242 8.3707 57.8362 -0.1315 0.9545 -0.2677 0.8067 0.8855
25 -8.4422 7.7624 60.1395 -0.2248 0.7809 0.5829 0.7483 0.9324
NPCjames.jpg
25 -11.1256 6.6442 51.2994 -0.6079 0.7833 0.1297 0.7646 0.6568
25 -11.0195 7.0398 50.8981 -0.6933 0.6412 0.3290 0.7832 0.6520
25 -12.8974 5.2424 50.4437 -0.7246 0.6758 -0.1354 0.7121 0.6097
NPCjames.jpg
25 -7.9844 7.9500 53.7365 -0.3042 0.9421 -0.1414 0.8326 0.7605
25 -7.4787 8.3963 55.8493 -0.0762 0.9267 0.3679 0.8247 0.8268
25 -6.7902 8.7541 55.7268 -0.3880 0.7461 0.5411 0.8447 0.8295
NPCjames.jpg
25 -6.7902 8.7541 55.7268 -0.3880 0.7461 0.5411 0.8447 0.8295
25 -6.7883 8.3312 52.8630 -0.4660 0.8824 0.0654 0.8704 0.7531
25 -7.9844 7.9500 53.7365 -0.3042 0.9421 -0.1414 0.8326 0.7605
NPCjames.jpg
25 -6.7883 8.3312 52.8630 -0.4660 0.8824 0.0654 0.8704 0.7531
25 -6.3611 8.7149 52.3014 -0.4624 0.8793 0.1141 0.8909 0.7426
25 -7.1857 8.4334 52.2723 -0.3125 0.8782 0.3622 0.8692 0.7331
NPCjames.jpg
25 -11.1316 3.5276 60.7358 -0.9446 0.1116 0.3086 0.5918 0.9055
25 -9.7840 5.3659 61.5028 -0.3488 0.6060 0.7149 0.6516 0.9537
25 -11.2512 5.2685 58.8224 -0.6496 0.6351 0.4180 0.6610 0.8514
NPCjames.jpg
25 -11.2512 5.2685 58.8224 -0.6496 0.6351 0.4180 0.6610 0.8514
25 -11.3700 3.4593 59.4953 -0.8397 0.1182 0.5300 0.5961 0.8691
25 -11.1316 3.5276 60.7358 -0.9446 0.1116 0.3086 0.5918 0.9055
NPCjames.jpg
25 -11.1316 3.5276 60.7358 -0.9446 0.1116 0.3086 0.5918 0.9055
25 -10.0681 4.5492 62.3050 -0.0886 0.7873 0.6102 0.6228 0.9591
25 -9.7840 5.3659 61.5028 -0.3488 0.6060 0.7149 0.6516 0.9537
NPCjames.jpg
25 -11.3700 3.4593 59.4953 -0.8397 0.1182 0.5300 0.5961 0.8691
25 -11.2512 5.2685 58.8224 -0.6496 0.6351 0.4180 0.6610 0.8514
25 -12.3492 5.0354 58.1828 -0.4715 0.7069 0.5273 0.6332 0.8177
NPCjames.jpg
25 -14.4795 3.4927 55.9384 -0.9871 0.1024 0.1230 0.5923 0.7318
25 -14.5893 3.5533 56.6237 -0.9548 0.1105 0.2760 0.5873 0.7509
25 -13.9638 4.9468 56.0089 -0.7186 0.6362 0.2808 0.6305 0.7449
NPCjames.jpg
25 -14.2234 3.0088 49.6642 -0.9644 0.0726 -0.2541 0.6611 0.5608
25 -14.5915 3.0874 50.2621 -0.9046 0.0546 -0.4228 0.6496 0.5778
25 -12.8974 5.2424 50.4437 -0.7246 0.6758 -0.1354 0.7121 0.6097
NPCjames.jpg
25 -12.8974 5.2424 50.4437 -0.7246 0.6758 -0.1354 0.7121 0.6097
25 -13.6190 5.4314 52.2217 -0.5999 0.7740 -0.2026 0.6842 0.6542
25 -11.1256 6.6442 51.2994 -0.6079 0.7833 0.1297 0.7646 0.6568
NPCjames.jpg
25 -8.4422 7.7624 60.1395 -0.2248 0.7809 0.5829 0.7483 0.9324
25 -7.4242 8.3707 57.8362 -0.1315 0.9545 -0.2677 0.8067 0.8855
25 -9.2525 7.0704 58.5775 -0.6454 0.7537 0.1244 0.7283 0.8785
NPCjames.jpg
25 -7.7705 8.2641 56.4318 0.0384 0.9853 0.1667 0.8091 0.8363
25 -9.4919 7.1701 56.5352 -0.5270 0.8307 0.1795 0.7522 0.8170
25 -9.2525 7.0704 58.5775 -0.6454 0.7537 0.1244 0.7283 0.8785
NPCjames.jpg
25 -9.2525 7.0704 58.5775 -0.6454 0.7537 0.1244 0.7283 0.8785
25 -7.6755 8.2707 57.1793 0.0190 0.9949 -0.0988 0.8040 0.8587
25 -7.7705 8.2641 56.4318 0.0384 0.9853 0.1667 0.8091 0.8363
NPCjames.jpg
25 -9.2525 7.0704 58.5775 -0.6454 0.7537 0.1244 0.7283 0.8785
25 -7.4242 8.3707 57.8362 -0.1315 0.9545 -0.2677 0.8067 0.8855
25 -7.6755 8.2707 57.1793 0.0190 0.9949 -0.0988 0.8040 0.8587
NPCjames.jpg
25 -10.0681 4.5492 62.3050 -0.0886 0.7873 0.6102 0.6228 0.9591
25 -10.9438 3.6333 62.4202 -0.9135 0.1144 0.3903 0.5878 0.9461
25 -9.9784 3.6124 63.3809 0.1442 0.0589 0.9878 0.5842 0.9840
NPCjames.jpg
25 -5.5279 9.0063 52.6209 -0.2054 0.9440 -0.2584 0.9101 0.7599
25 -5.1997 9.4150 53.8534 -0.2875 0.9447 -0.1580 0.9090 0.7974
25 -4.3629 9.4074 53.5242 -0.0834 0.9685 -0.2345 0.9330 0.7954
NPCjames.jpg
25 -4.5458 9.6993 56.1557 -0.1358 0.9789 0.1530 0.9042 0.8634
25 -5.8380 9.0760 56.5094 -0.7934 0.5581 0.2430 0.8658 0.8586
25 -4.8960 9.4270 56.9615 -0.1796 0.9079 0.3787 0.8869 0.8802
NPCjames.jpg
25 -14.1088 3.5563 57.2845 -0.9253 0.1140 0.3616 0.5868 0.7739
25 -13.1007 5.0455 57.2110 -0.5429 0.7411 0.3951 0.6362 0.7850
25 -13.9638 4.9468 56.0089 -0.7186 0.6362 0.2808 0.6305 0.7449
NPCjames.jpg
25 -13.9638 4.9468 56.0089 -0.7186 0.6362 0.2808 0.6305 0.7449
25 -14.5893 3.5533 56.6237 -0.9548 0.1105 0.2760 0.5873 0.7509
25 -14.1088 3.5563 57.2845 -0.9253 0.1140 0.3616 0.5868 0.7739
NPCjames.jpg
25 -14.4662 4.7484 54.4776 -0.8178 0.5659 0.1048 0.6332 0.7008
25 -14.6488 4.5683 52.6788 -0.8411 0.5235 -0.1360 0.6451 0.6526
25 -15.0627 3.3167 52.7836 -0.9926 0.0875 -0.0846 0.6171 0.6426
NPCjames.jpg
25 -15.0627 3.3167 52.7836 -0.9926 0.0875 -0.0846 0.6171 0.6426
25 -14.9842 3.4449 54.6347 -0.9787 0.1054 0.1760 0.5993 0.6927
25 -14.4662 4.7484 54.4776 -0.8178 0.5659 0.1048 0.6332 0.7008
NPCjames.jpg
25 -15.0627 3.3167 52.7836 -0.9926 0.0875 -0.0846 0.6171 0.6426
25 -14.3992 4.2372 51.5512 -0.7959 0.5132 -0.3212 0.6548 0.6212
25 -14.5915 3.0874 50.2621 -0.9046 0.0546 -0.4228 0.6496 0.5778
NPCjames.jpg
25 -9.6767 7.6203 53.8160 -0.4178 0.9075 0.0431 0.7839 0.7466
25 -9.4919 7.1701 56.5352 -0.5270 0.8307 0.1795 0.7522 0.8170
25 -7.7705 8.2641 56.4318 0.0384 0.9853 0.1667 0.8091 0.8363
NPCjames.jpg
25 -7.7705 8.2641 56.4318 0.0384 0.9853 0.1667 0.8091 0.8363
25 -7.4787 8.3963 55.8493 -0.0762 0.9267 0.3679 0.8247 0.8268
25 -9.6767 7.6203 53.8160 -0.4178 0.9075 0.0431 0.7839 0.7466
NPCjames.jpg
25 -9.6767 7.6203 53.8160 -0.4178 0.9075 0.0431 0.7839 0.7466
25 -7.4787 8.3963 55.8493 -0.0762 0.9267 0.3679 0.8247 0.8268
25 -7.9844 7.9500 53.7365 -0.3042 0.9421 -0.1414 0.8326 0.7605
NPCjames.jpg
25 -11.1256 6.6442 51.2994 -0.6079 0.7833 0.1297 0.7646 0.6568
25 -13.6190 5.4314 52.2217 -0.5999 0.7740 -0.2026 0.6842 0.6542
25 -11.1111 6.7309 52.2759 -0.4454 0.8921 -0.0756 0.7566 0.6858
NPCjames.jpg
25 -12.6376 5.9403 55.3469 -0.4424 0.8682 0.2247 0.6801 0.7468
25 -10.6629 7.0020 53.0748 -0.4632 0.8857 -0.0305 0.7665 0.7198
25 -13.3007 5.8150 54.0235 -0.5329 0.8454 0.0363 0.6783 0.7058
NPCjames.jpg
25 -9.2525 7.0704 58.5775 -0.6454 0.7537 0.1244 0.7283 0.8785
25 -9.7840 5.3659 61.5028 -0.3488 0.6060 0.7149 0.6516 0.9537
25 -8.4422 7.7624 60.1395 -0.2248 0.7809 0.5829 0.7483 0.9324
NPCjames.jpg
25 -13.3007 5.8150 54.0235 -0.5329 0.8454 0.0363 0.6783 0.7058
25 -10.6629 7.0020 53.0748 -0.4632 0.8857 -0.0305 0.7665 0.7198
25 -11.1111 6.7309 52.2759 -0.4454 0.8921 -0.0756 0.7566 0.6858
NPCjames.jpg
25 -11.1111 6.7309 52.2759 -0.4454 0.8921 -0.0756 0.7566 0.6858
25 -13.6190 5.4314 52.2217 -0.5999 0.7740 -0.2026 0.6842 0.6542
25 -13.3007 5.8150 54.0235 -0.5329 0.8454 0.0363 0.6783 0.7058
NPCjames.jpg
25 -9.2525 7.0704 58.5775 -0.6454 0.7537 0.1244 0.7283 0.8785
25 -11.0000 5.8550 57.0305 -0.4889 0.8158 0.3089 0.6937 0.8116
25 -11.2512 5.2685 58.8224 -0.6496 0.6351 0.4180 0.6610 0.8514
NPCjames.jpg
25 -11.2512 5.2685 58.8224 -0.6496 0.6351 0.4180 0.6610 0.8514
25 -11.0000 5.8550 57.0305 -0.4889 0.8158 0.3089 0.6937 0.8116
25 -12.3492 5.0354 58.1828 -0.4715 0.7069 0.5273 0.6332 0.8177
NPCjames.jpg
25 -14.9842 3.4449 54.6347 -0.9787 0.1054 0.1760 0.5993 0.6927
25 -14.4795 3.4927 55.9384 -0.9871 0.1024 0.1230 0.5923 0.7318
25 -13.9638 4.9468 56.0089 -0.7186 0.6362 0.2808 0.6305 0.7449
NPCjames.jpg
25 -13.9638 4.9468 56.0089 -0.7186 0.6362 0.2808 0.6305 0.7449
25 -14.4662 4.7484 54.4776 -0.8178 0.5659 0.1048 0.6332 0.7008
25 -14.9842 3.4449 54.6347 -0.9787 0.1054 0.1760 0.5993 0.6927
NPCjames.jpg
25 -14.2234 3.0088 49.6642 -0.9644 0.0726 -0.2541 0.6611 0.5608
25 -12.8974 5.2424 50.4437 -0.7246 0.6758 -0.1354 0.7121 0.6097
25 -14.1734 2.8861 48.0541 -0.9956 0.0941 -0.0006 0.6814 0.5206
NPCjames.jpg
25 -15.0627 3.3167 52.7836 -0.9926 0.0875 -0.0846 0.6171 0.6426
25 -14.6488 4.5683 52.6788 -0.8411 0.5235 -0.1360 0.6451 0.6526
25 -14.3992 4.2372 51.5512 -0.7959 0.5132 -0.3212 0.6548 0.6212
NPCjames.jpg
25 -12.3492 5.0354 58.1828 -0.4715 0.7069 0.5273 0.6332 0.8177
25 -11.0000 5.8550 57.0305 -0.4889 0.8158 0.3089 0.6937 0.8116
25 -13.1007 5.0455 57.2110 -0.5429 0.7411 0.3951 0.6362 0.7850
NPCjames.jpg
25 -11.0000 5.8550 57.0305 -0.4889 0.8158 0.3089 0.6937 0.8116
25 -12.6376 5.9403 55.3469 -0.4424 0.8682 0.2247 0.6801 0.7468
25 -13.1007 5.0455 57.2110 -0.5429 0.7411 0.3951 0.6362 0.7850
NPCjames.jpg
25 -12.6376 5.9403 55.3469 -0.4424 0.8682 0.2247 0.6801 0.7468
25 -13.9638 4.9468 56.0089 -0.7186 0.6362 0.2808 0.6305 0.7449
25 -13.1007 5.0455 57.2110 -0.5429 0.7411 0.3951 0.6362 0.7850
NPCjames.jpg
25 -13.9638 4.9468 56.0089 -0.7186 0.6362 0.2808 0.6305 0.7449
25 -12.6376 5.9403 55.3469 -0.4424 0.8682 0.2247 0.6801 0.7468
25 -13.3007 5.8150 54.0235 -0.5329 0.8454 0.0363 0.6783 0.7058
NPCjames.jpg
25 -13.3007 5.8150 54.0235 -0.5329 0.8454 0.0363 0.6783 0.7058
25 -14.4662 4.7484 54.4776 -0.8178 0.5659 0.1048 0.6332 0.7008
25 -13.9638 4.9468 56.0089 -0.7186 0.6362 0.2808 0.6305 0.7449
NPCjames.jpg
25 -13.3007 5.8150 54.0235 -0.5329 0.8454 0.0363 0.6783 0.7058
25 -13.6190 5.4314 52.2217 -0.5999 0.7740 -0.2026 0.6842 0.6542
25 -14.6488 4.5683 52.6788 -0.8411 0.5235 -0.1360 0.6451 0.6526
NPCjames.jpg
25 -14.6488 4.5683 52.6788 -0.8411 0.5235 -0.1360 0.6451 0.6526
25 -14.4662 4.7484 54.4776 -0.8178 0.5659 0.1048 0.6332 0.7008
25 -13.3007 5.8150 54.0235 -0.5329 0.8454 0.0363 0.6783 0.7058
NPCjames.jpg
25 -14.6488 4.5683 52.6788 -0.8411 0.5235 -0.1360 0.6451 0.6526
25 -13.6190 5.4314 52.2217 -0.5999 0.7740 -0.2026 0.6842 0.6542
25 -14.3992 4.2372 51.5512 -0.7959 0.5132 -0.3212 0.6548 0.6212
NPCjames.jpg
25 -14.3992 4.2372 51.5512 -0.7959 0.5132 -0.3212 0.6548 0.6212
25 -12.8974 5.2424 50.4437 -0.7246 0.6758 -0.1354 0.7121 0.6097
25 -14.5915 3.0874 50.2621 -0.9046 0.0546 -0.4228 0.6496 0.5778
NPCjames.jpg
25 -13.6190 5.4314 52.2217 -0.5999 0.7740 -0.2026 0.6842 0.6542
25 -12.8974 5.2424 50.4437 -0.7246 0.6758 -0.1354 0.7121 0.6097
25 -14.3992 4.2372 51.5512 -0.7959 0.5132 -0.3212 0.6548 0.6212
NPCjames.jpg
25 -12.3492 5.0354 58.1828 -0.4715 0.7069 0.5273 0.6332 0.8177
25 -13.1492 3.5728 58.7484 -0.5866 0.1142 0.8018 0.5957 0.8182
25 -11.3700 3.4593 59.4953 -0.8397 0.1182 0.5300 0.5961 0.8691
NPCjames.jpg
25 -9.6767 7.6203 53.8160 -0.4178 0.9075 0.0431 0.7839 0.7466
25 -12.6376 5.9403 55.3469 -0.4424 0.8682 0.2247 0.6801 0.7468
25 -9.4919 7.1701 56.5352 -0.5270 0.8307 0.1795 0.7522 0.8170
NPCjames.jpg
25 -9.4919 7.1701 56.5352 -0.5270 0.8307 0.1795 0.7522 0.8170
25 -11.0000 5.8550 57.0305 -0.4889 0.8158 0.3089 0.6937 0.8116
25 -9.2525 7.0704 58.5775 -0.6454 0.7537 0.1244 0.7283 0.8785
NPCjames.jpg
25 -9.7840 5.3659 61.5028 -0.3488 0.6060 0.7149 0.6516 0.9537
25 -9.2525 7.0704 58.5775 -0.6454 0.7537 0.1244 0.7283 0.8785
25 -11.2512 5.2685 58.8224 -0.6496 0.6351 0.4180 0.6610 0.8514
NPCjames.jpg
25 -12.6376 5.9403 55.3469 -0.4424 0.8682 0.2247 0.6801 0.7468
25 -11.0000 5.8550 57.0305 -0.4889 0.8158 0.3089 0.6937 0.8116
25 -9.4919 7.1701 56.5352 -0.5270 0.8307 0.1795 0.7522 0.8170
NPCjames.jpg
25 -12.6376 5.9403 55.3469 -0.4424 0.8682 0.2247 0.6801 0.7468
25 -9.6767 7.6203 53.8160 -0.4178 0.9075 0.0431 0.7839 0.7466
25 -10.6629 7.0020 53.0748 -0.4632 0.8857 -0.0305 0.7665 0.7198
NPCjames.jpg
25 -12.8974 5.2424 50.4437 -0.7246 0.6758 -0.1354 0.7121 0.6097
25 -12.8601 5.4610 49.2066 -0.8343 0.5466 0.0714 0.7307 0.5812
25 -14.1734 2.8861 48.0541 -0.9956 0.0941 -0.0006 0.6814 0.5206
NPCjames.jpg
25 -10.0681 4.5492 62.3050 -0.0886 0.7873 0.6102 0.6228 0.9591
25 -11.1316 3.5276 60.7358 -0.9446 0.1116 0.3086 0.5918 0.9055
25 -10.9438 3.6333 62.4202 -0.9135 0.1144 0.3903 0.5878 0.9461
NPCjames.jpg
25 -8.0119 7.1839 60.2324 0.3740 0.4254 0.8241 0.7489 0.9437
25 -6.0503 8.4432 58.2677 0.3997 0.9164 -0.0227 0.8427 0.9128
25 -6.7606 8.6954 58.3986 0.1173 0.9887 0.0928 0.8220 0.9079
NPCjames.jpg
25 -6.7606 8.6954 58.3986 0.1173 0.9887 0.0928 0.8220 0.9079
25 -8.4422 7.7624 60.1395 -0.2248 0.7809 0.5829 0.7483 0.9324
25 -8.0119 7.1839 60.2324 0.3740 0.4254 0.8241 0.7489 0.9437
NPCjames.jpg
25 -9.2683 4.8163 61.6285 0.1425 0.3400 0.9296 0.6529 0.9723
25 -8.0119 7.1839 60.2324 0.3740 0.4254 0.8241 0.7489 0.9437
25 -8.4422 7.7624 60.1395 -0.2248 0.7809 0.5829 0.7483 0.9324
NPCjames.jpg
25 -8.4422 7.7624 60.1395 -0.2248 0.7809 0.5829 0.7483 0.9324
25 -9.7840 5.3659 61.5028 -0.3488 0.6060 0.7149 0.6516 0.9537
25 -9.2683 4.8163 61.6285 0.1425 0.3400 0.9296 0.6529 0.9723
NPCjames.jpg
25 -6.0503 8.4432 58.2677 0.3997 0.9164 -0.0227 0.8427 0.9128
25 -6.9561 8.0042 57.7940 0.4109 0.5715 -0.7103 0.8175 0.8799
25 -7.4242 8.3707 57.8362 -0.1315 0.9545 -0.2677 0.8067 0.8855
NPCjames.jpg
25 -7.4242 8.3707 57.8362 -0.1315 0.9545 -0.2677 0.8067 0.8855
25 -6.7606 8.6954 58.3986 0.1173 0.9887 0.0928 0.8220 0.9079
25 -6.0503 8.4432 58.2677 0.3997 0.9164 -0.0227 0.8427 0.9128
NPCjames.jpg
25 -7.1924 7.9591 55.9231 0.4469 0.4328 0.7829 0.8265 0.8346
25 -6.5380 8.3216 55.8178 -0.1893 0.1331 0.9729 0.8428 0.8356
25 -6.7902 8.7541 55.7268 -0.3880 0.7461 0.5411 0.8447 0.8295
NPCjames.jpg
25 -6.7902 8.7541 55.7268 -0.3880 0.7461 0.5411 0.8447 0.8295
25 -7.4787 8.3963 55.8493 -0.0762 0.9267 0.3679 0.8247 0.8268
25 -7.1924 7.9591 55.9231 0.4469 0.4328 0.7829 0.8265 0.8346
NPCjames.jpg
25 -7.3168 7.9044 57.1514 0.6838 0.6634 -0.3038 0.8140 0.8555
25 -7.4335 7.8577 56.5000 0.7682 0.6295 0.1165 0.8148 0.8440
25 -7.7705 8.2641 56.4318 0.0384 0.9853 0.1667 0.8091 0.8363
NPCjames.jpg
25 -7.7705 8.2641 56.4318 0.0384 0.9853 0.1667 0.8091 0.8363
25 -7.6755 8.2707 57.1793 0.0190 0.9949 -0.0988 0.8040 0.8587
25 -7.3168 7.9044 57.1514 0.6838 0.6634 -0.3038 0.8140 0.8555
NPCjames.jpg
25 -6.9561 8.0042 57.7940 0.4109 0.5715 -0.7103 0.8175 0.8799
25 -7.3168 7.9044 57.1514 0.6838 0.6634 -0.3038 0.8140 0.8555
25 -7.6755 8.2707 57.1793 0.0190 0.9949 -0.0988 0.8040 0.8587
NPCjames.jpg
25 -7.6755 8.2707 57.1793 0.0190 0.9949 -0.0988 0.8040 0.8587
25 -7.4242 8.3707 57.8362 -0.1315 0.9545 -0.2677 0.8067 0.8855
25 -6.9561 8.0042 57.7940 0.4109 0.5715 -0.7103 0.8175 0.8799
NPCjames.jpg
25 -6.5380 8.3216 55.8178 -0.1893 0.1331 0.9729 0.8428 0.8356
25 -6.0586 8.4406 56.0372 -0.6652 -0.0102 0.7466 0.8563 0.8440
25 -6.1437 8.9781 55.9355 -0.6216 0.6676 0.4098 0.8608 0.8420
NPCjames.jpg
25 -6.1437 8.9781 55.9355 -0.6216 0.6676 0.4098 0.8608 0.8420
25 -6.7902 8.7541 55.7268 -0.3880 0.7461 0.5411 0.8447 0.8295
25 -6.5380 8.3216 55.8178 -0.1893 0.1331 0.9729 0.8428 0.8356
NPCjames.jpg
25 -6.0586 8.4406 56.0372 -0.6652 -0.0102 0.7466 0.8563 0.8440
25 -5.7465 8.5296 56.4478 -0.9039 -0.1944 0.3810 0.8640 0.8574
25 -5.8380 9.0760 56.5094 -0.7934 0.5581 0.2430 0.8658 0.8586
NPCjames.jpg
25 -5.8380 9.0760 56.5094 -0.7934 0.5581 0.2430 0.8658 0.8586
25 -6.1437 8.9781 55.9355 -0.6216 0.6676 0.4098 0.8608 0.8420
25 -6.0586 8.4406 56.0372 -0.6652 -0.0102 0.7466 0.8563 0.8440
NPCjames.jpg
25 -7.4335 7.8577 56.5000 0.7682 0.6295 0.1165 0.8148 0.8440
25 -7.1924 7.9591 55.9231 0.4469 0.4328 0.7829 0.8265 0.8346
25 -7.4787 8.3963 55.8493 -0.0762 0.9267 0.3679 0.8247 0.8268
NPCjames.jpg
25 -7.4787 8.3963 55.8493 -0.0762 0.9267 0.3679 0.8247 0.8268
25 -7.7705 8.2641 56.4318 0.0384 0.9853 0.1667 0.8091 0.8363
25 -7.4335 7.8577 56.5000 0.7682 0.6295 0.1165 0.8148 0.8440
NPCjames.jpg
25 -9.2257 3.4458 62.0792 0.7316 -0.0187 0.6815 0.6217 0.9775
25 -9.2683 4.8163 61.6285 0.1425 0.3400 0.9296 0.6529 0.9723
25 -9.7840 5.3659 61.5028 -0.3488 0.6060 0.7149 0.6516 0.9537
NPCjames.jpg
25 -9.7840 5.3659 61.5028 -0.3488 0.6060 0.7149 0.6516 0.9537
25 -10.0681 4.5492 62.3050 -0.0886 0.7873 0.6102 0.6228 0.9591
25 -9.2257 3.4458 62.0792 0.7316 -0.0187 0.6815 0.6217 0.9775
NPCjames.jpg
25 -10.0681 4.5492 62.3050 -0.0886 0.7873 0.6102 0.6228 0.9591
25 -9.9784 3.6124 63.3809 0.1442 0.0589 0.9878 0.5842 0.9840
25 -9.2257 3.4458 62.0792 0.7316 -0.0187 0.6815 0.6217 0.9775
NPCjames.jpg
25 -11.0195 7.0398 50.8981 -0.6933 0.6412 0.3290 0.7832 0.6520
25 -12.8601 5.4610 49.2066 -0.8343 0.5466 0.0714 0.7307 0.5812
25 -12.8974 5.2424 50.4437 -0.7246 0.6758 -0.1354 0.7121 0.6097
NPCjames.jpg
25 -5.7802 8.7777 57.7163 -0.5074 0.7618 0.4027 0.8528 0.8879
25 -5.8380 9.0760 56.5094 -0.7934 0.5581 0.2430 0.8658 0.8586
25 -5.7465 8.5296 56.4478 -0.9039 -0.1944 0.3810 0.8640 0.8574
NPCjames.jpg
25 -14.0695 3.5915 57.8167 -0.9008 0.1158 0.4185 0.5863 0.7859
25 -13.1007 5.0455 57.2110 -0.5429 0.7411 0.3951 0.6362 0.7850
25 -14.1088 3.5563 57.2845 -0.9253 0.1140 0.3616 0.5868 0.7739
NPCjames.jpg
25 -13.1007 5.0455 57.2110 -0.5429 0.7411 0.3951 0.6362 0.7850
25 -14.0695 3.5915 57.8167 -0.9008 0.1158 0.4185 0.5863 0.7859
25 -13.1492 3.5728 58.7484 -0.5866 0.1142 0.8018 0.5957 0.8182
NPCjames.jpg
25 -13.1492 3.5728 58.7484 -0.5866 0.1142 0.8018 0.5957 0.8182
25 -12.3492 5.0354 58.1828 -0.4715 0.7069 0.5273 0.6332 0.8177
25 -13.1007 5.0455 57.2110 -0.5429 0.7411 0.3951 0.6362 0.7850
NPCjames.jpg
25 -4.8960 9.4270 56.9615 -0.1796 0.9079 0.3787 0.8869 0.8802
25 -5.7802 8.7777 57.7163 -0.5074 0.7618 0.4027 0.8528 0.8879
25 -4.8182 8.8657 57.6760 -0.0391 0.7837 0.6199 0.8784 0.8996
NPCjames.jpg
25 -4.8182 8.8657 57.6760 -0.0391 0.7837 0.6199 0.8784 0.8996
25 -4.2537 9.2230 57.2483 0.0411 0.8554 0.5164 0.8992 0.8967
25 -4.8960 9.4270 56.9615 -0.1796 0.9079 0.3787 0.8869 0.8802
NPCjames.jpg
25 -4.8960 9.4270 56.9615 -0.1796 0.9079 0.3787 0.8869 0.8802
25 -4.2537 9.2230 57.2483 0.0411 0.8554 0.5164 0.8992 0.8967
25 -3.7485 9.5612 56.4215 0.1023 0.9629 0.2497 0.9216 0.8785
NPCjames.jpg
25 -3.7485 9.5612 56.4215 0.1023 0.9629 0.2497 0.9216 0.8785
25 -4.5458 9.6993 56.1557 -0.1358 0.9789 0.1530 0.9042 0.8634
25 -4.8960 9.4270 56.9615 -0.1796 0.9079 0.3787 0.8869 0.8802
NPCjames.jpg
25 -4.5458 9.6993 56.1557 -0.1358 0.9789 0.1530 0.9042 0.8634
25 -3.7485 9.5612 56.4215 0.1023 0.9629 0.2497 0.9216 0.8785
25 -3.7050 9.7200 54.8220 0.0036 0.9963 -0.0859 0.9395 0.8366
NPCjames.jpg
25 -3.7050 9.7200 54.8220 0.0036 0.9963 -0.0859 0.9395 0.8366
25 -4.6073 9.7348 55.0980 -0.2017 0.9783 -0.0473 0.9136 0.8359
25 -4.5458 9.6993 56.1557 -0.1358 0.9789 0.1530 0.9042 0.8634
NPCjames.jpg
25 -5.1997 9.4150 53.8534 -0.2875 0.9447 -0.1580 0.9090 0.7974
25 -4.6073 9.7348 55.0980 -0.2017 0.9783 -0.0473 0.9136 0.8359
25 -3.7050 9.7200 54.8220 0.0036 0.9963 -0.0859 0.9395 0.8366
NPCjames.jpg
25 -3.7050 9.7200 54.8220 0.0036 0.9963 -0.0859 0.9395 0.8366
25 -4.3629 9.4074 53.5242 -0.0834 0.9685 -0.2345 0.9330 0.7954
25 -5.1997 9.4150 53.8534 -0.2875 0.9447 -0.1580 0.9090 0.7974
NPCjames.jpg
25 -5.5279 9.0063 52.6209 -0.2054 0.9440 -0.2584 0.9101 0.7599
25 -6.3611 8.7149 52.3014 -0.4624 0.8793 0.1141 0.8909 0.7426
25 -5.1997 9.4150 53.8534 -0.2875 0.9447 -0.1580 0.9090 0.7974
NPCjames.jpg
25 -4.8960 9.4270 56.9615 -0.1796 0.9079 0.3787 0.8869 0.8802
25 -5.8380 9.0760 56.5094 -0.7934 0.5581 0.2430 0.8658 0.8586
25 -5.7802 8.7777 57.7163 -0.5074 0.7618 0.4027 0.8528 0.8879
NPCjames.jpg
25 -4.6073 9.7348 55.0980 -0.2017 0.9783 -0.0473 0.9136 0.8359
25 -6.1437 8.9781 55.9355 -0.6216 0.6676 0.4098 0.8608 0.8420
25 -5.8380 9.0760 56.5094 -0.7934 0.5581 0.2430 0.8658 0.8586
NPCjames.jpg
25 -5.8380 9.0760 56.5094 -0.7934 0.5581 0.2430 0.8658 0.8586
25 -4.5458 9.6993 56.1557 -0.1358 0.9789 0.1530 0.9042 0.8634
25 -4.6073 9.7348 55.0980 -0.2017 0.9783 -0.0473 0.9136 0.8359
NPCjames.jpg
25 -5.1997 9.4150 53.8534 -0.2875 0.9447 -0.1580 0.9090 0.7974
25 -6.7902 8.7541 55.7268 -0.3880 0.7461 0.5411 0.8447 0.8295
25 -6.1437 8.9781 55.9355 -0.6216 0.6676 0.4098 0.8608 0.8420
NPCjames.jpg
25 -6.1437 8.9781 55.9355 -0.6216 0.6676 0.4098 0.8608 0.8420
25 -4.6073 9.7348 55.0980 -0.2017 0.9783 -0.0473 0.9136 0.8359
25 -5.1997 9.4150 53.8534 -0.2875 0.9447 -0.1580 0.9090 0.7974
NPCjames.jpg
25 -6.7883 8.3312 52.8630 -0.4660 0.8824 0.0654 0.8704 0.7531
25 -6.7902 8.7541 55.7268 -0.3880 0.7461 0.5411 0.8447 0.8295
25 -5.1997 9.4150 53.8534 -0.2875 0.9447 -0.1580 0.9090 0.7974
NPCjames.jpg
25 -6.7883 8.3312 52.8630 -0.4660 0.8824 0.0654 0.8704 0.7531
25 -5.1997 9.4150 53.8534 -0.2875 0.9447 -0.1580 0.9090 0.7974
25 -6.3611 8.7149 52.3014 -0.4624 0.8793 0.1141 0.8909 0.7426
NPCjames.jpg
6 0.0288 -0.4668 68.1372 0.3716 -0.2656 0.8896 0.4858 0.6367
6 0.0264 -1.9557 67.4915 0.3344 -0.4920 0.8038 0.4600 0.6316
6 0.9931 -1.5536 66.4854 0.8890 -0.3013 0.3448 0.4617 0.6013
NPCjames.jpg
6 0.9931 -1.5536 66.4854 0.8890 -0.3013 0.3448 0.4617 0.6013
6 1.0714 0.1328 67.0860 0.8646 -0.1658 0.4744 0.4895 0.6079
6 0.0288 -0.4668 68.1372 0.3716 -0.2656 0.8896 0.4858 0.6367
NPCjames.jpg
6 0.6489 4.5807 66.6085 0.5984 0.6928 0.4024 0.5691 0.5931
6 0.5970 5.0861 65.0592 0.6329 0.7001 0.3305 0.5771 0.5630
6 -1.2742 5.6832 65.2229 0.0111 0.8587 0.5124 0.6145 0.5714
NPCjames.jpg
6 -1.2742 5.6832 65.2229 0.0111 0.8587 0.5124 0.6145 0.5714
6 -1.2526 5.2803 66.7629 0.0074 0.8950 0.4459 0.6064 0.6090
6 0.6489 4.5807 66.6085 0.5984 0.6928 0.4024 0.5691 0.5931
NPCjames.jpg
6 2.0214 2.6722 66.0584 0.9442 0.1091 0.3107 0.5250 0.5807
6 0.5970 5.0861 65.0592 0.6329 0.7001 0.3305 0.5771 0.5630
6 0.6489 4.5807 66.6085 0.5984 0.6928 0.4024 0.5691 0.5931
NPCjames.jpg
6 2.4502 3.4700 62.0266 0.9699 0.1435 0.1969 0.5233 0.5111
6 2.8129 3.6950 60.1639 0.9858 0.1543 -0.0657 0.5238 0.4827
6 1.1035 6.2857 60.6872 0.6793 0.7333 -0.0282 0.5706 0.4830
NPCjames.jpg
6 1.1035 6.2857 60.6872 0.6793 0.7333 -0.0282 0.5706 0.4830
6 0.8173 6.1321 62.9409 0.6898 0.6811 0.2454 0.5747 0.5189
6 2.4502 3.4700 62.0266 0.9699 0.1435 0.1969 0.5233 0.5111
NPCjames.jpg
6 0.8173 6.1321 62.9409 0.6898 0.6811 0.2454 0.5747 0.5189
6 1.1035 6.2857 60.6872 0.6793 0.7333 -0.0282 0.5706 0.4830
6 -1.3367 7.5377 60.9801 0.0033 0.9995 -0.0314 0.6095 0.4805
NPCjames.jpg
6 -1.3367 7.5377 60.9801 0.0033 0.9995 -0.0314 0.6095 0.4805
6 -1.2973 7.2328 63.6144 0.0092 0.9248 0.3804 0.6168 0.5252
6 0.8173 6.1321 62.9409 0.6898 0.6811 0.2454 0.5747 0.5189
NPCjames.jpg
6 2.4502 3.4700 62.0266 0.9699 0.1435 0.1969 0.5233 0.5111
6 0.8173 6.1321 62.9409 0.6898 0.6811 0.2454 0.5747 0.5189
6 0.5970 5.0861 65.0592 0.6329 0.7001 0.3305 0.5771 0.5630
NPCjames.jpg
6 0.5970 5.0861 65.0592 0.6329 0.7001 0.3305 0.5771 0.5630
6 2.0630 3.0856 64.2790 0.9690 0.2110 0.1282 0.5234 0.5475
6 2.4502 3.4700 62.0266 0.9699 0.1435 0.1969 0.5233 0.5111
NPCjames.jpg
6 0.5970 5.0861 65.0592 0.6329 0.7001 0.3305 0.5771 0.5630
6 0.8173 6.1321 62.9409 0.6898 0.6811 0.2454 0.5747 0.5189
6 -1.2973 7.2328 63.6144 0.0092 0.9248 0.3804 0.6168 0.5252
NPCjames.jpg
6 -1.2973 7.2328 63.6144 0.0092 0.9248 0.3804 0.6168 0.5252
6 -1.2742 5.6832 65.2229 0.0111 0.8587 0.5124 0.6145 0.5714
6 0.5970 5.0861 65.0592 0.6329 0.7001 0.3305 0.5771 0.5630
NPCjames.jpg
6 1.1379 -1.4576 64.2995 0.9463 -0.3229 0.0154 0.4606 0.5627
6 1.8023 0.8241 64.9946 0.9740 -0.1967 0.1120 0.4875 0.5669
6 0.9931 -1.5536 66.4854 0.8890 -0.3013 0.3448 0.4617 0.6013
NPCjames.jpg
6 1.2170 0.8568 57.7839 0.8697 -0.3839 -0.3101 0.4736 0.4411
6 2.0744 3.8167 57.9904 0.9373 0.1671 -0.3060 0.5256 0.4460
6 2.8129 3.6950 60.1639 0.9858 0.1543 -0.0657 0.5238 0.4827
NPCjames.jpg
6 2.8129 3.6950 60.1639 0.9858 0.1543 -0.0657 0.5238 0.4827
6 1.9210 1.0847 59.8957 0.9276 -0.3331 -0.1693 0.4797 0.4790
6 1.2170 0.8568 57.7839 0.8697 -0.3839 -0.3101 0.4736 0.4411
NPCjames.jpg
6 -0.0594 2.1189 68.5881 0.2515 0.0293 0.9674 0.5341 0.6382
6 0.7185 2.2584 68.0509 0.6861 0.0282 0.7269 0.5309 0.6211
6 0.4370 3.5101 67.9527 0.5604 0.4440 0.6991 0.5571 0.6166
NPCjames.jpg
6 0.4370 3.5101 67.9527 0.5604 0.4440 0.6991 0.5571 0.6166
6 -1.0325 4.1465 68.1810 0.0730 0.5943 0.8009 0.5835 0.6416
6 -0.0594 2.1189 68.5881 0.2515 0.0293 0.9674 0.5341 0.6382
NPCjames.jpg
6 -0.0594 2.1189 68.5881 0.2515 0.0293 0.9674 0.5341 0.6382
6 0.0288 -0.4668 68.1372 0.3716 -0.2656 0.8896 0.4858 0.6367
6 0.7185 2.2584 68.0509 0.6861 0.0282 0.7269 0.5309 0.6211
NPCjames.jpg
6 1.0714 0.1328 67.0860 0.8646 -0.1658 0.4744 0.4895 0.6079
6 1.1748 2.4236 67.4706 0.8443 0.0815 0.5297 0.5277 0.6064
6 0.7185 2.2584 68.0509 0.6861 0.0282 0.7269 0.5309 0.6211
NPCjames.jpg
6 0.7185 2.2584 68.0509 0.6861 0.0282 0.7269 0.5309 0.6211
6 1.1748 2.4236 67.4706 0.8443 0.0815 0.5297 0.5277 0.6064
6 0.4370 3.5101 67.9527 0.5604 0.4440 0.6991 0.5571 0.6166
NPCjames.jpg
6 2.0630 3.0856 64.2790 0.9690 0.2110 0.1282 0.5234 0.5475
6 1.8023 0.8241 64.9946 0.9740 -0.1967 0.1120 0.4875 0.5669
6 1.7699 0.8063 63.2573 0.9755 -0.2180 0.0283 0.4830 0.5354
NPCjames.jpg
6 0.8370 -1.0628 59.6512 0.4754 -0.8087 -0.3464 0.4302 0.4794
6 0.0322 -0.9602 58.0603 0.5731 -0.7444 -0.3428 0.4353 0.4471
6 1.2170 0.8568 57.7839 0.8697 -0.3839 -0.3101 0.4736 0.4411
NPCjames.jpg
6 1.2170 0.8568 57.7839 0.8697 -0.3839 -0.3101 0.4736 0.4411
6 1.9210 1.0847 59.8957 0.9276 -0.3331 -0.1693 0.4797 0.4790
6 0.8370 -1.0628 59.6512 0.4754 -0.8087 -0.3464 0.4302 0.4794
NPCjames.jpg
6 0.5395 -2.5820 66.4321 0.5016 -0.8531 0.1436 0.4448 0.6147
6 0.9931 -1.5536 66.4854 0.8890 -0.3013 0.3448 0.4617 0.6013
6 0.0264 -1.9557 67.4915 0.3344 -0.4920 0.8038 0.4600 0.6316
NPCjames.jpg
6 0.0264 -1.9557 67.4915 0.3344 -0.4920 0.8038 0.4600 0.6316
6 -0.0503 -2.7494 66.8830 0.1380 -0.9436 0.3008 0.4440 0.6279
6 0.5395 -2.5820 66.4321 0.5016 -0.8531 0.1436 0.4448 0.6147
NPCjames.jpg
6 1.8023 0.8241 64.9946 0.9740 -0.1967 0.1120 0.4875 0.5669
6 1.0714 0.1328 67.0860 0.8646 -0.1658 0.4744 0.4895 0.6079
6 0.9931 -1.5536 66.4854 0.8890 -0.3013 0.3448 0.4617 0.6013
NPCjames.jpg
6 -1.3841 -0.9563 67.9268 0.0324 -0.3996 0.9161 0.4752 0.6599
6 -1.6037 -2.2888 66.8880 0.0934 -0.7994 0.5935 0.4439 0.6496
6 0.0264 -1.9557 67.4915 0.3344 -0.4920 0.8038 0.4600 0.6316
NPCjames.jpg
6 0.0264 -1.9557 67.4915 0.3344 -0.4920 0.8038 0.4600 0.6316
6 0.0288 -0.4668 68.1372 0.3716 -0.2656 0.8896 0.4858 0.6367
6 -1.3841 -0.9563 67.9268 0.0324 -0.3996 0.9161 0.4752 0.6599
NPCjames.jpg
6 1.7699 0.8063 63.2573 0.9755 -0.2180 0.0283 0.4830 0.5354
6 1.8023 0.8241 64.9946 0.9740 -0.1967 0.1120 0.4875 0.5669
6 1.1379 -1.4576 64.2995 0.9463 -0.3229 0.0154 0.4606 0.5627
NPCjames.jpg
6 2.0744 3.8167 57.9904 0.9373 0.1671 -0.3060 0.5256 0.4460
6 0.6748 6.0192 58.5039 0.6381 0.7383 -0.2183 0.5679 0.4468
6 1.1035 6.2857 60.6872 0.6793 0.7333 -0.0282 0.5706 0.4830
NPCjames.jpg
6 1.1035 6.2857 60.6872 0.6793 0.7333 -0.0282 0.5706 0.4830
6 2.8129 3.6950 60.1639 0.9858 0.1543 -0.0657 0.5238 0.4827
6 2.0744 3.8167 57.9904 0.9373 0.1671 -0.3060 0.5256 0.4460
NPCjames.jpg
6 -1.3367 7.5377 60.9801 0.0033 0.9995 -0.0314 0.6095 0.4805
6 1.1035 6.2857 60.6872 0.6793 0.7333 -0.0282 0.5706 0.4830
6 0.6748 6.0192 58.5039 0.6381 0.7383 -0.2183 0.5679 0.4468
NPCjames.jpg
6 0.6748 6.0192 58.5039 0.6381 0.7383 -0.2183 0.5679 0.4468
6 -1.3706 7.0184 58.6485 0.0017 0.9761 -0.2174 0.6051 0.4403
6 -1.3367 7.5377 60.9801 0.0033 0.9995 -0.0314 0.6095 0.4805
NPCjames.jpg
6 2.8129 3.6950 60.1639 0.9858 0.1543 -0.0657 0.5238 0.4827
6 2.4502 3.4700 62.0266 0.9699 0.1435 0.1969 0.5233 0.5111
6 1.9475 1.0400 61.5008 0.9616 -0.2711 0.0436 0.4819 0.5064
NPCjames.jpg
6 1.9475 1.0400 61.5008 0.9616 -0.2711 0.0436 0.4819 0.5064
6 1.9210 1.0847 59.8957 0.9276 -0.3331 -0.1693 0.4797 0.4790
6 2.8129 3.6950 60.1639 0.9858 0.1543 -0.0657 0.5238 0.4827
NPCjames.jpg
6 2.0214 2.6722 66.0584 0.9442 0.1091 0.3107 0.5250 0.5807
6 2.0630 3.0856 64.2790 0.9690 0.2110 0.1282 0.5234 0.5475
6 0.5970 5.0861 65.0592 0.6329 0.7001 0.3305 0.5771 0.5630
NPCjames.jpg
6 2.0630 3.0856 64.2790 0.9690 0.2110 0.1282 0.5234 0.5475
6 2.0214 2.6722 66.0584 0.9442 0.1091 0.3107 0.5250 0.5807
6 1.8023 0.8241 64.9946 0.9740 -0.1967 0.1120 0.4875 0.5669
NPCjames.jpg
6 -0.2192 -2.3285 66.1358 -0.0832 -0.9248 -0.3713 0.4304 0.6148
6 -0.0503 -2.7494 66.8830 0.1380 -0.9436 0.3008 0.4440 0.6279
6 -1.5742 -2.4130 66.2773 0.0482 -0.9969 -0.0619 0.4356 0.6431
NPCjames.jpg
6 -1.5742 -2.4130 66.2773 0.0482 -0.9969 -0.0619 0.4356 0.6431
6 -1.3405 -2.4624 65.8903 -0.0008 -0.9920 0.1263 0.4223 0.6398
6 -0.2192 -2.3285 66.1358 -0.0832 -0.9248 -0.3713 0.4304 0.6148
NPCjames.jpg
6 -1.0322 1.9556 68.5013 0.0754 -0.0490 0.9960 0.5357 0.6591
6 -0.0594 2.1189 68.5881 0.2515 0.0293 0.9674 0.5341 0.6382
6 -1.0325 4.1465 68.1810 0.0730 0.5943 0.8009 0.5835 0.6416
NPCjames.jpg
6 -1.0322 1.9556 68.5013 0.0754 -0.0490 0.9960 0.5357 0.6591
6 -1.3841 -0.9563 67.9268 0.0324 -0.3996 0.9161 0.4752 0.6599
6 0.0288 -0.4668 68.1372 0.3716 -0.2656 0.8896 0.4858 0.6367
NPCjames.jpg
6 0.0288 -0.4668 68.1372 0.3716 -0.2656 0.8896 0.4858 0.6367
6 -0.0594 2.1189 68.5881 0.2515 0.0293 0.9674 0.5341 0.6382
6 -1.0322 1.9556 68.5013 0.0754 -0.0490 0.9960 0.5357 0.6591
NPCjames.jpg
6 -1.2526 5.2803 66.7629 0.0074 0.8950 0.4459 0.6064 0.6090
6 -1.0325 4.1465 68.1810 0.0730 0.5943 0.8009 0.5835 0.6416
6 0.4370 3.5101 67.9527 0.5604 0.4440 0.6991 0.5571 0.6166
NPCjames.jpg
6 0.4370 3.5101 67.9527 0.5604 0.4440 0.6991 0.5571 0.6166
6 0.6489 4.5807 66.6085 0.5984 0.6928 0.4024 0.5691 0.5931
6 -1.2526 5.2803 66.7629 0.0074 0.8950 0.4459 0.6064 0.6090
NPCjames.jpg
6 1.0912 -1.6537 60.9383 0.4959 -0.8203 -0.2850 0.4354 0.5006
6 0.8370 -1.0628 59.6512 0.4754 -0.8087 -0.3464 0.4302 0.4794
6 1.9210 1.0847 59.8957 0.9276 -0.3331 -0.1693 0.4797 0.4790
NPCjames.jpg
6 1.0912 -1.6537 60.9383 0.4959 -0.8203 -0.2850 0.4354 0.5006
6 1.9210 1.0847 59.8957 0.9276 -0.3331 -0.1693 0.4797 0.4790
6 1.9475 1.0400 61.5008 0.9616 -0.2711 0.0436 0.4819 0.5064
NPCjames.jpg
6 1.9475 1.0400 61.5008 0.9616 -0.2711 0.0436 0.4819 0.5064
6 1.7699 0.8063 63.2573 0.9755 -0.2180 0.0283 0.4830 0.5354
6 1.0796 -1.6520 62.0207 0.8028 -0.5943 -0.0483 0.4477 0.5184
NPCjames.jpg
6 1.0796 -1.6520 62.0207 0.8028 -0.5943 -0.0483 0.4477 0.5184
6 1.0912 -1.6537 60.9383 0.4959 -0.8203 -0.2850 0.4354 0.5006
6 1.9475 1.0400 61.5008 0.9616 -0.2711 0.0436 0.4819 0.5064
NPCjames.jpg
6 2.0630 3.0856 64.2790 0.9690 0.2110 0.1282 0.5234 0.5475
6 1.7699 0.8063 63.2573 0.9755 -0.2180 0.0283 0.4830 0.5354
6 1.9475 1.0400 61.5008 0.9616 -0.2711 0.0436 0.4819 0.5064
NPCjames.jpg
6 1.9475 1.0400 61.5008 0.9616 -0.2711 0.0436 0.4819 0.5064
6 2.4502 3.4700 62.0266 0.9699 0.1435 0.1969 0.5233 0.5111
6 2.0630 3.0856 64.2790 0.9690 0.2110 0.1282 0.5234 0.5475
NPCjames.jpg
6 1.0714 0.1328 67.0860 0.8646 -0.1658 0.4744 0.4895 0.6079
6 1.8023 0.8241 64.9946 0.9740 -0.1967 0.1120 0.4875 0.5669
6 1.1748 2.4236 67.4706 0.8443 0.0815 0.5297 0.5277 0.6064
NPCjames.jpg
6 1.1748 2.4236 67.4706 0.8443 0.0815 0.5297 0.5277 0.6064
6 0.6489 4.5807 66.6085 0.5984 0.6928 0.4024 0.5691 0.5931
6 0.4370 3.5101 67.9527 0.5604 0.4440 0.6991 0.5571 0.6166
NPCjames.jpg
6 1.8023 0.8241 64.9946 0.9740 -0.1967 0.1120 0.4875 0.5669
6 2.0214 2.6722 66.0584 0.9442 0.1091 0.3107 0.5250 0.5807
6 1.1748 2.4236 67.4706 0.8443 0.0815 0.5297 0.5277 0.6064
NPCjames.jpg
6 1.1748 2.4236 67.4706 0.8443 0.0815 0.5297 0.5277 0.6064
6 2.0214 2.6722 66.0584 0.9442 0.1091 0.3107 0.5250 0.5807
6 0.6489 4.5807 66.6085 0.5984 0.6928 0.4024 0.5691 0.5931
NPCjames.jpg
6 0.0288 -0.4668 68.1372 0.3716 -0.2656 0.8896 0.4858 0.6367
6 1.0714 0.1328 67.0860 0.8646 -0.1658 0.4744 0.4895 0.6079
6 0.7185 2.2584 68.0509 0.6861 0.0282 0.7269 0.5309 0.6211
NPCjames.jpg
6 0.6651 -2.6076 64.1822 0.8319 -0.5546 -0.0163 0.4370 0.5631
6 0.7033 -2.5253 65.6034 0.4453 -0.8943 0.0434 0.4443 0.6048
6 0.2975 -2.4102 65.1611 -0.3468 -0.9350 0.0748 0.4328 0.5940
NPCjames.jpg
6 0.1980 -2.3128 65.7087 -0.3362 -0.9361 -0.1033 0.4339 0.6044
6 0.2975 -2.4102 65.1611 -0.3468 -0.9350 0.0748 0.4328 0.5940
6 0.7033 -2.5253 65.6034 0.4453 -0.8943 0.0434 0.4443 0.6048
NPCjames.jpg
6 0.7033 -2.5253 65.6034 0.4453 -0.8943 0.0434 0.4443 0.6048
6 0.5395 -2.5820 66.4321 0.5016 -0.8531 0.1436 0.4448 0.6147
6 0.1980 -2.3128 65.7087 -0.3362 -0.9361 -0.1033 0.4339 0.6044
NPCjames.jpg
6 1.1379 -1.4576 64.2995 0.9463 -0.3229 0.0154 0.4606 0.5627
6 1.0796 -1.6520 62.0207 0.8028 -0.5943 -0.0483 0.4477 0.5184
6 1.7699 0.8063 63.2573 0.9755 -0.2180 0.0283 0.4830 0.5354
NPCjames.jpg
6 -2.4868 -0.4589 68.2319 -0.3100 -0.2761 0.9098 0.4858 0.6367
6 -3.5835 0.1412 67.1529 -0.8227 -0.1297 0.5534 0.4895 0.6079
6 -3.7628 -1.4990 66.5515 -0.8444 -0.3284 0.4232 0.4617 0.6013
NPCjames.jpg
6 -3.7628 -1.4990 66.5515 -0.8444 -0.3284 0.4232 0.4617 0.6013
6 -2.5612 -1.9337 67.5279 -0.2556 -0.5678 0.7825 0.4601 0.6317
6 -2.4868 -0.4589 68.2319 -0.3100 -0.2761 0.9098 0.4858 0.6367
NPCjames.jpg
6 -3.1796 4.5878 66.6668 -0.6167 0.6759 0.4036 0.5691 0.5931
6 -1.2526 5.2803 66.7629 0.0074 0.8950 0.4459 0.6064 0.6090
6 -1.2742 5.6832 65.2229 0.0111 0.8587 0.5124 0.6145 0.5714
NPCjames.jpg
6 -1.2742 5.6832 65.2229 0.0111 0.8587 0.5124 0.6145 0.5714
6 -3.1745 5.0931 65.1157 -0.6175 0.6974 0.3638 0.5771 0.5630
6 -3.1796 4.5878 66.6668 -0.6167 0.6759 0.4036 0.5691 0.5931
NPCjames.jpg
6 -4.2879 2.6820 66.1202 -0.8991 0.2111 0.3835 0.5250 0.5807
6 -3.1796 4.5878 66.6668 -0.6167 0.6759 0.4036 0.5691 0.5931
6 -3.1745 5.0931 65.1157 -0.6175 0.6974 0.3638 0.5771 0.5630
NPCjames.jpg
6 -5.1244 3.4837 62.1359 -0.9442 0.2623 0.1991 0.5233 0.5111
6 -3.4545 6.1399 63.0025 -0.6780 0.6849 0.2669 0.5747 0.5189
6 -3.8160 6.2946 60.7582 -0.6760 0.7369 -0.0067 0.5706 0.4830
NPCjames.jpg
6 -3.8160 6.2946 60.7582 -0.6760 0.7369 -0.0067 0.5706 0.4830
6 -5.5498 3.7101 60.2846 -0.9792 0.1936 -0.0606 0.5238 0.4827
6 -5.1244 3.4837 62.1359 -0.9442 0.2623 0.1991 0.5233 0.5111
NPCjames.jpg
6 -3.4545 6.1399 63.0025 -0.6780 0.6849 0.2669 0.5747 0.5189
6 -1.2973 7.2328 63.6144 0.0092 0.9248 0.3804 0.6168 0.5252
6 -1.3367 7.5377 60.9801 0.0033 0.9995 -0.0314 0.6095 0.4805
NPCjames.jpg
6 -1.3367 7.5377 60.9801 0.0033 0.9995 -0.0314 0.6095 0.4805
6 -3.8160 6.2946 60.7582 -0.6760 0.7369 -0.0067 0.5706 0.4830
6 -3.4545 6.1399 63.0025 -0.6780 0.6849 0.2669 0.5747 0.5189
NPCjames.jpg
6 -5.1244 3.4837 62.1359 -0.9442 0.2623 0.1991 0.5233 0.5111
6 -4.9374 3.0984 64.3811 -0.9288 0.2793 0.2434 0.5234 0.5475
6 -3.1745 5.0931 65.1157 -0.6175 0.6974 0.3638 0.5771 0.5630
NPCjames.jpg
6 -3.1745 5.0931 65.1157 -0.6175 0.6974 0.3638 0.5771 0.5630
6 -3.4545 6.1399 63.0025 -0.6780 0.6849 0.2669 0.5747 0.5189
6 -5.1244 3.4837 62.1359 -0.9442 0.2623 0.1991 0.5233 0.5111
NPCjames.jpg
6 -3.1745 5.0931 65.1157 -0.6175 0.6974 0.3638 0.5771 0.5630
6 -1.2742 5.6832 65.2229 0.0111 0.8587 0.5124 0.6145 0.5714
6 -1.2973 7.2328 63.6144 0.0092 0.9248 0.3804 0.6168 0.5252
NPCjames.jpg
6 -1.2973 7.2328 63.6144 0.0092 0.9248 0.3804 0.6168 0.5252
6 -3.4545 6.1399 63.0025 -0.6780 0.6849 0.2669 0.5747 0.5189
6 -3.1745 5.0931 65.1157 -0.6175 0.6974 0.3638 0.5771 0.5630
NPCjames.jpg
6 -4.1993 -0.7087 64.3352 -0.9352 -0.3541 0.0079 0.4606 0.5627
6 -3.7628 -1.4990 66.5515 -0.8444 -0.3284 0.4232 0.4617 0.6013
6 -4.6584 0.8358 65.0886 -0.9588 -0.1534 0.2392 0.4875 0.5669
NPCjames.jpg
6 -4.0341 0.8663 57.8597 -0.8825 -0.3477 -0.3168 0.4736 0.4411
6 -4.6750 1.0967 59.9909 -0.9057 -0.3285 -0.2680 0.4797 0.4790
6 -5.5498 3.7101 60.2846 -0.9792 0.1936 -0.0606 0.5238 0.4827
NPCjames.jpg
6 -5.5498 3.7101 60.2846 -0.9792 0.1936 -0.0606 0.5238 0.4827
6 -4.8744 3.8293 58.0907 -0.9451 0.1706 -0.2786 0.5256 0.4460
6 -4.0341 0.8663 57.8597 -0.8825 -0.3477 -0.3168 0.4736 0.4411
NPCjames.jpg
6 -2.1428 2.1330 68.8025 -0.1137 0.0393 0.9927 0.5341 0.6382
6 -1.0325 4.1465 68.1810 0.0730 0.5943 0.8009 0.5835 0.6416
6 -2.9256 3.5161 68.0010 -0.5274 0.4711 0.7071 0.5571 0.6166
NPCjames.jpg
6 -2.9256 3.5161 68.0010 -0.5274 0.4711 0.7071 0.5571 0.6166
6 -3.1319 2.2746 68.2700 -0.6489 0.0582 0.7586 0.5309 0.6211
6 -2.1428 2.1330 68.8025 -0.1137 0.0393 0.9927 0.5341 0.6382
NPCjames.jpg
6 -2.1428 2.1330 68.8025 -0.1137 0.0393 0.9927 0.5341 0.6382
6 -3.1319 2.2746 68.2700 -0.6489 0.0582 0.7586 0.5309 0.6211
6 -2.4868 -0.4589 68.2319 -0.3100 -0.2761 0.9098 0.4858 0.6367
NPCjames.jpg
6 -3.5835 0.1412 67.1529 -0.8227 -0.1297 0.5534 0.4895 0.6079
6 -3.1319 2.2746 68.2700 -0.6489 0.0582 0.7586 0.5309 0.6211
6 -3.6661 2.4323 67.5400 -0.8537 0.1148 0.5080 0.5277 0.6064
NPCjames.jpg
6 -3.1319 2.2746 68.2700 -0.6489 0.0582 0.7586 0.5309 0.6211
6 -2.9256 3.5161 68.0010 -0.5274 0.4711 0.7071 0.5571 0.6166
6 -3.6661 2.4323 67.5400 -0.8537 0.1148 0.5080 0.5277 0.6064
NPCjames.jpg
6 -4.9374 3.0984 64.3811 -0.9288 0.2793 0.2434 0.5234 0.5475
6 -4.7874 0.5832 63.3653 -0.9453 -0.3104 0.1001 0.4830 0.5354
6 -4.6584 0.8358 65.0886 -0.9588 -0.1534 0.2392 0.4875 0.5669
NPCjames.jpg
6 -3.5991 -1.6357 59.7479 -0.8873 -0.4108 -0.2094 0.4302 0.4794
6 -4.6750 1.0967 59.9909 -0.9057 -0.3285 -0.2680 0.4797 0.4790
6 -4.0341 0.8663 57.8597 -0.8825 -0.3477 -0.3168 0.4736 0.4411
NPCjames.jpg
6 -4.0341 0.8663 57.8597 -0.8825 -0.3477 -0.3168 0.4736 0.4411
6 -2.8456 -0.9550 58.1019 -0.6800 -0.5133 -0.5235 0.4353 0.4471
6 -3.5991 -1.6357 59.7479 -0.8873 -0.4108 -0.2094 0.4302 0.4794
NPCjames.jpg
6 -2.9113 -2.9590 66.0931 -0.0531 -0.9974 -0.0485 0.4449 0.6126
6 -2.2868 -2.9089 66.5138 0.2043 -0.9767 0.0655 0.4436 0.6279
6 -2.5612 -1.9337 67.5279 -0.2556 -0.5678 0.7825 0.4601 0.6317
NPCjames.jpg
6 -2.5612 -1.9337 67.5279 -0.2556 -0.5678 0.7825 0.4601 0.6317
6 -3.7628 -1.4990 66.5515 -0.8444 -0.3284 0.4232 0.4617 0.6013
6 -2.9113 -2.9590 66.0931 -0.0531 -0.9974 -0.0485 0.4449 0.6126
NPCjames.jpg
6 -4.6584 0.8358 65.0886 -0.9588 -0.1534 0.2392 0.4875 0.5669
6 -3.7628 -1.4990 66.5515 -0.8444 -0.3284 0.4232 0.4617 0.6013
6 -3.5835 0.1412 67.1529 -0.8227 -0.1297 0.5534 0.4895 0.6079
NPCjames.jpg
6 -1.3841 -0.9563 67.9268 0.0324 -0.3996 0.9161 0.4752 0.6599
6 -2.4868 -0.4589 68.2319 -0.3100 -0.2761 0.9098 0.4858 0.6367
6 -2.5612 -1.9337 67.5279 -0.2556 -0.5678 0.7825 0.4601 0.6317
NPCjames.jpg
6 -2.5612 -1.9337 67.5279 -0.2556 -0.5678 0.7825 0.4601 0.6317
6 -1.6037 -2.2888 66.8880 0.0934 -0.7994 0.5935 0.4439 0.6495
6 -1.3841 -0.9563 67.9268 0.0324 -0.3996 0.9161 0.4752 0.6599
NPCjames.jpg
6 -4.7874 0.5832 63.3653 -0.9453 -0.3104 0.1001 0.4830 0.5354
6 -4.1993 -0.7087 64.3352 -0.9352 -0.3541 0.0079 0.4606 0.5627
6 -4.6584 0.8358 65.0886 -0.9588 -0.1534 0.2392 0.4875 0.5669
NPCjames.jpg
6 -4.8744 3.8293 58.0907 -0.9451 0.1706 -0.2786 0.5256 0.4460
6 -5.5498 3.7101 60.2846 -0.9792 0.1936 -0.0606 0.5238 0.4827
6 -3.8160 6.2946 60.7582 -0.6760 0.7369 -0.0067 0.5706 0.4830
NPCjames.jpg
6 -3.8160 6.2946 60.7582 -0.6760 0.7369 -0.0067 0.5706 0.4830
6 -3.4526 6.0267 58.5634 -0.6398 0.7422 -0.1997 0.5679 0.4468
6 -4.8744 3.8293 58.0907 -0.9451 0.1706 -0.2786 0.5256 0.4460
NPCjames.jpg
6 -1.3367 7.5377 60.9801 0.0033 0.9995 -0.0314 0.6095 0.4805
6 -1.3706 7.0184 58.6485 0.0017 0.9761 -0.2174 0.6051 0.4403
6 -3.4526 6.0267 58.5634 -0.6398 0.7422 -0.1997 0.5679 0.4468
NPCjames.jpg
6 -3.4526 6.0267 58.5634 -0.6398 0.7422 -0.1997 0.5679 0.4468
6 -3.8160 6.2946 60.7582 -0.6760 0.7369 -0.0067 0.5706 0.4830
6 -1.3367 7.5377 60.9801 0.0033 0.9995 -0.0314 0.6095 0.4805
NPCjames.jpg
6 -5.5498 3.7101 60.2846 -0.9792 0.1936 -0.0606 0.5238 0.4827
6 -4.6750 1.0967 59.9909 -0.9057 -0.3285 -0.2680 0.4797 0.4790
6 -5.1289 0.6592 61.6251 -0.9350 -0.3517 -0.0447 0.4819 0.5064
NPCjames.jpg
6 -5.1289 0.6592 61.6251 -0.9350 -0.3517 -0.0447 0.4819 0.5064
6 -5.1244 3.4837 62.1359 -0.9442 0.2623 0.1991 0.5233 0.5111
6 -5.5498 3.7101 60.2846 -0.9792 0.1936 -0.0606 0.5238 0.4827
NPCjames.jpg
6 -4.2879 2.6820 66.1202 -0.8991 0.2111 0.3835 0.5250 0.5807
6 -3.1745 5.0931 65.1157 -0.6175 0.6974 0.3638 0.5771 0.5630
6 -4.9374 3.0984 64.3811 -0.9288 0.2793 0.2434 0.5234 0.5475
NPCjames.jpg
6 -4.9374 3.0984 64.3811 -0.9288 0.2793 0.2434 0.5234 0.5475
6 -4.6584 0.8358 65.0886 -0.9588 -0.1534 0.2392 0.4875 0.5669
6 -4.2879 2.6820 66.1202 -0.8991 0.2111 0.3835 0.5250 0.5807
NPCjames.jpg
6 -2.2578 -2.2824 66.1015 0.3065 -0.6305 -0.7131 0.4283 0.6150
6 -1.3405 -2.4624 65.8903 -0.0008 -0.9920 0.1263 0.4220 0.6386
6 -1.5742 -2.4130 66.2773 0.0482 -0.9969 -0.0619 0.4360 0.6422
NPCjames.jpg
6 -1.5742 -2.4130 66.2773 0.0482 -0.9969 -0.0619 0.4360 0.6422
6 -2.2868 -2.9089 66.5138 0.2043 -0.9767 0.0655 0.4436 0.6279
6 -2.2578 -2.2824 66.1015 0.3065 -0.6305 -0.7131 0.4283 0.6150
NPCjames.jpg
6 -1.0322 1.9556 68.5013 0.0754 -0.0490 0.9960 0.5357 0.6591
6 -1.0325 4.1465 68.1810 0.0730 0.5943 0.8009 0.5835 0.6416
6 -2.1428 2.1330 68.8025 -0.1137 0.0393 0.9927 0.5341 0.6382
NPCjames.jpg
6 -1.0322 1.9556 68.5013 0.0754 -0.0490 0.9960 0.5357 0.6591
6 -2.1428 2.1330 68.8025 -0.1137 0.0393 0.9927 0.5341 0.6382
6 -2.4868 -0.4589 68.2319 -0.3100 -0.2761 0.9098 0.4858 0.6367
NPCjames.jpg
6 -2.4868 -0.4589 68.2319 -0.3100 -0.2761 0.9098 0.4858 0.6367
6 -1.3841 -0.9563 67.9268 0.0324 -0.3996 0.9161 0.4752 0.6599
6 -1.0322 1.9556 68.5013 0.0754 -0.0490 0.9960 0.5357 0.6591
NPCjames.jpg
6 -1.2526 5.2803 66.7629 0.0074 0.8950 0.4459 0.6064 0.6090
6 -3.1796 4.5878 66.6668 -0.6167 0.6759 0.4036 0.5691 0.5931
6 -2.9256 3.5161 68.0010 -0.5274 0.4711 0.7071 0.5571 0.6166
NPCjames.jpg
6 -2.9256 3.5161 68.0010 -0.5274 0.4711 0.7071 0.5571 0.6166
6 -1.0325 4.1465 68.1810 0.0730 0.5943 0.8009 0.5835 0.6416
6 -1.2526 5.2803 66.7629 0.0074 0.8950 0.4459 0.6064 0.6090
NPCjames.jpg
6 -3.6755 -1.4494 60.9961 -0.8830 -0.4683 -0.0303 0.4354 0.5006
6 -4.6750 1.0967 59.9909 -0.9057 -0.3285 -0.2680 0.4797 0.4790
6 -3.5991 -1.6357 59.7479 -0.8873 -0.4108 -0.2094 0.4302 0.4794
NPCjames.jpg
6 -3.6755 -1.4494 60.9961 -0.8830 -0.4683 -0.0303 0.4354 0.5006
6 -5.1289 0.6592 61.6251 -0.9350 -0.3517 -0.0447 0.4819 0.5064
6 -4.6750 1.0967 59.9909 -0.9057 -0.3285 -0.2680 0.4797 0.4790
NPCjames.jpg
6 -4.7874 0.5832 63.3653 -0.9453 -0.3104 0.1001 0.4830 0.5354
6 -5.1289 0.6592 61.6251 -0.9350 -0.3517 -0.0447 0.4819 0.5064
6 -3.6755 -1.4494 60.9961 -0.8830 -0.4683 -0.0303 0.4354 0.5006
NPCjames.jpg
6 -3.6755 -1.4494 60.9961 -0.8830 -0.4683 -0.0303 0.4354 0.5006
6 -3.4864 -1.6701 62.1011 -0.8971 -0.4392 -0.0478 0.4297 0.5236
6 -4.7874 0.5832 63.3653 -0.9453 -0.3104 0.1001 0.4830 0.5354
NPCjames.jpg
6 -4.9374 3.0984 64.3811 -0.9288 0.2793 0.2434 0.5234 0.5475
6 -5.1244 3.4837 62.1359 -0.9442 0.2623 0.1991 0.5233 0.5111
6 -5.1289 0.6592 61.6251 -0.9350 -0.3517 -0.0447 0.4819 0.5064
NPCjames.jpg
6 -5.1289 0.6592 61.6251 -0.9350 -0.3517 -0.0447 0.4819 0.5064
6 -4.7874 0.5832 63.3653 -0.9453 -0.3104 0.1001 0.4830 0.5354
6 -4.9374 3.0984 64.3811 -0.9288 0.2793 0.2434 0.5234 0.5475
NPCjames.jpg
6 -3.5835 0.1412 67.1529 -0.8227 -0.1297 0.5534 0.4895 0.6079
6 -3.6661 2.4323 67.5400 -0.8537 0.1148 0.5080 0.5277 0.6064
6 -4.6584 0.8358 65.0886 -0.9588 -0.1534 0.2392 0.4875 0.5669
NPCjames.jpg
6 -3.6661 2.4323 67.5400 -0.8537 0.1148 0.5080 0.5277 0.6064
6 -2.9256 3.5161 68.0010 -0.5274 0.4711 0.7071 0.5571 0.6166
6 -3.1796 4.5878 66.6668 -0.6167 0.6759 0.4036 0.5691 0.5931
NPCjames.jpg
6 -4.6584 0.8358 65.0886 -0.9588 -0.1534 0.2392 0.4875 0.5669
6 -3.6661 2.4323 67.5400 -0.8537 0.1148 0.5080 0.5277 0.6064
6 -4.2879 2.6820 66.1202 -0.8991 0.2111 0.3835 0.5250 0.5807
NPCjames.jpg
6 -3.6661 2.4323 67.5400 -0.8537 0.1148 0.5080 0.5277 0.6064
6 -3.1796 4.5878 66.6668 -0.6167 0.6759 0.4036 0.5691 0.5931
6 -4.2879 2.6820 66.1202 -0.8991 0.2111 0.3835 0.5250 0.5807
NPCjames.jpg
6 -2.4868 -0.4589 68.2319 -0.3100 -0.2761 0.9098 0.4858 0.6367
6 -3.1319 2.2746 68.2700 -0.6489 0.0582 0.7586 0.5309 0.6211
6 -3.5835 0.1412 67.1529 -0.8227 -0.1297 0.5534 0.4895 0.6079
NPCjames.jpg
6 -3.5404 -2.5934 63.6411 -0.8974 -0.4266 -0.1128 0.4281 0.5691
6 -3.1636 -2.1011 64.9523 0.8548 -0.4501 -0.2584 0.4325 0.5876
6 -3.3674 -2.8273 65.6871 -0.4239 -0.8999 -0.1029 0.4449 0.6027
NPCjames.jpg
6 -2.9113 -2.9590 66.0931 -0.0531 -0.9974 -0.0485 0.4449 0.6126
6 -3.3674 -2.8273 65.6871 -0.4239 -0.8999 -0.1029 0.4449 0.6027
6 -3.1636 -2.1011 64.9523 0.8548 -0.4501 -0.2584 0.4325 0.5876
NPCjames.jpg
6 -3.1636 -2.1011 64.9523 0.8548 -0.4501 -0.2584 0.4325 0.5876
6 -2.8370 -2.2907 65.6630 0.7054 -0.4374 -0.5577 0.4345 0.6016
6 -2.9113 -2.9590 66.0931 -0.0531 -0.9974 -0.0485 0.4449 0.6126
NPCjames.jpg
6 -3.7628 -1.4990 66.5515 -0.8444 -0.3284 0.4232 0.4617 0.6013
6 -4.1993 -0.7087 64.3352 -0.9352 -0.3541 0.0079 0.4606 0.5627
6 -3.3674 -2.8273 65.6871 -0.4239 -0.8999 -0.1029 0.4449 0.6027
NPCjames.jpg
6 -4.1993 -0.7087 64.3352 -0.9352 -0.3541 0.0079 0.4606 0.5627
6 -4.7874 0.5832 63.3653 -0.9453 -0.3104 0.1001 0.4830 0.5354
6 -3.4864 -1.6701 62.1011 -0.8971 -0.4392 -0.0478 0.4297 0.5236
NPCjames.jpg
6 -4.1993 -0.7087 64.3352 -0.9352 -0.3541 0.0079 0.4606 0.5627
6 -3.4864 -1.6701 62.1011 -0.8971 -0.4392 -0.0478 0.4297 0.5236
6 -3.5404 -2.5934 63.6411 -0.8974 -0.4266 -0.1128 0.4281 0.5691
NPCjames.jpg
6 0.1261 -0.9412 59.5218 -0.1521 -0.9826 -0.1063 0.4206 0.4785
6 0.0256 -0.9373 58.5621 -0.3885 -0.9207 0.0369 0.4209 0.4484
6 0.0322 -0.9602 58.0603 0.5731 -0.7444 -0.3428 0.4353 0.4471
NPCjames.jpg
6 0.0322 -0.9602 58.0603 0.5731 -0.7444 -0.3428 0.4353 0.4471
6 0.8370 -1.0628 59.6512 0.4754 -0.8087 -0.3464 0.4302 0.4794
6 0.1261 -0.9412 59.5218 -0.1521 -0.9826 -0.1063 0.4206 0.4785
NPCjames.jpg
6 0.4910 -1.9730 62.0112 0.3726 -0.9017 -0.2194 0.4284 0.5164
6 0.5282 -1.4728 60.9362 -0.2562 -0.8906 -0.3759 0.4222 0.5017
6 1.0912 -1.6537 60.9383 0.4959 -0.8203 -0.2850 0.4354 0.5006
NPCjames.jpg
6 1.0912 -1.6537 60.9383 0.4959 -0.8203 -0.2850 0.4354 0.5006
6 1.0796 -1.6520 62.0207 0.8028 -0.5943 -0.0483 0.4477 0.5184
6 0.4910 -1.9730 62.0112 0.3726 -0.9017 -0.2194 0.4284 0.5164
NPCjames.jpg
6 0.5282 -1.4728 60.9362 -0.2562 -0.8906 -0.3759 0.4222 0.5017
6 0.1261 -0.9412 59.5218 -0.1521 -0.9826 -0.1063 0.4206 0.4785
6 0.8370 -1.0628 59.6512 0.4754 -0.8087 -0.3464 0.4302 0.4794
NPCjames.jpg
6 0.8370 -1.0628 59.6512 0.4754 -0.8087 -0.3464 0.4302 0.4794
6 1.0912 -1.6537 60.9383 0.4959 -0.8203 -0.2850 0.4354 0.5006
6 0.5282 -1.4728 60.9362 -0.2562 -0.8906 -0.3759 0.4222 0.5017
NPCjames.jpg
6 0.4910 -1.9730 62.0112 0.3726 -0.9017 -0.2194 0.4284 0.5164
6 1.0796 -1.6520 62.0207 0.8028 -0.5943 -0.0483 0.4477 0.5184
6 0.6651 -2.6076 64.1822 0.8319 -0.5546 -0.0163 0.4374 0.5632
NPCjames.jpg
6 -0.2192 -2.3285 66.1358 -0.0832 -0.9248 -0.3713 0.4304 0.6148
6 0.1980 -2.3128 65.7087 -0.3362 -0.9361 -0.1033 0.4339 0.6044
6 0.5395 -2.5820 66.4321 0.5016 -0.8531 0.1436 0.4448 0.6147
NPCjames.jpg
6 0.5395 -2.5820 66.4321 0.5016 -0.8531 0.1436 0.4448 0.6147
6 -0.0503 -2.7494 66.8830 0.1380 -0.9436 0.3008 0.4440 0.6279
6 -0.2192 -2.3285 66.1358 -0.0832 -0.9248 -0.3713 0.4304 0.6148
NPCjames.jpg
6 0.5395 -2.5820 66.4321 0.5016 -0.8531 0.1436 0.4448 0.6147
6 0.7033 -2.5253 65.6034 0.4453 -0.8943 0.0434 0.4443 0.6048
6 0.9931 -1.5536 66.4854 0.8890 -0.3013 0.3448 0.4617 0.6013
NPCjames.jpg
6 -2.9113 -2.9590 66.0931 -0.0531 -0.9974 -0.0485 0.4449 0.6126
6 -2.8370 -2.2907 65.6630 0.7054 -0.4374 -0.5577 0.4345 0.6016
6 -2.2578 -2.2824 66.1015 0.3065 -0.6305 -0.7131 0.4283 0.6150
NPCjames.jpg
6 -2.2578 -2.2824 66.1015 0.3065 -0.6305 -0.7131 0.4283 0.6150
6 -2.2868 -2.9089 66.5138 0.2043 -0.9767 0.0655 0.4436 0.6279
6 -2.9113 -2.9590 66.0931 -0.0531 -0.9974 -0.0485 0.4449 0.6126
NPCjames.jpg
6 -3.7628 -1.4990 66.5515 -0.8444 -0.3284 0.4232 0.4617 0.6013
6 -3.3674 -2.8273 65.6871 -0.4239 -0.8999 -0.1029 0.4449 0.6027
6 -2.9113 -2.9590 66.0931 -0.0531 -0.9974 -0.0485 0.4449 0.6126
NPCjames.jpg
6 -1.6037 -2.2888 66.8880 0.0934 -0.7994 0.5935 0.4439 0.6496
6 -1.5742 -2.4130 66.2773 0.0482 -0.9969 -0.0619 0.4356 0.6431
6 -0.0503 -2.7494 66.8830 0.1380 -0.9436 0.3008 0.4440 0.6279
NPCjames.jpg
6 -0.0503 -2.7494 66.8830 0.1380 -0.9436 0.3008 0.4440 0.6279
6 0.0264 -1.9557 67.4915 0.3344 -0.4920 0.8038 0.4600 0.6316
6 -1.6037 -2.2888 66.8880 0.0934 -0.7994 0.5935 0.4439 0.6496
NPCjames.jpg
6 -2.2868 -2.9089 66.5138 0.2043 -0.9767 0.0655 0.4436 0.6279
6 -1.5742 -2.4130 66.2773 0.0482 -0.9969 -0.0619 0.4360 0.6422
6 -1.6037 -2.2888 66.8880 0.0934 -0.7994 0.5935 0.4439 0.6495
NPCjames.jpg
6 -1.6037 -2.2888 66.8880 0.0934 -0.7994 0.5935 0.4439 0.6495
6 -2.5612 -1.9337 67.5279 -0.2556 -0.5678 0.7825 0.4601 0.6317
6 -2.2868 -2.9089 66.5138 0.2043 -0.9767 0.0655 0.4436 0.6279
NPCjames.jpg
6 1.1379 -1.4576 64.2995 0.9463 -0.3229 0.0154 0.4606 0.5627
6 0.6651 -2.6076 64.1822 0.8319 -0.5546 -0.0163 0.4370 0.5631
6 1.0796 -1.6520 62.0207 0.8028 -0.5943 -0.0483 0.4477 0.5184
NPCjames.jpg
6 1.1379 -1.4576 64.2995 0.9463 -0.3229 0.0154 0.4606 0.5627
6 0.7033 -2.5253 65.6034 0.4453 -0.8943 0.0434 0.4443 0.6048
6 0.6651 -2.6076 64.1822 0.8319 -0.5546 -0.0163 0.4370 0.5631
NPCjames.jpg
6 1.1379 -1.4576 64.2995 0.9463 -0.3229 0.0154 0.4606 0.5627
6 0.9931 -1.5536 66.4854 0.8890 -0.3013 0.3448 0.4617 0.6013
6 0.7033 -2.5253 65.6034 0.4453 -0.8943 0.0434 0.4443 0.6048
NPCjames.jpg
6 -4.1993 -0.7087 64.3352 -0.9352 -0.3541 0.0079 0.4606 0.5627
6 -3.5404 -2.5934 63.6411 -0.8974 -0.4266 -0.1128 0.4281 0.5691
6 -3.3674 -2.8273 65.6871 -0.4239 -0.8999 -0.1029 0.4449 0.6027
NPCjames.jpg
6 1.1859 0.2695 64.3818 0.9805 -0.1503 0.1266 0.1693 0.8826
6 1.1455 1.0368 65.0796 0.9667 -0.1299 0.2205 0.1862 0.8613
6 0.9129 -0.4899 64.9378 0.9395 -0.2229 0.2601 0.1888 0.8910
NPCjames.jpg
6 -0.2264 -1.3487 67.0332 0.5935 -0.6125 0.5221 0.2505 0.9134
6 0.2128 -2.1934 65.5299 0.6320 -0.6461 0.4280 0.2261 0.9281
6 0.3964 -0.0310 66.5766 0.9011 -0.2311 0.3668 0.2291 0.8750
NPCjames.jpg
6 0.6758 -1.9878 63.3191 0.7506 -0.6283 -0.2046 0.1659 0.9339
6 0.7219 -1.8130 62.5350 0.7244 -0.6728 -0.1501 0.1509 0.9363
6 1.0190 -0.9687 62.4271 0.9636 -0.2427 -0.1120 0.1396 0.9208
NPCjames.jpg
6 1.0190 -0.9687 62.4271 0.9636 -0.2427 -0.1120 0.1396 0.9208
6 0.8295 -1.3476 63.3609 0.9573 -0.2884 -0.0220 0.1541 0.9226
6 0.6758 -1.9878 63.3191 0.7506 -0.6283 -0.2046 0.1659 0.9339
NPCjames.jpg
6 -1.0608 -2.9156 63.4961 0.4652 -0.8789 0.1055 0.1799 0.9706
6 -0.8476 -2.5605 63.5446 0.5808 -0.8067 -0.1091 0.1829 0.9636
6 -0.9337 -2.9879 64.1339 0.1023 -0.9944 -0.0282 0.1933 0.9627
NPCjames.jpg
6 -1.3595 -2.8599 61.7489 -0.0106 -0.7723 -0.6352 0.1428 0.9952
6 -1.3721 -2.9444 60.8879 -0.0049 -0.9759 -0.2182 0.1269 0.9922
6 -0.7635 -2.7364 60.8854 0.4714 -0.8595 -0.1975 0.1246 0.9762
NPCjames.jpg
6 -0.7635 -2.7364 60.8854 0.4714 -0.8595 -0.1975 0.1246 0.9762
6 -0.7070 -2.5999 61.7754 0.6949 -0.7188 0.0209 0.1388 0.9764
6 -1.3595 -2.8599 61.7489 -0.0106 -0.7723 -0.6352 0.1428 0.9952
NPCjames.jpg
6 -1.4058 -2.2683 58.4707 -0.0144 -0.2563 -0.9665 0.0779 0.9882
6 -0.7786 -1.9761 58.9725 0.6473 -0.0715 -0.7589 0.0831 0.9760
6 -0.7035 -2.2905 59.3003 0.7082 -0.6049 -0.3641 0.0899 0.9791
NPCjames.jpg
6 -0.7035 -2.2905 59.3003 0.7082 -0.6049 -0.3641 0.0899 0.9791
6 -1.3996 -2.6084 58.9437 -0.0078 -0.9035 -0.4285 0.0862 0.9935
6 -1.4058 -2.2683 58.4707 -0.0144 -0.2563 -0.9665 0.0779 0.9882
NPCjames.jpg
6 -0.7003 -2.5427 62.0875 0.8207 -0.5700 0.0395 0.1467 0.9749
6 -0.8220 -2.6979 61.8890 0.8592 -0.4824 0.1702 0.1442 0.9796
6 -0.7070 -2.5999 61.7754 0.6949 -0.7188 0.0209 0.1388 0.9764
NPCjames.jpg
6 0.6758 -1.9878 63.3191 0.7506 -0.6283 -0.2046 0.1659 0.9339
6 0.6634 -2.2285 63.6910 0.7547 -0.6125 -0.2351 0.1745 0.9297
6 -0.2724 -2.4894 63.6498 0.2834 -0.8586 -0.4272 0.1811 0.9496
NPCjames.jpg
6 -0.2724 -2.4894 63.6498 0.2834 -0.8586 -0.4272 0.1811 0.9496
6 -0.1862 -2.2017 63.1215 0.3482 -0.9044 -0.2467 0.1661 0.9540
6 0.6758 -1.9878 63.3191 0.7506 -0.6283 -0.2046 0.1659 0.9339
NPCjames.jpg
6 1.3428 1.1885 62.5316 0.9791 -0.1802 -0.0940 0.1289 0.8810
6 1.1777 -0.0159 63.0737 0.9892 -0.1451 -0.0205 0.1432 0.9003
6 1.0488 0.5167 61.4072 0.9716 -0.1805 -0.1527 0.1130 0.9053
NPCjames.jpg
6 1.0488 0.5167 61.4072 0.9716 -0.1805 -0.1527 0.1130 0.9053
6 1.1218 1.1103 61.3437 0.9866 -0.0828 -0.1405 0.1061 0.8950
6 1.3428 1.1885 62.5316 0.9791 -0.1802 -0.0940 0.1289 0.8810
NPCjames.jpg
6 -1.3470 -3.2685 62.6652 0.0038 -0.9244 0.3813 0.1711 0.9857
6 -1.3559 -3.5724 62.0892 -0.0015 -0.9998 0.0193 0.1577 0.9972
6 -1.1310 -3.4074 62.0548 0.7063 -0.7072 0.0307 0.1532 0.9889
NPCjames.jpg
6 -1.1310 -3.4074 62.0548 0.7063 -0.7072 0.0307 0.1532 0.9889
6 -1.0969 -3.1878 62.5853 0.6468 -0.7316 0.2155 0.1662 0.9783
6 -1.3470 -3.2685 62.6652 0.0038 -0.9244 0.3813 0.1711 0.9857
NPCjames.jpg
6 -1.3586 -3.4623 61.8889 -0.0119 -0.6723 -0.7402 0.1499 0.9990
6 -1.1246 -3.3824 61.9198 0.5872 -0.6065 -0.5360 0.1483 0.9904
6 -1.1310 -3.4074 62.0548 0.7063 -0.7072 0.0307 0.1532 0.9889
NPCjames.jpg
6 -1.1310 -3.4074 62.0548 0.7063 -0.7072 0.0307 0.1532 0.9889
6 -1.3559 -3.5724 62.0892 -0.0015 -0.9998 0.0193 0.1577 0.9972
6 -1.3586 -3.4623 61.8889 -0.0119 -0.6723 -0.7402 0.1499 0.9990
NPCjames.jpg
6 0.9129 -0.4899 64.9378 0.9395 -0.2229 0.2601 0.1888 0.8910
6 0.3964 -0.0310 66.5766 0.9011 -0.2311 0.3668 0.2291 0.8750
6 0.2128 -2.1934 65.5299 0.6320 -0.6461 0.4280 0.2261 0.9281
NPCjames.jpg
6 -0.8476 -2.5605 63.5446 0.5808 -0.8067 -0.1091 0.1829 0.9636
6 -1.0608 -2.9156 63.4961 0.4652 -0.8789 0.1055 0.1799 0.9706
6 -0.6699 -2.5098 63.2535 0.5994 -0.7987 -0.0531 0.1694 0.9647
NPCjames.jpg
6 -0.3192 -2.1345 61.6891 0.5930 -0.8029 0.0609 0.1366 0.9630
6 0.5952 -1.6177 61.6872 0.7763 -0.5957 -0.2061 0.1311 0.9328
6 0.7219 -1.8130 62.5350 0.7244 -0.6728 -0.1501 0.1509 0.9363
NPCjames.jpg
6 -1.3825 -2.6086 60.1257 -0.0024 -0.9991 -0.0417 0.1054 0.9933
6 -0.5883 -2.3137 60.0709 0.5886 -0.7917 -0.1635 0.1061 0.9749
6 -0.7000 -2.4726 60.5705 0.3770 -0.8361 -0.3986 0.1179 0.9757
NPCjames.jpg
6 -0.7000 -2.4726 60.5705 0.3770 -0.8361 -0.3986 0.1179 0.9757
6 -1.3763 -2.7443 60.5707 -0.0080 -0.8969 -0.4421 0.1191 0.9928
6 -1.3825 -2.6086 60.1257 -0.0024 -0.9991 -0.0417 0.1054 0.9933
NPCjames.jpg
6 -1.1310 -3.4074 62.0548 0.7063 -0.7072 0.0307 0.1532 0.9889
6 -1.1246 -3.3824 61.9198 0.5872 -0.6065 -0.5360 0.1483 0.9904
6 -0.8220 -2.6979 61.8890 0.8592 -0.4824 0.1702 0.1442 0.9796
NPCjames.jpg
6 -0.8220 -2.6979 61.8890 0.8592 -0.4824 0.1702 0.1442 0.9796
6 -0.7003 -2.5427 62.0875 0.8207 -0.5700 0.0395 0.1467 0.9749
6 -1.1310 -3.4074 62.0548 0.7063 -0.7072 0.0307 0.1532 0.9889
NPCjames.jpg
6 -0.5900 0.2970 59.3546 0.5060 -0.4839 -0.7140 0.0656 0.9404
6 -1.3938 -0.2060 59.0440 -0.0320 -0.5437 -0.8387 0.0590 0.9606
4 -1.3238 -0.0591 57.8077 -0.0219 -0.9997 -0.0108 0.0254 0.9657
NPCjames.jpg
4 -1.3238 -0.0591 57.8077 -0.0219 -0.9997 -0.0108 0.0254 0.9657
4 -0.5131 0.3873 57.9167 0.5221 -0.8517 0.0436 0.0302 0.9444
6 -0.5900 0.2970 59.3546 0.5060 -0.4839 -0.7140 0.0656 0.9404
NPCjames.jpg
6 0.5086 1.0700 60.0002 0.8195 -0.3019 -0.4871 0.0767 0.9120
4 -0.5131 0.3873 57.9167 0.5221 -0.8517 0.0436 0.0302 0.9444
4 0.9144 1.7031 58.9791 0.7968 -0.6025 0.0464 0.0426 0.9008
NPCjames.jpg
4 0.9144 1.7031 58.9791 0.7968 -0.6025 0.0464 0.0426 0.9008
6 0.9445 1.8933 60.5137 0.9559 -0.1485 -0.2534 0.0827 0.8913
6 0.5086 1.0700 60.0002 0.8195 -0.3019 -0.4871 0.0767 0.9120
NPCjames.jpg
6 -0.7000 -2.4726 60.5705 0.3770 -0.8361 -0.3986 0.1179 0.9757
6 -0.5883 -2.3137 60.0709 0.5886 -0.7917 -0.1635 0.1061 0.9749
6 -0.2925 -2.2433 60.5391 0.6835 -0.6821 -0.2599 0.1147 0.9671
NPCjames.jpg
6 -0.2129 -1.1231 59.3494 0.6259 -0.1056 -0.7727 0.0835 0.9472
6 0.9820 1.0543 60.4205 0.8756 -0.0140 -0.4828 0.0892 0.9057
6 1.0210 0.8190 60.6541 0.9551 -0.1620 -0.2483 0.0961 0.9072
NPCjames.jpg
6 1.0210 0.8190 60.6541 0.9551 -0.1620 -0.2483 0.0961 0.9072
6 -0.2476 -1.7395 59.6946 0.8206 -0.4268 -0.3802 0.0914 0.9487
6 -0.2129 -1.1231 59.3494 0.6259 -0.1056 -0.7727 0.0835 0.9472
NPCjames.jpg
6 -0.2476 -1.7395 59.6946 0.8206 -0.4268 -0.3802 0.0914 0.9487
6 -0.5883 -2.3137 60.0709 0.5886 -0.7917 -0.1635 0.1061 0.9749
6 -0.7349 -2.4348 59.7472 0.5819 -0.8124 -0.0368 0.0968 0.9805
NPCjames.jpg
6 -0.7349 -2.4348 59.7472 0.5819 -0.8124 -0.0368 0.0968 0.9805
6 -0.7035 -2.2905 59.3003 0.7082 -0.6049 -0.3641 0.0899 0.9791
6 -0.2476 -1.7395 59.6946 0.8206 -0.4268 -0.3802 0.0914 0.9487
NPCjames.jpg
6 -1.3987 -1.5350 58.8661 -0.0130 0.3308 -0.9436 0.0687 0.9755
6 -0.8538 -1.3167 59.2055 0.2995 0.2104 -0.9306 0.0746 0.9655
6 -0.7786 -1.9761 58.9725 0.6473 -0.0715 -0.7589 0.0831 0.9760
NPCjames.jpg
6 -0.7786 -1.9761 58.9725 0.6473 -0.0715 -0.7589 0.0831 0.9760
6 -1.4058 -2.2683 58.4707 -0.0144 -0.2563 -0.9665 0.0779 0.9882
6 -1.3987 -1.5350 58.8661 -0.0130 0.3308 -0.9436 0.0687 0.9755
NPCjames.jpg
6 -0.8538 -1.3167 59.2055 0.2995 0.2104 -0.9306 0.0746 0.9655
6 -0.5900 0.2970 59.3546 0.5060 -0.4839 -0.7140 0.0656 0.9404
6 -0.2129 -1.1231 59.3494 0.6259 -0.1056 -0.7727 0.0835 0.9472
NPCjames.jpg
6 -0.2129 -1.1231 59.3494 0.6259 -0.1056 -0.7727 0.0835 0.9472
6 -0.7786 -1.9761 58.9725 0.6473 -0.0715 -0.7589 0.0831 0.9760
6 -0.8538 -1.3167 59.2055 0.2995 0.2104 -0.9306 0.0746 0.9655
NPCjames.jpg
6 1.1218 1.1103 61.3437 0.9866 -0.0828 -0.1405 0.1061 0.8950
6 1.0488 0.5167 61.4072 0.9716 -0.1805 -0.1527 0.1130 0.9053
6 1.0210 0.8190 60.6541 0.9551 -0.1620 -0.2483 0.0961 0.9072
NPCjames.jpg
6 0.5952 -1.6177 61.6872 0.7763 -0.5957 -0.2061 0.1311 0.9328
6 -0.3192 -2.1345 61.6891 0.5930 -0.8029 0.0609 0.1366 0.9630
6 -0.0908 -2.1519 60.9805 0.6846 -0.7264 -0.0603 0.1218 0.9592
NPCjames.jpg
6 -0.2925 -2.2433 60.5391 0.6835 -0.6821 -0.2599 0.1147 0.9671
6 -0.5883 -2.3137 60.0709 0.5886 -0.7917 -0.1635 0.1061 0.9749
6 -0.2476 -1.7395 59.6946 0.8206 -0.4268 -0.3802 0.0914 0.9487
NPCjames.jpg
6 -0.7786 -1.9761 58.9725 0.6473 -0.0715 -0.7589 0.0831 0.9760
6 -0.2129 -1.1231 59.3494 0.6259 -0.1056 -0.7727 0.0835 0.9472
6 -0.2476 -1.7395 59.6946 0.8206 -0.4268 -0.3802 0.0914 0.9487
NPCjames.jpg
6 -0.2476 -1.7395 59.6946 0.8206 -0.4268 -0.3802 0.0914 0.9487
6 -0.7035 -2.2905 59.3003 0.7082 -0.6049 -0.3641 0.0899 0.9791
6 -0.7786 -1.9761 58.9725 0.6473 -0.0715 -0.7589 0.0831 0.9760
NPCjames.jpg
6 -0.0908 -2.1519 60.9805 0.6846 -0.7264 -0.0603 0.1218 0.9592
6 0.4400 -1.4149 60.7547 0.8510 -0.4071 -0.3319 0.1094 0.9314
6 0.5952 -1.6177 61.6872 0.7763 -0.5957 -0.2061 0.1311 0.9328
NPCjames.jpg
6 1.1859 0.2695 64.3818 0.9805 -0.1503 0.1266 0.1693 0.8826
6 0.9129 -0.4899 64.9378 0.9395 -0.2229 0.2601 0.1888 0.8910
6 0.9392 -0.9119 64.0952 0.9668 -0.2329 0.1047 0.1782 0.9047
NPCjames.jpg
6 1.0993 -0.5781 63.2371 0.9804 -0.1871 0.0614 0.1501 0.9168
6 0.9392 -0.9119 64.0952 0.9668 -0.2329 0.1047 0.1782 0.9047
6 0.8238 -1.4703 63.6350 0.9675 -0.2528 -0.0012 0.1693 0.9191
NPCjames.jpg
6 0.8238 -1.4703 63.6350 0.9675 -0.2528 -0.0012 0.1693 0.9191
6 0.8295 -1.3476 63.3609 0.9573 -0.2884 -0.0220 0.1541 0.9226
6 1.0993 -0.5781 63.2371 0.9804 -0.1871 0.0614 0.1501 0.9168
NPCjames.jpg
6 1.1777 -0.0159 63.0737 0.9892 -0.1451 -0.0205 0.1432 0.9003
6 1.0993 -0.5781 63.2371 0.9804 -0.1871 0.0614 0.1501 0.9168
6 1.0190 -0.9687 62.4271 0.9636 -0.2427 -0.1120 0.1396 0.9208
NPCjames.jpg
6 1.1777 -0.0159 63.0737 0.9892 -0.1451 -0.0205 0.1432 0.9003
6 1.1859 0.2695 64.3818 0.9805 -0.1503 0.1266 0.1693 0.8826
6 0.9392 -0.9119 64.0952 0.9668 -0.2329 0.1047 0.1782 0.9047
NPCjames.jpg
6 0.9392 -0.9119 64.0952 0.9668 -0.2329 0.1047 0.1782 0.9047
6 1.0993 -0.5781 63.2371 0.9804 -0.1871 0.0614 0.1501 0.9168
6 1.1777 -0.0159 63.0737 0.9892 -0.1451 -0.0205 0.1432 0.9003
NPCjames.jpg
6 0.6758 -1.9878 63.3191 0.7506 -0.6283 -0.2046 0.1659 0.9339
6 -0.1862 -2.2017 63.1215 0.3482 -0.9044 -0.2467 0.1661 0.9540
6 -0.5231 -2.2468 62.5599 0.6229 -0.7803 -0.0553 0.1565 0.9648
NPCjames.jpg
6 -0.5231 -2.2468 62.5599 0.6229 -0.7803 -0.0553 0.1565 0.9648
6 0.7219 -1.8130 62.5350 0.7244 -0.6728 -0.1501 0.1509 0.9363
6 0.6758 -1.9878 63.3191 0.7506 -0.6283 -0.2046 0.1659 0.9339
NPCjames.jpg
6 1.1777 -0.0159 63.0737 0.9892 -0.1451 -0.0205 0.1432 0.9003
6 1.0190 -0.9687 62.4271 0.9636 -0.2427 -0.1120 0.1396 0.9208
6 1.0488 0.5167 61.4072 0.9716 -0.1805 -0.1527 0.1130 0.9053
NPCjames.jpg
6 0.4400 -1.4149 60.7547 0.8510 -0.4071 -0.3319 0.1094 0.9314
6 -0.2476 -1.7395 59.6946 0.8206 -0.4268 -0.3802 0.0914 0.9487
6 1.0210 0.8190 60.6541 0.9551 -0.1620 -0.2483 0.0961 0.9072
NPCjames.jpg
6 1.0210 0.8190 60.6541 0.9551 -0.1620 -0.2483 0.0961 0.9072
6 1.0488 0.5167 61.4072 0.9716 -0.1805 -0.1527 0.1130 0.9053
6 0.4400 -1.4149 60.7547 0.8510 -0.4071 -0.3319 0.1094 0.9314
NPCjames.jpg
6 -1.3938 -0.2060 59.0440 -0.0320 -0.5437 -0.8387 0.0590 0.9606
6 -0.5900 0.2970 59.3546 0.5060 -0.4839 -0.7140 0.0656 0.9404
6 -0.8538 -1.3167 59.2055 0.2995 0.2104 -0.9306 0.0746 0.9655
NPCjames.jpg
6 -0.8538 -1.3167 59.2055 0.2995 0.2104 -0.9306 0.0746 0.9655
6 -1.3987 -1.5350 58.8661 -0.0130 0.3308 -0.9436 0.0687 0.9755
6 -1.3938 -0.2060 59.0440 -0.0320 -0.5437 -0.8387 0.0590 0.9606
NPCjames.jpg
6 -0.5900 0.2970 59.3546 0.5060 -0.4839 -0.7140 0.0656 0.9404
6 -0.0918 0.4900 59.4826 0.2940 0.4114 -0.8627 0.0712 0.9262
6 -0.1776 0.0557 59.3422 0.4961 0.0492 -0.8669 0.0750 0.9349
NPCjames.jpg
6 -0.7003 -2.5427 62.0875 0.8207 -0.5700 0.0395 0.1467 0.9749
6 -0.7070 -2.5999 61.7754 0.6949 -0.7188 0.0209 0.1388 0.9764
6 -0.3192 -2.1345 61.6891 0.5930 -0.8029 0.0609 0.1366 0.9630
NPCjames.jpg
6 -1.0969 -3.1878 62.5853 0.6468 -0.7316 0.2155 0.1662 0.9783
6 -0.6699 -2.5098 63.2535 0.5994 -0.7987 -0.0531 0.1694 0.9647
6 -1.0608 -2.9156 63.4961 0.4652 -0.8789 0.1055 0.1799 0.9706
NPCjames.jpg
6 -0.6699 -2.5098 63.2535 0.5994 -0.7987 -0.0531 0.1694 0.9647
6 -0.5231 -2.2468 62.5599 0.6229 -0.7803 -0.0553 0.1565 0.9648
6 -0.1862 -2.2017 63.1215 0.3482 -0.9044 -0.2467 0.1661 0.9540
NPCjames.jpg
6 0.5086 1.0700 60.0002 0.8195 -0.3019 -0.4871 0.0767 0.9120
6 -0.0918 0.4900 59.4826 0.2940 0.4114 -0.8627 0.0712 0.9262
6 -0.5900 0.2970 59.3546 0.5060 -0.4839 -0.7140 0.0656 0.9404
NPCjames.jpg
6 -0.5900 0.2970 59.3546 0.5060 -0.4839 -0.7140 0.0656 0.9404
4 -0.5131 0.3873 57.9167 0.5221 -0.8517 0.0436 0.0302 0.9444
6 0.5086 1.0700 60.0002 0.8195 -0.3019 -0.4871 0.0767 0.9120
NPCjames.jpg
6 -0.2129 -1.1231 59.3494 0.6259 -0.1056 -0.7727 0.0835 0.9472
6 0.5086 1.0700 60.0002 0.8195 -0.3019 -0.4871 0.0767 0.9120
6 0.9820 1.0543 60.4205 0.8756 -0.0140 -0.4828 0.0892 0.9057
NPCjames.jpg
6 -0.5231 -2.2468 62.5599 0.6229 -0.7803 -0.0553 0.1565 0.9648
6 -0.3192 -2.1345 61.6891 0.5930 -0.8029 0.0609 0.1366 0.9630
6 0.7219 -1.8130 62.5350 0.7244 -0.6728 -0.1501 0.1509 0.9363
NPCjames.jpg
6 0.8295 -1.3476 63.3609 0.9573 -0.2884 -0.0220 0.1541 0.9226
6 1.0190 -0.9687 62.4271 0.9636 -0.2427 -0.1120 0.1396 0.9208
6 1.0993 -0.5781 63.2371 0.9804 -0.1871 0.0614 0.1501 0.9168
NPCjames.jpg
6 0.9820 1.0543 60.4205 0.8756 -0.0140 -0.4828 0.0892 0.9057
6 0.5086 1.0700 60.0002 0.8195 -0.3019 -0.4871 0.0767 0.9120
6 0.9445 1.8933 60.5137 0.9559 -0.1485 -0.2534 0.0827 0.8913
NPCjames.jpg
6 -1.3252 -2.8851 64.1287 -0.0006 -0.9966 0.0819 0.1973 0.9732
6 -1.3339 -2.9203 63.5343 0.0007 -0.9851 0.1718 0.1839 0.9778
6 -1.0608 -2.9156 63.4961 0.4652 -0.8789 0.1055 0.1799 0.9706
NPCjames.jpg
6 -1.0608 -2.9156 63.4961 0.4652 -0.8789 0.1055 0.1799 0.9706
6 -0.9337 -2.9879 64.1339 0.1023 -0.9944 -0.0282 0.1933 0.9627
6 -1.3252 -2.8851 64.1287 -0.0006 -0.9966 0.0819 0.1973 0.9732
NPCjames.jpg
6 1.2677 0.7282 63.8001 0.9897 -0.1271 0.0654 0.1554 0.8802
6 1.3211 1.5513 64.0546 0.9857 -0.1047 0.1319 0.1558 0.8614
6 1.1455 1.0368 65.0796 0.9667 -0.1299 0.2205 0.1862 0.8613
NPCjames.jpg
6 1.1455 1.0368 65.0796 0.9667 -0.1299 0.2205 0.1862 0.8613
6 1.1859 0.2695 64.3818 0.9805 -0.1503 0.1266 0.1693 0.8826
6 1.2677 0.7282 63.8001 0.9897 -0.1271 0.0654 0.1554 0.8802
NPCjames.jpg
4 -0.5131 0.3873 57.9167 0.5221 -0.8517 0.0436 0.0302 0.9444
4 -0.5367 0.2879 56.4486 0.4901 -0.8691 0.0672 0.0061 0.9481
4 0.7531 0.9992 57.2140 0.5962 -0.7846 0.1703 0.0107 0.9189
NPCjames.jpg
4 0.7531 0.9992 57.2140 0.5962 -0.7846 0.1703 0.0107 0.9189
4 0.9144 1.7031 58.9791 0.7968 -0.6025 0.0464 0.0426 0.9008
4 -0.5131 0.3873 57.9167 0.5221 -0.8517 0.0436 0.0302 0.9444
NPCjames.jpg
4 0.7531 0.9992 57.2140 0.5962 -0.7846 0.1703 0.0107 0.9189
4 1.4788 2.7387 58.6128 0.8880 -0.4493 0.0980 0.0145 0.9039
4 0.9144 1.7031 58.9791 0.7968 -0.6025 0.0464 0.0426 0.9008
NPCjames.jpg
6 -0.6699 -2.5098 63.2535 0.5994 -0.7987 -0.0531 0.1694 0.9647
6 -0.7003 -2.5427 62.0875 0.8207 -0.5700 0.0395 0.1467 0.9749
6 -0.5231 -2.2468 62.5599 0.6229 -0.7803 -0.0553 0.1565 0.9648
NPCjames.jpg
6 0.4807 -2.6151 64.3303 0.6394 -0.7674 0.0467 0.1851 0.9339
6 0.6634 -2.2285 63.6910 0.7547 -0.6125 -0.2351 0.1745 0.9297
6 0.8238 -1.4703 63.6350 0.9675 -0.2528 -0.0012 0.1693 0.9191
NPCjames.jpg
6 0.8238 -1.4703 63.6350 0.9675 -0.2528 -0.0012 0.1693 0.9191
6 0.9392 -0.9119 64.0952 0.9668 -0.2329 0.1047 0.1782 0.9047
6 0.4807 -2.6151 64.3303 0.6394 -0.7674 0.0467 0.1851 0.9339
NPCjames.jpg
6 0.4807 -2.6151 64.3303 0.6394 -0.7674 0.0467 0.1851 0.9339
6 -0.9337 -2.9879 64.1339 0.1023 -0.9944 -0.0282 0.1933 0.9627
6 -0.2724 -2.4894 63.6498 0.2834 -0.8586 -0.4272 0.1811 0.9496
NPCjames.jpg
6 -0.2724 -2.4894 63.6498 0.2834 -0.8586 -0.4272 0.1811 0.9496
6 0.6634 -2.2285 63.6910 0.7547 -0.6125 -0.2351 0.1745 0.9297
6 0.4807 -2.6151 64.3303 0.6394 -0.7674 0.0467 0.1851 0.9339
NPCjames.jpg
6 0.4807 -2.6151 64.3303 0.6394 -0.7674 0.0467 0.1851 0.9339
6 0.9392 -0.9119 64.0952 0.9668 -0.2329 0.1047 0.1782 0.9047
6 0.9129 -0.4899 64.9378 0.9395 -0.2229 0.2601 0.1888 0.8910
NPCjames.jpg
6 0.9129 -0.4899 64.9378 0.9395 -0.2229 0.2601 0.1888 0.8910
6 0.2128 -2.1934 65.5299 0.6320 -0.6461 0.4280 0.2261 0.9281
6 0.4807 -2.6151 64.3303 0.6394 -0.7674 0.0467 0.1851 0.9339
NPCjames.jpg
6 1.2677 0.7282 63.8001 0.9897 -0.1271 0.0654 0.1554 0.8802
6 1.3787 1.1625 63.4164 0.9744 -0.2227 0.0298 0.1436 0.8750
6 1.3211 1.5513 64.0546 0.9857 -0.1047 0.1319 0.1558 0.8614
NPCjames.jpg
6 1.2677 0.7282 63.8001 0.9897 -0.1271 0.0654 0.1554 0.8802
6 1.1777 -0.0159 63.0737 0.9892 -0.1451 -0.0205 0.1432 0.9003
6 1.3428 1.1885 62.5316 0.9791 -0.1802 -0.0940 0.1289 0.8810
NPCjames.jpg
6 1.3428 1.1885 62.5316 0.9791 -0.1802 -0.0940 0.1289 0.8810
6 1.3787 1.1625 63.4164 0.9744 -0.2227 0.0298 0.1436 0.8750
6 1.2677 0.7282 63.8001 0.9897 -0.1271 0.0654 0.1554 0.8802
NPCjames.jpg
6 -0.3192 -2.1345 61.6891 0.5930 -0.8029 0.0609 0.1366 0.9630
6 -0.5231 -2.2468 62.5599 0.6229 -0.7803 -0.0553 0.1565 0.9648
6 -0.7003 -2.5427 62.0875 0.8207 -0.5700 0.0395 0.1467 0.9749
NPCjames.jpg
6 1.0210 0.8190 60.6541 0.9551 -0.1620 -0.2483 0.0961 0.9072
6 0.9820 1.0543 60.4205 0.8756 -0.0140 -0.4828 0.0892 0.9057
6 1.1218 1.1103 61.3437 0.9866 -0.0828 -0.1405 0.1061 0.8950
NPCjames.jpg
6 0.9129 -0.4899 64.9378 0.9395 -0.2229 0.2601 0.1888 0.8910
6 1.1455 1.0368 65.0796 0.9667 -0.1299 0.2205 0.1862 0.8613
6 0.3964 -0.0310 66.5766 0.9011 -0.2311 0.3668 0.2291 0.8750
NPCjames.jpg
6 1.1777 -0.0159 63.0737 0.9892 -0.1451 -0.0205 0.1432 0.9003
6 1.2677 0.7282 63.8001 0.9897 -0.1271 0.0654 0.1554 0.8802
6 1.1859 0.2695 64.3818 0.9805 -0.1503 0.1266 0.1693 0.8826
NPCjames.jpg
6 -0.5900 0.2970 59.3546 0.5060 -0.4839 -0.7140 0.0656 0.9404
6 -0.1776 0.0557 59.3422 0.4961 0.0492 -0.8669 0.0750 0.9349
6 -0.2129 -1.1231 59.3494 0.6259 -0.1056 -0.7727 0.0835 0.9472
NPCjames.jpg
6 -1.0969 -3.1878 62.5853 0.6468 -0.7316 0.2155 0.1662 0.9783
6 -1.1310 -3.4074 62.0548 0.7063 -0.7072 0.0307 0.1532 0.9889
6 -0.7003 -2.5427 62.0875 0.8207 -0.5700 0.0395 0.1467 0.9749
NPCjames.jpg
6 -0.9337 -2.9879 64.1339 0.1023 -0.9944 -0.0282 0.1933 0.9627
6 0.4807 -2.6151 64.3303 0.6394 -0.7674 0.0467 0.1851 0.9339
6 0.2128 -2.1934 65.5299 0.6320 -0.6461 0.4280 0.2261 0.9281
NPCjames.jpg
6 0.2128 -2.1934 65.5299 0.6320 -0.6461 0.4280 0.2261 0.9281
6 -1.3026 -2.5785 65.6610 0.0047 -0.9030 0.4296 0.2400 0.9520
6 -0.9337 -2.9879 64.1339 0.1023 -0.9944 -0.0282 0.1933 0.9627
NPCjames.jpg
6 -0.3192 -2.1345 61.6891 0.5930 -0.8029 0.0609 0.1366 0.9630
6 -0.7070 -2.5999 61.7754 0.6949 -0.7188 0.0209 0.1388 0.9764
6 -0.7635 -2.7364 60.8854 0.4714 -0.8595 -0.1975 0.1246 0.9762
NPCjames.jpg
6 -0.7635 -2.7364 60.8854 0.4714 -0.8595 -0.1975 0.1246 0.9762
6 -0.0908 -2.1519 60.9805 0.6846 -0.7264 -0.0603 0.1218 0.9592
6 -0.3192 -2.1345 61.6891 0.5930 -0.8029 0.0609 0.1366 0.9630
NPCjames.jpg
6 0.8238 -1.4703 63.6350 0.9675 -0.2528 -0.0012 0.1693 0.9191
6 0.6634 -2.2285 63.6910 0.7547 -0.6125 -0.2351 0.1745 0.9297
6 0.6758 -1.9878 63.3191 0.7506 -0.6283 -0.2046 0.1659 0.9339
NPCjames.jpg
6 0.6758 -1.9878 63.3191 0.7506 -0.6283 -0.2046 0.1659 0.9339
6 0.8295 -1.3476 63.3609 0.9573 -0.2884 -0.0220 0.1541 0.9226
6 0.8238 -1.4703 63.6350 0.9675 -0.2528 -0.0012 0.1693 0.9191
NPCjames.jpg
6 0.5952 -1.6177 61.6872 0.7763 -0.5957 -0.2061 0.1311 0.9328
6 1.0190 -0.9687 62.4271 0.9636 -0.2427 -0.1120 0.1396 0.9208
6 0.7219 -1.8130 62.5350 0.7244 -0.6728 -0.1501 0.1509 0.9363
NPCjames.jpg
6 -0.6699 -2.5098 63.2535 0.5994 -0.7987 -0.0531 0.1694 0.9647
6 -1.0969 -3.1878 62.5853 0.6468 -0.7316 0.2155 0.1662 0.9783
6 -0.7003 -2.5427 62.0875 0.8207 -0.5700 0.0395 0.1467 0.9749
NPCjames.jpg
6 1.1218 1.1103 61.3437 0.9866 -0.0828 -0.1405 0.1061 0.8950
6 0.9820 1.0543 60.4205 0.8756 -0.0140 -0.4828 0.0892 0.9057
6 0.9445 1.8933 60.5137 0.9559 -0.1485 -0.2534 0.0827 0.8913
NPCjames.jpg
6 -0.7070 -2.5999 61.7754 0.6949 -0.7188 0.0209 0.1388 0.9764
6 -0.8220 -2.6979 61.8890 0.8592 -0.4824 0.1702 0.1442 0.9796
6 -1.1246 -3.3824 61.9198 0.5872 -0.6065 -0.5360 0.1483 0.9904
NPCjames.jpg
6 -1.0969 -3.1878 62.5853 0.6468 -0.7316 0.2155 0.1662 0.9783
6 -1.0608 -2.9156 63.4961 0.4652 -0.8789 0.1055 0.1799 0.9706
6 -1.3339 -2.9203 63.5343 0.0007 -0.9851 0.1718 0.1839 0.9778
NPCjames.jpg
6 -1.3339 -2.9203 63.5343 0.0007 -0.9851 0.1718 0.1839 0.9778
6 -1.3470 -3.2685 62.6652 0.0038 -0.9244 0.3813 0.1711 0.9857
6 -1.0969 -3.1878 62.5853 0.6468 -0.7316 0.2155 0.1662 0.9783
NPCjames.jpg
6 -1.3825 -2.6086 60.1257 -0.0024 -0.9991 -0.0417 0.1054 0.9933
6 -1.3903 -2.7198 59.5991 -0.0019 -1.0000 -0.0052 0.0954 0.9947
6 -0.7349 -2.4348 59.7472 0.5819 -0.8124 -0.0368 0.0968 0.9805
NPCjames.jpg
6 -0.7349 -2.4348 59.7472 0.5819 -0.8124 -0.0368 0.0968 0.9805
6 -0.5883 -2.3137 60.0709 0.5886 -0.7917 -0.1635 0.1061 0.9749
6 -1.3825 -2.6086 60.1257 -0.0024 -0.9991 -0.0417 0.1054 0.9933
NPCjames.jpg
6 -0.7349 -2.4348 59.7472 0.5819 -0.8124 -0.0368 0.0968 0.9805
6 -1.3903 -2.7198 59.5991 -0.0019 -1.0000 -0.0052 0.0954 0.9947
6 -1.3996 -2.6084 58.9437 -0.0078 -0.9035 -0.4285 0.0862 0.9935
NPCjames.jpg
6 -1.3996 -2.6084 58.9437 -0.0078 -0.9035 -0.4285 0.0862 0.9935
6 -0.7035 -2.2905 59.3003 0.7082 -0.6049 -0.3641 0.0899 0.9791
6 -0.7349 -2.4348 59.7472 0.5819 -0.8124 -0.0368 0.0968 0.9805
NPCjames.jpg
6 -1.3595 -2.8599 61.7489 -0.0106 -0.7723 -0.6352 0.1428 0.9952
6 -1.1246 -3.3824 61.9198 0.5872 -0.6065 -0.5360 0.1483 0.9904
6 -1.3586 -3.4623 61.8889 -0.0119 -0.6723 -0.7402 0.1499 0.9990
NPCjames.jpg
6 -0.2264 -1.3487 67.0332 0.5935 -0.6125 0.5221 0.2505 0.9134
6 -1.2788 -1.5605 67.1806 -0.0024 -0.8308 0.5565 0.2624 0.9267
6 -1.3026 -2.5785 65.6610 0.0047 -0.9030 0.4296 0.2400 0.9520
NPCjames.jpg
6 -1.3026 -2.5785 65.6610 0.0047 -0.9030 0.4296 0.2400 0.9520
6 0.2128 -2.1934 65.5299 0.6320 -0.6461 0.4280 0.2261 0.9281
6 -0.2264 -1.3487 67.0332 0.5935 -0.6125 0.5221 0.2505 0.9134
NPCjames.jpg
4 -1.3238 -0.0591 57.8077 -0.0219 -0.9997 -0.0108 0.0254 0.9657
4 -1.2915 -0.1940 56.3230 -0.0308 -0.9955 0.0898 0.0027 0.9661
4 -0.5367 0.2879 56.4486 0.4901 -0.8691 0.0672 0.0061 0.9481
NPCjames.jpg
4 -0.5367 0.2879 56.4486 0.4901 -0.8691 0.0672 0.0061 0.9481
4 -0.5131 0.3873 57.9167 0.5221 -0.8517 0.0436 0.0302 0.9444
4 -1.3238 -0.0591 57.8077 -0.0219 -0.9997 -0.0108 0.0254 0.9657
NPCjames.jpg
6 -1.3252 -2.8851 64.1287 -0.0006 -0.9966 0.0819 0.1973 0.9732
6 -0.9337 -2.9879 64.1339 0.1023 -0.9944 -0.0282 0.1933 0.9627
6 -1.3026 -2.5785 65.6610 0.0047 -0.9030 0.4296 0.2400 0.9520
NPCjames.jpg
6 -0.7070 -2.5999 61.7754 0.6949 -0.7188 0.0209 0.1388 0.9764
6 -1.1246 -3.3824 61.9198 0.5872 -0.6065 -0.5360 0.1483 0.9904
6 -1.3595 -2.8599 61.7489 -0.0106 -0.7723 -0.6352 0.1428 0.9952
NPCjames.jpg
6 -0.0918 0.4900 59.4826 0.2940 0.4114 -0.8627 0.0712 0.9262
6 0.5086 1.0700 60.0002 0.8195 -0.3019 -0.4871 0.0767 0.9120
6 -0.2129 -1.1231 59.3494 0.6259 -0.1056 -0.7727 0.0835 0.9472
NPCjames.jpg
6 -0.2129 -1.1231 59.3494 0.6259 -0.1056 -0.7727 0.0835 0.9472
6 -0.1776 0.0557 59.3422 0.4961 0.0492 -0.8669 0.0750 0.9349
6 -0.0918 0.4900 59.4826 0.2940 0.4114 -0.8627 0.0712 0.9262
NPCjames.jpg
6 -0.2724 -2.4894 63.6498 0.2834 -0.8586 -0.4272 0.1811 0.9496
6 -0.8476 -2.5605 63.5446 0.5808 -0.8067 -0.1091 0.1829 0.9636
6 -0.6699 -2.5098 63.2535 0.5994 -0.7987 -0.0531 0.1694 0.9647
NPCjames.jpg
6 -0.6699 -2.5098 63.2535 0.5994 -0.7987 -0.0531 0.1694 0.9647
6 -0.1862 -2.2017 63.1215 0.3482 -0.9044 -0.2467 0.1661 0.9540
6 -0.2724 -2.4894 63.6498 0.2834 -0.8586 -0.4272 0.1811 0.9496
NPCjames.jpg
6 -0.8476 -2.5605 63.5446 0.5808 -0.8067 -0.1091 0.1829 0.9636
6 -0.2724 -2.4894 63.6498 0.2834 -0.8586 -0.4272 0.1811 0.9496
6 -0.9337 -2.9879 64.1339 0.1023 -0.9944 -0.0282 0.1933 0.9627
NPCjames.jpg
6 0.4400 -1.4149 60.7547 0.8510 -0.4071 -0.3319 0.1094 0.9314
6 1.0488 0.5167 61.4072 0.9716 -0.1805 -0.1527 0.1130 0.9053
6 1.0190 -0.9687 62.4271 0.9636 -0.2427 -0.1120 0.1396 0.9208
NPCjames.jpg
6 1.0190 -0.9687 62.4271 0.9636 -0.2427 -0.1120 0.1396 0.9208
6 0.5952 -1.6177 61.6872 0.7763 -0.5957 -0.2061 0.1311 0.9328
6 0.4400 -1.4149 60.7547 0.8510 -0.4071 -0.3319 0.1094 0.9314
NPCjames.jpg
6 -0.2476 -1.7395 59.6946 0.8206 -0.4268 -0.3802 0.0914 0.9487
6 0.4400 -1.4149 60.7547 0.8510 -0.4071 -0.3319 0.1094 0.9314
6 -0.0908 -2.1519 60.9805 0.6846 -0.7264 -0.0603 0.1218 0.9592
NPCjames.jpg
6 -0.0908 -2.1519 60.9805 0.6846 -0.7264 -0.0603 0.1218 0.9592
6 -0.2925 -2.2433 60.5391 0.6835 -0.6821 -0.2599 0.1147 0.9671
6 -0.2476 -1.7395 59.6946 0.8206 -0.4268 -0.3802 0.0914 0.9487
NPCjames.jpg
6 -0.7635 -2.7364 60.8854 0.4714 -0.8595 -0.1975 0.1246 0.9762
6 -0.7000 -2.4726 60.5705 0.3770 -0.8361 -0.3986 0.1179 0.9757
6 -0.2925 -2.2433 60.5391 0.6835 -0.6821 -0.2599 0.1147 0.9671
NPCjames.jpg
6 -0.2925 -2.2433 60.5391 0.6835 -0.6821 -0.2599 0.1147 0.9671
6 -0.0908 -2.1519 60.9805 0.6846 -0.7264 -0.0603 0.1218 0.9592
6 -0.7635 -2.7364 60.8854 0.4714 -0.8595 -0.1975 0.1246 0.9762
NPCjames.jpg
6 -1.3763 -2.7443 60.5707 -0.0080 -0.8969 -0.4421 0.1191 0.9928
6 -0.7000 -2.4726 60.5705 0.3770 -0.8361 -0.3986 0.1179 0.9757
6 -0.7635 -2.7364 60.8854 0.4714 -0.8595 -0.1975 0.1246 0.9762
NPCjames.jpg
6 -0.7635 -2.7364 60.8854 0.4714 -0.8595 -0.1975 0.1246 0.9762
6 -1.3721 -2.9444 60.8879 -0.0049 -0.9759 -0.2182 0.1269 0.9922
6 -1.3763 -2.7443 60.5707 -0.0080 -0.8969 -0.4421 0.1191 0.9928
NPCjames.jpg
6 -3.8165 0.2786 64.4540 -0.9768 -0.1472 0.1556 0.1693 0.8826
6 -3.5304 -0.4722 65.0014 -0.9323 -0.2192 0.2877 0.1888 0.8910
6 -3.7532 1.0456 65.1503 -0.9603 -0.1271 0.2485 0.1862 0.8613
NPCjames.jpg
6 -2.3342 -1.3236 67.0624 -0.5836 -0.6047 0.5419 0.9930 0.8799
6 -2.9651 -0.0224 66.6249 -0.8904 -0.2281 0.3938 0.9808 0.8433
6 -2.8196 -2.1945 65.5741 -0.6195 -0.6444 0.4483 0.9696 0.8885
NPCjames.jpg
6 -3.3456 -1.9805 63.3771 -0.7584 -0.6256 -0.1829 0.1659 0.9339
6 -3.4956 -1.3398 63.4233 -0.9585 -0.2849 0.0056 0.1541 0.9226
6 -3.7106 -0.9601 62.4953 -0.9673 -0.2392 -0.0842 0.1396 0.9208
NPCjames.jpg
6 -3.7106 -0.9601 62.4953 -0.9673 -0.2392 -0.0842 0.1396 0.9208
6 -3.4136 -1.8055 62.5947 -0.7309 -0.6702 -0.1291 0.1509 0.9363
6 -3.3456 -1.9805 63.3771 -0.7584 -0.6256 -0.1829 0.1659 0.9339
NPCjames.jpg
6 -1.6079 -2.9146 63.5040 -0.4652 -0.8772 0.1189 0.1799 0.9706
6 -1.7168 -2.9865 64.1452 -0.1062 -0.9940 -0.0258 0.1933 0.9627
6 -1.8183 -2.5588 63.5587 -0.5866 -0.8046 -0.0923 0.1829 0.9636
NPCjames.jpg
6 -1.3595 -2.8599 61.7489 -0.0106 -0.7723 -0.6352 0.1428 0.9952
6 -2.0100 -2.5975 61.7942 -0.6966 -0.7163 0.0410 0.1388 0.9764
6 -1.9798 -2.7342 60.9030 -0.4800 -0.8578 -0.1838 0.1246 0.9762
NPCjames.jpg
6 -1.9798 -2.7342 60.9030 -0.4800 -0.8578 -0.1838 0.1246 0.9762
6 -1.3721 -2.9444 60.8879 -0.0049 -0.9759 -0.2182 0.1269 0.9922
6 -1.3595 -2.8599 61.7489 -0.0106 -0.7723 -0.6352 0.1428 0.9952
NPCjames.jpg
6 -1.4058 -2.2683 58.4707 -0.0144 -0.2563 -0.9665 0.0779 0.9882
6 -1.3996 -2.6084 58.9437 -0.0078 -0.9035 -0.4285 0.0862 0.9935
6 -2.0839 -2.2880 59.3202 -0.7206 -0.6023 -0.3435 0.0899 0.9791
NPCjames.jpg
6 -2.0839 -2.2880 59.3202 -0.7206 -0.6023 -0.3435 0.0899 0.9791
6 -2.0171 -1.9739 58.9903 -0.6692 -0.0691 -0.7399 0.0831 0.9760
6 -1.4058 -2.2683 58.4707 -0.0144 -0.2563 -0.9665 0.0779 0.9882
NPCjames.jpg
6 -2.0075 -2.5404 62.1064 -0.8212 -0.5671 0.0632 0.1467 0.9749
6 -2.0100 -2.5975 61.7942 -0.6966 -0.7163 0.0410 0.1388 0.9764
6 -1.8922 -2.6959 61.9044 -0.8557 -0.4793 0.1950 0.1442 0.9796
NPCjames.jpg
6 -3.3456 -1.9805 63.3771 -0.7584 -0.6256 -0.1829 0.1659 0.9339
6 -2.4904 -2.1975 63.1548 -0.3584 -0.9031 -0.2364 0.1661 0.9540
6 -2.3900 -2.4856 63.6803 -0.2987 -0.8575 -0.4188 0.1811 0.9496
NPCjames.jpg
6 -2.3900 -2.4856 63.6803 -0.2987 -0.8575 -0.4188 0.1811 0.9496
6 -3.3233 -2.2213 63.7486 -0.7634 -0.6098 -0.2131 0.1745 0.9297
6 -3.3456 -1.9805 63.3771 -0.7584 -0.6256 -0.1829 0.1659 0.9339
NPCjames.jpg
6 -4.0234 1.1982 62.6091 -0.9821 -0.1765 -0.0657 0.1289 0.8810
6 -3.8371 1.1193 61.4152 -0.9905 -0.0792 -0.1120 0.1061 0.8950
6 -3.7644 0.5254 61.4767 -0.9763 -0.1770 -0.1246 0.1130 0.9053
NPCjames.jpg
6 -3.7644 0.5254 61.4767 -0.9763 -0.1770 -0.1246 0.1130 0.9053
6 -3.8472 -0.0068 63.1463 -0.9899 -0.1415 0.0080 0.1432 0.9003
6 -4.0234 1.1982 62.6091 -0.9821 -0.1765 -0.0657 0.1289 0.8810
NPCjames.jpg
6 -1.3470 -3.2685 62.6652 0.0038 -0.9244 0.3813 0.1711 0.9857
6 -1.5991 -3.1869 62.5925 -0.6429 -0.7293 0.2341 0.1662 0.9783
6 -1.5811 -3.4066 62.0613 -0.7077 -0.7046 0.0511 0.1532 0.9889
NPCjames.jpg
6 -1.5811 -3.4066 62.0613 -0.7077 -0.7046 0.0511 0.1532 0.9889
6 -1.3559 -3.5724 62.0892 -0.0015 -0.9998 0.0193 0.1577 0.9972
6 -1.3470 -3.2685 62.6652 0.0038 -0.9244 0.3813 0.1711 0.9857
NPCjames.jpg
6 -1.3586 -3.4623 61.8889 -0.0119 -0.6723 -0.7402 0.1499 0.9990
6 -1.3559 -3.5724 62.0892 -0.0015 -0.9998 0.0193 0.1577 0.9972
6 -1.5811 -3.4066 62.0613 -0.7077 -0.7046 0.0511 0.1532 0.9889
NPCjames.jpg
6 -1.5811 -3.4066 62.0613 -0.7077 -0.7046 0.0511 0.1532 0.9889
6 -1.5913 -3.3815 61.9265 -0.6046 -0.6044 -0.5188 0.1483 0.9904
6 -1.3586 -3.4623 61.8889 -0.0119 -0.6723 -0.7402 0.1499 0.9990
NPCjames.jpg
6 -3.5304 -0.4722 65.0014 -0.9323 -0.2192 0.2877 0.9435 0.8507
6 -2.8196 -2.1945 65.5741 -0.6195 -0.6444 0.4483 0.9696 0.8885
6 -2.9651 -0.0224 66.6249 -0.8904 -0.2281 0.3938 0.9808 0.8433
NPCjames.jpg
6 -1.8183 -2.5588 63.5587 -0.5866 -0.8046 -0.0923 0.1829 0.9636
6 -2.0042 -2.5074 63.2727 -0.6035 -0.7965 -0.0358 0.1694 0.9647
6 -1.6079 -2.9146 63.5040 -0.4652 -0.8772 0.1189 0.1799 0.9706
NPCjames.jpg
6 -2.3985 -2.1308 61.7191 -0.5939 -0.8007 0.0780 0.1366 0.9630
6 -3.4136 -1.8055 62.5947 -0.7309 -0.6702 -0.1291 0.1509 0.9363
6 -3.3108 -1.6107 61.7436 -0.7841 -0.5929 -0.1836 0.1311 0.9328
NPCjames.jpg
6 -1.3825 -2.6086 60.1257 -0.0024 -0.9991 -0.0417 0.1054 0.9933
6 -1.3763 -2.7443 60.5707 -0.0080 -0.8969 -0.4421 0.1191 0.9928
6 -2.0513 -2.4702 60.5900 -0.3913 -0.8347 -0.3875 0.1179 0.9757
NPCjames.jpg
6 -2.0513 -2.4702 60.5900 -0.3913 -0.8347 -0.3875 0.1179 0.9757
6 -2.1769 -2.3108 60.0938 -0.5960 -0.7895 -0.1464 0.1061 0.9749
6 -1.3825 -2.6086 60.1257 -0.0024 -0.9991 -0.0417 0.1054 0.9933
NPCjames.jpg
6 -1.5811 -3.4066 62.0613 -0.7077 -0.7046 0.0511 0.1532 0.9889
6 -2.0075 -2.5404 62.1064 -0.8212 -0.5671 0.0632 0.1467 0.9749
6 -1.8922 -2.6959 61.9044 -0.8557 -0.4793 0.1950 0.1442 0.9796
NPCjames.jpg
6 -1.8922 -2.6959 61.9044 -0.8557 -0.4793 0.1950 0.1442 0.9796
6 -1.5913 -3.3815 61.9265 -0.6046 -0.6044 -0.5188 0.1483 0.9904
6 -1.5811 -3.4066 62.0613 -0.7077 -0.7046 0.0511 0.1532 0.9889
NPCjames.jpg
6 -2.1864 0.2999 59.3777 -0.5274 -0.4365 -0.7289 0.0656 0.9404
4 -2.1120 0.4332 57.8777 -0.5750 -0.8181 -0.0063 0.0302 0.9444
4 -1.3238 -0.0591 57.8077 -0.0219 -0.9997 -0.0108 0.0254 0.9657
NPCjames.jpg
4 -1.3238 -0.0591 57.8077 -0.0219 -0.9997 -0.0108 0.0254 0.9657
6 -1.3938 -0.2060 59.0440 -0.0320 -0.5437 -0.8387 0.0590 0.9606
6 -2.1864 0.2999 59.3777 -0.5274 -0.4365 -0.7289 0.0656 0.9404
NPCjames.jpg
6 -3.2631 1.0768 60.0546 -0.8227 -0.2461 -0.5124 0.0767 0.9120
6 -3.6810 1.9016 60.5804 -0.9543 -0.1152 -0.2758 0.0827 0.8913
4 -3.5116 1.8303 58.8711 -0.8368 -0.5470 -0.0249 0.0426 0.9008
NPCjames.jpg
4 -3.5116 1.8303 58.8711 -0.8368 -0.5470 -0.0249 0.0426 0.9008
4 -2.1120 0.4332 57.8777 -0.5750 -0.8181 -0.0063 0.0302 0.9444
6 -3.2631 1.0768 60.0546 -0.8227 -0.2461 -0.5124 0.0767 0.9120
NPCjames.jpg
6 -2.0513 -2.4702 60.5900 -0.3913 -0.8347 -0.3875 0.1179 0.9757
6 -2.4588 -2.2393 60.5704 -0.6931 -0.6797 -0.2400 0.1147 0.9671
6 -2.1769 -2.3108 60.0938 -0.5960 -0.7895 -0.1464 0.1061 0.9749
NPCjames.jpg
6 -2.5686 -1.1189 59.3834 -0.6484 -0.1033 -0.7543 0.0835 0.9472
6 -2.5262 -1.7353 59.7275 -0.8327 -0.4238 -0.3564 0.0914 0.9487
6 -3.7573 0.8277 60.7231 -0.9624 -0.1586 -0.2206 0.0961 0.9072
NPCjames.jpg
6 -3.7573 0.8277 60.7231 -0.9624 -0.1586 -0.2206 0.0961 0.9072
6 -3.7243 1.0628 60.4885 -0.8893 -0.0108 -0.4573 0.0892 0.9057
6 -2.5686 -1.1189 59.3834 -0.6484 -0.1033 -0.7543 0.0835 0.9472
NPCjames.jpg
6 -2.5262 -1.7353 59.7275 -0.8327 -0.4238 -0.3564 0.0914 0.9487
6 -2.0839 -2.2880 59.3202 -0.7206 -0.6023 -0.3435 0.0899 0.9791
6 -2.0401 -2.4325 59.7661 -0.5857 -0.8103 -0.0200 0.0968 0.9805
NPCjames.jpg
6 -2.0401 -2.4325 59.7661 -0.5857 -0.8103 -0.0200 0.0968 0.9805
6 -2.1769 -2.3108 60.0938 -0.5960 -0.7895 -0.1464 0.1061 0.9749
6 -2.5262 -1.7353 59.7275 -0.8327 -0.4238 -0.3564 0.0914 0.9487
NPCjames.jpg
6 -1.3987 -1.5350 58.8661 -0.0130 0.3308 -0.9436 0.0687 0.9755
6 -1.4058 -2.2683 58.4707 -0.0144 -0.2563 -0.9665 0.0779 0.9882
6 -2.0171 -1.9739 58.9903 -0.6692 -0.0691 -0.7399 0.0831 0.9760
NPCjames.jpg
6 -2.0171 -1.9739 58.9903 -0.6692 -0.0691 -0.7399 0.0831 0.9760
6 -1.9328 -1.3148 59.2211 -0.3255 0.2116 -0.9216 0.0746 0.9655
6 -1.3987 -1.5350 58.8661 -0.0130 0.3308 -0.9436 0.0687 0.9755
NPCjames.jpg
6 -1.9328 -1.3148 59.2211 -0.3255 0.2116 -0.9216 0.0746 0.9655
6 -2.0171 -1.9739 58.9903 -0.6692 -0.0691 -0.7399 0.0831 0.9760
6 -2.5686 -1.1189 59.3834 -0.6484 -0.1033 -0.7543 0.0835 0.9472
NPCjames.jpg
6 -2.5686 -1.1189 59.3834 -0.6484 -0.1033 -0.7543 0.0835 0.9472
6 -2.1864 0.2999 59.3777 -0.5274 -0.4365 -0.7289 0.0656 0.9404
6 -1.9328 -1.3148 59.2211 -0.3255 0.2116 -0.9216 0.0746 0.9655
NPCjames.jpg
6 -3.8371 1.1193 61.4152 -0.9905 -0.0792 -0.1120 0.1061 0.8950
6 -3.7573 0.8277 60.7231 -0.9624 -0.1586 -0.2206 0.0961 0.9072
6 -3.7644 0.5254 61.4767 -0.9763 -0.1770 -0.1246 0.1130 0.9053
NPCjames.jpg
6 -3.3108 -1.6107 61.7436 -0.7841 -0.5929 -0.1836 0.1311 0.9328
6 -2.6473 -2.1473 61.0174 -0.6887 -0.7239 -0.0405 0.1218 0.9592
6 -2.3985 -2.1308 61.7191 -0.5939 -0.8007 0.0780 0.1366 0.9630
NPCjames.jpg
6 -2.4588 -2.2393 60.5704 -0.6931 -0.6797 -0.2400 0.1147 0.9671
6 -2.5262 -1.7353 59.7275 -0.8327 -0.4238 -0.3564 0.0914 0.9487
6 -2.1769 -2.3108 60.0938 -0.5960 -0.7895 -0.1464 0.1061 0.9749
NPCjames.jpg
6 -2.0171 -1.9739 58.9903 -0.6692 -0.0691 -0.7399 0.0831 0.9760
6 -2.0839 -2.2880 59.3202 -0.7206 -0.6023 -0.3435 0.0899 0.9791
6 -2.5262 -1.7353 59.7275 -0.8327 -0.4238 -0.3564 0.0914 0.9487
NPCjames.jpg
6 -2.5262 -1.7353 59.7275 -0.8327 -0.4238 -0.3564 0.0914 0.9487
6 -2.5686 -1.1189 59.3834 -0.6484 -0.1033 -0.7543 0.0835 0.9472
6 -2.0171 -1.9739 58.9903 -0.6692 -0.0691 -0.7399 0.0831 0.9760
NPCjames.jpg
6 -2.6473 -2.1473 61.0174 -0.6887 -0.7239 -0.0405 0.1218 0.9592
6 -3.3108 -1.6107 61.7436 -0.7841 -0.5929 -0.1836 0.1311 0.9328
6 -3.1818 -1.4084 60.8070 -0.8617 -0.4039 -0.3072 0.1094 0.9314
NPCjames.jpg
6 -3.8165 0.2786 64.4540 -0.9768 -0.1472 0.1556 0.1693 0.8826
6 -3.5825 -0.9037 64.1604 -0.9641 -0.2294 0.1338 0.1782 0.9047
6 -3.5304 -0.4722 65.0014 -0.9323 -0.2192 0.2877 0.1888 0.8910
NPCjames.jpg
6 -3.7661 -0.5693 63.3073 -0.9789 -0.1836 0.0897 0.1501 0.9168
6 -3.4956 -1.3398 63.4233 -0.9585 -0.2849 0.0056 0.1541 0.9226
6 -3.4825 -1.4625 63.6972 -0.9681 -0.2493 0.0267 0.1693 0.9191
NPCjames.jpg
6 -3.4825 -1.4625 63.6972 -0.9681 -0.2493 0.0267 0.1693 0.9191
6 -3.5825 -0.9037 64.1604 -0.9641 -0.2294 0.1338 0.1782 0.9047
6 -3.7661 -0.5693 63.3073 -0.9789 -0.1836 0.0897 0.1501 0.9168
NPCjames.jpg
6 -3.8472 -0.0068 63.1463 -0.9899 -0.1415 0.0080 0.1432 0.9003
6 -3.7106 -0.9601 62.4953 -0.9673 -0.2392 -0.0842 0.1396 0.9208
6 -3.7661 -0.5693 63.3073 -0.9789 -0.1836 0.0897 0.1501 0.9168
NPCjames.jpg
6 -3.8472 -0.0068 63.1463 -0.9899 -0.1415 0.0080 0.1432 0.9003
6 -3.7661 -0.5693 63.3073 -0.9789 -0.1836 0.0897 0.1501 0.9168
6 -3.5825 -0.9037 64.1604 -0.9641 -0.2294 0.1338 0.1782 0.9047
NPCjames.jpg
6 -3.5825 -0.9037 64.1604 -0.9641 -0.2294 0.1338 0.1782 0.9047
6 -3.8165 0.2786 64.4540 -0.9768 -0.1472 0.1556 0.1693 0.8826
6 -3.8472 -0.0068 63.1463 -0.9899 -0.1415 0.0080 0.1432 0.9003
NPCjames.jpg
6 -3.3456 -1.9805 63.3771 -0.7584 -0.6256 -0.1829 0.1659 0.9339
6 -3.4136 -1.8055 62.5947 -0.7309 -0.6702 -0.1291 0.1509 0.9363
6 -2.1700 -2.2438 62.5837 -0.6271 -0.7781 -0.0372 0.1565 0.9648
NPCjames.jpg
6 -2.1700 -2.2438 62.5837 -0.6271 -0.7781 -0.0372 0.1565 0.9648
6 -2.4904 -2.1975 63.1548 -0.3584 -0.9031 -0.2364 0.1661 0.9540
6 -3.3456 -1.9805 63.3771 -0.7584 -0.6256 -0.1829 0.1659 0.9339
NPCjames.jpg
6 -3.8472 -0.0068 63.1463 -0.9899 -0.1415 0.0080 0.1432 0.9003
6 -3.7644 0.5254 61.4767 -0.9763 -0.1770 -0.1246 0.1130 0.9053
6 -3.7106 -0.9601 62.4953 -0.9673 -0.2392 -0.0842 0.1396 0.9208
NPCjames.jpg
6 -3.1818 -1.4084 60.8070 -0.8617 -0.4039 -0.3072 0.1094 0.9314
6 -3.7644 0.5254 61.4767 -0.9763 -0.1770 -0.1246 0.1130 0.9053
6 -3.7573 0.8277 60.7231 -0.9624 -0.1586 -0.2206 0.0961 0.9072
NPCjames.jpg
6 -3.7573 0.8277 60.7231 -0.9624 -0.1586 -0.2206 0.0961 0.9072
6 -2.5262 -1.7353 59.7275 -0.8327 -0.4238 -0.3564 0.0914 0.9487
6 -3.1818 -1.4084 60.8070 -0.8617 -0.4039 -0.3072 0.1094 0.9314
NPCjames.jpg
6 -1.3938 -0.2060 59.0440 -0.0320 -0.5437 -0.8387 0.0590 0.9606
6 -1.3987 -1.5350 58.8661 -0.0130 0.3308 -0.9436 0.0687 0.9755
6 -1.9328 -1.3148 59.2211 -0.3255 0.2116 -0.9216 0.0746 0.9655
NPCjames.jpg
6 -1.9328 -1.3148 59.2211 -0.3255 0.2116 -0.9216 0.0746 0.9655
6 -2.1864 0.2999 59.3777 -0.5274 -0.4365 -0.7289 0.0656 0.9404
6 -1.3938 -0.2060 59.0440 -0.0320 -0.5437 -0.8387 0.0590 0.9606
NPCjames.jpg
6 -2.1864 0.2999 59.3777 -0.5274 -0.4365 -0.7289 0.0656 0.9404
6 -2.5999 0.0601 59.3771 -0.5207 0.0510 -0.8522 0.0750 0.9349
6 -2.6800 0.4947 59.5199 -0.3172 0.4126 -0.8539 0.0712 0.9262
NPCjames.jpg
6 -2.0075 -2.5404 62.1064 -0.8212 -0.5671 0.0632 0.1467 0.9749
6 -2.3985 -2.1308 61.7191 -0.5939 -0.8007 0.0780 0.1366 0.9630
6 -2.0100 -2.5975 61.7942 -0.6966 -0.7163 0.0410 0.1388 0.9764
NPCjames.jpg
6 -1.5991 -3.1869 62.5925 -0.6429 -0.7293 0.2341 0.1662 0.9783
6 -1.6079 -2.9146 63.5040 -0.4652 -0.8772 0.1189 0.1799 0.9706
6 -2.0042 -2.5074 63.2727 -0.6035 -0.7965 -0.0358 0.1694 0.9647
NPCjames.jpg
6 -2.0042 -2.5074 63.2727 -0.6035 -0.7965 -0.0358 0.1694 0.9647
6 -2.4904 -2.1975 63.1548 -0.3584 -0.9031 -0.2364 0.1661 0.9540
6 -2.1700 -2.2438 62.5837 -0.6271 -0.7781 -0.0372 0.1565 0.9648
NPCjames.jpg
6 -3.2631 1.0768 60.0546 -0.8227 -0.2461 -0.5124 0.0767 0.9120
4 -2.1120 0.4332 57.8777 -0.5750 -0.8181 -0.0063 0.0302 0.9444
6 -2.1864 0.2999 59.3777 -0.5274 -0.4365 -0.7289 0.0656 0.9404
NPCjames.jpg
6 -2.1864 0.2999 59.3777 -0.5274 -0.4365 -0.7289 0.0656 0.9404
6 -2.6800 0.4947 59.5199 -0.3172 0.4126 -0.8539 0.0712 0.9262
6 -3.2631 1.0768 60.0546 -0.8227 -0.2461 -0.5124 0.0767 0.9120
NPCjames.jpg
6 -2.5686 -1.1189 59.3834 -0.6484 -0.1033 -0.7543 0.0835 0.9472
6 -3.7243 1.0628 60.4885 -0.8893 -0.0108 -0.4573 0.0892 0.9057
6 -3.2631 1.0768 60.0546 -0.8227 -0.2461 -0.5124 0.0767 0.9120
NPCjames.jpg
6 -2.1700 -2.2438 62.5837 -0.6271 -0.7781 -0.0372 0.1565 0.9648
6 -3.4136 -1.8055 62.5947 -0.7309 -0.6702 -0.1291 0.1509 0.9363
6 -2.3985 -2.1308 61.7191 -0.5939 -0.8007 0.0780 0.1366 0.9630
NPCjames.jpg
6 -3.4956 -1.3398 63.4233 -0.9585 -0.2849 0.0056 0.1541 0.9226
6 -3.7661 -0.5693 63.3073 -0.9789 -0.1836 0.0897 0.1501 0.9168
6 -3.7106 -0.9601 62.4953 -0.9673 -0.2392 -0.0842 0.1396 0.9208
NPCjames.jpg
6 -3.7243 1.0628 60.4885 -0.8893 -0.0108 -0.4573 0.0892 0.9057
6 -3.6810 1.9016 60.5804 -0.9543 -0.1152 -0.2758 0.0827 0.8913
6 -3.2631 1.0768 60.0546 -0.8227 -0.2461 -0.5124 0.0767 0.9120
NPCjames.jpg
6 -1.3252 -2.8851 64.1287 -0.0006 -0.9966 0.0819 0.1973 0.9732
6 -1.7168 -2.9865 64.1452 -0.1062 -0.9940 -0.0258 0.1933 0.9627
6 -1.6079 -2.9146 63.5040 -0.4652 -0.8772 0.1189 0.1799 0.9706
NPCjames.jpg
6 -1.6079 -2.9146 63.5040 -0.4652 -0.8772 0.1189 0.1799 0.9706
6 -1.3339 -2.9203 63.5343 0.0007 -0.9851 0.1718 0.1839 0.9778
6 -1.3252 -2.8851 64.1287 -0.0006 -0.9966 0.0819 0.1973 0.9732
NPCjames.jpg
6 -3.9135 0.7376 63.8748 -0.9879 -0.1235 0.0939 0.1554 0.8802
6 -3.8165 0.2786 64.4540 -0.9768 -0.1472 0.1556 0.1693 0.8826
6 -3.7532 1.0456 65.1503 -0.9603 -0.1271 0.2485 0.1862 0.8613
NPCjames.jpg
6 -3.7532 1.0456 65.1503 -0.9603 -0.1271 0.2485 0.1862 0.8613
6 -3.9565 1.5609 64.1307 -0.9819 -0.1011 0.1603 0.1558 0.8614
6 -3.9135 0.7376 63.8748 -0.9879 -0.1235 0.0939 0.1554 0.8802
NPCjames.jpg
4 -2.1120 0.4332 57.8777 -0.5750 -0.8181 -0.0063 0.0302 0.9444
4 -3.5116 1.8303 58.8711 -0.8368 -0.5470 -0.0249 0.0426 0.9008
4 -3.3052 1.1159 57.1150 -0.6479 -0.7488 0.1399 0.0107 0.9189
NPCjames.jpg
4 -3.3052 1.1159 57.1150 -0.6479 -0.7488 0.1399 0.0107 0.9189
4 -2.0226 0.3306 56.4124 -0.5419 -0.8394 0.0420 0.0061 0.9481
4 -2.1120 0.4332 57.8777 -0.5750 -0.8181 -0.0063 0.0302 0.9444
NPCjames.jpg
4 -3.3052 1.1159 57.1150 -0.6479 -0.7488 0.1399 0.0107 0.9189
4 -3.5116 1.8303 58.8711 -0.8368 -0.5470 -0.0249 0.0426 0.9008
4 -3.9971 2.8961 58.4792 -0.9161 -0.3974 0.0540 0.0145 0.9039
NPCjames.jpg
6 -2.0042 -2.5074 63.2727 -0.6035 -0.7965 -0.0358 0.1694 0.9647
6 -2.1700 -2.2438 62.5837 -0.6271 -0.7781 -0.0372 0.1565 0.9648
6 -2.0075 -2.5404 62.1064 -0.8212 -0.5671 0.0632 0.1467 0.9749
NPCjames.jpg
6 -3.1236 -2.6086 64.3823 -0.6415 -0.7645 0.0636 0.1851 0.9339
6 -3.5825 -0.9037 64.1604 -0.9641 -0.2294 0.1338 0.1782 0.9047
6 -3.4825 -1.4625 63.6972 -0.9681 -0.2493 0.0267 0.1693 0.9191
NPCjames.jpg
6 -3.4825 -1.4625 63.6972 -0.9681 -0.2493 0.0267 0.1693 0.9191
6 -3.3233 -2.2213 63.7486 -0.7634 -0.6098 -0.2131 0.1745 0.9297
6 -3.1236 -2.6086 64.3823 -0.6415 -0.7645 0.0636 0.1851 0.9339
NPCjames.jpg
6 -3.1236 -2.6086 64.3823 -0.6415 -0.7645 0.0636 0.1851 0.9339
6 -3.3233 -2.2213 63.7486 -0.7634 -0.6098 -0.2131 0.1745 0.9297
6 -2.3900 -2.4856 63.6803 -0.2987 -0.8575 -0.4188 0.1811 0.9496
NPCjames.jpg
6 -2.3900 -2.4856 63.6803 -0.2987 -0.8575 -0.4188 0.1811 0.9496
6 -1.7168 -2.9865 64.1452 -0.1062 -0.9940 -0.0258 0.1933 0.9627
6 -3.1236 -2.6086 64.3823 -0.6415 -0.7645 0.0636 0.1851 0.9339
NPCjames.jpg
6 -3.1236 -2.6086 64.3823 -0.6415 -0.7645 0.0636 0.9468 0.8869
6 -2.8196 -2.1945 65.5741 -0.6195 -0.6444 0.4483 0.9696 0.8885
6 -3.5304 -0.4722 65.0014 -0.9323 -0.2192 0.2877 0.9435 0.8507
NPCjames.jpg
6 -3.5304 -0.4722 65.0014 -0.9323 -0.2192 0.2877 0.9435 0.8507
6 -3.5825 -0.9037 64.1604 -0.9641 -0.2294 0.1338 0.9455 0.8607
6 -3.1236 -2.6086 64.3823 -0.6415 -0.7645 0.0636 0.9468 0.8869
NPCjames.jpg
6 -3.9135 0.7376 63.8748 -0.9879 -0.1235 0.0939 0.1554 0.8802
6 -3.9565 1.5609 64.1307 -0.9819 -0.1011 0.1603 0.1558 0.8614
6 -4.0339 1.1723 63.4945 -0.9739 -0.2193 0.0579 0.1436 0.8750
NPCjames.jpg
6 -3.9135 0.7376 63.8748 -0.9879 -0.1235 0.0939 0.1554 0.8802
6 -4.0339 1.1723 63.4945 -0.9739 -0.2193 0.0579 0.1436 0.8750
6 -4.0234 1.1982 62.6091 -0.9821 -0.1765 -0.0657 0.1289 0.8810
NPCjames.jpg
6 -4.0234 1.1982 62.6091 -0.9821 -0.1765 -0.0657 0.1289 0.8810
6 -3.8472 -0.0068 63.1463 -0.9899 -0.1415 0.0080 0.1432 0.9003
6 -3.9135 0.7376 63.8748 -0.9879 -0.1235 0.0939 0.1554 0.8802
NPCjames.jpg
6 -2.3985 -2.1308 61.7191 -0.5939 -0.8007 0.0780 0.1366 0.9630
6 -2.0075 -2.5404 62.1064 -0.8212 -0.5671 0.0632 0.1467 0.9749
6 -2.1700 -2.2438 62.5837 -0.6271 -0.7781 -0.0372 0.1565 0.9648
NPCjames.jpg
6 -3.7573 0.8277 60.7231 -0.9624 -0.1586 -0.2206 0.0961 0.9072
6 -3.8371 1.1193 61.4152 -0.9905 -0.0792 -0.1120 0.1061 0.8950
6 -3.7243 1.0628 60.4885 -0.8893 -0.0108 -0.4573 0.0892 0.9057
NPCjames.jpg
6 -3.5304 -0.4722 65.0014 -0.9323 -0.2192 0.2877 0.1888 0.8910
6 -2.9651 -0.0224 66.6249 -0.8904 -0.2281 0.3938 0.2291 0.8750
6 -3.7532 1.0456 65.1503 -0.9603 -0.1271 0.2485 0.1862 0.8613
NPCjames.jpg
6 -3.8472 -0.0068 63.1463 -0.9899 -0.1415 0.0080 0.1432 0.9003
6 -3.8165 0.2786 64.4540 -0.9768 -0.1472 0.1556 0.1693 0.8826
6 -3.9135 0.7376 63.8748 -0.9879 -0.1235 0.0939 0.1554 0.8802
NPCjames.jpg
6 -2.1864 0.2999 59.3777 -0.5274 -0.4365 -0.7289 0.0656 0.9404
6 -2.5686 -1.1189 59.3834 -0.6484 -0.1033 -0.7543 0.0835 0.9472
6 -2.5999 0.0601 59.3771 -0.5207 0.0510 -0.8522 0.0750 0.9349
NPCjames.jpg
6 -1.5991 -3.1869 62.5925 -0.6429 -0.7293 0.2341 0.1662 0.9783
6 -2.0075 -2.5404 62.1064 -0.8212 -0.5671 0.0632 0.1467 0.9749
6 -1.5811 -3.4066 62.0613 -0.7077 -0.7046 0.0511 0.1532 0.9889
NPCjames.jpg
6 -1.7168 -2.9865 64.1452 -0.1062 -0.9940 -0.0258 0.9379 0.9114
6 -1.3026 -2.5785 65.6610 0.0047 -0.9030 0.4296 0.9772 0.9126
6 -2.8196 -2.1945 65.5741 -0.6195 -0.6444 0.4483 0.9696 0.8885
NPCjames.jpg
6 -2.8196 -2.1945 65.5741 -0.6195 -0.6444 0.4483 0.9696 0.8885
6 -3.1236 -2.6086 64.3823 -0.6415 -0.7645 0.0636 0.9468 0.8869
6 -1.7168 -2.9865 64.1452 -0.1062 -0.9940 -0.0258 0.9379 0.9114
NPCjames.jpg
6 -2.3985 -2.1308 61.7191 -0.5939 -0.8007 0.0780 0.1366 0.9630
6 -2.6473 -2.1473 61.0174 -0.6887 -0.7239 -0.0405 0.1218 0.9592
6 -1.9798 -2.7342 60.9030 -0.4800 -0.8578 -0.1838 0.1246 0.9762
NPCjames.jpg
6 -1.9798 -2.7342 60.9030 -0.4800 -0.8578 -0.1838 0.1246 0.9762
6 -2.0100 -2.5975 61.7942 -0.6966 -0.7163 0.0410 0.1388 0.9764
6 -2.3985 -2.1308 61.7191 -0.5939 -0.8007 0.0780 0.1366 0.9630
NPCjames.jpg
6 -3.4825 -1.4625 63.6972 -0.9681 -0.2493 0.0267 0.1693 0.9191
6 -3.4956 -1.3398 63.4233 -0.9585 -0.2849 0.0056 0.1541 0.9226
6 -3.3456 -1.9805 63.3771 -0.7584 -0.6256 -0.1829 0.1659 0.9339
NPCjames.jpg
6 -3.3456 -1.9805 63.3771 -0.7584 -0.6256 -0.1829 0.1659 0.9339
6 -3.3233 -2.2213 63.7486 -0.7634 -0.6098 -0.2131 0.1745 0.9297
6 -3.4825 -1.4625 63.6972 -0.9681 -0.2493 0.0267 0.1693 0.9191
NPCjames.jpg
6 -3.3108 -1.6107 61.7436 -0.7841 -0.5929 -0.1836 0.1311 0.9328
6 -3.4136 -1.8055 62.5947 -0.7309 -0.6702 -0.1291 0.1509 0.9363
6 -3.7106 -0.9601 62.4953 -0.9673 -0.2392 -0.0842 0.1396 0.9208
NPCjames.jpg
6 -2.0042 -2.5074 63.2727 -0.6035 -0.7965 -0.0358 0.1694 0.9647
6 -2.0075 -2.5404 62.1064 -0.8212 -0.5671 0.0632 0.1467 0.9749
6 -1.5991 -3.1869 62.5925 -0.6429 -0.7293 0.2341 0.1662 0.9783
NPCjames.jpg
6 -3.8371 1.1193 61.4152 -0.9905 -0.0792 -0.1120 0.1061 0.8950
6 -3.6810 1.9016 60.5804 -0.9543 -0.1152 -0.2758 0.0827 0.8913
6 -3.7243 1.0628 60.4885 -0.8893 -0.0108 -0.4573 0.0892 0.9057
NPCjames.jpg
6 -2.0100 -2.5975 61.7942 -0.6966 -0.7163 0.0410 0.1388 0.9764
6 -1.5913 -3.3815 61.9265 -0.6046 -0.6044 -0.5188 0.1483 0.9904
6 -1.8922 -2.6959 61.9044 -0.8557 -0.4793 0.1950 0.1442 0.9796
NPCjames.jpg
6 -1.5991 -3.1869 62.5925 -0.6429 -0.7293 0.2341 0.1662 0.9783
6 -1.3470 -3.2685 62.6652 0.0038 -0.9244 0.3813 0.1711 0.9857
6 -1.3339 -2.9203 63.5343 0.0007 -0.9851 0.1718 0.1839 0.9778
NPCjames.jpg
6 -1.3339 -2.9203 63.5343 0.0007 -0.9851 0.1718 0.1839 0.9778
6 -1.6079 -2.9146 63.5040 -0.4652 -0.8772 0.1189 0.1799 0.9706
6 -1.5991 -3.1869 62.5925 -0.6429 -0.7293 0.2341 0.1662 0.9783
NPCjames.jpg
6 -1.3825 -2.6086 60.1257 -0.0024 -0.9991 -0.0417 0.1054 0.9933
6 -2.1769 -2.3108 60.0938 -0.5960 -0.7895 -0.1464 0.1061 0.9749
6 -2.0401 -2.4325 59.7661 -0.5857 -0.8103 -0.0200 0.0968 0.9805
NPCjames.jpg
6 -2.0401 -2.4325 59.7661 -0.5857 -0.8103 -0.0200 0.0968 0.9805
6 -1.3903 -2.7198 59.5991 -0.0019 -1.0000 -0.0052 0.0954 0.9947
6 -1.3825 -2.6086 60.1257 -0.0024 -0.9991 -0.0417 0.1054 0.9933
NPCjames.jpg
6 -2.0401 -2.4325 59.7661 -0.5857 -0.8103 -0.0200 0.0968 0.9805
6 -2.0839 -2.2880 59.3202 -0.7206 -0.6023 -0.3435 0.0899 0.9791
6 -1.3996 -2.6084 58.9437 -0.0078 -0.9035 -0.4285 0.0862 0.9935
NPCjames.jpg
6 -1.3996 -2.6084 58.9437 -0.0078 -0.9035 -0.4285 0.0862 0.9935
6 -1.3903 -2.7198 59.5991 -0.0019 -1.0000 -0.0052 0.0954 0.9947
6 -2.0401 -2.4325 59.7661 -0.5857 -0.8103 -0.0200 0.0968 0.9805
NPCjames.jpg
6 -1.3595 -2.8599 61.7489 -0.0106 -0.7723 -0.6352 0.1428 0.9952
6 -1.3586 -3.4623 61.8889 -0.0119 -0.6723 -0.7402 0.1499 0.9990
6 -1.5913 -3.3815 61.9265 -0.6046 -0.6044 -0.5188 0.1483 0.9904
NPCjames.jpg
6 -2.3342 -1.3236 67.0624 -0.5836 -0.6047 0.5419 0.9930 0.8799
6 -2.8196 -2.1945 65.5741 -0.6195 -0.6444 0.4483 0.9696 0.8885
6 -1.3026 -2.5785 65.6610 0.0047 -0.9030 0.4296 0.9772 0.9126
NPCjames.jpg
6 -1.3026 -2.5785 65.6610 0.0047 -0.9030 0.4296 0.9772 0.9126
6 -1.2788 -1.5605 67.1806 -0.0024 -0.8308 0.5565 1.0011 0.8932
6 -2.3342 -1.3236 67.0624 -0.5836 -0.6047 0.5419 0.9930 0.8799
NPCjames.jpg
4 -1.3238 -0.0591 57.8077 -0.0219 -0.9997 -0.0108 0.0254 0.9657
4 -2.1120 0.4332 57.8777 -0.5750 -0.8181 -0.0063 0.0302 0.9444
4 -2.0226 0.3306 56.4124 -0.5419 -0.8394 0.0420 0.0061 0.9481
NPCjames.jpg
4 -2.0226 0.3306 56.4124 -0.5419 -0.8394 0.0420 0.0061 0.9481
4 -1.2915 -0.1940 56.3230 -0.0308 -0.9955 0.0898 0.0027 0.9661
4 -1.3238 -0.0591 57.8077 -0.0219 -0.9997 -0.0108 0.0254 0.9657
NPCjames.jpg
6 -1.3252 -2.8851 64.1287 -0.0006 -0.9966 0.0819 0.9356 0.9227
6 -1.3026 -2.5785 65.6610 0.0047 -0.9030 0.4296 0.9772 0.9126
6 -1.7168 -2.9865 64.1452 -0.1062 -0.9940 -0.0258 0.9379 0.9114
NPCjames.jpg
6 -2.0100 -2.5975 61.7942 -0.6966 -0.7163 0.0410 0.1388 0.9764
6 -1.3595 -2.8599 61.7489 -0.0106 -0.7723 -0.6352 0.1428 0.9952
6 -1.5913 -3.3815 61.9265 -0.6046 -0.6044 -0.5188 0.1483 0.9904
NPCjames.jpg
6 -2.6800 0.4947 59.5199 -0.3172 0.4126 -0.8539 0.0712 0.9262
6 -2.5999 0.0601 59.3771 -0.5207 0.0510 -0.8522 0.0750 0.9349
6 -2.5686 -1.1189 59.3834 -0.6484 -0.1033 -0.7543 0.0835 0.9472
NPCjames.jpg
6 -2.5686 -1.1189 59.3834 -0.6484 -0.1033 -0.7543 0.0835 0.9472
6 -3.2631 1.0768 60.0546 -0.8227 -0.2461 -0.5124 0.0767 0.9120
6 -2.6800 0.4947 59.5199 -0.3172 0.4126 -0.8539 0.0712 0.9262
NPCjames.jpg
6 -2.3900 -2.4856 63.6803 -0.2987 -0.8575 -0.4188 0.1811 0.9496
6 -2.4904 -2.1975 63.1548 -0.3584 -0.9031 -0.2364 0.1661 0.9540
6 -2.0042 -2.5074 63.2727 -0.6035 -0.7965 -0.0358 0.1694 0.9647
NPCjames.jpg
6 -2.0042 -2.5074 63.2727 -0.6035 -0.7965 -0.0358 0.1694 0.9647
6 -1.8183 -2.5588 63.5587 -0.5866 -0.8046 -0.0923 0.1829 0.9636
6 -2.3900 -2.4856 63.6803 -0.2987 -0.8575 -0.4188 0.1811 0.9496
NPCjames.jpg
6 -1.8183 -2.5588 63.5587 -0.5866 -0.8046 -0.0923 0.1829 0.9636
6 -1.7168 -2.9865 64.1452 -0.1062 -0.9940 -0.0258 0.1933 0.9627
6 -2.3900 -2.4856 63.6803 -0.2987 -0.8575 -0.4188 0.1811 0.9496
NPCjames.jpg
6 -3.1818 -1.4084 60.8070 -0.8617 -0.4039 -0.3072 0.1094 0.9314
6 -3.3108 -1.6107 61.7436 -0.7841 -0.5929 -0.1836 0.1311 0.9328
6 -3.7106 -0.9601 62.4953 -0.9673 -0.2392 -0.0842 0.1396 0.9208
NPCjames.jpg
6 -3.7106 -0.9601 62.4953 -0.9673 -0.2392 -0.0842 0.1396 0.9208
6 -3.7644 0.5254 61.4767 -0.9763 -0.1770 -0.1246 0.1130 0.9053
6 -3.1818 -1.4084 60.8070 -0.8617 -0.4039 -0.3072 0.1094 0.9314
NPCjames.jpg
6 -2.5262 -1.7353 59.7275 -0.8327 -0.4238 -0.3564 0.0914 0.9487
6 -2.4588 -2.2393 60.5704 -0.6931 -0.6797 -0.2400 0.1147 0.9671
6 -2.6473 -2.1473 61.0174 -0.6887 -0.7239 -0.0405 0.1218 0.9592
NPCjames.jpg
6 -2.6473 -2.1473 61.0174 -0.6887 -0.7239 -0.0405 0.1218 0.9592
6 -3.1818 -1.4084 60.8070 -0.8617 -0.4039 -0.3072 0.1094 0.9314
6 -2.5262 -1.7353 59.7275 -0.8327 -0.4238 -0.3564 0.0914 0.9487
NPCjames.jpg
6 -1.9798 -2.7342 60.9030 -0.4800 -0.8578 -0.1838 0.1246 0.9762
6 -2.6473 -2.1473 61.0174 -0.6887 -0.7239 -0.0405 0.1218 0.9592
6 -2.4588 -2.2393 60.5704 -0.6931 -0.6797 -0.2400 0.1147 0.9671
NPCjames.jpg
6 -2.4588 -2.2393 60.5704 -0.6931 -0.6797 -0.2400 0.1147 0.9671
6 -2.0513 -2.4702 60.5900 -0.3913 -0.8347 -0.3875 0.1179 0.9757
6 -1.9798 -2.7342 60.9030 -0.4800 -0.8578 -0.1838 0.1246 0.9762
NPCjames.jpg
6 -1.3763 -2.7443 60.5707 -0.0080 -0.8969 -0.4421 0.1191 0.9928
6 -1.3721 -2.9444 60.8879 -0.0049 -0.9759 -0.2182 0.1269 0.9922
6 -1.9798 -2.7342 60.9030 -0.4800 -0.8578 -0.1838 0.1246 0.9762
NPCjames.jpg
6 -1.9798 -2.7342 60.9030 -0.4800 -0.8578 -0.1838 0.1246 0.9762
6 -2.0513 -2.4702 60.5900 -0.3913 -0.8347 -0.3875 0.1179 0.9757
6 -1.3763 -2.7443 60.5707 -0.0080 -0.8969 -0.4421 0.1191 0.9928
NPCjames.jpg
41 3.6309 -3.8724 19.5440 -0.6729 -0.6134 -0.4135 0.9853 0.4492
41 3.7426 -5.4052 20.9101 -0.3426 -0.9089 -0.2377 0.9739 0.4792
41 3.1202 -7.0734 28.1872 0.0538 -0.9554 -0.2903 0.9058 0.5137
NPCjames.jpg
41 3.1202 -7.0734 28.1872 0.0538 -0.9554 -0.2903 0.9058 0.5137
41 1.5505 -4.6455 23.2700 -0.4546 -0.7960 -0.3996 0.9352 0.4622
41 3.6309 -3.8724 19.5440 -0.6729 -0.6134 -0.4135 0.9853 0.4492
NPCjames.jpg
41 2.1450 -1.6293 18.6449 -0.6781 -0.5727 -0.4607 0.9870 0.4105
41 3.6309 -3.8724 19.5440 -0.6729 -0.6134 -0.4135 0.9853 0.4492
41 1.5505 -4.6455 23.2700 -0.4546 -0.7960 -0.3996 0.9352 0.4622
NPCjames.jpg
41 1.5505 -4.6455 23.2700 -0.4546 -0.7960 -0.3996 0.9352 0.4622
41 0.0782 -1.6432 22.1548 -0.7343 -0.5215 -0.4345 0.9353 0.4154
41 2.1450 -1.6293 18.6449 -0.6781 -0.5727 -0.4607 0.9870 0.4105
NPCjames.jpg
41 1.6922 -4.3120 22.8362 -0.7567 -0.6022 -0.2544 0.3405 0.4822
41 3.4167 -5.6914 25.6054 0.0897 -0.9641 -0.2501 0.3309 0.5355
41 2.6961 -7.2562 31.3784 0.0168 -0.9706 -0.2401 0.4052 0.6072
NPCjames.jpg
41 2.6961 -7.2562 31.3784 0.0168 -0.9706 -0.2401 0.4052 0.6072
41 0.9068 -4.9115 26.8001 -0.6092 -0.7541 -0.2453 0.3847 0.5065
41 1.6922 -4.3120 22.8362 -0.7567 -0.6022 -0.2544 0.3405 0.4822
NPCjames.jpg
41 0.7143 -1.7740 21.3301 -0.8119 -0.5182 -0.2687 0.3409 0.4167
41 1.6922 -4.3120 22.8362 -0.7567 -0.6022 -0.2544 0.3405 0.4822
41 0.9068 -4.9115 26.8001 -0.6092 -0.7541 -0.2453 0.3847 0.5065
NPCjames.jpg
41 0.9068 -4.9115 26.8001 -0.6092 -0.7541 -0.2453 0.3847 0.5065
41 -0.6453 -1.8809 25.0902 -0.7725 -0.5622 -0.2953 0.4088 0.4358
41 0.7143 -1.7740 21.3301 -0.8119 -0.5182 -0.2687 0.3409 0.4167
NPCjames.jpg
41 5.0585 -3.8607 19.7237 0.8681 -0.4781 -0.1333 0.9853 0.4492
41 5.3596 -4.6152 23.8106 0.6733 -0.7116 -0.2009 0.9352 0.4622
41 3.1202 -7.0734 28.1872 0.0538 -0.9554 -0.2903 0.9058 0.5137
NPCjames.jpg
41 3.1202 -7.0734 28.1872 0.0538 -0.9554 -0.2903 0.9058 0.5137
41 3.7426 -5.4052 20.9101 -0.3426 -0.9089 -0.2377 0.9739 0.4792
41 5.0585 -3.8607 19.7237 0.8681 -0.4781 -0.1333 0.9853 0.4492
NPCjames.jpg
41 5.7806 -1.6013 19.2300 0.9012 -0.3955 -0.1773 0.9870 0.4105
41 6.9299 -1.5929 23.4287 0.8509 -0.4714 -0.2320 0.9353 0.4154
41 5.3596 -4.6152 23.8106 0.6733 -0.7116 -0.2009 0.9352 0.4622
NPCjames.jpg
41 5.3596 -4.6152 23.8106 0.6733 -0.7116 -0.2009 0.9352 0.4622
41 5.0585 -3.8607 19.7237 0.8681 -0.4781 -0.1333 0.9853 0.4492
41 5.7806 -1.6013 19.2300 0.9012 -0.3955 -0.1773 0.9870 0.4105
NPCjames.jpg
41 5.3038 -4.2824 23.2905 0.7782 -0.6079 -0.1580 0.3405 0.4822
41 5.6139 -4.8693 27.1258 0.6089 -0.7750 -0.1692 0.3847 0.5065
41 2.6961 -7.2562 31.3784 0.0168 -0.9706 -0.2401 0.4052 0.6072
NPCjames.jpg
41 2.6961 -7.2562 31.3784 0.0168 -0.9706 -0.2401 0.4052 0.6072
41 3.4167 -5.6914 25.6054 0.0897 -0.9641 -0.2501 0.3309 0.5355
41 5.3038 -4.2824 23.2905 0.7782 -0.6079 -0.1580 0.3405 0.4822
NPCjames.jpg
41 6.5136 -1.7265 22.0597 0.8621 -0.4848 -0.1476 0.3409 0.4167
41 7.1340 -1.8143 25.8512 0.8582 -0.4904 -0.1518 0.4088 0.4358
41 5.6139 -4.8693 27.1258 0.6089 -0.7750 -0.1692 0.3847 0.5065
NPCjames.jpg
41 5.6139 -4.8693 27.1258 0.6089 -0.7750 -0.1692 0.3847 0.5065
41 5.3038 -4.2824 23.2905 0.7782 -0.6079 -0.1580 0.3405 0.4822
41 6.5136 -1.7265 22.0597 0.8621 -0.4848 -0.1476 0.3409 0.4167
NPCjames.jpg
41 3.0789 -0.2795 6.9657 -0.9924 -0.1220 -0.0131 0.8390 0.3464
41 4.2840 2.2265 6.6129 -0.1155 0.9906 -0.0738 0.8750 0.3331
42 3.8175 2.5359 4.4228 -0.2884 0.9395 0.1847 0.8796 0.3079
NPCjames.jpg
42 3.8175 2.5359 4.4228 -0.2884 0.9395 0.1847 0.8796 0.3079
42 2.9220 -0.6356 4.7362 -0.9800 -0.1100 0.1658 0.8354 0.3110
41 3.0789 -0.2795 6.9657 -0.9924 -0.1220 -0.0131 0.8390 0.3464
NPCjames.jpg
42 2.9220 -0.6356 4.7362 -0.9800 -0.1100 0.1658 0.8354 0.3110
41 3.4772 -0.9618 6.5215 -0.7573 -0.6405 0.1275 0.8220 0.3363
41 3.0789 -0.2795 6.9657 -0.9924 -0.1220 -0.0131 0.8390 0.3464
NPCjames.jpg
41 3.4772 -0.9618 6.5215 -0.7573 -0.6405 0.1275 0.8220 0.3363
42 5.0820 -2.0662 5.5477 0.3635 -0.7532 0.5482 0.7958 0.3275
41 4.7538 -2.5652 9.3669 0.1296 -0.9561 -0.2630 0.7924 0.3756
NPCjames.jpg
41 2.1336 2.1312 13.1670 -0.8113 0.5504 -0.1972 0.8726 0.4245
41 2.5388 -0.3003 11.0841 -0.9329 -0.2116 -0.2913 0.8404 0.4005
41 1.1758 -1.0335 14.6394 -0.9454 -0.2773 -0.1712 0.8376 0.4486
NPCjames.jpg
41 1.1758 -1.0335 14.6394 -0.9454 -0.2773 -0.1712 0.8376 0.4486
41 1.4797 1.5725 15.6645 -0.8535 0.5108 0.1030 0.8702 0.4555
41 2.1336 2.1312 13.1670 -0.8113 0.5504 -0.1972 0.8726 0.4245
NPCjames.jpg
41 4.4891 -4.6858 16.0027 0.1095 -0.9694 -0.2196 0.7728 0.4661
41 1.4656 -1.7363 17.5272 -0.9028 -0.4227 -0.0794 0.8309 0.4863
41 1.1758 -1.0335 14.6394 -0.9454 -0.2773 -0.1712 0.8376 0.4486
NPCjames.jpg
41 1.4797 1.5725 15.6645 -0.8535 0.5108 0.1030 0.8702 0.4555
41 1.4656 -1.7363 17.5272 -0.9028 -0.4227 -0.0794 0.8309 0.4863
41 1.8951 0.6312 18.2938 -0.8221 0.4823 0.3026 0.8660 0.4915
NPCjames.jpg
41 3.9318 1.9290 18.6754 -0.0019 0.8714 0.4906 0.8993 0.4950
41 3.8490 3.0052 16.1448 -0.1158 0.9521 0.2831 0.9080 0.4585
41 1.4797 1.5725 15.6645 -0.8535 0.5108 0.1030 0.8702 0.4555
NPCjames.jpg
41 1.4797 1.5725 15.6645 -0.8535 0.5108 0.1030 0.8702 0.4555
41 1.8951 0.6312 18.2938 -0.8221 0.4823 0.3026 0.8660 0.4915
41 3.9318 1.9290 18.6754 -0.0019 0.8714 0.4906 0.8993 0.4950
NPCjames.jpg
41 2.8872 1.4023 10.2580 -0.8731 0.4319 -0.2260 0.8608 0.3865
41 2.5388 -0.3003 11.0841 -0.9329 -0.2116 -0.2913 0.8404 0.4005
41 2.1336 2.1312 13.1670 -0.8113 0.5504 -0.1972 0.8726 0.4245
NPCjames.jpg
41 3.4772 -0.9618 6.5215 -0.7573 -0.6405 0.1275 0.8220 0.3363
42 2.9220 -0.6356 4.7362 -0.9800 -0.1100 0.1658 0.8354 0.3110
42 3.7571 -2.5396 4.5296 -0.6715 -0.5594 0.4860 0.8050 0.3084
NPCjames.jpg
42 3.8909 2.4730 1.8974 -0.1817 0.9822 -0.0465 0.8816 0.2758
42 2.5634 1.1573 2.0155 -0.9287 0.3626 0.0781 0.8577 0.2756
42 3.8175 2.5359 4.4228 -0.2884 0.9395 0.1847 0.8796 0.3079
NPCjames.jpg
42 3.7571 -2.5396 4.5296 -0.6715 -0.5594 0.4860 0.8050 0.3084
42 2.9220 -0.6356 4.7362 -0.9800 -0.1100 0.1658 0.8354 0.3110
42 3.1998 -2.5550 2.5018 -0.9405 -0.2904 0.1763 0.8107 0.2799
NPCjames.jpg
42 2.9220 -0.6356 4.7362 -0.9800 -0.1100 0.1658 0.8354 0.3110
42 2.5634 1.1573 2.0155 -0.9287 0.3626 0.0781 0.8577 0.2756
42 2.5686 -0.4224 1.4756 -0.9419 -0.2653 -0.2062 0.8385 0.2682
NPCjames.jpg
42 3.1998 -2.5550 2.5018 -0.9405 -0.2904 0.1763 0.8107 0.2799
42 2.9220 -0.6356 4.7362 -0.9800 -0.1100 0.1658 0.8354 0.3110
42 2.5686 -0.4224 1.4756 -0.9419 -0.2653 -0.2062 0.8385 0.2682
NPCjames.jpg
42 3.1998 -2.5550 2.5018 -0.9405 -0.2904 0.1763 0.8107 0.2799
42 2.5686 -0.4224 1.4756 -0.9419 -0.2653 -0.2062 0.8385 0.2682
42 3.1538 -3.0090 0.0485 -0.6654 0.1081 -0.7386 0.8057 0.2483
NPCjames.jpg
42 3.2675 -6.0577 0.0490 -0.8054 -0.3394 -0.4859 0.7688 0.2457
42 4.6044 -6.2743 1.9644 -0.6330 -0.4932 0.5967 0.7597 0.2694
42 3.1998 -2.5550 2.5018 -0.9405 -0.2904 0.1763 0.8107 0.2799
NPCjames.jpg
42 3.1998 -2.5550 2.5018 -0.9405 -0.2904 0.1763 0.8107 0.2799
42 3.1538 -3.0090 0.0485 -0.6654 0.1081 -0.7386 0.8057 0.2483
42 3.2675 -6.0577 0.0490 -0.8054 -0.3394 -0.4859 0.7688 0.2457
NPCjames.jpg
42 3.7571 -2.5396 4.5296 -0.6715 -0.5594 0.4860 0.8050 0.3084
42 3.1998 -2.5550 2.5018 -0.9405 -0.2904 0.1763 0.8107 0.2799
42 4.6044 -6.2743 1.9644 -0.6330 -0.4932 0.5967 0.7597 0.2694
NPCjames.jpg
42 4.6044 -6.2743 1.9644 -0.6330 -0.4932 0.5967 0.7597 0.2694
42 4.7554 -8.3929 0.0477 -0.6962 -0.5431 -0.4695 0.7329 0.2431
42 6.0646 -8.9106 1.0392 0.1301 -0.5608 0.8177 0.7178 0.2594
NPCjames.jpg
42 4.6044 -6.2743 1.9644 -0.6330 -0.4932 0.5967 0.7597 0.2694
42 3.2675 -6.0577 0.0490 -0.8054 -0.3394 -0.4859 0.7688 0.2457
42 4.7554 -8.3929 0.0477 -0.6962 -0.5431 -0.4695 0.7329 0.2431
NPCjames.jpg
42 2.5686 -0.4224 1.4756 -0.9419 -0.2653 -0.2062 0.8385 0.2682
42 2.5634 1.1573 2.0155 -0.9287 0.3626 0.0781 0.8577 0.2756
42 2.4967 1.0582 0.0486 -0.7297 0.2839 -0.6221 0.8577 0.2514
NPCjames.jpg
42 2.4967 1.0582 0.0486 -0.7297 0.2839 -0.6221 0.8577 0.2514
42 2.5904 -0.3673 0.0488 -0.4988 -0.6390 -0.5856 0.8392 0.2511
42 2.5686 -0.4224 1.4756 -0.9419 -0.2653 -0.2062 0.8385 0.2682
NPCjames.jpg
42 2.5634 1.1573 2.0155 -0.9287 0.3626 0.0781 0.8577 0.2756
42 3.8909 2.4730 1.8974 -0.1817 0.9822 -0.0465 0.8816 0.2758
42 3.8581 2.3472 0.0473 -0.1573 0.7660 -0.6233 0.8820 0.2513
NPCjames.jpg
42 3.8581 2.3472 0.0473 -0.1573 0.7660 -0.6233 0.8820 0.2513
42 2.4967 1.0582 0.0486 -0.7297 0.2839 -0.6221 0.8577 0.2514
42 2.5634 1.1573 2.0155 -0.9287 0.3626 0.0781 0.8577 0.2756
NPCjames.jpg
41 2.5388 -0.3003 11.0841 -0.9329 -0.2116 -0.2913 0.8404 0.4005
41 2.8872 1.4023 10.2580 -0.8731 0.4319 -0.2260 0.8608 0.3865
41 3.0789 -0.2795 6.9657 -0.9924 -0.1220 -0.0131 0.8390 0.3464
NPCjames.jpg
41 1.4656 -1.7363 17.5272 -0.9028 -0.4227 -0.0794 0.8309 0.4863
41 1.1621 -1.7400 18.6783 -0.8073 -0.4910 -0.3273 0.8297 0.5014
41 1.2254 -1.2011 18.5283 -0.9661 0.0428 -0.2546 0.8365 0.4989
NPCjames.jpg
41 1.4797 1.5725 15.6645 -0.8535 0.5108 0.1030 0.8702 0.4555
41 1.1758 -1.0335 14.6394 -0.9454 -0.2773 -0.1712 0.8376 0.4486
41 1.4656 -1.7363 17.5272 -0.9028 -0.4227 -0.0794 0.8309 0.4863
NPCjames.jpg
42 3.8175 2.5359 4.4228 -0.2884 0.9395 0.1847 0.8796 0.3079
42 2.5634 1.1573 2.0155 -0.9287 0.3626 0.0781 0.8577 0.2756
42 2.9220 -0.6356 4.7362 -0.9800 -0.1100 0.1658 0.8354 0.3110
NPCjames.jpg
41 4.4891 -4.6858 16.0027 0.1095 -0.9694 -0.2196 0.7728 0.4661
41 4.3126 -5.4325 19.6001 0.1182 -0.9284 -0.3522 0.7685 0.5134
41 1.1621 -1.7400 18.6783 -0.8073 -0.4910 -0.3273 0.8297 0.5014
NPCjames.jpg
41 1.1621 -1.7400 18.6783 -0.8073 -0.4910 -0.3273 0.8297 0.5014
41 1.4656 -1.7363 17.5272 -0.9028 -0.4227 -0.0794 0.8309 0.4863
41 4.4891 -4.6858 16.0027 0.1095 -0.9694 -0.2196 0.7728 0.4661
NPCjames.jpg
41 3.9077 3.2144 14.9964 -0.1334 0.9769 0.1668 0.9074 0.4418
41 2.1336 2.1312 13.1670 -0.8113 0.5504 -0.1972 0.8726 0.4245
41 1.4797 1.5725 15.6645 -0.8535 0.5108 0.1030 0.8702 0.4555
NPCjames.jpg
41 1.4797 1.5725 15.6645 -0.8535 0.5108 0.1030 0.8702 0.4555
41 3.8490 3.0052 16.1448 -0.1158 0.9521 0.2831 0.9080 0.4585
41 3.9077 3.2144 14.9964 -0.1334 0.9769 0.1668 0.9074 0.4418
NPCjames.jpg
41 3.9929 3.5178 13.3309 -0.1522 0.9866 -0.0587 0.9065 0.4176
41 2.1336 2.1312 13.1670 -0.8113 0.5504 -0.1972 0.8726 0.4245
41 3.9077 3.2144 14.9964 -0.1334 0.9769 0.1668 0.9074 0.4418
NPCjames.jpg
41 2.1336 2.1312 13.1670 -0.8113 0.5504 -0.1972 0.8726 0.4245
41 3.9929 3.5178 13.3309 -0.1522 0.9866 -0.0587 0.9065 0.4176
41 4.2492 2.6823 10.4912 -0.1330 0.9607 -0.2437 0.8897 0.3809
NPCjames.jpg
41 4.2492 2.6823 10.4912 -0.1330 0.9607 -0.2437 0.8897 0.3809
41 2.8872 1.4023 10.2580 -0.8731 0.4319 -0.2260 0.8608 0.3865
41 2.1336 2.1312 13.1670 -0.8113 0.5504 -0.1972 0.8726 0.4245
NPCjames.jpg
42 5.0820 -2.0662 5.5477 0.3635 -0.7532 0.5482 0.7958 0.3275
41 3.4772 -0.9618 6.5215 -0.7573 -0.6405 0.1275 0.8220 0.3363
42 3.7571 -2.5396 4.5296 -0.6715 -0.5594 0.4860 0.8050 0.3084
NPCjames.jpg
42 5.5519 -6.1781 2.5929 0.1568 -0.5190 0.8403 0.7496 0.2854
42 5.0820 -2.0662 5.5477 0.3635 -0.7532 0.5482 0.7958 0.3275
42 3.7571 -2.5396 4.5296 -0.6715 -0.5594 0.4860 0.8050 0.3084
NPCjames.jpg
42 3.7571 -2.5396 4.5296 -0.6715 -0.5594 0.4860 0.8050 0.3084
42 4.6044 -6.2743 1.9644 -0.6330 -0.4932 0.5967 0.7597 0.2694
42 5.5519 -6.1781 2.5929 0.1568 -0.5190 0.8403 0.7496 0.2854
NPCjames.jpg
42 6.0646 -8.9106 1.0392 0.1301 -0.5608 0.8177 0.7178 0.2594
42 4.7554 -8.3929 0.0477 -0.6962 -0.5431 -0.4695 0.7329 0.2431
42 6.2871 -10.2577 0.0454 0.1763 -0.9598 -0.2184 0.7017 0.2417
NPCjames.jpg
42 5.5519 -6.1781 2.5929 0.1568 -0.5190 0.8403 0.7496 0.2854
42 4.6044 -6.2743 1.9644 -0.6330 -0.4932 0.5967 0.7597 0.2694
42 6.0646 -8.9106 1.0392 0.1301 -0.5608 0.8177 0.7178 0.2594
NPCjames.jpg
41 4.4891 -4.6858 16.0027 0.1095 -0.9694 -0.2196 0.7728 0.4661
41 1.1758 -1.0335 14.6394 -0.9454 -0.2773 -0.1712 0.8376 0.4486
41 4.7538 -2.5652 9.3669 0.1296 -0.9561 -0.2630 0.7924 0.3756
NPCjames.jpg
41 4.3126 -5.4325 19.6001 0.1182 -0.9284 -0.3522 0.7685 0.5134
41 3.7516 -6.9942 23.1267 0.0167 -0.9152 -0.4027 0.7550 0.5569
41 0.0315 -1.7866 20.3007 -0.6249 -0.6510 -0.4309 0.8372 0.5243
NPCjames.jpg
41 0.0315 -1.7866 20.3007 -0.6249 -0.6510 -0.4309 0.8372 0.5243
41 1.1621 -1.7400 18.6783 -0.8073 -0.4910 -0.3273 0.8297 0.5014
41 4.3126 -5.4325 19.6001 0.1182 -0.9284 -0.3522 0.7685 0.5134
NPCjames.jpg
41 3.0789 -0.2795 6.9657 -0.9924 -0.1220 -0.0131 0.8390 0.3464
41 2.8872 1.4023 10.2580 -0.8731 0.4319 -0.2260 0.8608 0.3865
41 4.2840 2.2265 6.6129 -0.1155 0.9906 -0.0738 0.8750 0.3331
NPCjames.jpg
41 4.7538 -2.5652 9.3669 0.1296 -0.9561 -0.2630 0.7924 0.3756
41 2.5388 -0.3003 11.0841 -0.9329 -0.2116 -0.2913 0.8404 0.4005
41 3.0789 -0.2795 6.9657 -0.9924 -0.1220 -0.0131 0.8390 0.3464
NPCjames.jpg
41 3.0789 -0.2795 6.9657 -0.9924 -0.1220 -0.0131 0.8390 0.3464
41 3.4772 -0.9618 6.5215 -0.7573 -0.6405 0.1275 0.8220 0.3363
41 4.7538 -2.5652 9.3669 0.1296 -0.9561 -0.2630 0.7924 0.3756
NPCjames.jpg
41 4.7538 -2.5652 9.3669 0.1296 -0.9561 -0.2630 0.7924 0.3756
41 1.1758 -1.0335 14.6394 -0.9454 -0.2773 -0.1712 0.8376 0.4486
41 2.5388 -0.3003 11.0841 -0.9329 -0.2116 -0.2913 0.8404 0.4005
NPCjames.jpg
41 4.2840 2.2265 6.6129 -0.1155 0.9906 -0.0738 0.8750 0.3331
41 2.8872 1.4023 10.2580 -0.8731 0.4319 -0.2260 0.8608 0.3865
41 4.2492 2.6823 10.4912 -0.1330 0.9607 -0.2437 0.8897 0.3809
NPCjames.jpg
41 5.9919 0.6132 7.2233 0.9811 0.1552 -0.1159 0.8390 0.3464
42 6.1496 0.8194 4.6159 0.8985 0.4177 0.1350 0.8354 0.3110
42 3.8175 2.5359 4.4228 -0.2884 0.9395 0.1847 0.8796 0.3079
NPCjames.jpg
42 3.8175 2.5359 4.4228 -0.2884 0.9395 0.1847 0.8796 0.3079
41 4.2840 2.2265 6.6129 -0.1155 0.9906 -0.0738 0.8750 0.3331
41 5.9919 0.6132 7.2233 0.9811 0.1552 -0.1159 0.8390 0.3464
NPCjames.jpg
42 6.1496 0.8194 4.6159 0.8985 0.4177 0.1350 0.8354 0.3110
41 5.9919 0.6132 7.2233 0.9811 0.1552 -0.1159 0.8390 0.3464
41 5.5737 -0.4254 6.4273 0.9384 -0.3237 0.1211 0.8220 0.3363
NPCjames.jpg
41 5.5737 -0.4254 6.4273 0.9384 -0.3237 0.1211 0.8220 0.3363
41 4.7538 -2.5652 9.3669 0.1296 -0.9561 -0.2630 0.7924 0.3756
42 5.0820 -2.0662 5.5477 0.3635 -0.7532 0.5482 0.7958 0.3275
NPCjames.jpg
41 6.6223 2.6580 13.5140 0.7444 0.6672 -0.0280 0.8726 0.4245
41 6.4309 2.0584 16.0171 0.7339 0.5949 0.3279 0.8702 0.4555
41 7.1203 -0.4890 15.0826 0.9842 -0.1749 0.0258 0.8376 0.4486
NPCjames.jpg
41 7.1203 -0.4890 15.0826 0.9842 -0.1749 0.0258 0.8376 0.4486
41 6.6589 0.2616 11.4425 0.9739 -0.1481 -0.1719 0.8404 0.4005
41 6.6223 2.6580 13.5140 0.7444 0.6672 -0.0280 0.8726 0.4245
NPCjames.jpg
41 4.4891 -4.6858 16.0027 0.1095 -0.9694 -0.2196 0.7728 0.4661
41 7.1203 -0.4890 15.0826 0.9842 -0.1749 0.0258 0.8376 0.4486
41 6.4432 -1.5083 17.9281 0.9775 -0.2050 0.0494 0.8309 0.4863
NPCjames.jpg
41 6.4309 2.0584 16.0171 0.7339 0.5949 0.3279 0.8702 0.4555
41 5.3477 0.6616 18.5719 0.7151 0.4396 0.5435 0.8660 0.4915
41 6.4432 -1.5083 17.9281 0.9775 -0.2050 0.0494 0.8309 0.4863
NPCjames.jpg
41 6.4309 2.0584 16.0171 0.7339 0.5949 0.3279 0.8702 0.4555
41 3.8490 3.0052 16.1448 -0.1158 0.9521 0.2831 0.9080 0.4585
41 3.9318 1.9290 18.6754 -0.0019 0.8714 0.4906 0.8993 0.4950
NPCjames.jpg
41 3.9318 1.9290 18.6754 -0.0019 0.8714 0.4906 0.8993 0.4950
41 5.3477 0.6616 18.5719 0.7151 0.4396 0.5435 0.8660 0.4915
41 6.4309 2.0584 16.0171 0.7339 0.5949 0.3279 0.8702 0.4555
NPCjames.jpg
41 6.2656 1.7582 10.5063 0.7948 0.5677 -0.2146 0.8608 0.3865
41 6.6223 2.6580 13.5140 0.7444 0.6672 -0.0280 0.8726 0.4245
41 6.6589 0.2616 11.4425 0.9739 -0.1481 -0.1719 0.8404 0.4005
NPCjames.jpg
41 5.5737 -0.4254 6.4273 0.9384 -0.3237 0.1211 0.8220 0.3363
42 6.1442 -1.5067 4.4483 0.9136 -0.1800 0.3647 0.8050 0.3084
42 6.1496 0.8194 4.6159 0.8985 0.4177 0.1350 0.8354 0.3110
NPCjames.jpg
42 3.8909 2.4730 1.8974 -0.1817 0.9822 -0.0465 0.8816 0.2758
42 3.8175 2.5359 4.4228 -0.2884 0.9395 0.1847 0.8796 0.3079
42 5.6171 1.7473 1.9235 0.7045 0.7097 -0.0092 0.8577 0.2756
NPCjames.jpg
42 6.1442 -1.5067 4.4483 0.9136 -0.1800 0.3647 0.8050 0.3084
42 6.5334 -1.7559 2.3862 0.9914 0.0815 0.1021 0.8107 0.2799
42 6.1496 0.8194 4.6159 0.8985 0.4177 0.1350 0.8354 0.3110
NPCjames.jpg
42 6.1496 0.8194 4.6159 0.8985 0.4177 0.1350 0.8354 0.3110
42 6.1689 0.2733 1.3671 0.9450 0.0998 -0.3115 0.8385 0.2682
42 5.6171 1.7473 1.9235 0.7045 0.7097 -0.0092 0.8577 0.2756
NPCjames.jpg
42 6.5334 -1.7559 2.3862 0.9914 0.0815 0.1021 0.8107 0.2799
42 6.1689 0.2733 1.3671 0.9450 0.0998 -0.3115 0.8385 0.2682
42 6.1496 0.8194 4.6159 0.8985 0.4177 0.1350 0.8354 0.3110
NPCjames.jpg
42 6.5334 -1.7559 2.3862 0.9914 0.0815 0.1021 0.8107 0.2799
42 6.6890 -2.9685 0.0476 0.5518 0.3103 -0.7741 0.7983 0.2478
42 6.1689 0.2733 1.3671 0.9450 0.0998 -0.3115 0.8385 0.2682
NPCjames.jpg
42 7.5792 -5.1014 0.0477 0.8729 -0.0250 -0.4873 0.7688 0.2457
42 6.6890 -2.9685 0.0476 0.5518 0.3103 -0.7741 0.7983 0.2478
42 6.5334 -1.7559 2.3862 0.9914 0.0815 0.1021 0.8107 0.2799
NPCjames.jpg
42 6.5334 -1.7559 2.3862 0.9914 0.0815 0.1021 0.8107 0.2799
42 6.4289 -5.7496 1.8868 0.7980 -0.2133 0.5636 0.7597 0.2694
42 7.5792 -5.1014 0.0477 0.8729 -0.0250 -0.4873 0.7688 0.2457
NPCjames.jpg
42 6.1442 -1.5067 4.4483 0.9136 -0.1800 0.3647 0.8050 0.3084
42 6.4289 -5.7496 1.8868 0.7980 -0.2133 0.5636 0.7597 0.2694
42 6.5334 -1.7559 2.3862 0.9914 0.0815 0.1021 0.8107 0.2799
NPCjames.jpg
42 6.4289 -5.7496 1.8868 0.7980 -0.2133 0.5636 0.7597 0.2694
42 6.0646 -8.9106 1.0392 0.1301 -0.5608 0.8177 0.7178 0.2594
42 7.0266 -7.9540 0.0471 0.8495 -0.2337 -0.4729 0.7329 0.2431
NPCjames.jpg
42 6.4289 -5.7496 1.8868 0.7980 -0.2133 0.5636 0.7597 0.2694
42 7.0266 -7.9540 0.0471 0.8495 -0.2337 -0.4729 0.7329 0.2431
42 7.5792 -5.1014 0.0477 0.8729 -0.0250 -0.4873 0.7688 0.2457
NPCjames.jpg
42 6.1689 0.2733 1.3671 0.9450 0.0998 -0.3115 0.8385 0.2682
42 6.0518 0.3016 0.0478 0.6819 -0.4140 -0.6030 0.8392 0.2511
42 5.6072 1.6593 0.0478 0.5555 0.5300 -0.6407 0.8577 0.2514
NPCjames.jpg
42 5.6072 1.6593 0.0478 0.5555 0.5300 -0.6407 0.8577 0.2514
42 5.6171 1.7473 1.9235 0.7045 0.7097 -0.0092 0.8577 0.2756
42 6.1689 0.2733 1.3671 0.9450 0.0998 -0.3115 0.8385 0.2682
NPCjames.jpg
42 5.6171 1.7473 1.9235 0.7045 0.7097 -0.0092 0.8577 0.2756
42 5.6072 1.6593 0.0478 0.5555 0.5300 -0.6407 0.8577 0.2514
42 3.8581 2.3472 0.0473 -0.1573 0.7660 -0.6233 0.8820 0.2513
NPCjames.jpg
42 3.8581 2.3472 0.0473 -0.1573 0.7660 -0.6233 0.8820 0.2513
42 3.8909 2.4730 1.8974 -0.1817 0.9822 -0.0465 0.8816 0.2758
42 5.6171 1.7473 1.9235 0.7045 0.7097 -0.0092 0.8577 0.2756
NPCjames.jpg
41 6.6589 0.2616 11.4425 0.9739 -0.1481 -0.1719 0.8404 0.4005
41 5.9919 0.6132 7.2233 0.9811 0.1552 -0.1159 0.8390 0.3464
41 6.2656 1.7582 10.5063 0.7948 0.5677 -0.2146 0.8608 0.3865
NPCjames.jpg
41 6.4432 -1.5083 17.9281 0.9775 -0.2050 0.0494 0.8309 0.4863
41 6.3355 -1.1559 18.9203 0.8971 0.4380 -0.0583 0.8365 0.4989
41 6.6070 -1.6915 19.0744 0.9176 -0.2976 -0.2634 0.8297 0.5014
NPCjames.jpg
41 6.4309 2.0584 16.0171 0.7339 0.5949 0.3279 0.8702 0.4555
41 6.4432 -1.5083 17.9281 0.9775 -0.2050 0.0494 0.8309 0.4863
41 7.1203 -0.4890 15.0826 0.9842 -0.1749 0.0258 0.8376 0.4486
NPCjames.jpg
42 3.8175 2.5359 4.4228 -0.2884 0.9395 0.1847 0.8796 0.3079
42 6.1496 0.8194 4.6159 0.8985 0.4177 0.1350 0.8354 0.3110
42 5.6171 1.7473 1.9235 0.7045 0.7097 -0.0092 0.8577 0.2756
NPCjames.jpg
41 4.4891 -4.6858 16.0027 0.1095 -0.9694 -0.2196 0.7728 0.4661
41 6.4432 -1.5083 17.9281 0.9775 -0.2050 0.0494 0.8309 0.4863
41 6.6070 -1.6915 19.0744 0.9176 -0.2976 -0.2634 0.8297 0.5014
NPCjames.jpg
41 6.6070 -1.6915 19.0744 0.9176 -0.2976 -0.2634 0.8297 0.5014
41 4.3126 -5.4325 19.6001 0.1182 -0.9284 -0.3522 0.7685 0.5134
41 4.4891 -4.6858 16.0027 0.1095 -0.9694 -0.2196 0.7728 0.4661
NPCjames.jpg
41 6.4309 2.0584 16.0171 0.7339 0.5949 0.3279 0.8702 0.4555
41 6.6223 2.6580 13.5140 0.7444 0.6672 -0.0280 0.8726 0.4245
41 3.9077 3.2144 14.9964 -0.1334 0.9769 0.1668 0.9074 0.4418
NPCjames.jpg
41 3.9077 3.2144 14.9964 -0.1334 0.9769 0.1668 0.9074 0.4418
41 3.8490 3.0052 16.1448 -0.1158 0.9521 0.2831 0.9080 0.4585
41 6.4309 2.0584 16.0171 0.7339 0.5949 0.3279 0.8702 0.4555
NPCjames.jpg
41 3.9929 3.5178 13.3309 -0.1522 0.9866 -0.0587 0.9065 0.4176
41 3.9077 3.2144 14.9964 -0.1334 0.9769 0.1668 0.9074 0.4418
41 6.6223 2.6580 13.5140 0.7444 0.6672 -0.0280 0.8726 0.4245
NPCjames.jpg
41 6.6223 2.6580 13.5140 0.7444 0.6672 -0.0280 0.8726 0.4245
41 6.2656 1.7582 10.5063 0.7948 0.5677 -0.2146 0.8608 0.3865
41 4.2492 2.6823 10.4912 -0.1330 0.9607 -0.2437 0.8897 0.3809
NPCjames.jpg
41 4.2492 2.6823 10.4912 -0.1330 0.9607 -0.2437 0.8897 0.3809
41 3.9929 3.5178 13.3309 -0.1522 0.9866 -0.0587 0.9065 0.4176
41 6.6223 2.6580 13.5140 0.7444 0.6672 -0.0280 0.8726 0.4245
NPCjames.jpg
42 5.0820 -2.0662 5.5477 0.3635 -0.7532 0.5482 0.7958 0.3275
42 6.1442 -1.5067 4.4483 0.9136 -0.1800 0.3647 0.8050 0.3084
41 5.5737 -0.4254 6.4273 0.9384 -0.3237 0.1211 0.8220 0.3363
NPCjames.jpg
42 5.5519 -6.1781 2.5929 0.1568 -0.5190 0.8403 0.7496 0.2854
42 6.4289 -5.7496 1.8868 0.7980 -0.2133 0.5636 0.7597 0.2694
42 6.1442 -1.5067 4.4483 0.9136 -0.1800 0.3647 0.8050 0.3084
NPCjames.jpg
42 6.1442 -1.5067 4.4483 0.9136 -0.1800 0.3647 0.8050 0.3084
42 5.0820 -2.0662 5.5477 0.3635 -0.7532 0.5482 0.7958 0.3275
42 5.5519 -6.1781 2.5929 0.1568 -0.5190 0.8403 0.7496 0.2854
NPCjames.jpg
42 6.0646 -8.9106 1.0392 0.1301 -0.5608 0.8177 0.7178 0.2594
42 6.2871 -10.2577 0.0454 0.1763 -0.9598 -0.2184 0.7017 0.2417
42 7.0266 -7.9540 0.0471 0.8495 -0.2337 -0.4729 0.7329 0.2431
NPCjames.jpg
42 5.5519 -6.1781 2.5929 0.1568 -0.5190 0.8403 0.7496 0.2854
42 6.0646 -8.9106 1.0392 0.1301 -0.5608 0.8177 0.7178 0.2594
42 6.4289 -5.7496 1.8868 0.7980 -0.2133 0.5636 0.7597 0.2694
NPCjames.jpg
41 4.4891 -4.6858 16.0027 0.1095 -0.9694 -0.2196 0.7728 0.4661
41 4.7538 -2.5652 9.3669 0.1296 -0.9561 -0.2630 0.7924 0.3756
41 7.1203 -0.4890 15.0826 0.9842 -0.1749 0.0258 0.8376 0.4486
NPCjames.jpg
41 4.3126 -5.4325 19.6001 0.1182 -0.9284 -0.3522 0.7685 0.5134
41 6.6070 -1.6915 19.0744 0.9176 -0.2976 -0.2634 0.8297 0.5014
41 7.6558 -1.7179 20.7949 0.7495 -0.5621 -0.3498 0.8372 0.5243
NPCjames.jpg
41 7.6558 -1.7179 20.7949 0.7495 -0.5621 -0.3498 0.8372 0.5243
41 3.7516 -6.9942 23.1267 0.0167 -0.9152 -0.4027 0.7550 0.5569
41 4.3126 -5.4325 19.6001 0.1182 -0.9284 -0.3522 0.7685 0.5134
NPCjames.jpg
41 4.2840 2.2265 6.6129 -0.1155 0.9906 -0.0738 0.8750 0.3331
41 6.2656 1.7582 10.5063 0.7948 0.5677 -0.2146 0.8608 0.3865
41 5.9919 0.6132 7.2233 0.9811 0.1552 -0.1159 0.8390 0.3464
NPCjames.jpg
41 5.9919 0.6132 7.2233 0.9811 0.1552 -0.1159 0.8390 0.3464
41 6.6589 0.2616 11.4425 0.9739 -0.1481 -0.1719 0.8404 0.4005
41 4.7538 -2.5652 9.3669 0.1296 -0.9561 -0.2630 0.7924 0.3756
NPCjames.jpg
41 4.7538 -2.5652 9.3669 0.1296 -0.9561 -0.2630 0.7924 0.3756
41 5.5737 -0.4254 6.4273 0.9384 -0.3237 0.1211 0.8220 0.3363
41 5.9919 0.6132 7.2233 0.9811 0.1552 -0.1159 0.8390 0.3464
NPCjames.jpg
41 6.6589 0.2616 11.4425 0.9739 -0.1481 -0.1719 0.8404 0.4005
41 7.1203 -0.4890 15.0826 0.9842 -0.1749 0.0258 0.8376 0.4486
41 4.7538 -2.5652 9.3669 0.1296 -0.9561 -0.2630 0.7924 0.3756
NPCjames.jpg
41 4.2840 2.2265 6.6129 -0.1155 0.9906 -0.0738 0.8750 0.3331
41 4.2492 2.6823 10.4912 -0.1330 0.9607 -0.2437 0.8897 0.3809
41 6.2656 1.7582 10.5063 0.7948 0.5677 -0.2146 0.8608 0.3865
NPCjames.jpg
42 2.5686 -0.4224 1.4756 -0.9419 -0.2653 -0.2062 0.9412 0.9386
42 2.5904 -0.3673 0.0488 -0.4988 -0.6390 -0.5856 0.9430 0.9396
42 6.0518 0.3016 0.0478 0.6819 -0.4140 -0.6030 0.9419 0.9866
NPCjames.jpg
42 6.0518 0.3016 0.0478 0.6819 -0.4140 -0.6030 0.9419 0.9866
42 6.1689 0.2733 1.3671 0.9450 0.0998 -0.3115 0.9401 0.9875
42 2.5686 -0.4224 1.4756 -0.9419 -0.2653 -0.2062 0.9412 0.9386
NPCjames.jpg
42 3.1538 -3.0090 0.0485 -0.6654 0.1081 -0.7386 0.9069 0.9404
42 2.5686 -0.4224 1.4756 -0.9419 -0.2653 -0.2062 0.9412 0.9386
42 6.1689 0.2733 1.3671 0.9450 0.0998 -0.3115 0.9401 0.9875
NPCjames.jpg
42 6.1689 0.2733 1.3671 0.9450 0.0998 -0.3115 0.9401 0.9875
42 6.6890 -2.9685 0.0476 0.5518 0.3103 -0.7741 0.8995 0.9820
42 3.1538 -3.0090 0.0485 -0.6654 0.1081 -0.7386 0.9069 0.9404
NPCjames.jpg
42 2.5904 -0.3673 0.0488 -0.4988 -0.6390 -0.5856 0.9430 0.9396
42 3.8581 2.3472 0.0473 -0.1573 0.7660 -0.6233 0.9748 0.9638
42 6.0518 0.3016 0.0478 0.6819 -0.4140 -0.6030 0.9419 0.9866
NPCjames.jpg
42 3.8581 2.3472 0.0473 -0.1573 0.7660 -0.6233 0.9748 0.9638
42 5.6072 1.6593 0.0478 0.5555 0.5300 -0.6407 0.9608 0.9846
42 6.0518 0.3016 0.0478 0.6819 -0.4140 -0.6030 0.9419 0.9866
NPCjames.jpg
42 2.5904 -0.3673 0.0488 -0.4988 -0.6390 -0.5856 0.9430 0.9396
42 2.4967 1.0582 0.0486 -0.7297 0.2839 -0.6221 0.9618 0.9424
42 3.8581 2.3472 0.0473 -0.1573 0.7660 -0.6233 0.9748 0.9638
NPCjames.jpg
42 3.1538 -3.0090 0.0485 -0.6654 0.1081 -0.7386 0.9069 0.9404
42 6.6890 -2.9685 0.0476 0.5518 0.3103 -0.7741 0.8995 0.9820
42 7.5792 -5.1014 0.0477 0.8729 -0.0250 -0.4873 0.8668 0.9894
NPCjames.jpg
42 7.5792 -5.1014 0.0477 0.8729 -0.0250 -0.4873 0.8668 0.9894
42 3.2675 -6.0577 0.0490 -0.8054 -0.3394 -0.4859 0.8680 0.9334
42 3.1538 -3.0090 0.0485 -0.6654 0.1081 -0.7386 0.9069 0.9404
NPCjames.jpg
42 3.2675 -6.0577 0.0490 -0.8054 -0.3394 -0.4859 0.8680 0.9334
42 7.5792 -5.1014 0.0477 0.8729 -0.0250 -0.4873 0.8668 0.9894
42 7.0266 -7.9540 0.0471 0.8495 -0.2337 -0.4729 0.8321 0.9760
NPCjames.jpg
42 7.0266 -7.9540 0.0471 0.8495 -0.2337 -0.4729 0.8321 0.9760
42 4.7554 -8.3929 0.0477 -0.6962 -0.5431 -0.4695 0.8327 0.9452
42 3.2675 -6.0577 0.0490 -0.8054 -0.3394 -0.4859 0.8680 0.9334
NPCjames.jpg
42 7.0266 -7.9540 0.0471 0.8495 -0.2337 -0.4729 0.8321 0.9760
42 6.2871 -10.2577 0.0454 0.1763 -0.9598 -0.2184 0.8044 0.9600
42 4.7554 -8.3929 0.0477 -0.6962 -0.5431 -0.4695 0.8327 0.9452
NPCjames.jpg
46 -6.6449 -0.0789 19.2766 0.3600 -0.8280 -0.4300 0.9853 0.4492
46 -5.4381 -1.9023 23.0219 0.0829 -0.8931 -0.4422 0.9352 0.4622
46 -8.3197 -3.6187 27.6359 -0.4504 -0.8118 -0.3716 0.9058 0.5137
NPCjames.jpg
46 -8.3197 -3.6187 27.6359 -0.4504 -0.8118 -0.3716 0.9058 0.5137
46 -7.5389 -1.4668 20.5024 -0.0805 -0.9518 -0.2959 0.9739 0.4792
46 -6.6449 -0.0789 19.2766 0.3600 -0.8280 -0.4300 0.9853 0.4492
NPCjames.jpg
46 -4.2471 1.2982 18.6423 0.3865 -0.7916 -0.4733 0.9870 0.4105
46 -2.6964 0.1689 22.2355 0.4574 -0.7727 -0.4402 0.9353 0.4154
46 -5.4381 -1.9023 23.0219 0.0829 -0.8931 -0.4422 0.9352 0.4622
NPCjames.jpg
46 -5.4381 -1.9023 23.0219 0.0829 -0.8931 -0.4422 0.9352 0.4622
46 -6.6449 -0.0789 19.2766 0.3600 -0.8280 -0.4300 0.9853 0.4492
46 -4.2471 1.2982 18.6423 0.3865 -0.7916 -0.4733 0.9870 0.4105
NPCjames.jpg
46 -5.3805 -1.5182 22.6112 0.4267 -0.8642 -0.2667 0.3405 0.4822
46 -5.2700 -2.6160 26.5446 0.2268 -0.9336 -0.2774 0.3847 0.5065
46 -8.2827 -4.1414 30.8175 -0.4282 -0.8447 -0.3211 0.4052 0.6072
NPCjames.jpg
46 -8.2827 -4.1414 30.8175 -0.4282 -0.8447 -0.3211 0.4052 0.6072
46 -7.7579 -2.1169 25.1675 -0.4894 -0.8055 -0.3341 0.3309 0.5355
46 -5.3805 -1.5182 22.6112 0.4267 -0.8642 -0.2667 0.3405 0.4822
NPCjames.jpg
46 -3.2547 0.3826 21.3726 0.5145 -0.8135 -0.2711 0.3409 0.4167
46 -2.3962 -0.5241 25.1725 0.4619 -0.8335 -0.3032 0.4088 0.4358
46 -5.2700 -2.6160 26.5446 0.2268 -0.9336 -0.2774 0.3847 0.5065
NPCjames.jpg
46 -5.2700 -2.6160 26.5446 0.2268 -0.9336 -0.2774 0.3847 0.5065
46 -5.3805 -1.5182 22.6112 0.4267 -0.8642 -0.2667 0.3405 0.4822
46 -3.2547 0.3826 21.3726 0.5145 -0.8135 -0.2711 0.3409 0.4167
NPCjames.jpg
46 -7.9269 0.5653 19.3866 -0.9762 -0.0279 -0.2152 0.9853 0.4492
46 -7.5389 -1.4668 20.5024 -0.0805 -0.9518 -0.2959 0.9739 0.4792
46 -8.3197 -3.6187 27.6359 -0.4504 -0.8118 -0.3716 0.9058 0.5137
NPCjames.jpg
46 -8.3197 -3.6187 27.6359 -0.4504 -0.8118 -0.3716 0.9058 0.5137
46 -8.8640 -0.1876 23.3763 -0.9011 -0.3202 -0.2925 0.9352 0.4622
46 -7.9269 0.5653 19.3866 -0.9762 -0.0279 -0.2152 0.9853 0.4492
NPCjames.jpg
46 -7.5230 2.9303 19.0492 -0.9652 0.0629 -0.2538 0.9870 0.4105
46 -7.9269 0.5653 19.3866 -0.9762 -0.0279 -0.2152 0.9853 0.4492
46 -8.8640 -0.1876 23.3763 -0.9011 -0.3202 -0.2925 0.9352 0.4622
NPCjames.jpg
46 -8.8640 -0.1876 23.3763 -0.9011 -0.3202 -0.2925 0.9352 0.4622
46 -8.8852 3.2336 23.1726 -0.9498 -0.0245 -0.3120 0.9353 0.4154
46 -7.5230 2.9303 19.0492 -0.9652 0.0629 -0.2538 0.9870 0.4105
NPCjames.jpg
46 -8.6236 0.1114 22.8893 -0.9518 -0.1828 -0.2462 0.3405 0.4822
46 -7.7579 -2.1169 25.1675 -0.4894 -0.8055 -0.3341 0.3309 0.5355
46 -8.2827 -4.1414 30.8175 -0.4282 -0.8447 -0.3211 0.4052 0.6072
NPCjames.jpg
46 -8.2827 -4.1414 30.8175 -0.4282 -0.8447 -0.3211 0.4052 0.6072
46 -9.4736 -0.4747 26.6422 -0.8745 -0.4074 -0.2631 0.3847 0.5065
46 -8.6236 0.1114 22.8893 -0.9518 -0.1828 -0.2462 0.3405 0.4822
NPCjames.jpg
46 -8.4623 2.9993 21.8192 -0.9726 -0.0357 -0.2297 0.3409 0.4167
46 -8.6236 0.1114 22.8893 -0.9518 -0.1828 -0.2462 0.3405 0.4822
46 -9.4736 -0.4747 26.6422 -0.8745 -0.4074 -0.2631 0.3847 0.5065
NPCjames.jpg
46 -9.4736 -0.4747 26.6422 -0.8745 -0.4074 -0.2631 0.3847 0.5065
46 -9.3629 3.0002 25.5551 -0.9713 -0.0423 -0.2341 0.4088 0.4358
46 -8.4623 2.9993 21.8192 -0.9726 -0.0357 -0.2297 0.3409 0.4167
NPCjames.jpg
46 -3.5280 3.5393 7.0856 0.8385 -0.5448 -0.0041 0.8390 0.3464
47 -3.2298 3.5546 4.7503 0.9006 -0.3931 0.1853 0.8354 0.3110
47 -3.0902 6.8472 4.4369 0.5636 0.7981 0.2131 0.8796 0.3079
NPCjames.jpg
47 -3.0902 6.8472 4.4369 0.5636 0.7981 0.2131 0.8796 0.3079
46 -3.4562 6.3343 6.8854 0.6170 0.7864 0.0287 0.8750 0.3331
46 -3.5280 3.5393 7.0856 0.8385 -0.5448 -0.0041 0.8390 0.3464
NPCjames.jpg
47 -3.2298 3.5546 4.7503 0.9006 -0.3931 0.1853 0.8354 0.3110
46 -3.5280 3.5393 7.0856 0.8385 -0.5448 -0.0041 0.8390 0.3464
46 -4.1512 3.1342 6.5668 0.4218 -0.9014 0.0980 0.8220 0.3363
NPCjames.jpg
46 -4.1512 3.1342 6.5668 0.4218 -0.9014 0.0980 0.8220 0.3363
46 -6.2354 2.1300 9.2020 -0.5204 -0.7770 -0.3541 0.7924 0.3756
47 -5.7286 2.8701 5.5618 -0.6235 -0.6243 0.4707 0.7958 0.3275
NPCjames.jpg
46 -2.1148 4.9339 13.5058 0.9846 0.1354 -0.1105 0.8726 0.4245
46 -1.9841 4.0093 15.9767 0.9802 0.0652 0.1869 0.8702 0.4555
46 -2.7918 1.6042 14.7530 0.7331 -0.6640 -0.1474 0.8376 0.4486
NPCjames.jpg
46 -2.7918 1.6042 14.7530 0.7331 -0.6640 -0.1474 0.8376 0.4486
46 -3.3908 3.0597 11.2092 0.7609 -0.5936 -0.2620 0.8404 0.4005
46 -2.1148 4.9339 13.5058 0.9846 0.1354 -0.1105 0.8726 0.4245
NPCjames.jpg
46 -7.4846 -0.2299 15.6419 -0.5120 -0.8030 -0.3051 0.7728 0.4661
46 -2.7918 1.6042 14.7530 0.7331 -0.6640 -0.1474 0.8376 0.4486
46 -3.5983 0.9558 17.5541 0.6227 -0.7793 -0.0703 0.8309 0.4863
NPCjames.jpg
46 -1.9841 4.0093 15.9767 0.9802 0.0652 0.1869 0.8702 0.4555
46 -2.9880 3.2186 18.4944 0.9233 0.0434 0.3817 0.8660 0.4915
46 -3.5983 0.9558 17.5541 0.6227 -0.7793 -0.0703 0.8309 0.4863
NPCjames.jpg
46 -4.2559 5.2727 18.8834 0.3503 0.7498 0.5614 0.8993 0.4950
46 -2.9880 3.2186 18.4944 0.9233 0.0434 0.3817 0.8660 0.4915
46 -1.9841 4.0093 15.9767 0.9802 0.0652 0.1869 0.8702 0.4555
NPCjames.jpg
46 -1.9841 4.0093 15.9767 0.9802 0.0652 0.1869 0.8702 0.4555
46 -3.4964 6.3282 16.4589 0.5047 0.7813 0.3672 0.9080 0.4585
46 -4.2559 5.2727 18.8834 0.3503 0.7498 0.5614 0.8993 0.4950
NPCjames.jpg
46 -2.8750 4.7777 10.5126 0.9893 0.0034 -0.1460 0.8608 0.3865
46 -2.1148 4.9339 13.5058 0.9846 0.1354 -0.1105 0.8726 0.4245
46 -3.3908 3.0597 11.2092 0.7609 -0.5936 -0.2620 0.8404 0.4005
NPCjames.jpg
46 -4.1512 3.1342 6.5668 0.4218 -0.9014 0.0980 0.8220 0.3363
47 -4.6177 2.0066 4.5437 0.4644 -0.7510 0.4694 0.8050 0.3084
47 -3.2298 3.5546 4.7503 0.9006 -0.3931 0.1853 0.8354 0.3110
NPCjames.jpg
47 -3.1795 6.8103 1.9115 0.4794 0.8764 -0.0465 0.8816 0.2758
47 -3.0902 6.8472 4.4369 0.5636 0.7981 0.2131 0.8796 0.3079
47 -2.3293 5.1458 2.0296 0.9955 0.0543 0.0781 0.8577 0.2756
NPCjames.jpg
47 -4.6177 2.0066 4.5437 0.4644 -0.7510 0.4694 0.8050 0.3084
47 -4.0931 1.8179 2.5159 0.8028 -0.5696 0.1763 0.8107 0.2799
47 -3.2298 3.5546 4.7503 0.9006 -0.3931 0.1853 0.8354 0.3110
NPCjames.jpg
47 -3.2298 3.5546 4.7503 0.9006 -0.3931 0.1853 0.8354 0.3110
47 -2.8275 3.6468 1.4897 0.8119 -0.5462 -0.2062 0.8385 0.2682
47 -2.3293 5.1458 2.0296 0.9955 0.0543 0.0781 0.8577 0.2756
NPCjames.jpg
47 -4.0931 1.8179 2.5159 0.8028 -0.5696 0.1763 0.8107 0.2799
47 -2.8275 3.6468 1.4897 0.8119 -0.5462 -0.2062 0.8385 0.2682
47 -3.2298 3.5546 4.7503 0.9006 -0.3931 0.1853 0.8354 0.3110
NPCjames.jpg
47 -4.0931 1.8179 2.5159 0.8028 -0.5696 0.1763 0.8107 0.2799
47 -4.1912 1.3723 0.0626 0.6659 -0.1051 -0.7386 0.8057 0.2483
47 -2.8275 3.6468 1.4897 0.8119 -0.5462 -0.2062 0.8385 0.2682
NPCjames.jpg
47 -5.2512 -1.4884 0.0631 0.6591 -0.5740 -0.4859 0.7688 0.2457
47 -4.1912 1.3723 0.0626 0.6659 -0.1051 -0.7386 0.8057 0.2483
47 -4.0931 1.8179 2.5159 0.8028 -0.5696 0.1763 0.8107 0.2799
NPCjames.jpg
47 -4.0931 1.8179 2.5159 0.8028 -0.5696 0.1763 0.8107 0.2799
47 -6.5889 -1.2767 1.9785 0.4473 -0.6662 0.5967 0.7597 0.2694
47 -5.2512 -1.4884 0.0631 0.6591 -0.5740 -0.4859 0.7688 0.2457
NPCjames.jpg
47 -4.6177 2.0066 4.5437 0.4644 -0.7510 0.4694 0.8050 0.3084
47 -6.5889 -1.2767 1.9785 0.4473 -0.6662 0.5967 0.7597 0.2694
47 -4.0931 1.8179 2.5159 0.8028 -0.5696 0.1763 0.8107 0.2799
NPCjames.jpg
47 -6.5889 -1.2767 1.9785 0.4473 -0.6662 0.5967 0.7597 0.2694
47 -8.7994 -3.3252 1.0533 -0.2987 -0.4921 0.8177 0.7178 0.2594
47 -7.3940 -3.2422 0.0618 0.4918 -0.7333 -0.4695 0.7329 0.2431
NPCjames.jpg
47 -6.5889 -1.2767 1.9785 0.4473 -0.6662 0.5967 0.7597 0.2694
47 -7.3940 -3.2422 0.0618 0.4918 -0.7333 -0.4695 0.7329 0.2431
47 -5.2512 -1.4884 0.0631 0.6591 -0.5740 -0.4859 0.7688 0.2457
NPCjames.jpg
47 -2.8275 3.6468 1.4897 0.8119 -0.5462 -0.2062 0.8385 0.2682
47 -2.8310 3.7060 0.0629 0.2743 -0.7628 -0.5856 0.8392 0.2511
47 -2.2968 5.0309 0.0628 0.7818 0.0418 -0.6221 0.8577 0.2514
NPCjames.jpg
47 -2.2968 5.0309 0.0628 0.7818 0.0418 -0.6221 0.8577 0.2514
47 -2.3293 5.1458 2.0296 0.9955 0.0543 0.0781 0.8577 0.2756
47 -2.8275 3.6468 1.4897 0.8119 -0.5462 -0.2062 0.8385 0.2682
NPCjames.jpg
47 -2.3293 5.1458 2.0296 0.9955 0.0543 0.0781 0.8577 0.2756
47 -2.2968 5.0309 0.0628 0.7818 0.0418 -0.6221 0.8577 0.2514
47 -3.1876 6.6805 0.0615 0.3888 0.6785 -0.6233 0.8820 0.2513
NPCjames.jpg
47 -3.1876 6.6805 0.0615 0.3888 0.6785 -0.6233 0.8820 0.2513
47 -3.1795 6.8103 1.9115 0.4794 0.8764 -0.0465 0.8816 0.2758
47 -2.3293 5.1458 2.0296 0.9955 0.0543 0.0781 0.8577 0.2756
NPCjames.jpg
46 -3.3908 3.0597 11.2092 0.7609 -0.5936 -0.2620 0.8404 0.4005
46 -3.5280 3.5393 7.0856 0.8385 -0.5448 -0.0041 0.8390 0.3464
46 -2.8750 4.7777 10.5126 0.9893 0.0034 -0.1460 0.8608 0.3865
NPCjames.jpg
46 -3.5983 0.9558 17.5541 0.6227 -0.7793 -0.0703 0.8309 0.4863
46 -3.2270 1.2715 18.6071 0.9009 -0.3837 -0.2026 0.8365 0.4989
46 -3.4230 0.7548 18.7143 0.5273 -0.7840 -0.3274 0.8297 0.5014
NPCjames.jpg
46 -1.9841 4.0093 15.9767 0.9802 0.0652 0.1869 0.8702 0.4555
46 -3.5983 0.9558 17.5541 0.6227 -0.7793 -0.0703 0.8309 0.4863
46 -2.7918 1.6042 14.7530 0.7331 -0.6640 -0.1474 0.8376 0.4486
NPCjames.jpg
47 -3.0902 6.8472 4.4369 0.5636 0.7981 0.2131 0.8796 0.3079
47 -3.2298 3.5546 4.7503 0.9006 -0.3931 0.1853 0.8354 0.3110
47 -2.3293 5.1458 2.0296 0.9955 0.0543 0.0781 0.8577 0.2756
NPCjames.jpg
46 -7.4846 -0.2299 15.6419 -0.5120 -0.8030 -0.3051 0.7728 0.4661
46 -3.5983 0.9558 17.5541 0.6227 -0.7793 -0.0703 0.8309 0.4863
46 -3.4230 0.7548 18.7143 0.5273 -0.7840 -0.3274 0.8297 0.5014
NPCjames.jpg
46 -3.4230 0.7548 18.7143 0.5273 -0.7840 -0.3274 0.8297 0.5014
46 -7.9526 -1.1650 19.1684 -0.4907 -0.7555 -0.4341 0.7685 0.5134
46 -7.4846 -0.2299 15.6419 -0.5120 -0.8030 -0.3051 0.7728 0.4661
NPCjames.jpg
46 -1.9841 4.0093 15.9767 0.9802 0.0652 0.1869 0.8702 0.4555
46 -2.1148 4.9339 13.5058 0.9846 0.1354 -0.1105 0.8726 0.4245
46 -3.3621 6.6018 15.3306 0.5409 0.8017 0.2544 0.9074 0.4418
NPCjames.jpg
46 -3.3621 6.6018 15.3306 0.5409 0.8017 0.2544 0.9074 0.4418
46 -3.4964 6.3282 16.4589 0.5047 0.7813 0.3672 0.9080 0.4585
46 -1.9841 4.0093 15.9767 0.9802 0.0652 0.1869 0.8702 0.4555
NPCjames.jpg
46 -3.1673 6.9987 13.6942 0.5804 0.8137 0.0317 0.9065 0.4176
46 -3.3621 6.6018 15.3306 0.5409 0.8017 0.2544 0.9074 0.4418
46 -2.1148 4.9339 13.5058 0.9846 0.1354 -0.1105 0.8726 0.4245
NPCjames.jpg
46 -2.1148 4.9339 13.5058 0.9846 0.1354 -0.1105 0.8726 0.4245
46 -2.8750 4.7777 10.5126 0.9893 0.0034 -0.1460 0.8608 0.3865
46 -3.5373 6.5196 10.7853 0.5667 0.8091 -0.1556 0.8897 0.3809
NPCjames.jpg
46 -3.5373 6.5196 10.7853 0.5667 0.8091 -0.1556 0.8897 0.3809
46 -3.1673 6.9987 13.6942 0.5804 0.8137 0.0317 0.9065 0.4176
46 -2.1148 4.9339 13.5058 0.9846 0.1354 -0.1105 0.8726 0.4245
NPCjames.jpg
47 -5.7286 2.8701 5.5618 -0.6235 -0.6243 0.4707 0.7958 0.3275
47 -4.6177 2.0066 4.5437 0.4644 -0.7510 0.4694 0.8050 0.3084
46 -4.1512 3.1342 6.5668 0.4218 -0.9014 0.0980 0.8220 0.3363
NPCjames.jpg
47 -7.4590 -0.8895 2.6071 -0.3110 -0.4441 0.8403 0.7496 0.2854
47 -6.5889 -1.2767 1.9785 0.4473 -0.6662 0.5967 0.7597 0.2694
47 -4.6177 2.0066 4.5437 0.4644 -0.7510 0.4694 0.8050 0.3084
NPCjames.jpg
47 -4.6177 2.0066 4.5437 0.4644 -0.7510 0.4694 0.8050 0.3084
47 -5.7286 2.8701 5.5618 -0.6235 -0.6243 0.4707 0.7958 0.3275
47 -7.4590 -0.8895 2.6071 -0.3110 -0.4441 0.8403 0.7496 0.2854
NPCjames.jpg
47 -8.7994 -3.3252 1.0533 -0.2987 -0.4921 0.8177 0.7178 0.2594
47 -9.4314 -4.5355 0.0595 -0.4672 -0.8568 -0.2184 0.7017 0.2417
47 -7.3940 -3.2422 0.0618 0.4918 -0.7333 -0.4695 0.7329 0.2431
NPCjames.jpg
47 -7.4590 -0.8895 2.6071 -0.3110 -0.4441 0.8403 0.7496 0.2854
47 -8.7994 -3.3252 1.0533 -0.2987 -0.4921 0.8177 0.7178 0.2594
47 -6.5889 -1.2767 1.9785 0.4473 -0.6662 0.5967 0.7597 0.2694
NPCjames.jpg
46 -7.4846 -0.2299 15.6419 -0.5120 -0.8030 -0.3051 0.7728 0.4661
46 -6.2354 2.1300 9.2020 -0.5204 -0.7770 -0.3541 0.7924 0.3756
46 -2.7918 1.6042 14.7530 0.7331 -0.6640 -0.1474 0.8376 0.4486
NPCjames.jpg
46 -7.9526 -1.1650 19.1684 -0.4907 -0.7555 -0.4341 0.7685 0.5134
46 -3.4230 0.7548 18.7143 0.5273 -0.7840 -0.3274 0.8297 0.5014
46 -2.5680 0.1181 20.3804 0.3018 -0.8390 -0.4527 0.8372 0.5243
NPCjames.jpg
46 -2.5680 0.1181 20.3804 0.3018 -0.8390 -0.4527 0.8372 0.5243
46 -8.4357 -2.9960 22.5750 -0.3902 -0.7868 -0.4782 0.7550 0.5569
46 -7.9526 -1.1650 19.1684 -0.4907 -0.7555 -0.4341 0.7685 0.5134
NPCjames.jpg
46 -3.5280 3.5393 7.0856 0.8385 -0.5448 -0.0041 0.8390 0.3464
46 -3.4562 6.3343 6.8854 0.6170 0.7864 0.0287 0.8750 0.3331
46 -2.8750 4.7777 10.5126 0.9893 0.0034 -0.1460 0.8608 0.3865
NPCjames.jpg
46 -3.5280 3.5393 7.0856 0.8385 -0.5448 -0.0041 0.8390 0.3464
46 -3.3908 3.0597 11.2092 0.7609 -0.5936 -0.2620 0.8404 0.4005
46 -6.2354 2.1300 9.2020 -0.5204 -0.7770 -0.3541 0.7924 0.3756
NPCjames.jpg
46 -6.2354 2.1300 9.2020 -0.5204 -0.7770 -0.3541 0.7924 0.3756
46 -4.1512 3.1342 6.5668 0.4218 -0.9014 0.0980 0.8220 0.3363
46 -3.5280 3.5393 7.0856 0.8385 -0.5448 -0.0041 0.8390 0.3464
NPCjames.jpg
46 -3.3908 3.0597 11.2092 0.7609 -0.5936 -0.2620 0.8404 0.4005
46 -2.7918 1.6042 14.7530 0.7331 -0.6640 -0.1474 0.8376 0.4486
46 -6.2354 2.1300 9.2020 -0.5204 -0.7770 -0.3541 0.7924 0.3756
NPCjames.jpg
46 -3.4562 6.3343 6.8854 0.6170 0.7864 0.0287 0.8750 0.3331
46 -3.5373 6.5196 10.7853 0.5667 0.8091 -0.1556 0.8897 0.3809
46 -2.8750 4.7777 10.5126 0.9893 0.0034 -0.1460 0.8608 0.3865
NPCjames.jpg
46 -5.7475 5.6338 7.2743 -0.8055 0.5813 -0.1152 0.8390 0.3464
46 -3.4562 6.3343 6.8854 0.6170 0.7864 0.0287 0.8750 0.3331
47 -3.0902 6.8472 4.4369 0.5636 0.7981 0.2131 0.8796 0.3079
NPCjames.jpg
47 -3.0902 6.8472 4.4369 0.5636 0.7981 0.2131 0.8796 0.3079
47 -5.8417 5.9448 4.6300 -0.7169 0.6840 0.1347 0.8354 0.3110
46 -5.7475 5.6338 7.2743 -0.8055 0.5813 -0.1152 0.8390 0.3464
NPCjames.jpg
47 -5.8417 5.9448 4.6300 -0.7169 0.6840 0.1347 0.8354 0.3110
46 -5.7731 4.5618 6.4155 -0.9969 0.0488 0.0610 0.8220 0.3363
46 -5.7475 5.6338 7.2743 -0.8055 0.5813 -0.1152 0.8390 0.3464
NPCjames.jpg
46 -5.7731 4.5618 6.4155 -0.9969 0.0488 0.0610 0.8220 0.3363
47 -5.7286 2.8701 5.5618 -0.6235 -0.6243 0.4707 0.7958 0.3275
46 -6.2354 2.1300 9.2020 -0.5204 -0.7770 -0.3541 0.7924 0.3756
NPCjames.jpg
46 -5.9094 7.4074 13.6758 -0.3638 0.9314 -0.0084 0.8726 0.4245
46 -6.8420 5.3979 11.4115 -0.9202 0.3159 -0.2311 0.8404 0.4005
46 -7.8840 4.7444 14.9490 -0.9575 0.2862 -0.0371 0.8376 0.4486
NPCjames.jpg
46 -7.8840 4.7444 14.9490 -0.9575 0.2862 -0.0371 0.8376 0.4486
46 -6.2097 6.6545 16.1262 -0.4156 0.8435 0.3403 0.8702 0.4555
46 -5.9094 7.4074 13.6758 -0.3638 0.9314 -0.0084 0.8726 0.4245
NPCjames.jpg
46 -7.4846 -0.2299 15.6419 -0.5120 -0.8030 -0.3051 0.7728 0.4661
46 -7.9663 3.3805 17.7288 -0.9668 0.2551 -0.0158 0.8309 0.4863
46 -7.8840 4.7444 14.9490 -0.9575 0.2862 -0.0371 0.8376 0.4486
NPCjames.jpg
46 -6.2097 6.6545 16.1262 -0.4156 0.8435 0.3403 0.8702 0.4555
46 -7.9663 3.3805 17.7288 -0.9668 0.2551 -0.0158 0.8309 0.4863
46 -6.0746 4.7866 18.6050 -0.4857 0.6852 0.5428 0.8660 0.4915
NPCjames.jpg
46 -6.2097 6.6545 16.1262 -0.4156 0.8435 0.3403 0.8702 0.4555
46 -6.0746 4.7866 18.6050 -0.4857 0.6852 0.5428 0.8660 0.4915
46 -4.2559 5.2727 18.8834 0.3503 0.7498 0.5614 0.8993 0.4950
NPCjames.jpg
46 -4.2559 5.2727 18.8834 0.3503 0.7498 0.5614 0.8993 0.4950
46 -3.4964 6.3282 16.4589 0.5047 0.7813 0.3672 0.9080 0.4585
46 -6.2097 6.6545 16.1262 -0.4156 0.8435 0.3403 0.8702 0.4555
NPCjames.jpg
46 -5.7480 6.6039 10.6243 -0.4380 0.8753 -0.2049 0.8608 0.3865
46 -6.8420 5.3979 11.4115 -0.9202 0.3159 -0.2311 0.8404 0.4005
46 -5.9094 7.4074 13.6758 -0.3638 0.9314 -0.0084 0.8726 0.4245
NPCjames.jpg
46 -5.7731 4.5618 6.4155 -0.9969 0.0488 0.0610 0.8220 0.3363
47 -5.8417 5.9448 4.6300 -0.7169 0.6840 0.1347 0.8354 0.3110
47 -6.5629 3.7333 4.4624 -0.9278 0.1104 0.3563 0.8050 0.3084
NPCjames.jpg
47 -3.1795 6.8103 1.9115 0.4794 0.8764 -0.0465 0.8816 0.2758
47 -5.0460 6.6600 1.9376 -0.4476 0.8942 -0.0092 0.8577 0.2756
47 -3.0902 6.8472 4.4369 0.5636 0.7981 0.2131 0.8796 0.3079
NPCjames.jpg
47 -6.5629 3.7333 4.4624 -0.9278 0.1104 0.3563 0.8050 0.3084
47 -5.8417 5.9448 4.6300 -0.7169 0.6840 0.1347 0.8354 0.3110
47 -7.0105 3.6181 2.4003 -0.9164 0.3871 0.1021 0.8107 0.2799
NPCjames.jpg
47 -5.8417 5.9448 4.6300 -0.7169 0.6840 0.1347 0.8354 0.3110
47 -5.0460 6.6600 1.9376 -0.4476 0.8942 -0.0092 0.8577 0.2756
47 -6.0306 5.4320 1.3813 -0.8666 0.3899 -0.3115 0.8385 0.2682
NPCjames.jpg
47 -7.0105 3.6181 2.4003 -0.9164 0.3871 0.1021 0.8107 0.2799
47 -5.8417 5.9448 4.6300 -0.7169 0.6840 0.1347 0.8354 0.3110
47 -6.0306 5.4320 1.3813 -0.8666 0.3899 -0.3115 0.8385 0.2682
NPCjames.jpg
47 -7.0105 3.6181 2.4003 -0.9164 0.3871 0.1021 0.8107 0.2799
47 -6.0306 5.4320 1.3813 -0.8666 0.3899 -0.3115 0.8385 0.2682
47 -7.5370 2.5147 0.0618 -0.4274 0.4670 -0.7741 0.7983 0.2478
NPCjames.jpg
47 -9.0487 0.7665 0.0618 -0.8370 0.2488 -0.4873 0.7688 0.2457
47 -8.1584 -0.2085 1.9009 -0.8247 0.0466 0.5636 0.7597 0.2694
47 -7.0105 3.6181 2.4003 -0.9164 0.3871 0.1021 0.8107 0.2799
NPCjames.jpg
47 -7.0105 3.6181 2.4003 -0.9164 0.3871 0.1021 0.8107 0.2799
47 -7.5370 2.5147 0.0618 -0.4274 0.4670 -0.7741 0.7983 0.2478
47 -9.0487 0.7665 0.0618 -0.8370 0.2488 -0.4873 0.7688 0.2457
NPCjames.jpg
47 -6.5629 3.7333 4.4624 -0.9278 0.1104 0.3563 0.8050 0.3084
47 -7.0105 3.6181 2.4003 -0.9164 0.3871 0.1021 0.8107 0.2799
47 -8.1584 -0.2085 1.9009 -0.8247 0.0466 0.5636 0.7597 0.2694
NPCjames.jpg
47 -8.1584 -0.2085 1.9009 -0.8247 0.0466 0.5636 0.7597 0.2694
47 -9.4146 -2.1160 0.0612 -0.8801 0.0432 -0.4729 0.7329 0.2431
47 -8.7994 -3.3252 1.0533 -0.2987 -0.4921 0.8177 0.7178 0.2594
NPCjames.jpg
47 -8.1584 -0.2085 1.9009 -0.8247 0.0466 0.5636 0.7597 0.2694
47 -9.0487 0.7665 0.0618 -0.8370 0.2488 -0.4873 0.7688 0.2457
47 -9.4146 -2.1160 0.0612 -0.8801 0.0432 -0.4729 0.7329 0.2431
NPCjames.jpg
47 -6.0306 5.4320 1.3813 -0.8666 0.3899 -0.3115 0.8385 0.2682
47 -5.0460 6.6600 1.9376 -0.4476 0.8942 -0.0092 0.8577 0.2756
47 -5.0641 6.5732 0.0619 -0.3622 0.6770 -0.6407 0.8577 0.2514
NPCjames.jpg
47 -5.0641 6.5732 0.0619 -0.3622 0.6770 -0.6407 0.8577 0.2514
47 -5.9105 5.4223 0.0620 -0.7771 -0.1804 -0.6030 0.8392 0.2511
47 -6.0306 5.4320 1.3813 -0.8666 0.3899 -0.3115 0.8385 0.2682
NPCjames.jpg
47 -5.0460 6.6600 1.9376 -0.4476 0.8942 -0.0092 0.8577 0.2756
47 -3.1795 6.8103 1.9115 0.4794 0.8764 -0.0465 0.8816 0.2758
47 -3.1876 6.6805 0.0615 0.3888 0.6785 -0.6233 0.8820 0.2513
NPCjames.jpg
47 -3.1876 6.6805 0.0615 0.3888 0.6785 -0.6233 0.8820 0.2513
47 -5.0641 6.5732 0.0619 -0.3622 0.6770 -0.6407 0.8577 0.2514
47 -5.0460 6.6600 1.9376 -0.4476 0.8942 -0.0092 0.8577 0.2756
NPCjames.jpg
46 -6.8420 5.3979 11.4115 -0.9202 0.3159 -0.2311 0.8404 0.4005
46 -5.7480 6.6039 10.6243 -0.4380 0.8753 -0.2049 0.8608 0.3865
46 -5.7475 5.6338 7.2743 -0.8055 0.5813 -0.1152 0.8390 0.3464
NPCjames.jpg
46 -7.9663 3.3805 17.7288 -0.9668 0.2551 -0.0158 0.8309 0.4863
46 -8.2872 3.2305 18.8463 -0.9293 0.1622 -0.3319 0.8297 0.5014
46 -7.7938 3.5936 18.7511 -0.5996 0.7976 -0.0651 0.8365 0.4989
NPCjames.jpg
46 -6.2097 6.6545 16.1262 -0.4156 0.8435 0.3403 0.8702 0.4555
46 -7.8840 4.7444 14.9490 -0.9575 0.2862 -0.0371 0.8376 0.4486
46 -7.9663 3.3805 17.7288 -0.9668 0.2551 -0.0158 0.8309 0.4863
NPCjames.jpg
47 -3.0902 6.8472 4.4369 0.5636 0.7981 0.2131 0.8796 0.3079
47 -5.0460 6.6600 1.9376 -0.4476 0.8942 -0.0092 0.8577 0.2756
47 -5.8417 5.9448 4.6300 -0.7169 0.6840 0.1347 0.8354 0.3110
NPCjames.jpg
46 -7.4846 -0.2299 15.6419 -0.5120 -0.8030 -0.3051 0.7728 0.4661
46 -7.9526 -1.1650 19.1684 -0.4907 -0.7555 -0.4341 0.7685 0.5134
46 -8.2872 3.2305 18.8463 -0.9293 0.1622 -0.3319 0.8297 0.5014
NPCjames.jpg
46 -8.2872 3.2305 18.8463 -0.9293 0.1622 -0.3319 0.8297 0.5014
46 -7.9663 3.3805 17.7288 -0.9668 0.2551 -0.0158 0.8309 0.4863
46 -7.4846 -0.2299 15.6419 -0.5120 -0.8030 -0.3051 0.7728 0.4661
NPCjames.jpg
46 -3.3621 6.6018 15.3306 0.5409 0.8017 0.2544 0.9074 0.4418
46 -5.9094 7.4074 13.6758 -0.3638 0.9314 -0.0084 0.8726 0.4245
46 -6.2097 6.6545 16.1262 -0.4156 0.8435 0.3403 0.8702 0.4555
NPCjames.jpg
46 -6.2097 6.6545 16.1262 -0.4156 0.8435 0.3403 0.8702 0.4555
46 -3.4964 6.3282 16.4589 0.5047 0.7813 0.3672 0.9080 0.4585
46 -3.3621 6.6018 15.3306 0.5409 0.8017 0.2544 0.9074 0.4418
NPCjames.jpg
46 -3.1673 6.9987 13.6942 0.5804 0.8137 0.0317 0.9065 0.4176
46 -5.9094 7.4074 13.6758 -0.3638 0.9314 -0.0084 0.8726 0.4245
46 -3.3621 6.6018 15.3306 0.5409 0.8017 0.2544 0.9074 0.4418
NPCjames.jpg
46 -5.9094 7.4074 13.6758 -0.3638 0.9314 -0.0084 0.8726 0.4245
46 -3.1673 6.9987 13.6942 0.5804 0.8137 0.0317 0.9065 0.4176
46 -3.5373 6.5196 10.7853 0.5667 0.8091 -0.1556 0.8897 0.3809
NPCjames.jpg
46 -3.5373 6.5196 10.7853 0.5667 0.8091 -0.1556 0.8897 0.3809
46 -5.7480 6.6039 10.6243 -0.4380 0.8753 -0.2049 0.8608 0.3865
46 -5.9094 7.4074 13.6758 -0.3638 0.9314 -0.0084 0.8726 0.4245
NPCjames.jpg
47 -5.7286 2.8701 5.5618 -0.6235 -0.6243 0.4707 0.7958 0.3275
46 -5.7731 4.5618 6.4155 -0.9969 0.0488 0.0610 0.8220 0.3363
47 -6.5629 3.7333 4.4624 -0.9278 0.1104 0.3563 0.8050 0.3084
NPCjames.jpg
47 -7.4590 -0.8895 2.6071 -0.3110 -0.4441 0.8403 0.7496 0.2854
47 -5.7286 2.8701 5.5618 -0.6235 -0.6243 0.4707 0.7958 0.3275
47 -6.5629 3.7333 4.4624 -0.9278 0.1104 0.3563 0.8050 0.3084
NPCjames.jpg
47 -6.5629 3.7333 4.4624 -0.9278 0.1104 0.3563 0.8050 0.3084
47 -8.1584 -0.2085 1.9009 -0.8247 0.0466 0.5636 0.7597 0.2694
47 -7.4590 -0.8895 2.6071 -0.3110 -0.4441 0.8403 0.7496 0.2854
NPCjames.jpg
47 -8.7994 -3.3252 1.0533 -0.2987 -0.4921 0.8177 0.7178 0.2594
47 -9.4146 -2.1160 0.0612 -0.8801 0.0432 -0.4729 0.7329 0.2431
47 -9.4314 -4.5355 0.0595 -0.4672 -0.8568 -0.2184 0.7017 0.2417
NPCjames.jpg
47 -7.4590 -0.8895 2.6071 -0.3110 -0.4441 0.8403 0.7496 0.2854
47 -8.1584 -0.2085 1.9009 -0.8247 0.0466 0.5636 0.7597 0.2694
47 -8.7994 -3.3252 1.0533 -0.2987 -0.4921 0.8177 0.7178 0.2594
NPCjames.jpg
46 -7.4846 -0.2299 15.6419 -0.5120 -0.8030 -0.3051 0.7728 0.4661
46 -7.8840 4.7444 14.9490 -0.9575 0.2862 -0.0371 0.8376 0.4486
46 -6.2354 2.1300 9.2020 -0.5204 -0.7770 -0.3541 0.7924 0.3756
NPCjames.jpg
46 -7.9526 -1.1650 19.1684 -0.4907 -0.7555 -0.4341 0.7685 0.5134
46 -8.4357 -2.9960 22.5750 -0.3902 -0.7868 -0.4782 0.7550 0.5569
46 -9.3738 3.5885 20.5053 -0.8902 -0.1447 -0.4319 0.8372 0.5243
NPCjames.jpg
46 -9.3738 3.5885 20.5053 -0.8902 -0.1447 -0.4319 0.8372 0.5243
46 -8.2872 3.2305 18.8463 -0.9293 0.1622 -0.3319 0.8297 0.5014
46 -7.9526 -1.1650 19.1684 -0.4907 -0.7555 -0.4341 0.7685 0.5134
NPCjames.jpg
46 -3.4562 6.3343 6.8854 0.6170 0.7864 0.0287 0.8750 0.3331
46 -5.7475 5.6338 7.2743 -0.8055 0.5813 -0.1152 0.8390 0.3464
46 -5.7480 6.6039 10.6243 -0.4380 0.8753 -0.2049 0.8608 0.3865
NPCjames.jpg
46 -6.2354 2.1300 9.2020 -0.5204 -0.7770 -0.3541 0.7924 0.3756
46 -6.8420 5.3979 11.4115 -0.9202 0.3159 -0.2311 0.8404 0.4005
46 -5.7475 5.6338 7.2743 -0.8055 0.5813 -0.1152 0.8390 0.3464
NPCjames.jpg
46 -5.7475 5.6338 7.2743 -0.8055 0.5813 -0.1152 0.8390 0.3464
46 -5.7731 4.5618 6.4155 -0.9969 0.0488 0.0610 0.8220 0.3363
46 -6.2354 2.1300 9.2020 -0.5204 -0.7770 -0.3541 0.7924 0.3756
NPCjames.jpg
46 -6.2354 2.1300 9.2020 -0.5204 -0.7770 -0.3541 0.7924 0.3756
46 -7.8840 4.7444 14.9490 -0.9575 0.2862 -0.0371 0.8376 0.4486
46 -6.8420 5.3979 11.4115 -0.9202 0.3159 -0.2311 0.8404 0.4005
NPCjames.jpg
46 -3.4562 6.3343 6.8854 0.6170 0.7864 0.0287 0.8750 0.3331
46 -5.7480 6.6039 10.6243 -0.4380 0.8753 -0.2049 0.8608 0.3865
46 -3.5373 6.5196 10.7853 0.5667 0.8091 -0.1556 0.8897 0.3809
NPCjames.jpg
47 -2.8275 3.6468 1.4897 0.8119 -0.5462 -0.2062 0.9412 0.9386
47 -6.0306 5.4320 1.3813 -0.8666 0.3899 -0.3115 0.9401 0.9875
47 -5.9105 5.4223 0.0620 -0.7771 -0.1804 -0.6030 0.9419 0.9866
NPCjames.jpg
47 -5.9105 5.4223 0.0620 -0.7771 -0.1804 -0.6030 0.9419 0.9866
47 -2.8310 3.7060 0.0629 0.2743 -0.7628 -0.5856 0.9430 0.9396
47 -2.8275 3.6468 1.4897 0.8119 -0.5462 -0.2062 0.9412 0.9386
NPCjames.jpg
47 -4.1912 1.3723 0.0626 0.6659 -0.1051 -0.7386 0.9069 0.9404
47 -7.5370 2.5147 0.0618 -0.4274 0.4670 -0.7741 0.8995 0.9820
47 -6.0306 5.4320 1.3813 -0.8666 0.3899 -0.3115 0.9401 0.9875
NPCjames.jpg
47 -6.0306 5.4320 1.3813 -0.8666 0.3899 -0.3115 0.9401 0.9875
47 -2.8275 3.6468 1.4897 0.8119 -0.5462 -0.2062 0.9412 0.9386
47 -4.1912 1.3723 0.0626 0.6659 -0.1051 -0.7386 0.9069 0.9404
NPCjames.jpg
47 -2.8310 3.7060 0.0629 0.2743 -0.7628 -0.5856 0.9430 0.9396
47 -5.9105 5.4223 0.0620 -0.7771 -0.1804 -0.6030 0.9419 0.9866
47 -3.1876 6.6805 0.0615 0.3888 0.6785 -0.6233 0.9748 0.9638
NPCjames.jpg
47 -3.1876 6.6805 0.0615 0.3888 0.6785 -0.6233 0.9748 0.9638
47 -5.9105 5.4223 0.0620 -0.7771 -0.1804 -0.6030 0.9419 0.9866
47 -5.0641 6.5732 0.0619 -0.3622 0.6770 -0.6407 0.9608 0.9846
NPCjames.jpg
47 -2.8310 3.7060 0.0629 0.2743 -0.7628 -0.5856 0.9430 0.9396
47 -3.1876 6.6805 0.0615 0.3888 0.6785 -0.6233 0.9748 0.9638
47 -2.2968 5.0309 0.0628 0.7818 0.0418 -0.6221 0.9618 0.9424
NPCjames.jpg
47 -4.1912 1.3723 0.0626 0.6659 -0.1051 -0.7386 0.9069 0.9404
47 -5.2512 -1.4884 0.0631 0.6591 -0.5740 -0.4859 0.8680 0.9334
47 -9.0487 0.7665 0.0618 -0.8370 0.2488 -0.4873 0.8668 0.9894
NPCjames.jpg
47 -9.0487 0.7665 0.0618 -0.8370 0.2488 -0.4873 0.8668 0.9894
47 -7.5370 2.5147 0.0618 -0.4274 0.4670 -0.7741 0.8995 0.9820
47 -4.1912 1.3723 0.0626 0.6659 -0.1051 -0.7386 0.9069 0.9404
NPCjames.jpg
47 -5.2512 -1.4884 0.0631 0.6591 -0.5740 -0.4859 0.8680 0.9334
47 -7.3940 -3.2422 0.0618 0.4918 -0.7333 -0.4695 0.8327 0.9452
47 -9.4146 -2.1160 0.0612 -0.8801 0.0432 -0.4729 0.8321 0.9760
NPCjames.jpg
47 -9.4146 -2.1160 0.0612 -0.8801 0.0432 -0.4729 0.8321 0.9760
47 -9.0487 0.7665 0.0618 -0.8370 0.2488 -0.4873 0.8668 0.9894
47 -5.2512 -1.4884 0.0631 0.6591 -0.5740 -0.4859 0.8680 0.9334
NPCjames.jpg
47 -9.4146 -2.1160 0.0612 -0.8801 0.0432 -0.4729 0.8321 0.9760
47 -7.3940 -3.2422 0.0618 0.4918 -0.7333 -0.4695 0.8327 0.9452
47 -9.4314 -4.5355 0.0595 -0.4672 -0.8568 -0.2184 0.8044 0.9600
end
