version 1
nodes
0 "Bip01" -1
1 "Bip01 Footsteps" 0
2 "Bip01 Pelvis" 0
3 "Bip01 Spine" 2
4 "Bip01 Spine1" 3
5 "Bip01 Neck" 4
6 "Bip01 Head" 5
7 "Bip01 HeadNub" 6
8 "Bip01 L Clavicle" 5
9 "Bip01 L UpperArm" 8
10 "Bip01 L Forearm" 9
11 "Bip01 L Hand" 10
12 "Bip01 L Finger0" 11
13 "Bip01 L Finger01" 12
14 "Bip01 L Finger02" 13
15 "Bip01 L Finger0Nub" 14
16 "Bip01 L Finger1" 11
17 "Bip01 L Finger11" 16
18 "Bip01 L Finger12" 17
19 "Bip01 L Finger1Nub" 18
20 "Bip01 L Finger2" 11
21 "Bip01 L Finger21" 20
22 "Bip01 L Finger22" 21
23 "Bip01 L Finger2Nub" 22
24 "Bip01 R Clavicle" 5
25 "Bip01 R UpperArm" 24
26 "Bip01 R Forearm" 25
27 "Bip01 R Hand" 26
28 "Bip01 R Finger0" 27
29 "Bip01 R Finger01" 28
30 "Bip01 R Finger02" 29
31 "Bip01 R Finger0Nub" 30
32 "Bip01 R Finger1" 27
33 "Bip01 R Finger11" 32
34 "Bip01 R Finger12" 33
35 "Bip01 R Finger1Nub" 34
36 "Bip01 R Finger2" 27
37 "Bip01 R Finger21" 36
38 "Bip01 R Finger22" 37
39 "Bip01 R Finger2Nub" 38
40 "Bip01 L Thigh" 3
41 "Bip01 L Calf" 40
42 "Bip01 L Foot" 41
43 "Bip01 L Toe0" 42
44 "Bip01 L Toe0Nub" 43
45 "Bip01 R Thigh" 3
46 "Bip01 R Calf" 45
47 "Bip01 R Foot" 46
48 "Bip01 R Toe0" 47
49 "Bip01 R Toe0Nub" 48
50 "Bone09" 2
51 "Bone10" 50
52 "Bone11" 51
53 "Bone12" 52
54 "Bone05" 2
55 "Bone06" 54
56 "Bone07" 55
57 "Bone08" 56
58 "Bone01" 2
59 "Bone02" 58
60 "Bone03" 59
61 "Bone04" 60
62 "Bone13" 2
63 "Bone14" 62
64 "Bone15" 63
65 "Bone16" 64
end
skeleton
time 0
0 -1.347103 0.996494 35.968327 0.036673 0.000000 -1.852293
1 0.000000 -1.318873 -35.947224 0.010192 0.035229 1.852473
2 0.000000 0.000000 0.000000 3.141593 -1.539762 1.570798
3 4.858097 -0.006162 -0.151685 0.139780 -0.062613 -0.012362
4 7.816597 -0.007683 -0.000875 0.113901 0.082103 0.009384
5 9.710861 -0.001965 0.000000 0.000000 -0.000000 0.000000
6 2.467438 0.000000 0.000000 0.029081 -0.037232 -0.058954
7 7.731307 0.000000 0.000000 0.000000 -0.000000 0.000000
8 -0.763014 0.002566 3.049178 3.140796 -1.570796 0.000000
9 4.276893 0.000000 0.000002 0.443569 1.221027 0.502738
10 13.216448 0.000000 -0.000001 0.000000 -0.000000 -0.321642
11 10.099730 0.000000 -0.000001 -2.029651 0.227977 0.160217
12 0.855657 0.776818 -1.992121 1.135635 0.207827 0.479601
13 1.028097 0.000000 0.000000 0.000000 -0.000000 0.618657
14 1.572822 0.000000 0.000000 0.000000 -0.000000 0.361387
15 1.838196 -0.000001 0.000001 0.000000 -0.000000 0.000000
16 3.790161 0.417838 -1.620308 0.037345 0.168725 0.437291
17 1.585165 0.000000 0.000000 0.000000 -0.000000 0.818443
18 1.233720 0.000000 0.000001 0.000000 -0.000000 0.799427
19 1.455486 0.000000 0.000000 0.000000 -0.000000 0.000000
20 3.790162 0.000253 0.318445 -0.014142 -0.064309 0.621844
21 1.438407 -0.000001 0.000000 0.000000 -0.000000 0.402189
22 1.239884 0.000002 0.000001 0.000000 -0.000000 0.837899
23 1.028098 -0.000001 0.000000 0.000000 -0.000000 0.000000
24 -0.763013 0.002583 -3.049178 -2.507453 1.484236 0.631554
25 4.276892 0.000000 -0.000003 -0.190162 -1.325664 0.238111
26 13.216450 0.000000 0.000001 0.000000 -0.000000 -0.458127
27 10.099728 0.000000 0.000001 2.159924 -0.324763 -0.039535
28 0.855654 0.776818 1.992121 -1.163146 -0.543942 0.335849
29 1.028100 0.000002 0.000000 0.000000 -0.000000 0.257269
30 1.572820 -0.000001 0.000002 0.000000 -0.000000 0.000000
31 1.838196 0.000001 0.000000 0.000000 -0.000000 -3.141592
32 3.790160 0.417838 1.620307 0.000790 -0.172768 0.213771
33 1.585166 0.000000 -0.000001 0.000000 -0.000000 0.598149
34 1.233719 0.000000 -0.000002 0.000000 -0.000000 0.579134
35 1.455486 0.000001 0.000001 0.000000 -0.000000 -3.141592
36 3.790160 0.000253 -0.318447 0.000730 0.065839 0.416323
37 1.438408 0.000000 0.000000 0.000000 -0.000000 0.197099
38 1.239885 0.000000 0.000000 0.000000 -0.000000 0.632809
39 1.028099 0.000001 0.000000 0.000000 -0.000000 -3.141592
40 -4.515870 0.727719 5.558979 3.130765 -0.093528 3.071478
41 16.449583 0.000000 0.000000 0.000000 -0.000000 -0.139902
42 15.566287 0.000000 0.000000 -0.284129 -0.034323 0.065177
43 4.082387 7.769351 0.000000 0.000000 -0.035964 1.570796
44 0.493487 0.000000 0.000000 0.000000 -0.000000 -3.141592
45 -5.161715 -0.707567 -4.642138 -2.940947 -0.078642 3.122455
46 16.449581 0.000000 0.000000 0.000000 -0.000000 -0.161193
47 15.566288 0.000000 0.000000 0.136137 -0.024736 0.142327
48 4.082387 7.769351 0.000000 0.000000 -0.000000 1.570796
49 0.493488 0.000000 0.000000 0.000000 -0.000000 0.000000
50 1.723507 0.620937 -6.894467 1.697433 0.322482 3.021720
51 10.575605 0.000060 0.000001 0.067077 0.035786 0.094841
52 10.205497 0.000000 0.000000 -0.024201 0.385069 -0.059580
53 9.258061 0.000003 0.000001 0.000000 -0.000000 0.000000
54 -1.170632 -6.100732 -3.876530 2.690133 0.128074 -3.038018
55 6.475051 0.000005 0.000001 0.090007 -0.073576 -0.094416
56 9.146826 0.000001 0.000001 -0.193234 0.089460 -0.109826
57 8.841339 0.000003 0.000000 0.000000 -0.000000 0.000000
58 1.602071 0.620974 6.742610 1.543358 -0.381012 3.040943
59 10.011530 0.000000 0.000000 -0.122079 -0.058220 -0.063531
60 8.821379 0.000000 0.000000 -0.025080 0.058795 -0.020453
61 12.678901 0.000003 0.000000 0.000000 -0.000000 0.000000
62 -1.167326 -6.143956 4.892939 -1.361013 -0.070978 -3.050295
63 6.573833 0.000004 -0.000001 0.038354 -0.084256 -0.036156
64 8.647152 0.000000 0.000000 -0.011836 -0.199594 0.033305
65 10.390688 0.000000 -0.000001 0.000000 -0.000000 0.000000
time 1
0 -1.347103 0.996494 35.968327 0.036673 0.000000 -1.852293
1 0.000000 -1.318873 -35.947224 0.010192 0.035229 1.852473
2 0.000000 0.000000 0.000000 3.141593 -1.539762 1.570798
3 4.858097 -0.006162 -0.151685 0.139780 -0.062613 -0.012362
4 7.816597 -0.007683 -0.000875 0.113901 0.082103 0.009384
5 9.710861 -0.001965 0.000000 0.000000 -0.000000 0.000000
6 2.467438 0.000000 0.000000 0.029081 -0.037232 -0.058954
7 7.731307 0.000000 0.000000 0.000000 -0.000000 0.000000
8 -0.763014 0.002566 3.049178 3.140796 -1.570796 0.000000
9 4.276893 0.000000 0.000002 0.443569 1.221027 0.502738
10 13.216448 0.000000 -0.000001 0.000000 -0.000000 -0.321642
11 10.099730 0.000000 -0.000001 -2.029651 0.227977 0.160217
12 0.855657 0.776818 -1.992121 1.135635 0.207827 0.479601
13 1.028097 0.000000 0.000000 0.000000 -0.000000 0.618657
14 1.572822 0.000000 0.000000 0.000000 -0.000000 0.361387
15 1.838196 -0.000001 0.000001 0.000000 -0.000000 0.000000
16 3.790161 0.417838 -1.620308 0.037345 0.168725 0.437291
17 1.585165 0.000000 0.000000 0.000000 -0.000000 0.818443
18 1.233720 0.000000 0.000001 0.000000 -0.000000 0.799427
19 1.455486 0.000000 0.000000 0.000000 -0.000000 0.000000
20 3.790162 0.000253 0.318445 -0.014142 -0.064309 0.621844
21 1.438407 -0.000001 0.000000 0.000000 -0.000000 0.402189
22 1.239884 0.000002 0.000001 0.000000 -0.000000 0.837899
23 1.028098 -0.000001 0.000000 0.000000 -0.000000 0.000000
24 -0.763013 0.002583 -3.049178 -2.507453 1.484236 0.631554
25 4.276892 0.000000 -0.000003 -0.190162 -1.325664 0.238111
26 13.216450 0.000000 0.000001 0.000000 -0.000000 -0.458127
27 10.099728 0.000000 0.000001 2.159924 -0.324763 -0.039535
28 0.855654 0.776818 1.992121 -1.163146 -0.543942 0.335849
29 1.028100 0.000002 0.000000 0.000000 -0.000000 0.257269
30 1.572820 -0.000001 0.000002 0.000000 -0.000000 0.000000
31 1.838196 0.000001 0.000000 0.000000 -0.000000 -3.141592
32 3.790160 0.417838 1.620307 0.000790 -0.172768 0.213771
33 1.585166 0.000000 -0.000001 0.000000 -0.000000 0.598149
34 1.233719 0.000000 -0.000002 0.000000 -0.000000 0.579134
35 1.455486 0.000001 0.000001 0.000000 -0.000000 -3.141592
36 3.790160 0.000253 -0.318447 0.000730 0.065839 0.416323
37 1.438408 0.000000 0.000000 0.000000 -0.000000 0.197099
38 1.239885 0.000000 0.000000 0.000000 -0.000000 0.632809
39 1.028099 0.000001 0.000000 0.000000 -0.000000 -3.141592
40 -4.515870 0.727719 5.558979 3.130765 -0.093528 3.071478
41 16.449583 0.000000 0.000000 0.000000 -0.000000 -0.139902
42 15.566287 0.000000 0.000000 -0.284129 -0.034323 0.065177
43 4.082387 7.769351 0.000000 0.000000 -0.035964 1.570796
44 0.493487 0.000000 0.000000 0.000000 -0.000000 -3.141592
45 -5.161715 -0.707567 -4.642138 -2.940947 -0.078642 3.122455
46 16.449581 0.000000 0.000000 0.000000 -0.000000 -0.161193
47 15.566288 0.000000 0.000000 0.136137 -0.024736 0.142327
48 4.082387 7.769351 0.000000 0.000000 -0.000000 1.570796
49 0.493488 0.000000 0.000000 0.000000 -0.000000 0.000000
50 1.723507 0.620937 -6.894467 1.697433 0.322482 3.021720
51 10.575605 0.000060 0.000001 0.067077 0.035786 0.094841
52 10.205497 0.000000 0.000000 -0.024201 0.385069 -0.059580
53 9.258061 0.000003 0.000001 0.000000 -0.000000 0.000000
54 -1.170632 -6.100732 -3.876530 2.690133 0.128074 -3.038018
55 6.475051 0.000005 0.000001 0.090007 -0.073576 -0.094416
56 9.146826 0.000001 0.000001 -0.193234 0.089460 -0.109826
57 8.841339 0.000003 0.000000 0.000000 -0.000000 0.000000
58 1.602071 0.620974 6.742610 1.543358 -0.381012 3.040943
59 10.011530 0.000000 0.000000 -0.122079 -0.058220 -0.063531
60 8.821379 0.000000 0.000000 -0.025080 0.058795 -0.020453
61 12.678901 0.000003 0.000000 0.000000 -0.000000 0.000000
62 -1.167326 -6.143956 4.892939 -1.361013 -0.070978 -3.050295
63 6.573833 0.000004 -0.000001 0.038354 -0.084256 -0.036156
64 8.647152 0.000000 0.000000 -0.011836 -0.199594 0.033305
65 10.390688 0.000000 -0.000001 0.000000 -0.000000 0.000000
time 2
0 -1.347103 0.643391 35.968327 0.036675 0.010481 -1.851908
1 0.377023 -1.318873 -35.945240 0.000109 0.038142 1.852103
2 0.000000 -0.000000 0.000001 3.141593 -1.539762 1.570798
3 4.857897 -0.006156 -0.151697 0.141693 -0.058129 -0.044071
4 7.816976 -0.007670 -0.000905 0.117696 0.076550 0.057261
5 9.710858 -0.001965 0.000000 0.000000 -0.000000 0.000000
6 2.467441 0.000000 -0.000000 0.025866 -0.033819 -0.070429
7 7.731310 0.000000 0.000000 0.000000 -0.000000 0.000000
8 -0.763010 0.002566 3.049178 -0.000069 -1.530825 3.140866
9 4.276893 0.000000 0.000000 0.352659 1.192622 0.414734
10 13.216450 0.000000 -0.000001 0.000000 -0.000000 -0.321642
11 10.099729 0.000000 -0.000001 -2.030440 0.234736 0.156776
12 0.855655 0.776817 -1.992121 1.136293 0.200986 0.482846
13 1.028100 -0.000000 0.000001 0.000000 -0.000000 0.626200
14 1.572820 0.000001 -0.000001 0.000000 -0.000000 0.368930
15 1.838196 0.000001 -0.000001 0.000000 -0.000000 0.000000
16 3.790158 0.417838 -1.620308 0.038627 0.168438 0.444937
17 1.585165 0.000000 0.000000 0.000000 -0.000000 0.825986
18 1.233719 0.000001 0.000000 0.000000 -0.000000 0.806970
19 1.455486 0.000001 0.000000 0.000000 -0.000000 0.000000
20 3.790158 0.000253 0.318445 -0.014627 -0.064201 0.629402
21 1.438407 -0.000000 0.000000 0.000000 -0.000000 0.409732
22 1.239885 0.000000 0.000000 0.000000 -0.000000 0.845442
23 1.028100 0.000001 0.000000 0.000000 -0.000000 0.000000
24 -0.763009 0.002583 -3.049178 -2.097389 1.511513 1.042644
25 4.276893 -0.000000 -0.000002 -0.103829 -1.300523 0.157635
26 13.216450 0.000000 0.000000 0.000000 -0.000000 -0.458127
27 10.099727 -0.000001 0.000000 2.162466 -0.335805 -0.047371
28 0.855654 0.776818 1.992122 -1.166280 -0.531724 0.341966
29 1.028101 0.000000 -0.000003 0.000000 -0.000000 0.270569
30 1.572822 -0.000001 0.000000 0.000000 -0.000000 0.013300
31 1.838195 0.000000 0.000001 0.000000 -0.000000 -3.141592
32 3.790159 0.417839 1.620309 -0.001531 -0.172763 0.227272
33 1.585165 -0.000000 0.000000 0.000000 -0.000000 0.611449
34 1.233719 0.000000 0.000000 0.000000 -0.000000 0.592433
35 1.455486 -0.000001 0.000000 0.000000 -0.000000 -3.141592
36 3.790162 0.000253 -0.318446 0.001607 0.065824 0.429652
37 1.438408 0.000001 0.000000 0.000000 -0.000000 0.210399
38 1.239885 -0.000001 0.000001 0.000000 -0.000000 0.646109
39 1.028098 -0.000001 0.000001 0.000000 -0.000000 -3.141592
40 -4.536617 0.583016 5.558980 3.130585 -0.090518 3.103147
41 16.449581 0.000000 0.000000 0.000000 -0.000000 -0.141596
42 15.566290 -0.000000 -0.000000 -0.284096 -0.032943 0.076965
43 4.082387 7.769351 0.000000 0.000000 -0.035964 1.570796
44 0.493487 0.000000 0.000000 0.000000 -0.000000 -3.141592
45 -5.136262 -0.872179 -4.642139 -2.941797 -0.077131 -3.120788
46 16.449583 -0.000000 0.000000 0.000000 -0.000000 -0.145766
47 15.566289 -0.000000 -0.000001 0.136481 -0.021050 0.144852
48 4.082387 7.769351 0.000001 0.000000 -0.000000 1.570796
49 0.493488 0.000000 0.000000 0.000000 -0.000000 0.000000
50 1.723509 0.620937 -6.894467 1.685069 0.309984 3.032649
51 10.575605 0.000060 0.000001 0.100427 0.014042 0.059721
52 10.205497 -0.000001 0.000000 -0.000161 0.357003 -0.083717
53 9.258061 0.000001 0.000001 0.000000 -0.000000 0.000000
54 -1.170631 -6.100732 -3.876530 2.679847 0.126470 -3.026013
55 6.475054 0.000005 -0.000000 0.149517 -0.097088 -0.054981
56 9.146827 0.000000 0.000001 -0.117440 0.072569 -0.082754
57 8.841337 0.000002 0.000000 0.000000 -0.000000 0.000000
58 1.602074 0.620974 6.742610 1.559362 -0.375637 3.048372
59 10.011530 0.000000 0.000000 -0.163282 -0.097474 -0.025008
60 8.821378 -0.000000 0.000001 -0.058743 0.041416 0.026601
61 12.678899 0.000003 0.000000 0.000000 -0.000000 0.000000
62 -1.167324 -6.143957 4.892939 -1.361725 -0.067967 -3.040865
63 6.573833 0.000004 0.000000 0.018182 -0.047451 -0.065459
64 8.647151 -0.000000 -0.000000 -0.024131 -0.174975 0.007065
65 10.390688 -0.000001 0.000000 0.000000 -0.000000 0.000000
time 3
0 -1.347103 0.253119 35.968327 0.036682 0.022066 -1.851483
1 0.793684 -1.318873 -35.938457 -0.011037 0.041358 1.851660
2 0.000000 -0.000000 0.000001 3.141593 -1.539762 1.570798
3 4.857677 -0.006143 -0.151709 0.143640 -0.053105 -0.079098
4 7.817382 -0.007636 -0.000935 0.121573 0.070210 0.110129
5 9.710862 -0.001965 0.000000 0.000000 -0.000000 0.000000
6 2.467439 0.000000 -0.000000 0.022484 -0.029914 -0.083129
7 7.731307 0.000000 0.000000 0.000000 -0.000000 0.000000
8 -0.763014 0.002567 3.049178 -0.000033 -1.486646 3.140829
9 4.276894 0.000000 0.000004 0.267343 1.158104 0.332004
10 13.216449 0.000001 0.000000 0.000000 -0.000000 -0.321642
11 10.099729 -0.000000 -0.000000 -2.031341 0.242203 0.152960
12 0.855656 0.776818 -1.992121 1.136994 0.193422 0.486422
13 1.028097 0.000000 0.000000 0.000000 -0.000000 0.634537
14 1.572825 -0.000001 0.000000 0.000000 -0.000000 0.377267
15 1.838195 -0.000001 0.000000 0.000000 -0.000000 0.000000
16 3.790160 0.417839 -1.620308 0.040043 0.168110 0.453387
17 1.585165 0.000001 0.000000 0.000000 -0.000000 0.834323
18 1.233719 -0.000000 0.000001 0.000000 -0.000000 0.815307
19 1.455486 -0.000001 0.000000 0.000000 -0.000000 0.000000
20 3.790159 0.000254 0.318446 -0.015162 -0.064076 0.637755
21 1.438407 0.000001 0.000000 0.000000 -0.000000 0.418069
22 1.239885 -0.000001 0.000000 0.000000 -0.000000 0.853779
23 1.028099 0.000000 0.000000 0.000000 -0.000000 0.000000
24 -0.763013 0.002583 -3.049178 -1.297852 1.517581 1.843313
25 4.276893 -0.000000 0.000000 -0.024695 -1.271095 0.083874
26 13.216448 -0.000000 0.000000 0.000000 -0.000000 -0.458127
27 10.099729 0.000001 0.000000 2.165393 -0.347987 -0.056102
28 0.855657 0.776817 1.992121 -1.169617 -0.518201 0.348625
29 1.028099 -0.000000 0.000000 0.000000 -0.000000 0.285269
30 1.572822 0.000000 0.000000 0.000000 -0.000000 0.027999
31 1.838196 0.000000 -0.000001 0.000000 -0.000000 -3.141592
32 3.790159 0.417840 1.620309 -0.004096 -0.172722 0.242193
33 1.585165 -0.000000 0.000001 0.000000 -0.000000 0.626149
34 1.233718 -0.000001 -0.000001 0.000000 -0.000000 0.607133
35 1.455486 0.000000 0.000000 0.000000 -0.000000 -3.141592
36 3.790161 0.000254 -0.318446 0.002575 0.065793 0.444383
37 1.438408 -0.000001 0.000001 0.000000 -0.000000 0.225099
38 1.239886 0.000001 0.000001 0.000000 -0.000000 0.660809
39 1.028099 0.000000 0.000001 0.000000 -0.000000 -3.141592
40 -4.554162 0.422401 5.558980 3.130210 -0.087172 3.140108
41 16.449581 0.000000 0.000000 0.000000 -0.000000 -0.139452
42 15.566289 -0.000000 -0.000000 -0.284002 -0.031419 0.087929
43 4.082387 7.769351 0.000000 0.000000 -0.035964 1.570796
44 0.493487 0.000000 0.000000 0.000000 -0.000000 -3.141592
45 -5.102028 -1.053067 -4.642139 -2.942937 -0.076105 -3.073432
46 16.449579 0.000000 0.000000 0.000000 -0.000000 -0.121961
47 15.566289 -0.000000 -0.000000 0.136942 -0.016990 0.144158
48 4.082387 7.769351 0.000000 0.000000 -0.000000 1.570796
49 0.493488 0.000000 0.000000 0.000000 -0.000000 0.000000
50 1.723508 0.620937 -6.894467 1.657868 0.282489 3.056692
51 10.575605 0.000060 0.000001 0.133777 -0.007702 0.024602
52 10.205497 -0.000002 0.000000 0.052726 0.295259 -0.136818
53 9.258061 0.000001 0.000000 0.000000 -0.000000 0.000000
54 -1.170631 -6.100733 -3.876530 2.657218 0.122942 -2.999601
55 6.475052 0.000006 -0.000000 0.209027 -0.120601 -0.015546
56 9.146824 0.000000 0.000001 0.049307 0.035411 -0.023194
57 8.841336 0.000001 0.000001 0.000000 -0.000000 0.000000
58 1.602074 0.620974 6.742610 1.594570 -0.363812 3.064717
59 10.011529 0.000000 0.000000 -0.204485 -0.136728 0.013515
60 8.821379 -0.000001 0.000000 -0.132802 0.003181 0.130122
61 12.678899 0.000002 0.000001 0.000000 -0.000000 0.000000
62 -1.167326 -6.143957 4.892939 -1.363293 -0.061344 -3.020119
63 6.573836 0.000004 0.000000 -0.001990 -0.010646 -0.094763
64 8.647151 -0.000000 -0.000000 -0.051180 -0.120812 -0.050664
65 10.390687 -0.000001 0.000001 0.000000 -0.000000 0.000000
time 4
0 -1.347103 -0.062816 35.968323 0.036691 0.031444 -1.851139
1 1.130904 -1.318873 -35.929424 -0.020062 0.043958 1.851275
2 0.000000 -0.000000 0.000002 3.141593 -1.539762 1.570798
3 4.857503 -0.006126 -0.151719 0.145087 -0.048990 -0.107439
4 7.817710 -0.007593 -0.000958 0.124461 0.064934 0.152891
5 9.710864 -0.001965 0.000000 0.000000 -0.000000 0.000000
6 2.467438 0.000000 0.000000 0.019882 -0.026657 -0.093421
7 7.731315 0.000000 0.000000 0.000000 -0.000000 0.000000
8 -0.763013 0.002566 3.049178 -0.000023 -1.450881 3.140819
9 4.276894 0.000000 -0.000002 0.208316 1.128242 0.274591
10 13.216449 -0.000001 -0.000001 0.000000 -0.000000 -0.321642
11 10.099732 -0.000000 -0.000001 -2.032094 0.248245 0.149861
12 0.855654 0.776818 -1.992121 1.137540 0.187298 0.489310
13 1.028102 0.000000 0.000001 0.000000 -0.000000 0.641286
14 1.572824 0.000000 0.000000 0.000000 -0.000000 0.384016
15 1.838195 0.000000 0.000000 0.000000 -0.000000 0.000000
16 3.790158 0.417839 -1.620308 0.041186 0.167836 0.460227
17 1.585165 0.000000 0.000000 0.000000 -0.000000 0.841072
18 1.233718 0.000001 0.000000 0.000000 -0.000000 0.822056
19 1.455486 0.000000 0.000000 0.000000 -0.000000 0.000000
20 3.790158 0.000254 0.318445 -0.015595 -0.063973 0.644517
21 1.438409 -0.000000 0.000000 0.000000 -0.000000 0.424818
22 1.239886 0.000001 0.000000 0.000000 -0.000000 0.860528
23 1.028099 -0.000001 0.000000 0.000000 -0.000000 0.000000
24 -0.763016 0.002583 -3.049179 -0.797115 1.499131 2.344966
25 4.276893 -0.000000 -0.000001 0.029246 -1.246301 0.033420
26 13.216451 0.000000 -0.000001 0.000000 -0.000000 -0.458127
27 10.099730 0.000000 0.000000 2.167856 -0.357831 -0.063227
28 0.855657 0.776818 1.992121 -1.172225 -0.507240 0.353942
29 1.028100 0.000001 -0.000001 0.000000 -0.000000 0.297168
30 1.572820 -0.000001 0.000003 0.000000 -0.000000 0.039899
31 1.838197 0.000000 0.000000 0.000000 -0.000000 -3.141592
32 3.790161 0.417839 1.620308 -0.006171 -0.172661 0.254272
33 1.585167 -0.000000 0.000000 0.000000 -0.000000 0.638048
34 1.233719 0.000000 0.000000 0.000000 -0.000000 0.619033
35 1.455486 0.000001 0.000000 0.000000 -0.000000 -3.141592
36 3.790159 0.000254 -0.318445 0.003359 0.065758 0.456309
37 1.438409 0.000001 -0.000001 0.000000 -0.000000 0.236998
38 1.239885 0.000000 -0.000001 0.000000 -0.000000 0.672708
39 1.028099 0.000000 -0.000001 0.000000 -0.000000 -3.141592
40 -4.564204 0.291990 5.558979 3.129779 -0.084444 -3.111584
41 16.449585 -0.000000 0.000000 0.000000 -0.000000 -0.134487
42 15.566290 -0.000000 -0.000000 -0.283883 -0.030095 0.095474
43 4.082387 7.769351 0.000000 0.000005 -0.035954 1.570451
44 0.493488 0.000000 0.000000 0.000000 -0.000000 -3.141592
45 -5.069645 -1.198543 -4.642140 -2.944134 -0.076092 -3.030972
46 16.449585 -0.000000 0.000000 0.000000 -0.000000 -0.094033
47 15.566288 0.000000 0.000000 0.137378 -0.013717 0.139134
48 4.082387 7.769351 0.000001 0.000000 -0.000000 1.570796
49 0.493487 0.000000 0.000000 0.000000 -0.000000 0.000000
50 1.723507 0.620937 -6.894466 1.630667 0.254994 3.080734
51 10.575606 0.000060 0.000001 0.112933 0.005888 0.046551
52 10.205499 0.000000 -0.000000 0.105613 0.233514 -0.189919
53 9.258061 0.000003 0.000000 0.000000 -0.000000 0.000000
54 -1.170629 -6.100731 -3.876530 2.634588 0.119414 -2.973190
55 6.475055 0.000006 0.000000 0.171833 -0.105906 -0.040193
56 9.146826 0.000000 0.000000 0.216054 -0.001747 0.036365
57 8.841338 0.000001 0.000001 0.000000 -0.000000 0.000000
58 1.602073 0.620974 6.742609 1.629778 -0.351987 3.081062
59 10.011530 0.000000 0.000000 -0.178733 -0.112194 -0.010562
60 8.821380 -0.000000 0.000000 -0.206860 -0.035055 0.233643
61 12.678902 0.000000 0.000000 0.000000 -0.000000 0.000000
62 -1.167327 -6.143956 4.892939 -1.364861 -0.054721 -2.999372
63 6.573834 0.000003 -0.000000 0.010618 -0.033649 -0.076448
64 8.647153 0.000000 -0.000000 -0.078230 -0.066649 -0.108393
65 10.390687 -0.000001 0.000001 0.000000 -0.000000 0.000000
time 5
0 -1.347103 -0.192907 35.968327 0.036696 0.035306 -1.850997
1 1.269733 -1.318873 -35.924801 -0.023779 0.045027 1.851110
2 -0.000000 0.000000 -0.000001 3.141593 -1.539762 1.570798
3 4.857430 -0.006118 -0.151722 0.145648 -0.047283 -0.119106
4 7.817840 -0.007571 -0.000966 0.125583 0.062727 0.170491
5 9.710859 -0.001965 0.000000 0.000000 -0.000000 0.000000
6 2.467438 0.000000 0.000000 0.018847 -0.025291 -0.097662
7 7.731309 0.000000 0.000000 0.000000 -0.000000 0.000000
8 -0.763012 0.002566 3.049178 -0.000021 -1.436155 3.140817
9 4.276893 0.000000 0.000000 0.186298 1.115528 0.253114
10 13.216448 0.000000 0.000000 0.000000 -0.000000 -0.321642
11 10.099729 0.000000 -0.000001 -2.032409 0.250733 0.148582
12 0.855656 0.776818 -1.992121 1.137760 0.184775 0.490496
13 1.028100 -0.000000 -0.000001 0.000000 -0.000000 0.644065
14 1.572821 0.000000 0.000001 0.000000 -0.000000 0.386795
15 1.838195 0.000000 -0.000001 0.000000 -0.000000 0.000000
16 3.790160 0.417839 -1.620308 0.041656 0.167721 0.463043
17 1.585164 0.000000 0.000000 0.000000 -0.000000 0.843851
18 1.233718 0.000002 0.000000 0.000000 -0.000000 0.824835
19 1.455486 0.000000 0.000000 0.000000 -0.000000 0.000000
20 3.790161 0.000253 0.318445 -0.015773 -0.063929 0.647302
21 1.438407 -0.000000 0.000000 0.000000 -0.000000 0.427597
22 1.239884 0.000001 0.000000 0.000000 -0.000000 0.863307
23 1.028099 0.000000 0.000000 0.000000 -0.000000 0.000000
24 -0.763011 0.002583 -3.049178 -0.669513 1.488167 2.472945
25 4.276893 -0.000000 -0.000001 0.049231 -1.235886 0.014644
26 13.216452 0.000000 0.000000 0.000000 -0.000000 -0.458127
27 10.099728 -0.000000 -0.000001 2.168894 -0.361880 -0.066176
28 0.855656 0.776818 1.992121 -1.173275 -0.502723 0.356112
29 1.028099 0.000001 0.000000 0.000000 -0.000000 0.302068
30 1.572823 -0.000001 0.000000 0.000000 -0.000000 0.044799
31 1.838196 0.000000 -0.000001 0.000000 -0.000000 -3.141592
32 3.790160 0.417838 1.620308 -0.007026 -0.172628 0.259246
33 1.585166 0.000001 0.000001 0.000000 -0.000000 0.642948
34 1.233719 -0.000001 0.000000 0.000000 -0.000000 0.623932
35 1.455485 -0.000001 0.000000 0.000000 -0.000000 -3.141592
36 3.790160 0.000254 -0.318445 0.003682 0.065741 0.461219
37 1.438408 0.000000 -0.000001 0.000000 -0.000000 0.241898
38 1.239885 0.000001 -0.000001 0.000000 -0.000000 0.677608
39 1.028099 -0.000001 -0.000001 0.000000 -0.000000 -3.141592
40 -4.567251 0.238217 5.558978 3.129569 -0.083317 -3.098178
41 16.449585 -0.000000 0.000000 0.000000 -0.000000 -0.131540
42 15.566289 -0.000000 -0.000000 -0.283822 -0.029682 0.097645
43 4.082387 7.769351 -0.000001 0.000000 -0.035964 1.570796
44 0.493487 0.000000 0.000000 0.000000 -0.000000 -3.141592
45 -5.055107 -1.258165 -4.642140 -2.944769 -0.076484 -3.011475
46 16.449581 0.000000 0.000000 0.000000 -0.000000 -0.078311
47 15.566286 -0.000000 -0.000000 0.137573 -0.012373 0.134892
48 4.082387 7.769351 0.000000 0.000000 -0.000000 1.570796
49 0.493487 0.000000 0.000000 0.000000 -0.000000 0.000000
50 1.723512 0.620937 -6.894467 1.618303 0.242497 3.091663
51 10.575606 0.000059 0.000001 0.067077 0.035786 0.094841
52 10.205498 -0.000001 -0.000000 0.129652 0.205448 -0.214056
53 9.258062 0.000002 0.000001 0.000000 -0.000000 0.000000
54 -1.170630 -6.100731 -3.876530 2.624302 0.117811 -2.961185
55 6.475053 0.000006 -0.000000 0.090007 -0.073575 -0.094416
56 9.146826 0.000001 0.000000 0.291849 -0.018637 0.063437
57 8.841338 0.000003 0.000001 0.000000 -0.000000 0.000000
58 1.602076 0.620973 6.742610 1.645781 -0.346612 3.088492
59 10.011529 0.000000 0.000000 -0.122079 -0.058220 -0.063531
60 8.821378 0.000000 -0.000000 -0.240523 -0.052434 0.280698
61 12.678899 0.000002 0.000000 0.000000 -0.000000 0.000000
62 -1.167324 -6.143957 4.892939 -1.365574 -0.051711 -2.989942
63 6.573832 0.000004 0.000000 0.038354 -0.084256 -0.036156
64 8.647150 -0.000000 0.000001 -0.090525 -0.042030 -0.134633
65 10.390686 -0.000001 0.000000 0.000000 -0.000000 0.000000
time 6
0 -1.347103 -0.062816 35.968323 0.036691 0.031444 -1.851139
1 1.130904 -1.318873 -35.929424 -0.020062 0.043958 1.851275
2 0.000000 -0.000000 0.000002 3.141593 -1.539762 1.570798
3 4.857503 -0.006126 -0.151718 0.145087 -0.048990 -0.107439
4 7.817710 -0.007593 -0.000958 0.124461 0.064934 0.152891
5 9.710864 -0.001965 0.000000 0.000000 -0.000000 0.000000
6 2.467438 0.000000 0.000000 0.019882 -0.026657 -0.093421
7 7.731315 0.000000 0.000000 0.000000 -0.000000 0.000000
8 -0.763013 0.002566 3.049178 -0.000023 -1.450881 3.140819
9 4.276893 0.000000 -0.000003 0.208316 1.128242 0.274591
10 13.216449 0.000000 -0.000001 0.000000 -0.000000 -0.321642
11 10.099732 -0.000000 -0.000002 -2.032094 0.248245 0.149861
12 0.855658 0.776818 -1.992121 1.137540 0.187298 0.489310
13 1.028102 0.000000 0.000000 0.000000 -0.000000 0.641286
14 1.572821 -0.000001 0.000000 0.000000 -0.000000 0.384016
15 1.838196 0.000001 0.000000 0.000000 -0.000000 0.000000
16 3.790162 0.417839 -1.620308 0.041186 0.167836 0.460227
17 1.585165 0.000000 0.000000 0.000000 -0.000000 0.841072
18 1.233717 -0.000001 0.000000 0.000000 -0.000000 0.822056
19 1.455486 0.000000 0.000000 0.000000 -0.000000 0.000000
20 3.790162 0.000254 0.318445 -0.015595 -0.063973 0.644517
21 1.438406 -0.000000 0.000000 0.000000 -0.000000 0.424818
22 1.239885 -0.000001 0.000000 0.000000 -0.000000 0.860528
23 1.028099 -0.000001 0.000000 0.000000 -0.000000 0.000000
24 -0.763016 0.002583 -3.049178 -0.797115 1.499131 2.344966
25 4.276893 -0.000000 -0.000002 0.029246 -1.246301 0.033420
26 13.216451 0.000000 -0.000001 0.000000 -0.000000 -0.458127
27 10.099730 0.000001 0.000000 2.167856 -0.357831 -0.063227
28 0.855656 0.776818 1.992121 -1.172225 -0.507240 0.353942
29 1.028100 0.000001 -0.000001 0.000000 -0.000000 0.297168
30 1.572819 -0.000001 0.000002 0.000000 -0.000000 0.039899
31 1.838196 0.000000 0.000000 0.000000 -0.000000 -3.141592
32 3.790161 0.417839 1.620308 -0.006171 -0.172661 0.254272
33 1.585167 -0.000000 0.000000 0.000000 -0.000000 0.638048
34 1.233719 0.000000 0.000000 0.000000 -0.000000 0.619033
35 1.455486 0.000001 0.000000 0.000000 -0.000000 -3.141592
36 3.790159 0.000254 -0.318445 0.003359 0.065758 0.456309
37 1.438409 0.000001 -0.000001 0.000000 -0.000000 0.236998
38 1.239885 0.000000 -0.000001 0.000000 -0.000000 0.672708
39 1.028099 0.000000 -0.000001 0.000000 -0.000000 -3.141592
40 -4.564204 0.291989 5.558979 3.129779 -0.084444 -3.111584
41 16.449585 -0.000000 0.000000 0.000000 -0.000000 -0.134487
42 15.566290 -0.000000 -0.000000 -0.283883 -0.030095 0.095474
43 4.082387 7.769351 0.000000 0.000005 -0.035954 1.570451
44 0.493488 0.000000 0.000000 0.000000 -0.000000 -3.141592
45 -5.069645 -1.198543 -4.642140 -2.944134 -0.076092 -3.030972
46 16.449585 -0.000000 0.000000 0.000000 -0.000000 -0.094033
47 15.566288 0.000000 0.000000 0.137378 -0.013717 0.139134
48 4.082387 7.769351 0.000001 0.000000 -0.000000 1.570796
49 0.493487 0.000000 0.000000 0.000000 -0.000000 0.000000
50 1.723507 0.620937 -6.894466 1.630667 0.254994 3.080734
51 10.575606 0.000060 0.000001 0.021222 0.065684 0.143130
52 10.205496 -0.000000 -0.000000 0.105613 0.233514 -0.189919
53 9.258063 0.000003 0.000001 0.000000 -0.000000 0.000000
54 -1.170629 -6.100731 -3.876530 2.634588 0.119414 -2.973190
55 6.475055 0.000006 0.000000 0.008180 -0.041245 -0.148640
56 9.146826 -0.000001 0.000000 0.216054 -0.001747 0.036365
57 8.841338 0.000002 0.000000 0.000000 -0.000000 0.000000
58 1.602073 0.620974 6.742609 1.629778 -0.351987 3.081062
59 10.011530 -0.000001 0.000000 -0.065425 -0.004245 -0.116500
60 8.821379 -0.000001 0.000000 -0.206860 -0.035055 0.233643
61 12.678901 0.000001 0.000000 0.000000 -0.000000 0.000000
62 -1.167327 -6.143956 4.892939 -1.364861 -0.054721 -2.999372
63 6.573834 0.000003 -0.000000 0.066091 -0.134863 0.004136
64 8.647150 -0.000000 0.000001 -0.078230 -0.066649 -0.108393
65 10.390686 0.000000 0.000000 0.000000 -0.000000 0.000000
time 7
0 -1.347103 0.253119 35.968327 0.036682 0.022066 -1.851483
1 0.793684 -1.318873 -35.938465 -0.011037 0.041358 1.851660
2 0.000000 -0.000000 0.000001 3.141593 -1.539762 1.570798
3 4.857677 -0.006143 -0.151709 0.143640 -0.053105 -0.079098
4 7.817382 -0.007636 -0.000935 0.121573 0.070210 0.110129
5 9.710862 -0.001965 0.000000 0.000000 -0.000000 0.000000
6 2.467439 0.000000 -0.000000 0.022484 -0.029914 -0.083129
7 7.731307 0.000000 0.000000 0.000000 -0.000000 0.000000
8 -0.763014 0.002567 3.049178 -0.000033 -1.486646 3.140829
9 4.276894 0.000000 0.000004 0.267343 1.158104 0.332004
10 13.216449 0.000001 0.000000 0.000000 -0.000000 -0.321642
11 10.099729 -0.000000 -0.000000 -2.031341 0.242203 0.152960
12 0.855656 0.776818 -1.992121 1.136994 0.193422 0.486422
13 1.028097 0.000000 -0.000001 0.000000 -0.000000 0.634537
14 1.572825 -0.000001 0.000001 0.000000 -0.000000 0.377267
15 1.838195 -0.000001 0.000000 0.000000 -0.000000 0.000000
16 3.790160 0.417839 -1.620308 0.040043 0.168110 0.453387
17 1.585165 0.000001 0.000000 0.000000 -0.000000 0.834323
18 1.233719 -0.000001 0.000001 0.000000 -0.000000 0.815307
19 1.455486 -0.000001 0.000000 0.000000 -0.000000 0.000000
20 3.790159 0.000254 0.318446 -0.015162 -0.064076 0.637755
21 1.438407 0.000001 0.000000 0.000000 -0.000000 0.418069
22 1.239885 -0.000001 0.000000 0.000000 -0.000000 0.853779
23 1.028099 0.000000 0.000000 0.000000 -0.000000 0.000000
24 -0.763013 0.002583 -3.049178 -1.297852 1.517581 1.843313
25 4.276893 -0.000000 0.000000 -0.024695 -1.271095 0.083874
26 13.216448 -0.000000 0.000000 0.000000 -0.000000 -0.458127
27 10.099729 0.000001 0.000000 2.165393 -0.347987 -0.056102
28 0.855657 0.776817 1.992121 -1.169617 -0.518201 0.348625
29 1.028099 -0.000000 0.000000 0.000000 -0.000000 0.285269
30 1.572822 0.000000 0.000000 0.000000 -0.000000 0.027999
31 1.838196 0.000000 -0.000001 0.000000 -0.000000 -3.141592
32 3.790159 0.417840 1.620309 -0.004096 -0.172722 0.242193
33 1.585165 -0.000000 0.000001 0.000000 -0.000000 0.626149
34 1.233718 -0.000001 -0.000001 0.000000 -0.000000 0.607133
35 1.455486 0.000000 0.000000 0.000000 -0.000000 -3.141592
36 3.790161 0.000254 -0.318446 0.002575 0.065793 0.444383
37 1.438408 -0.000001 0.000001 0.000000 -0.000000 0.225099
38 1.239886 0.000001 0.000001 0.000000 -0.000000 0.660809
39 1.028099 0.000000 0.000001 0.000000 -0.000000 -3.141592
40 -4.554162 0.422401 5.558980 3.130210 -0.087172 3.140108
41 16.449581 0.000000 0.000000 0.000000 -0.000000 -0.139452
42 15.566289 -0.000000 -0.000000 -0.284002 -0.031419 0.087929
43 4.082387 7.769351 0.000000 0.000000 -0.035964 1.570796
44 0.493487 0.000000 0.000000 0.000000 -0.000000 -3.141592
45 -5.102028 -1.053067 -4.642139 -2.942937 -0.076105 -3.073432
46 16.449579 0.000000 0.000000 0.000000 -0.000000 -0.121961
47 15.566289 -0.000000 -0.000000 0.136942 -0.016990 0.144158
48 4.082387 7.769351 0.000000 0.000000 -0.000000 1.570796
49 0.493488 0.000000 0.000000 0.000000 -0.000000 0.000000
50 1.723508 0.620937 -6.894467 1.657868 0.282489 3.056692
51 10.575605 0.000060 0.000001 0.000378 0.079274 0.165080
52 10.205497 0.000000 0.000000 0.052726 0.295259 -0.136818
53 9.258061 0.000002 0.000001 0.000000 -0.000000 0.000000
54 -1.170631 -6.100733 -3.876530 2.657218 0.122942 -2.999601
55 6.475052 0.000006 -0.000000 -0.029014 -0.026550 -0.173286
56 9.146826 0.000000 0.000001 0.049307 0.035411 -0.023194
57 8.841338 0.000000 0.000001 0.000000 -0.000000 0.000000
58 1.602074 0.620974 6.742610 1.594570 -0.363812 3.064717
59 10.011529 0.000000 0.000000 -0.039673 0.020289 -0.140577
60 8.821377 -0.000000 -0.000000 -0.132802 0.003181 0.130122
61 12.678900 0.000003 0.000000 0.000000 -0.000000 0.000000
62 -1.167326 -6.143957 4.892939 -1.363293 -0.061344 -3.020119
63 6.573836 0.000004 0.000000 0.078699 -0.157866 0.022451
64 8.647151 -0.000000 -0.000000 -0.051180 -0.120812 -0.050664
65 10.390687 0.000000 0.000001 0.000000 -0.000000 0.000000
time 8
0 -1.347103 0.643391 35.968327 0.036675 0.010481 -1.851908
1 0.377023 -1.318873 -35.945240 0.000109 0.038142 1.852103
2 0.000000 -0.000000 0.000001 3.141593 -1.539762 1.570798
3 4.857897 -0.006156 -0.151697 0.141693 -0.058129 -0.044071
4 7.816976 -0.007670 -0.000905 0.117696 0.076550 0.057261
5 9.710858 -0.001965 0.000000 0.000000 -0.000000 0.000000
6 2.467441 0.000000 -0.000000 0.025866 -0.033819 -0.070429
7 7.731310 0.000000 0.000000 0.000000 -0.000000 0.000000
8 -0.763010 0.002566 3.049178 -0.000069 -1.530825 3.140866
9 4.276892 0.000000 0.000000 0.352659 1.192621 0.414734
10 13.216450 0.000000 -0.000001 0.000000 -0.000000 -0.321642
11 10.099729 0.000000 -0.000001 -2.030440 0.234736 0.156776
12 0.855655 0.776817 -1.992122 1.136293 0.200986 0.482846
13 1.028100 -0.000000 0.000001 0.000000 -0.000000 0.626200
14 1.572820 0.000001 -0.000001 0.000000 -0.000000 0.368930
15 1.838196 0.000001 -0.000001 0.000000 -0.000000 0.000000
16 3.790158 0.417839 -1.620309 0.038627 0.168438 0.444937
17 1.585165 0.000000 0.000001 0.000000 -0.000000 0.825986
18 1.233719 0.000001 0.000000 0.000000 -0.000000 0.806970
19 1.455486 0.000000 0.000000 0.000000 -0.000000 0.000000
20 3.790158 0.000253 0.318445 -0.014627 -0.064201 0.629402
21 1.438407 -0.000000 0.000000 0.000000 -0.000000 0.409732
22 1.239885 0.000000 0.000000 0.000000 -0.000000 0.845442
23 1.028100 0.000001 0.000000 0.000000 -0.000000 0.000000
24 -0.763009 0.002583 -3.049178 -2.097389 1.511513 1.042644
25 4.276893 -0.000000 -0.000001 -0.103829 -1.300523 0.157635
26 13.216450 0.000000 0.000000 0.000000 -0.000000 -0.458127
27 10.099727 -0.000001 0.000000 2.162466 -0.335805 -0.047371
28 0.855654 0.776818 1.992122 -1.166280 -0.531724 0.341966
29 1.028101 0.000000 -0.000003 0.000000 -0.000000 0.270569
30 1.572822 -0.000001 0.000000 0.000000 -0.000000 0.013300
31 1.838195 0.000000 0.000001 0.000000 -0.000000 -3.141592
32 3.790159 0.417839 1.620309 -0.001531 -0.172763 0.227272
33 1.585165 -0.000000 0.000000 0.000000 -0.000000 0.611449
34 1.233719 0.000000 0.000000 0.000000 -0.000000 0.592433
35 1.455486 -0.000001 0.000000 0.000000 -0.000000 -3.141592
36 3.790162 0.000254 -0.318446 0.001607 0.065824 0.429652
37 1.438408 0.000000 -0.000001 0.000000 -0.000000 0.210399
38 1.239885 -0.000001 0.000001 0.000000 -0.000000 0.646109
39 1.028098 -0.000001 0.000001 0.000000 -0.000000 -3.141592
40 -4.536617 0.583016 5.558980 3.130585 -0.090518 3.103147
41 16.449581 0.000000 0.000000 0.000000 -0.000000 -0.141596
42 15.566290 -0.000000 -0.000000 -0.284096 -0.032943 0.076965
43 4.082387 7.769351 0.000000 0.000000 -0.035964 1.570796
44 0.493487 0.000000 0.000000 0.000000 -0.000000 -3.141592
45 -5.136262 -0.872179 -4.642139 -2.941797 -0.077131 -3.120788
46 16.449583 -0.000000 0.000000 0.000000 -0.000000 -0.145766
47 15.566289 -0.000000 -0.000001 0.136481 -0.021050 0.144852
48 4.082387 7.769351 0.000001 0.000000 -0.000000 1.570796
49 0.493488 0.000000 0.000000 0.000000 -0.000000 0.000000
50 1.723509 0.620937 -6.894467 1.685069 0.309984 3.032649
51 10.575605 0.000060 0.000001 0.025391 0.062966 0.138740
52 10.205497 0.000000 0.000000 -0.000161 0.357003 -0.083717
53 9.258061 0.000002 0.000001 0.000000 -0.000000 0.000000
54 -1.170631 -6.100732 -3.876530 2.679847 0.126470 -3.026013
55 6.475054 0.000005 -0.000000 0.015619 -0.044184 -0.143710
56 9.146824 0.000001 0.000000 -0.117440 0.072569 -0.082754
57 8.841337 0.000001 0.000001 0.000000 -0.000000 0.000000
58 1.602074 0.620974 6.742610 1.559362 -0.375637 3.048372
59 10.011530 0.000000 0.000000 -0.070575 -0.009152 -0.111685
60 8.821378 -0.000001 0.000000 -0.058743 0.041416 0.026601
61 12.678900 0.000003 0.000000 0.000000 -0.000000 0.000000
62 -1.167324 -6.143957 4.892939 -1.361725 -0.067967 -3.040865
63 6.573833 0.000004 0.000000 0.063569 -0.130262 0.000473
64 8.647152 0.000000 0.000001 -0.024131 -0.174975 0.007065
65 10.390687 -0.000001 0.000000 0.000000 -0.000000 0.000000
time 9
0 -1.347103 0.996494 35.968327 0.036673 0.000000 -1.852293
1 0.000000 -1.318873 -35.947224 0.010192 0.035229 1.852473
2 0.000000 0.000000 0.000000 3.141593 -1.539762 1.570798
3 4.858097 -0.006162 -0.151685 0.139780 -0.062613 -0.012362
4 7.816597 -0.007683 -0.000875 0.113901 0.082103 0.009384
5 9.710861 -0.001965 0.000000 0.000000 -0.000000 0.000000
6 2.467438 0.000000 0.000000 0.029081 -0.037232 -0.058954
7 7.731307 0.000000 0.000000 0.000000 -0.000000 0.000000
8 -0.763014 0.002566 3.049178 3.140796 -1.570796 0.000000
9 4.276893 0.000000 0.000002 0.443569 1.221027 0.502738
10 13.216448 0.000000 -0.000001 0.000000 -0.000000 -0.321642
11 10.099730 0.000000 -0.000001 -2.029651 0.227977 0.160217
12 0.855657 0.776818 -1.992121 1.135635 0.207827 0.479601
13 1.028097 0.000000 0.000000 0.000000 -0.000000 0.618657
14 1.572822 0.000000 0.000000 0.000000 -0.000000 0.361387
15 1.838196 -0.000001 0.000001 0.000000 -0.000000 0.000000
16 3.790161 0.417838 -1.620308 0.037345 0.168725 0.437291
17 1.585165 0.000000 0.000000 0.000000 -0.000000 0.818443
18 1.233720 0.000000 0.000001 0.000000 -0.000000 0.799427
19 1.455486 0.000000 0.000000 0.000000 -0.000000 0.000000
20 3.790162 0.000253 0.318445 -0.014142 -0.064309 0.621844
21 1.438407 -0.000001 0.000000 0.000000 -0.000000 0.402189
22 1.239884 0.000002 0.000001 0.000000 -0.000000 0.837899
23 1.028098 -0.000001 0.000000 0.000000 -0.000000 0.000000
24 -0.763013 0.002583 -3.049178 -2.507453 1.484236 0.631554
25 4.276892 0.000000 -0.000003 -0.190162 -1.325664 0.238111
26 13.216450 0.000000 0.000001 0.000000 -0.000000 -0.458127
27 10.099728 0.000000 0.000001 2.159924 -0.324763 -0.039535
28 0.855654 0.776818 1.992121 -1.163146 -0.543942 0.335849
29 1.028100 0.000002 0.000000 0.000000 -0.000000 0.257269
30 1.572820 -0.000001 0.000002 0.000000 -0.000000 0.000000
31 1.838196 0.000001 0.000000 0.000000 -0.000000 -3.141592
32 3.790160 0.417838 1.620307 0.000790 -0.172768 0.213771
33 1.585166 0.000000 -0.000001 0.000000 -0.000000 0.598149
34 1.233719 0.000000 -0.000002 0.000000 -0.000000 0.579134
35 1.455486 0.000001 0.000001 0.000000 -0.000000 -3.141592
36 3.790160 0.000253 -0.318447 0.000730 0.065839 0.416323
37 1.438408 0.000000 0.000000 0.000000 -0.000000 0.197099
38 1.239885 0.000000 0.000000 0.000000 -0.000000 0.632809
39 1.028099 0.000001 0.000000 0.000000 -0.000000 -3.141592
40 -4.515870 0.727719 5.558979 3.130765 -0.093528 3.071478
41 16.449583 0.000000 0.000000 0.000000 -0.000000 -0.139902
42 15.566287 0.000000 0.000000 -0.284129 -0.034323 0.065177
43 4.082387 7.769351 0.000000 0.000000 -0.035964 1.570796
44 0.493487 0.000000 0.000000 0.000000 -0.000000 -3.141592
45 -5.161715 -0.707567 -4.642138 -2.940947 -0.078642 3.122455
46 16.449581 0.000000 0.000000 0.000000 -0.000000 -0.161193
47 15.566288 0.000000 0.000000 0.136137 -0.024736 0.142327
48 4.082387 7.769351 0.000000 0.000000 -0.000000 1.570796
49 0.493488 0.000000 0.000000 0.000000 -0.000000 0.000000
50 1.723507 0.620937 -6.894467 1.697433 0.322482 3.021720
51 10.575605 0.000060 0.000001 0.067077 0.035786 0.094841
52 10.205497 0.000000 0.000000 -0.024201 0.385069 -0.059580
53 9.258061 0.000003 0.000001 0.000000 -0.000000 0.000000
54 -1.170632 -6.100732 -3.876530 2.690133 0.128074 -3.038018
55 6.475051 0.000005 0.000001 0.090007 -0.073576 -0.094416
56 9.146826 0.000001 0.000001 -0.193234 0.089460 -0.109826
57 8.841339 0.000003 0.000000 0.000000 -0.000000 0.000000
58 1.602071 0.620974 6.742610 1.543358 -0.381012 3.040943
59 10.011530 0.000000 0.000000 -0.122079 -0.058220 -0.063531
60 8.821379 0.000000 0.000000 -0.025080 0.058795 -0.020453
61 12.678901 0.000003 0.000000 0.000000 -0.000000 0.000000
62 -1.167326 -6.143956 4.892939 -1.361013 -0.070978 -3.050295
63 6.573833 0.000004 -0.000001 0.038354 -0.084256 -0.036156
64 8.647152 0.000000 0.000000 -0.011836 -0.199594 0.033305
65 10.390688 0.000000 -0.000001 0.000000 -0.000000 0.000000
time 10
0 -1.347103 0.643391 35.968327 0.036675 0.010481 -1.851908
1 0.377023 -1.318873 -35.945240 0.000109 0.038142 1.852103
2 0.000000 -0.000000 0.000001 3.141593 -1.539762 1.570798
3 4.857897 -0.006156 -0.151697 0.141693 -0.058129 -0.044071
4 7.816976 -0.007670 -0.000905 0.117696 0.076550 0.057261
5 9.710858 -0.001965 0.000000 0.000000 -0.000000 0.000000
6 2.467441 0.000000 -0.000000 0.025866 -0.033819 -0.070429
7 7.731310 0.000000 0.000000 0.000000 -0.000000 0.000000
8 -0.763010 0.002566 3.049178 -0.000069 -1.530825 3.140866
9 4.276893 0.000000 0.000000 0.352659 1.192622 0.414734
10 13.216450 0.000000 -0.000001 0.000000 -0.000000 -0.321642
11 10.099729 0.000000 -0.000001 -2.030440 0.234736 0.156776
12 0.855655 0.776817 -1.992121 1.136293 0.200986 0.482846
13 1.028100 -0.000000 0.000001 0.000000 -0.000000 0.626200
14 1.572820 0.000001 -0.000001 0.000000 -0.000000 0.368930
15 1.838196 0.000001 -0.000001 0.000000 -0.000000 0.000000
16 3.790158 0.417838 -1.620308 0.038627 0.168438 0.444937
17 1.585165 0.000000 0.000000 0.000000 -0.000000 0.825986
18 1.233719 0.000001 0.000000 0.000000 -0.000000 0.806970
19 1.455486 0.000001 0.000000 0.000000 -0.000000 0.000000
20 3.790158 0.000253 0.318445 -0.014627 -0.064201 0.629402
21 1.438407 -0.000000 0.000000 0.000000 -0.000000 0.409732
22 1.239885 0.000000 0.000000 0.000000 -0.000000 0.845442
23 1.028100 0.000001 0.000000 0.000000 -0.000000 0.000000
24 -0.763009 0.002583 -3.049178 -2.097389 1.511513 1.042644
25 4.276893 -0.000000 -0.000002 -0.103829 -1.300523 0.157635
26 13.216450 0.000000 0.000000 0.000000 -0.000000 -0.458127
27 10.099727 -0.000001 0.000000 2.162466 -0.335805 -0.047371
28 0.855654 0.776818 1.992122 -1.166280 -0.531724 0.341966
29 1.028101 0.000000 -0.000003 0.000000 -0.000000 0.270569
30 1.572822 -0.000001 0.000000 0.000000 -0.000000 0.013300
31 1.838195 0.000000 0.000001 0.000000 -0.000000 -3.141592
32 3.790159 0.417839 1.620309 -0.001531 -0.172763 0.227272
33 1.585165 -0.000000 0.000000 0.000000 -0.000000 0.611449
34 1.233719 0.000000 0.000000 0.000000 -0.000000 0.592433
35 1.455486 -0.000001 0.000000 0.000000 -0.000000 -3.141592
36 3.790162 0.000253 -0.318446 0.001607 0.065824 0.429652
37 1.438408 0.000001 0.000000 0.000000 -0.000000 0.210399
38 1.239885 -0.000001 0.000001 0.000000 -0.000000 0.646109
39 1.028098 -0.000001 0.000001 0.000000 -0.000000 -3.141592
40 -4.536617 0.583016 5.558980 3.130585 -0.090518 3.103147
41 16.449581 0.000000 0.000000 0.000000 -0.000000 -0.141596
42 15.566290 -0.000000 -0.000000 -0.284096 -0.032943 0.076965
43 4.082387 7.769351 0.000000 0.000000 -0.035964 1.570796
44 0.493487 0.000000 0.000000 0.000000 -0.000000 -3.141592
45 -5.136262 -0.872179 -4.642139 -2.941797 -0.077131 -3.120788
46 16.449583 -0.000000 0.000000 0.000000 -0.000000 -0.145766
47 15.566289 -0.000000 -0.000001 0.136481 -0.021050 0.144852
48 4.082387 7.769351 0.000001 0.000000 -0.000000 1.570796
49 0.493488 0.000000 0.000000 0.000000 -0.000000 0.000000
50 1.723509 0.620937 -6.894467 1.685069 0.309984 3.032649
51 10.575605 0.000060 0.000001 0.100427 0.014042 0.059721
52 10.205497 -0.000001 0.000000 -0.000161 0.357003 -0.083717
53 9.258061 0.000001 0.000001 0.000000 -0.000000 0.000000
54 -1.170631 -6.100732 -3.876530 2.679847 0.126470 -3.026013
55 6.475054 0.000005 -0.000000 0.149517 -0.097088 -0.054981
56 9.146827 0.000000 0.000001 -0.117440 0.072569 -0.082754
57 8.841337 0.000002 0.000000 0.000000 -0.000000 0.000000
58 1.602074 0.620974 6.742610 1.559362 -0.375637 3.048372
59 10.011530 0.000000 0.000000 -0.163282 -0.097474 -0.025008
60 8.821378 -0.000000 0.000001 -0.058743 0.041416 0.026601
61 12.678899 0.000003 0.000000 0.000000 -0.000000 0.000000
62 -1.167324 -6.143957 4.892939 -1.361725 -0.067967 -3.040865
63 6.573833 0.000004 0.000000 0.018182 -0.047451 -0.065459
64 8.647151 -0.000000 -0.000000 -0.024131 -0.174975 0.007065
65 10.390688 -0.000001 0.000000 0.000000 -0.000000 0.000000
time 11
0 -1.347103 0.253119 35.968327 0.036682 0.022066 -1.851483
1 0.793684 -1.318873 -35.938457 -0.011037 0.041358 1.851660
2 0.000000 -0.000000 0.000001 3.141593 -1.539762 1.570798
3 4.857677 -0.006143 -0.151709 0.143640 -0.053105 -0.079098
4 7.817382 -0.007636 -0.000935 0.121573 0.070210 0.110129
5 9.710862 -0.001965 0.000000 0.000000 -0.000000 0.000000
6 2.467439 0.000000 -0.000000 0.022484 -0.029914 -0.083129
7 7.731307 0.000000 0.000000 0.000000 -0.000000 0.000000
8 -0.763014 0.002567 3.049178 -0.000033 -1.486646 3.140829
9 4.276894 0.000000 0.000004 0.267343 1.158104 0.332004
10 13.216449 0.000001 0.000000 0.000000 -0.000000 -0.321642
11 10.099729 -0.000000 -0.000000 -2.031341 0.242203 0.152960
12 0.855656 0.776818 -1.992121 1.136994 0.193422 0.486422
13 1.028097 0.000000 0.000000 0.000000 -0.000000 0.634537
14 1.572825 -0.000001 0.000000 0.000000 -0.000000 0.377267
15 1.838195 -0.000001 0.000000 0.000000 -0.000000 0.000000
16 3.790160 0.417839 -1.620308 0.040043 0.168110 0.453387
17 1.585165 0.000001 0.000000 0.000000 -0.000000 0.834323
18 1.233719 -0.000000 0.000001 0.000000 -0.000000 0.815307
19 1.455486 -0.000001 0.000000 0.000000 -0.000000 0.000000
20 3.790159 0.000254 0.318446 -0.015162 -0.064076 0.637755
21 1.438407 0.000001 0.000000 0.000000 -0.000000 0.418069
22 1.239885 -0.000001 0.000000 0.000000 -0.000000 0.853779
23 1.028099 0.000000 0.000000 0.000000 -0.000000 0.000000
24 -0.763013 0.002583 -3.049178 -1.297852 1.517581 1.843313
25 4.276893 -0.000000 0.000000 -0.024695 -1.271095 0.083874
26 13.216448 -0.000000 0.000000 0.000000 -0.000000 -0.458127
27 10.099729 0.000001 0.000000 2.165393 -0.347987 -0.056102
28 0.855657 0.776817 1.992121 -1.169617 -0.518201 0.348625
29 1.028099 -0.000000 0.000000 0.000000 -0.000000 0.285269
30 1.572822 0.000000 0.000000 0.000000 -0.000000 0.027999
31 1.838196 0.000000 -0.000001 0.000000 -0.000000 -3.141592
32 3.790159 0.417840 1.620309 -0.004096 -0.172722 0.242193
33 1.585165 -0.000000 0.000001 0.000000 -0.000000 0.626149
34 1.233718 -0.000001 -0.000001 0.000000 -0.000000 0.607133
35 1.455486 0.000000 0.000000 0.000000 -0.000000 -3.141592
36 3.790161 0.000254 -0.318446 0.002575 0.065793 0.444383
37 1.438408 -0.000001 0.000001 0.000000 -0.000000 0.225099
38 1.239886 0.000001 0.000001 0.000000 -0.000000 0.660809
39 1.028099 0.000000 0.000001 0.000000 -0.000000 -3.141592
40 -4.554162 0.422401 5.558980 3.130210 -0.087172 3.140108
41 16.449581 0.000000 0.000000 0.000000 -0.000000 -0.139452
42 15.566289 -0.000000 -0.000000 -0.284002 -0.031419 0.087929
43 4.082387 7.769351 0.000000 0.000000 -0.035964 1.570796
44 0.493487 0.000000 0.000000 0.000000 -0.000000 -3.141592
45 -5.102028 -1.053067 -4.642139 -2.942937 -0.076105 -3.073432
46 16.449579 0.000000 0.000000 0.000000 -0.000000 -0.121961
47 15.566289 -0.000000 -0.000000 0.136942 -0.016990 0.144158
48 4.082387 7.769351 0.000000 0.000000 -0.000000 1.570796
49 0.493488 0.000000 0.000000 0.000000 -0.000000 0.000000
50 1.723508 0.620937 -6.894467 1.657868 0.282489 3.056692
51 10.575605 0.000060 0.000001 0.133777 -0.007702 0.024602
52 10.205497 -0.000002 0.000000 0.052726 0.295259 -0.136818
53 9.258061 0.000001 0.000000 0.000000 -0.000000 0.000000
54 -1.170631 -6.100733 -3.876530 2.657218 0.122942 -2.999601
55 6.475052 0.000006 -0.000000 0.209027 -0.120601 -0.015546
56 9.146824 0.000000 0.000001 0.049307 0.035411 -0.023194
57 8.841336 0.000001 0.000001 0.000000 -0.000000 0.000000
58 1.602074 0.620974 6.742610 1.594570 -0.363812 3.064717
59 10.011529 0.000000 0.000000 -0.204485 -0.136728 0.013515
60 8.821379 -0.000001 0.000000 -0.132802 0.003181 0.130122
61 12.678899 0.000002 0.000001 0.000000 -0.000000 0.000000
62 -1.167326 -6.143957 4.892939 -1.363293 -0.061344 -3.020119
63 6.573836 0.000004 0.000000 -0.001990 -0.010646 -0.094763
64 8.647151 -0.000000 -0.000000 -0.051180 -0.120812 -0.050664
65 10.390687 -0.000001 0.000001 0.000000 -0.000000 0.000000
time 12
0 -1.347103 -0.062816 35.968323 0.036691 0.031444 -1.851139
1 1.130904 -1.318873 -35.929424 -0.020062 0.043958 1.851275
2 0.000000 -0.000000 0.000002 3.141593 -1.539762 1.570798
3 4.857503 -0.006126 -0.151719 0.145087 -0.048990 -0.107439
4 7.817710 -0.007593 -0.000958 0.124461 0.064934 0.152891
5 9.710864 -0.001965 0.000000 0.000000 -0.000000 0.000000
6 2.467438 0.000000 0.000000 0.019882 -0.026657 -0.093421
7 7.731315 0.000000 0.000000 0.000000 -0.000000 0.000000
8 -0.763013 0.002566 3.049178 -0.000023 -1.450881 3.140819
9 4.276894 0.000000 -0.000002 0.208316 1.128242 0.274591
10 13.216449 -0.000001 -0.000001 0.000000 -0.000000 -0.321642
11 10.099732 -0.000000 -0.000001 -2.032094 0.248245 0.149861
12 0.855654 0.776818 -1.992121 1.137540 0.187298 0.489310
13 1.028102 0.000000 0.000001 0.000000 -0.000000 0.641286
14 1.572824 0.000000 0.000000 0.000000 -0.000000 0.384016
15 1.838195 0.000000 0.000000 0.000000 -0.000000 0.000000
16 3.790158 0.417839 -1.620308 0.041186 0.167836 0.460227
17 1.585165 0.000000 0.000000 0.000000 -0.000000 0.841072
18 1.233718 0.000001 0.000000 0.000000 -0.000000 0.822056
19 1.455486 0.000000 0.000000 0.000000 -0.000000 0.000000
20 3.790158 0.000254 0.318445 -0.015595 -0.063973 0.644517
21 1.438409 -0.000000 0.000000 0.000000 -0.000000 0.424818
22 1.239886 0.000001 0.000000 0.000000 -0.000000 0.860528
23 1.028099 -0.000001 0.000000 0.000000 -0.000000 0.000000
24 -0.763016 0.002583 -3.049179 -0.797115 1.499131 2.344966
25 4.276893 -0.000000 -0.000001 0.029246 -1.246301 0.033420
26 13.216451 0.000000 -0.000001 0.000000 -0.000000 -0.458127
27 10.099730 0.000000 0.000000 2.167856 -0.357831 -0.063227
28 0.855657 0.776818 1.992121 -1.172225 -0.507240 0.353942
29 1.028100 0.000001 -0.000001 0.000000 -0.000000 0.297168
30 1.572820 -0.000001 0.000003 0.000000 -0.000000 0.039899
31 1.838197 0.000000 0.000000 0.000000 -0.000000 -3.141592
32 3.790161 0.417839 1.620308 -0.006171 -0.172661 0.254272
33 1.585167 -0.000000 0.000000 0.000000 -0.000000 0.638048
34 1.233719 0.000000 0.000000 0.000000 -0.000000 0.619033
35 1.455486 0.000001 0.000000 0.000000 -0.000000 -3.141592
36 3.790159 0.000254 -0.318445 0.003359 0.065758 0.456309
37 1.438409 0.000001 -0.000001 0.000000 -0.000000 0.236998
38 1.239885 0.000000 -0.000001 0.000000 -0.000000 0.672708
39 1.028099 0.000000 -0.000001 0.000000 -0.000000 -3.141592
40 -4.564204 0.291990 5.558979 3.129779 -0.084444 -3.111584
41 16.449585 -0.000000 0.000000 0.000000 -0.000000 -0.134487
42 15.566290 -0.000000 -0.000000 -0.283883 -0.030095 0.095474
43 4.082387 7.769351 0.000000 0.000005 -0.035954 1.570451
44 0.493488 0.000000 0.000000 0.000000 -0.000000 -3.141592
45 -5.069645 -1.198543 -4.642140 -2.944134 -0.076092 -3.030972
46 16.449585 -0.000000 0.000000 0.000000 -0.000000 -0.094033
47 15.566288 0.000000 0.000000 0.137378 -0.013717 0.139134
48 4.082387 7.769351 0.000001 0.000000 -0.000000 1.570796
49 0.493487 0.000000 0.000000 0.000000 -0.000000 0.000000
50 1.723507 0.620937 -6.894466 1.630667 0.254994 3.080734
51 10.575606 0.000060 0.000001 0.112933 0.005888 0.046551
52 10.205499 0.000000 -0.000000 0.105613 0.233514 -0.189919
53 9.258061 0.000003 0.000000 0.000000 -0.000000 0.000000
54 -1.170629 -6.100731 -3.876530 2.634588 0.119414 -2.973190
55 6.475055 0.000006 0.000000 0.171833 -0.105906 -0.040193
56 9.146826 0.000000 0.000000 0.216054 -0.001747 0.036365
57 8.841338 0.000001 0.000001 0.000000 -0.000000 0.000000
58 1.602073 0.620974 6.742609 1.629778 -0.351987 3.081062
59 10.011530 0.000000 0.000000 -0.178733 -0.112194 -0.010562
60 8.821380 -0.000000 0.000000 -0.206860 -0.035055 0.233643
61 12.678902 0.000000 0.000000 0.000000 -0.000000 0.000000
62 -1.167327 -6.143956 4.892939 -1.364861 -0.054721 -2.999372
63 6.573834 0.000003 -0.000000 0.010618 -0.033649 -0.076448
64 8.647153 0.000000 -0.000000 -0.078230 -0.066649 -0.108393
65 10.390687 -0.000001 0.000001 0.000000 -0.000000 0.000000
time 13
0 -1.347103 -0.192907 35.968327 0.036696 0.035306 -1.850997
1 1.269733 -1.318873 -35.924801 -0.023779 0.045027 1.851110
2 -0.000000 0.000000 -0.000001 3.141593 -1.539762 1.570798
3 4.857430 -0.006118 -0.151722 0.145648 -0.047283 -0.119106
4 7.817840 -0.007571 -0.000966 0.125583 0.062727 0.170491
5 9.710859 -0.001965 0.000000 0.000000 -0.000000 0.000000
6 2.467438 0.000000 0.000000 0.018847 -0.025291 -0.097662
7 7.731309 0.000000 0.000000 0.000000 -0.000000 0.000000
8 -0.763012 0.002566 3.049178 -0.000021 -1.436155 3.140817
9 4.276893 0.000000 0.000000 0.186298 1.115528 0.253114
10 13.216448 0.000000 0.000000 0.000000 -0.000000 -0.321642
11 10.099729 0.000000 -0.000001 -2.032409 0.250733 0.148582
12 0.855656 0.776818 -1.992121 1.137760 0.184775 0.490496
13 1.028100 -0.000000 -0.000001 0.000000 -0.000000 0.644065
14 1.572821 0.000000 0.000001 0.000000 -0.000000 0.386795
15 1.838195 0.000000 -0.000001 0.000000 -0.000000 0.000000
16 3.790160 0.417839 -1.620308 0.041656 0.167721 0.463043
17 1.585164 0.000000 0.000000 0.000000 -0.000000 0.843851
18 1.233718 0.000002 0.000000 0.000000 -0.000000 0.824835
19 1.455486 0.000000 0.000000 0.000000 -0.000000 0.000000
20 3.790161 0.000253 0.318445 -0.015773 -0.063929 0.647302
21 1.438407 -0.000000 0.000000 0.000000 -0.000000 0.427597
22 1.239884 0.000001 0.000000 0.000000 -0.000000 0.863307
23 1.028099 0.000000 0.000000 0.000000 -0.000000 0.000000
24 -0.763011 0.002583 -3.049178 -0.669513 1.488167 2.472945
25 4.276893 -0.000000 -0.000001 0.049231 -1.235886 0.014644
26 13.216452 0.000000 0.000000 0.000000 -0.000000 -0.458127
27 10.099728 -0.000000 -0.000001 2.168894 -0.361880 -0.066176
28 0.855656 0.776818 1.992121 -1.173275 -0.502723 0.356112
29 1.028099 0.000001 0.000000 0.000000 -0.000000 0.302068
30 1.572823 -0.000001 0.000000 0.000000 -0.000000 0.044799
31 1.838196 0.000000 -0.000001 0.000000 -0.000000 -3.141592
32 3.790160 0.417838 1.620308 -0.007026 -0.172628 0.259246
33 1.585166 0.000001 0.000001 0.000000 -0.000000 0.642948
34 1.233719 -0.000001 0.000000 0.000000 -0.000000 0.623932
35 1.455485 -0.000001 0.000000 0.000000 -0.000000 -3.141592
36 3.790160 0.000254 -0.318445 0.003682 0.065741 0.461219
37 1.438408 0.000000 -0.000001 0.000000 -0.000000 0.241898
38 1.239885 0.000001 -0.000001 0.000000 -0.000000 0.677608
39 1.028099 -0.000001 -0.000001 0.000000 -0.000000 -3.141592
40 -4.567251 0.238217 5.558978 3.129569 -0.083317 -3.098178
41 16.449585 -0.000000 0.000000 0.000000 -0.000000 -0.131540
42 15.566289 -0.000000 -0.000000 -0.283822 -0.029682 0.097645
43 4.082387 7.769351 -0.000001 0.000000 -0.035964 1.570796
44 0.493487 0.000000 0.000000 0.000000 -0.000000 -3.141592
45 -5.055107 -1.258165 -4.642140 -2.944769 -0.076484 -3.011475
46 16.449581 0.000000 0.000000 0.000000 -0.000000 -0.078311
47 15.566286 -0.000000 -0.000000 0.137573 -0.012373 0.134892
48 4.082387 7.769351 0.000000 0.000000 -0.000000 1.570796
49 0.493487 0.000000 0.000000 0.000000 -0.000000 0.000000
50 1.723512 0.620937 -6.894467 1.618303 0.242497 3.091663
51 10.575606 0.000059 0.000001 0.067077 0.035786 0.094841
52 10.205498 -0.000001 -0.000000 0.129652 0.205448 -0.214056
53 9.258062 0.000002 0.000001 0.000000 -0.000000 0.000000
54 -1.170630 -6.100731 -3.876530 2.624302 0.117811 -2.961185
55 6.475053 0.000006 -0.000000 0.090007 -0.073575 -0.094416
56 9.146826 0.000001 0.000000 0.291849 -0.018637 0.063437
57 8.841338 0.000003 0.000001 0.000000 -0.000000 0.000000
58 1.602076 0.620973 6.742610 1.645781 -0.346612 3.088492
59 10.011529 0.000000 0.000000 -0.122079 -0.058220 -0.063531
60 8.821378 0.000000 -0.000000 -0.240523 -0.052434 0.280698
61 12.678899 0.000002 0.000000 0.000000 -0.000000 0.000000
62 -1.167324 -6.143957 4.892939 -1.365574 -0.051711 -2.989942
63 6.573832 0.000004 0.000000 0.038354 -0.084256 -0.036156
64 8.647150 -0.000000 0.000001 -0.090525 -0.042030 -0.134633
65 10.390686 -0.000001 0.000000 0.000000 -0.000000 0.000000
time 14
0 -1.347103 -0.062816 35.968323 0.036691 0.031444 -1.851139
1 1.130904 -1.318873 -35.929424 -0.020062 0.043958 1.851275
2 0.000000 -0.000000 0.000002 3.141593 -1.539762 1.570798
3 4.857503 -0.006126 -0.151718 0.145087 -0.048990 -0.107439
4 7.817710 -0.007593 -0.000958 0.124461 0.064934 0.152891
5 9.710864 -0.001965 0.000000 0.000000 -0.000000 0.000000
6 2.467438 0.000000 0.000000 0.019882 -0.026657 -0.093421
7 7.731315 0.000000 0.000000 0.000000 -0.000000 0.000000
8 -0.763013 0.002566 3.049178 -0.000023 -1.450881 3.140819
9 4.276893 0.000000 -0.000003 0.208316 1.128242 0.274591
10 13.216449 0.000000 -0.000001 0.000000 -0.000000 -0.321642
11 10.099732 -0.000000 -0.000002 -2.032094 0.248245 0.149861
12 0.855658 0.776818 -1.992121 1.137540 0.187298 0.489310
13 1.028102 0.000000 0.000000 0.000000 -0.000000 0.641286
14 1.572821 -0.000001 0.000000 0.000000 -0.000000 0.384016
15 1.838196 0.000001 0.000000 0.000000 -0.000000 0.000000
16 3.790162 0.417839 -1.620308 0.041186 0.167836 0.460227
17 1.585165 0.000000 0.000000 0.000000 -0.000000 0.841072
18 1.233717 -0.000001 0.000000 0.000000 -0.000000 0.822056
19 1.455486 0.000000 0.000000 0.000000 -0.000000 0.000000
20 3.790162 0.000254 0.318445 -0.015595 -0.063973 0.644517
21 1.438406 -0.000000 0.000000 0.000000 -0.000000 0.424818
22 1.239885 -0.000001 0.000000 0.000000 -0.000000 0.860528
23 1.028099 -0.000001 0.000000 0.000000 -0.000000 0.000000
24 -0.763016 0.002583 -3.049178 -0.797115 1.499131 2.344966
25 4.276893 -0.000000 -0.000002 0.029246 -1.246301 0.033420
26 13.216451 0.000000 -0.000001 0.000000 -0.000000 -0.458127
27 10.099730 0.000001 0.000000 2.167856 -0.357831 -0.063227
28 0.855656 0.776818 1.992121 -1.172225 -0.507240 0.353942
29 1.028100 0.000001 -0.000001 0.000000 -0.000000 0.297168
30 1.572819 -0.000001 0.000002 0.000000 -0.000000 0.039899
31 1.838196 0.000000 0.000000 0.000000 -0.000000 -3.141592
32 3.790161 0.417839 1.620308 -0.006171 -0.172661 0.254272
33 1.585167 -0.000000 0.000000 0.000000 -0.000000 0.638048
34 1.233719 0.000000 0.000000 0.000000 -0.000000 0.619033
35 1.455486 0.000001 0.000000 0.000000 -0.000000 -3.141592
36 3.790159 0.000254 -0.318445 0.003359 0.065758 0.456309
37 1.438409 0.000001 -0.000001 0.000000 -0.000000 0.236998
38 1.239885 0.000000 -0.000001 0.000000 -0.000000 0.672708
39 1.028099 0.000000 -0.000001 0.000000 -0.000000 -3.141592
40 -4.564204 0.291989 5.558979 3.129779 -0.084444 -3.111584
41 16.449585 -0.000000 0.000000 0.000000 -0.000000 -0.134487
42 15.566290 -0.000000 -0.000000 -0.283883 -0.030095 0.095474
43 4.082387 7.769351 0.000000 0.000005 -0.035954 1.570451
44 0.493488 0.000000 0.000000 0.000000 -0.000000 -3.141592
45 -5.069645 -1.198543 -4.642140 -2.944134 -0.076092 -3.030972
46 16.449585 -0.000000 0.000000 0.000000 -0.000000 -0.094033
47 15.566288 0.000000 0.000000 0.137378 -0.013717 0.139134
48 4.082387 7.769351 0.000001 0.000000 -0.000000 1.570796
49 0.493487 0.000000 0.000000 0.000000 -0.000000 0.000000
50 1.723507 0.620937 -6.894466 1.630667 0.254994 3.080734
51 10.575606 0.000060 0.000001 0.021222 0.065684 0.143130
52 10.205496 -0.000000 -0.000000 0.105613 0.233514 -0.189919
53 9.258063 0.000003 0.000001 0.000000 -0.000000 0.000000
54 -1.170629 -6.100731 -3.876530 2.634588 0.119414 -2.973190
55 6.475055 0.000006 0.000000 0.008180 -0.041245 -0.148640
56 9.146826 -0.000001 0.000000 0.216054 -0.001747 0.036365
57 8.841338 0.000002 0.000000 0.000000 -0.000000 0.000000
58 1.602073 0.620974 6.742609 1.629778 -0.351987 3.081062
59 10.011530 -0.000001 0.000000 -0.065425 -0.004245 -0.116500
60 8.821379 -0.000001 0.000000 -0.206860 -0.035055 0.233643
61 12.678901 0.000001 0.000000 0.000000 -0.000000 0.000000
62 -1.167327 -6.143956 4.892939 -1.364861 -0.054721 -2.999372
63 6.573834 0.000003 -0.000000 0.066091 -0.134863 0.004136
64 8.647150 -0.000000 0.000001 -0.078230 -0.066649 -0.108393
65 10.390686 0.000000 0.000000 0.000000 -0.000000 0.000000
time 15
0 -1.347103 0.253119 35.968327 0.036682 0.022066 -1.851483
1 0.793684 -1.318873 -35.938465 -0.011037 0.041358 1.851660
2 0.000000 -0.000000 0.000001 3.141593 -1.539762 1.570798
3 4.857677 -0.006143 -0.151709 0.143640 -0.053105 -0.079098
4 7.817382 -0.007636 -0.000935 0.121573 0.070210 0.110129
5 9.710862 -0.001965 0.000000 0.000000 -0.000000 0.000000
6 2.467439 0.000000 -0.000000 0.022484 -0.029914 -0.083129
7 7.731307 0.000000 0.000000 0.000000 -0.000000 0.000000
8 -0.763014 0.002567 3.049178 -0.000033 -1.486646 3.140829
9 4.276894 0.000000 0.000004 0.267343 1.158104 0.332004
10 13.216449 0.000001 0.000000 0.000000 -0.000000 -0.321642
11 10.099729 -0.000000 -0.000000 -2.031341 0.242203 0.152960
12 0.855656 0.776818 -1.992121 1.136994 0.193422 0.486422
13 1.028097 0.000000 -0.000001 0.000000 -0.000000 0.634537
14 1.572825 -0.000001 0.000001 0.000000 -0.000000 0.377267
15 1.838195 -0.000001 0.000000 0.000000 -0.000000 0.000000
16 3.790160 0.417839 -1.620308 0.040043 0.168110 0.453387
17 1.585165 0.000001 0.000000 0.000000 -0.000000 0.834323
18 1.233719 -0.000001 0.000001 0.000000 -0.000000 0.815307
19 1.455486 -0.000001 0.000000 0.000000 -0.000000 0.000000
20 3.790159 0.000254 0.318446 -0.015162 -0.064076 0.637755
21 1.438407 0.000001 0.000000 0.000000 -0.000000 0.418069
22 1.239885 -0.000001 0.000000 0.000000 -0.000000 0.853779
23 1.028099 0.000000 0.000000 0.000000 -0.000000 0.000000
24 -0.763013 0.002583 -3.049178 -1.297852 1.517581 1.843313
25 4.276893 -0.000000 0.000000 -0.024695 -1.271095 0.083874
26 13.216448 -0.000000 0.000000 0.000000 -0.000000 -0.458127
27 10.099729 0.000001 0.000000 2.165393 -0.347987 -0.056102
28 0.855657 0.776817 1.992121 -1.169617 -0.518201 0.348625
29 1.028099 -0.000000 0.000000 0.000000 -0.000000 0.285269
30 1.572822 0.000000 0.000000 0.000000 -0.000000 0.027999
31 1.838196 0.000000 -0.000001 0.000000 -0.000000 -3.141592
32 3.790159 0.417840 1.620309 -0.004096 -0.172722 0.242193
33 1.585165 -0.000000 0.000001 0.000000 -0.000000 0.626149
34 1.233718 -0.000001 -0.000001 0.000000 -0.000000 0.607133
35 1.455486 0.000000 0.000000 0.000000 -0.000000 -3.141592
36 3.790161 0.000254 -0.318446 0.002575 0.065793 0.444383
37 1.438408 -0.000001 0.000001 0.000000 -0.000000 0.225099
38 1.239886 0.000001 0.000001 0.000000 -0.000000 0.660809
39 1.028099 0.000000 0.000001 0.000000 -0.000000 -3.141592
40 -4.554162 0.422401 5.558980 3.130210 -0.087172 3.140108
41 16.449581 0.000000 0.000000 0.000000 -0.000000 -0.139452
42 15.566289 -0.000000 -0.000000 -0.284002 -0.031419 0.087929
43 4.082387 7.769351 0.000000 0.000000 -0.035964 1.570796
44 0.493487 0.000000 0.000000 0.000000 -0.000000 -3.141592
45 -5.102028 -1.053067 -4.642139 -2.942937 -0.076105 -3.073432
46 16.449579 0.000000 0.000000 0.000000 -0.000000 -0.121961
47 15.566289 -0.000000 -0.000000 0.136942 -0.016990 0.144158
48 4.082387 7.769351 0.000000 0.000000 -0.000000 1.570796
49 0.493488 0.000000 0.000000 0.000000 -0.000000 0.000000
50 1.723508 0.620937 -6.894467 1.657868 0.282489 3.056692
51 10.575605 0.000060 0.000001 0.000378 0.079274 0.165080
52 10.205497 0.000000 0.000000 0.052726 0.295259 -0.136818
53 9.258061 0.000002 0.000001 0.000000 -0.000000 0.000000
54 -1.170631 -6.100733 -3.876530 2.657218 0.122942 -2.999601
55 6.475052 0.000006 -0.000000 -0.029014 -0.026550 -0.173286
56 9.146826 0.000000 0.000001 0.049307 0.035411 -0.023194
57 8.841338 0.000000 0.000001 0.000000 -0.000000 0.000000
58 1.602074 0.620974 6.742610 1.594570 -0.363812 3.064717
59 10.011529 0.000000 0.000000 -0.039673 0.020289 -0.140577
60 8.821377 -0.000000 -0.000000 -0.132802 0.003181 0.130122
61 12.678900 0.000003 0.000000 0.000000 -0.000000 0.000000
62 -1.167326 -6.143957 4.892939 -1.363293 -0.061344 -3.020119
63 6.573836 0.000004 0.000000 0.078699 -0.157866 0.022451
64 8.647151 -0.000000 -0.000000 -0.051180 -0.120812 -0.050664
65 10.390687 0.000000 0.000001 0.000000 -0.000000 0.000000
time 16
0 -1.347103 0.643391 35.968327 0.036675 0.010481 -1.851908
1 0.377023 -1.318873 -35.945240 0.000109 0.038142 1.852103
2 0.000000 -0.000000 0.000001 3.141593 -1.539762 1.570798
3 4.857897 -0.006156 -0.151697 0.141693 -0.058129 -0.044071
4 7.816976 -0.007670 -0.000905 0.117696 0.076550 0.057261
5 9.710858 -0.001965 0.000000 0.000000 -0.000000 0.000000
6 2.467441 0.000000 -0.000000 0.025866 -0.033819 -0.070429
7 7.731310 0.000000 0.000000 0.000000 -0.000000 0.000000
8 -0.763010 0.002566 3.049178 -0.000069 -1.530825 3.140866
9 4.276892 0.000000 0.000000 0.352659 1.192621 0.414734
10 13.216450 0.000000 -0.000001 0.000000 -0.000000 -0.321642
11 10.099729 0.000000 -0.000001 -2.030440 0.234736 0.156776
12 0.855655 0.776817 -1.992122 1.136293 0.200986 0.482846
13 1.028100 -0.000000 0.000001 0.000000 -0.000000 0.626200
14 1.572820 0.000001 -0.000001 0.000000 -0.000000 0.368930
15 1.838196 0.000001 -0.000001 0.000000 -0.000000 0.000000
16 3.790158 0.417839 -1.620309 0.038627 0.168438 0.444937
17 1.585165 0.000000 0.000001 0.000000 -0.000000 0.825986
18 1.233719 0.000001 0.000000 0.000000 -0.000000 0.806970
19 1.455486 0.000000 0.000000 0.000000 -0.000000 0.000000
20 3.790158 0.000253 0.318445 -0.014627 -0.064201 0.629402
21 1.438407 -0.000000 0.000000 0.000000 -0.000000 0.409732
22 1.239885 0.000000 0.000000 0.000000 -0.000000 0.845442
23 1.028100 0.000001 0.000000 0.000000 -0.000000 0.000000
24 -0.763009 0.002583 -3.049178 -2.097389 1.511513 1.042644
25 4.276893 -0.000000 -0.000001 -0.103829 -1.300523 0.157635
26 13.216450 0.000000 0.000000 0.000000 -0.000000 -0.458127
27 10.099727 -0.000001 0.000000 2.162466 -0.335805 -0.047371
28 0.855654 0.776818 1.992122 -1.166280 -0.531724 0.341966
29 1.028101 0.000000 -0.000003 0.000000 -0.000000 0.270569
30 1.572822 -0.000001 0.000000 0.000000 -0.000000 0.013300
31 1.838195 0.000000 0.000001 0.000000 -0.000000 -3.141592
32 3.790159 0.417839 1.620309 -0.001531 -0.172763 0.227272
33 1.585165 -0.000000 0.000000 0.000000 -0.000000 0.611449
34 1.233719 0.000000 0.000000 0.000000 -0.000000 0.592433
35 1.455486 -0.000001 0.000000 0.000000 -0.000000 -3.141592
36 3.790162 0.000254 -0.318446 0.001607 0.065824 0.429652
37 1.438408 0.000000 -0.000001 0.000000 -0.000000 0.210399
38 1.239885 -0.000001 0.000001 0.000000 -0.000000 0.646109
39 1.028098 -0.000001 0.000001 0.000000 -0.000000 -3.141592
40 -4.536617 0.583016 5.558980 3.130585 -0.090518 3.103147
41 16.449581 0.000000 0.000000 0.000000 -0.000000 -0.141596
42 15.566290 -0.000000 -0.000000 -0.284096 -0.032943 0.076965
43 4.082387 7.769351 0.000000 0.000000 -0.035964 1.570796
44 0.493487 0.000000 0.000000 0.000000 -0.000000 -3.141592
45 -5.136262 -0.872179 -4.642139 -2.941797 -0.077131 -3.120788
46 16.449583 -0.000000 0.000000 0.000000 -0.000000 -0.145766
47 15.566289 -0.000000 -0.000001 0.136481 -0.021050 0.144852
48 4.082387 7.769351 0.000001 0.000000 -0.000000 1.570796
49 0.493488 0.000000 0.000000 0.000000 -0.000000 0.000000
50 1.723509 0.620937 -6.894467 1.685069 0.309984 3.032649
51 10.575605 0.000060 0.000001 0.025391 0.062966 0.138740
52 10.205497 0.000000 0.000000 -0.000161 0.357003 -0.083717
53 9.258061 0.000002 0.000001 0.000000 -0.000000 0.000000
54 -1.170631 -6.100732 -3.876530 2.679847 0.126470 -3.026013
55 6.475054 0.000005 -0.000000 0.015619 -0.044184 -0.143710
56 9.146824 0.000001 0.000000 -0.117440 0.072569 -0.082754
57 8.841337 0.000001 0.000001 0.000000 -0.000000 0.000000
58 1.602074 0.620974 6.742610 1.559362 -0.375637 3.048372
59 10.011530 0.000000 0.000000 -0.070575 -0.009152 -0.111685
60 8.821378 -0.000001 0.000000 -0.058743 0.041416 0.026601
61 12.678900 0.000003 0.000000 0.000000 -0.000000 0.000000
62 -1.167324 -6.143957 4.892939 -1.361725 -0.067967 -3.040865
63 6.573833 0.000004 0.000000 0.063569 -0.130262 0.000473
64 8.647152 0.000000 0.000001 -0.024131 -0.174975 0.007065
65 10.390687 -0.000001 0.000000 0.000000 -0.000000 0.000000
time 17
0 -1.347103 0.996494 35.968327 0.036673 0.000000 -1.852293
1 0.000000 -1.318873 -35.947224 0.010192 0.035229 1.852473
2 0.000000 0.000000 0.000000 3.141593 -1.539762 1.570798
3 4.858097 -0.006162 -0.151685 0.139780 -0.062613 -0.012362
4 7.816597 -0.007683 -0.000875 0.113901 0.082103 0.009384
5 9.710861 -0.001965 0.000000 0.000000 -0.000000 0.000000
6 2.467438 0.000000 0.000000 0.029081 -0.037232 -0.058954
7 7.731307 0.000000 0.000000 0.000000 -0.000000 0.000000
8 -0.763014 0.002566 3.049178 3.140796 -1.570796 0.000000
9 4.276893 0.000000 0.000002 0.443569 1.221027 0.502738
10 13.216448 0.000000 -0.000001 0.000000 -0.000000 -0.321642
11 10.099730 0.000000 -0.000001 -2.029651 0.227977 0.160217
12 0.855657 0.776818 -1.992121 1.135635 0.207827 0.479601
13 1.028097 0.000000 0.000000 0.000000 -0.000000 0.618657
14 1.572822 0.000000 0.000000 0.000000 -0.000000 0.361387
15 1.838196 -0.000001 0.000001 0.000000 -0.000000 0.000000
16 3.790161 0.417838 -1.620308 0.037345 0.168725 0.437291
17 1.585165 0.000000 0.000000 0.000000 -0.000000 0.818443
18 1.233720 0.000000 0.000001 0.000000 -0.000000 0.799427
19 1.455486 0.000000 0.000000 0.000000 -0.000000 0.000000
20 3.790162 0.000253 0.318445 -0.014142 -0.064309 0.621844
21 1.438407 -0.000001 0.000000 0.000000 -0.000000 0.402189
22 1.239884 0.000002 0.000001 0.000000 -0.000000 0.837899
23 1.028098 -0.000001 0.000000 0.000000 -0.000000 0.000000
24 -0.763013 0.002583 -3.049178 -2.507453 1.484236 0.631554
25 4.276892 0.000000 -0.000003 -0.190162 -1.325664 0.238111
26 13.216450 0.000000 0.000001 0.000000 -0.000000 -0.458127
27 10.099728 0.000000 0.000001 2.159924 -0.324763 -0.039535
28 0.855654 0.776818 1.992121 -1.163146 -0.543942 0.335849
29 1.028100 0.000002 0.000000 0.000000 -0.000000 0.257269
30 1.572820 -0.000001 0.000002 0.000000 -0.000000 0.000000
31 1.838196 0.000001 0.000000 0.000000 -0.000000 -3.141592
32 3.790160 0.417838 1.620307 0.000790 -0.172768 0.213771
33 1.585166 0.000000 -0.000001 0.000000 -0.000000 0.598149
34 1.233719 0.000000 -0.000002 0.000000 -0.000000 0.579134
35 1.455486 0.000001 0.000001 0.000000 -0.000000 -3.141592
36 3.790160 0.000253 -0.318447 0.000730 0.065839 0.416323
37 1.438408 0.000000 0.000000 0.000000 -0.000000 0.197099
38 1.239885 0.000000 0.000000 0.000000 -0.000000 0.632809
39 1.028099 0.000001 0.000000 0.000000 -0.000000 -3.141592
40 -4.515870 0.727719 5.558979 3.130765 -0.093528 3.071478
41 16.449583 0.000000 0.000000 0.000000 -0.000000 -0.139902
42 15.566287 0.000000 0.000000 -0.284129 -0.034323 0.065177
43 4.082387 7.769351 0.000000 0.000000 -0.035964 1.570796
44 0.493487 0.000000 0.000000 0.000000 -0.000000 -3.141592
45 -5.161715 -0.707567 -4.642138 -2.940947 -0.078642 3.122455
46 16.449581 0.000000 0.000000 0.000000 -0.000000 -0.161193
47 15.566288 0.000000 0.000000 0.136137 -0.024736 0.142327
48 4.082387 7.769351 0.000000 0.000000 -0.000000 1.570796
49 0.493488 0.000000 0.000000 0.000000 -0.000000 0.000000
50 1.723507 0.620937 -6.894467 1.697433 0.322482 3.021720
51 10.575605 0.000060 0.000001 0.067077 0.035786 0.094841
52 10.205497 0.000000 0.000000 -0.024201 0.385069 -0.059580
53 9.258061 0.000003 0.000001 0.000000 -0.000000 0.000000
54 -1.170632 -6.100732 -3.876530 2.690133 0.128074 -3.038018
55 6.475051 0.000005 0.000001 0.090007 -0.073576 -0.094416
56 9.146826 0.000001 0.000001 -0.193234 0.089460 -0.109826
57 8.841339 0.000003 0.000000 0.000000 -0.000000 0.000000
58 1.602071 0.620974 6.742610 1.543358 -0.381012 3.040943
59 10.011530 0.000000 0.000000 -0.122079 -0.058220 -0.063531
60 8.821379 0.000000 0.000000 -0.025080 0.058795 -0.020453
61 12.678901 0.000003 0.000000 0.000000 -0.000000 0.000000
62 -1.167326 -6.143956 4.892939 -1.361013 -0.070978 -3.050295
63 6.573833 0.000004 -0.000001 0.038354 -0.084256 -0.036156
64 8.647152 0.000000 0.000000 -0.011836 -0.199594 0.033305
65 10.390688 0.000000 -0.000001 0.000000 -0.000000 0.000000
time 18
0 -1.347103 0.643391 35.968327 0.036675 0.010481 -1.851908
1 0.377023 -1.318873 -35.945240 0.000109 0.038142 1.852103
2 0.000000 -0.000000 0.000001 3.141593 -1.539762 1.570798
3 4.857897 -0.006156 -0.151697 0.141693 -0.058129 -0.044071
4 7.816976 -0.007670 -0.000905 0.117696 0.076550 0.057261
5 9.710858 -0.001965 0.000000 0.000000 -0.000000 0.000000
6 2.467441 0.000000 -0.000000 0.025866 -0.033819 -0.070429
7 7.731310 0.000000 0.000000 0.000000 -0.000000 0.000000
8 -0.763010 0.002566 3.049178 -0.000069 -1.530825 3.140866
9 4.276893 0.000000 0.000000 0.352659 1.192622 0.414734
10 13.216450 0.000000 -0.000001 0.000000 -0.000000 -0.321642
11 10.099729 0.000000 -0.000001 -2.030440 0.234736 0.156776
12 0.855655 0.776817 -1.992121 1.136293 0.200986 0.482846
13 1.028100 -0.000000 0.000001 0.000000 -0.000000 0.626200
14 1.572820 0.000001 -0.000001 0.000000 -0.000000 0.368930
15 1.838196 0.000001 -0.000001 0.000000 -0.000000 0.000000
16 3.790158 0.417838 -1.620308 0.038627 0.168438 0.444937
17 1.585165 0.000000 0.000000 0.000000 -0.000000 0.825986
18 1.233719 0.000001 0.000000 0.000000 -0.000000 0.806970
19 1.455486 0.000001 0.000000 0.000000 -0.000000 0.000000
20 3.790158 0.000253 0.318445 -0.014627 -0.064201 0.629402
21 1.438407 -0.000000 0.000000 0.000000 -0.000000 0.409732
22 1.239885 0.000000 0.000000 0.000000 -0.000000 0.845442
23 1.028100 0.000001 0.000000 0.000000 -0.000000 0.000000
24 -0.763009 0.002583 -3.049178 -2.097389 1.511513 1.042644
25 4.276893 -0.000000 -0.000002 -0.103829 -1.300523 0.157635
26 13.216450 0.000000 0.000000 0.000000 -0.000000 -0.458127
27 10.099727 -0.000001 0.000000 2.162466 -0.335805 -0.047371
28 0.855654 0.776818 1.992122 -1.166280 -0.531724 0.341966
29 1.028101 0.000000 -0.000003 0.000000 -0.000000 0.270569
30 1.572822 -0.000001 0.000000 0.000000 -0.000000 0.013300
31 1.838195 0.000000 0.000001 0.000000 -0.000000 -3.141592
32 3.790159 0.417839 1.620309 -0.001531 -0.172763 0.227272
33 1.585165 -0.000000 0.000000 0.000000 -0.000000 0.611449
34 1.233719 0.000000 0.000000 0.000000 -0.000000 0.592433
35 1.455486 -0.000001 0.000000 0.000000 -0.000000 -3.141592
36 3.790162 0.000253 -0.318446 0.001607 0.065824 0.429652
37 1.438408 0.000001 0.000000 0.000000 -0.000000 0.210399
38 1.239885 -0.000001 0.000001 0.000000 -0.000000 0.646109
39 1.028098 -0.000001 0.000001 0.000000 -0.000000 -3.141592
40 -4.536617 0.583016 5.558980 3.130585 -0.090518 3.103147
41 16.449581 0.000000 0.000000 0.000000 -0.000000 -0.141596
42 15.566290 -0.000000 -0.000000 -0.284096 -0.032943 0.076965
43 4.082387 7.769351 0.000000 0.000000 -0.035964 1.570796
44 0.493487 0.000000 0.000000 0.000000 -0.000000 -3.141592
45 -5.136262 -0.872179 -4.642139 -2.941797 -0.077131 -3.120788
46 16.449583 -0.000000 0.000000 0.000000 -0.000000 -0.145766
47 15.566289 -0.000000 -0.000001 0.136481 -0.021050 0.144852
48 4.082387 7.769351 0.000001 0.000000 -0.000000 1.570796
49 0.493488 0.000000 0.000000 0.000000 -0.000000 0.000000
50 1.723509 0.620937 -6.894467 1.685069 0.309984 3.032649
51 10.575605 0.000060 0.000001 0.100427 0.014042 0.059721
52 10.205497 -0.000001 0.000000 -0.000161 0.357003 -0.083717
53 9.258061 0.000001 0.000001 0.000000 -0.000000 0.000000
54 -1.170631 -6.100732 -3.876530 2.679847 0.126470 -3.026013
55 6.475054 0.000005 -0.000000 0.149517 -0.097088 -0.054981
56 9.146827 0.000000 0.000001 -0.117440 0.072569 -0.082754
57 8.841337 0.000002 0.000000 0.000000 -0.000000 0.000000
58 1.602074 0.620974 6.742610 1.559362 -0.375637 3.048372
59 10.011530 0.000000 0.000000 -0.163282 -0.097474 -0.025008
60 8.821378 -0.000000 0.000001 -0.058743 0.041416 0.026601
61 12.678899 0.000003 0.000000 0.000000 -0.000000 0.000000
62 -1.167324 -6.143957 4.892939 -1.361725 -0.067967 -3.040865
63 6.573833 0.000004 0.000000 0.018182 -0.047451 -0.065459
64 8.647151 -0.000000 -0.000000 -0.024131 -0.174975 0.007065
65 10.390688 -0.000001 0.000000 0.000000 -0.000000 0.000000
time 19
0 -1.347103 0.253119 35.968327 0.036682 0.022066 -1.851483
1 0.793684 -1.318873 -35.938457 -0.011037 0.041358 1.851660
2 0.000000 -0.000000 0.000001 3.141593 -1.539762 1.570798
3 4.857677 -0.006143 -0.151709 0.143640 -0.053105 -0.079098
4 7.817382 -0.007636 -0.000935 0.121573 0.070210 0.110129
5 9.710862 -0.001965 0.000000 0.000000 -0.000000 0.000000
6 2.467439 0.000000 -0.000000 0.022484 -0.029914 -0.083129
7 7.731307 0.000000 0.000000 0.000000 -0.000000 0.000000
8 -0.763014 0.002567 3.049178 -0.000033 -1.486646 3.140829
9 4.276894 0.000000 0.000004 0.267343 1.158104 0.332004
10 13.216449 0.000001 0.000000 0.000000 -0.000000 -0.321642
11 10.099729 -0.000000 -0.000000 -2.031341 0.242203 0.152960
12 0.855656 0.776818 -1.992121 1.136994 0.193422 0.486422
13 1.028097 0.000000 0.000000 0.000000 -0.000000 0.634537
14 1.572825 -0.000001 0.000000 0.000000 -0.000000 0.377267
15 1.838195 -0.000001 0.000000 0.000000 -0.000000 0.000000
16 3.790160 0.417839 -1.620308 0.040043 0.168110 0.453387
17 1.585165 0.000001 0.000000 0.000000 -0.000000 0.834323
18 1.233719 -0.000000 0.000001 0.000000 -0.000000 0.815307
19 1.455486 -0.000001 0.000000 0.000000 -0.000000 0.000000
20 3.790159 0.000254 0.318446 -0.015162 -0.064076 0.637755
21 1.438407 0.000001 0.000000 0.000000 -0.000000 0.418069
22 1.239885 -0.000001 0.000000 0.000000 -0.000000 0.853779
23 1.028099 0.000000 0.000000 0.000000 -0.000000 0.000000
24 -0.763013 0.002583 -3.049178 -1.297852 1.517581 1.843313
25 4.276893 -0.000000 0.000000 -0.024695 -1.271095 0.083874
26 13.216448 -0.000000 0.000000 0.000000 -0.000000 -0.458127
27 10.099729 0.000001 0.000000 2.165393 -0.347987 -0.056102
28 0.855657 0.776817 1.992121 -1.169617 -0.518201 0.348625
29 1.028099 -0.000000 0.000000 0.000000 -0.000000 0.285269
30 1.572822 0.000000 0.000000 0.000000 -0.000000 0.027999
31 1.838196 0.000000 -0.000001 0.000000 -0.000000 -3.141592
32 3.790159 0.417840 1.620309 -0.004096 -0.172722 0.242193
33 1.585165 -0.000000 0.000001 0.000000 -0.000000 0.626149
34 1.233718 -0.000001 -0.000001 0.000000 -0.000000 0.607133
35 1.455486 0.000000 0.000000 0.000000 -0.000000 -3.141592
36 3.790161 0.000254 -0.318446 0.002575 0.065793 0.444383
37 1.438408 -0.000001 0.000001 0.000000 -0.000000 0.225099
38 1.239886 0.000001 0.000001 0.000000 -0.000000 0.660809
39 1.028099 0.000000 0.000001 0.000000 -0.000000 -3.141592
40 -4.554162 0.422401 5.558980 3.130210 -0.087172 3.140108
41 16.449581 0.000000 0.000000 0.000000 -0.000000 -0.139452
42 15.566289 -0.000000 -0.000000 -0.284002 -0.031419 0.087929
43 4.082387 7.769351 0.000000 0.000000 -0.035964 1.570796
44 0.493487 0.000000 0.000000 0.000000 -0.000000 -3.141592
45 -5.102028 -1.053067 -4.642139 -2.942937 -0.076105 -3.073432
46 16.449579 0.000000 0.000000 0.000000 -0.000000 -0.121961
47 15.566289 -0.000000 -0.000000 0.136942 -0.016990 0.144158
48 4.082387 7.769351 0.000000 0.000000 -0.000000 1.570796
49 0.493488 0.000000 0.000000 0.000000 -0.000000 0.000000
50 1.723508 0.620937 -6.894467 1.657868 0.282489 3.056692
51 10.575605 0.000060 0.000001 0.133777 -0.007702 0.024602
52 10.205497 -0.000002 0.000000 0.052726 0.295259 -0.136818
53 9.258061 0.000001 0.000000 0.000000 -0.000000 0.000000
54 -1.170631 -6.100733 -3.876530 2.657218 0.122942 -2.999601
55 6.475052 0.000006 -0.000000 0.209027 -0.120601 -0.015546
56 9.146824 0.000000 0.000001 0.049307 0.035411 -0.023194
57 8.841336 0.000001 0.000001 0.000000 -0.000000 0.000000
58 1.602074 0.620974 6.742610 1.594570 -0.363812 3.064717
59 10.011529 0.000000 0.000000 -0.204485 -0.136728 0.013515
60 8.821379 -0.000001 0.000000 -0.132802 0.003181 0.130122
61 12.678899 0.000002 0.000001 0.000000 -0.000000 0.000000
62 -1.167326 -6.143957 4.892939 -1.363293 -0.061344 -3.020119
63 6.573836 0.000004 0.000000 -0.001990 -0.010646 -0.094763
64 8.647151 -0.000000 -0.000000 -0.051180 -0.120812 -0.050664
65 10.390687 -0.000001 0.000001 0.000000 -0.000000 0.000000
time 20
0 -1.347103 -0.062816 35.968323 0.036691 0.031444 -1.851139
1 1.130904 -1.318873 -35.929424 -0.020062 0.043958 1.851275
2 0.000000 -0.000000 0.000002 3.141593 -1.539762 1.570798
3 4.857503 -0.006126 -0.151719 0.145087 -0.048990 -0.107439
4 7.817710 -0.007593 -0.000958 0.124461 0.064934 0.152891
5 9.710864 -0.001965 0.000000 0.000000 -0.000000 0.000000
6 2.467438 0.000000 0.000000 0.019882 -0.026657 -0.093421
7 7.731315 0.000000 0.000000 0.000000 -0.000000 0.000000
8 -0.763013 0.002566 3.049178 -0.000023 -1.450881 3.140819
9 4.276894 0.000000 -0.000002 0.208316 1.128242 0.274591
10 13.216449 -0.000001 -0.000001 0.000000 -0.000000 -0.321642
11 10.099732 -0.000000 -0.000001 -2.032094 0.248245 0.149861
12 0.855654 0.776818 -1.992121 1.137540 0.187298 0.489310
13 1.028102 0.000000 0.000001 0.000000 -0.000000 0.641286
14 1.572824 0.000000 0.000000 0.000000 -0.000000 0.384016
15 1.838195 0.000000 0.000000 0.000000 -0.000000 0.000000
16 3.790158 0.417839 -1.620308 0.041186 0.167836 0.460227
17 1.585165 0.000000 0.000000 0.000000 -0.000000 0.841072
18 1.233718 0.000001 0.000000 0.000000 -0.000000 0.822056
19 1.455486 0.000000 0.000000 0.000000 -0.000000 0.000000
20 3.790158 0.000254 0.318445 -0.015595 -0.063973 0.644517
21 1.438409 -0.000000 0.000000 0.000000 -0.000000 0.424818
22 1.239886 0.000001 0.000000 0.000000 -0.000000 0.860528
23 1.028099 -0.000001 0.000000 0.000000 -0.000000 0.000000
24 -0.763016 0.002583 -3.049179 -0.797115 1.499131 2.344966
25 4.276893 -0.000000 -0.000001 0.029246 -1.246301 0.033420
26 13.216451 0.000000 -0.000001 0.000000 -0.000000 -0.458127
27 10.099730 0.000000 0.000000 2.167856 -0.357831 -0.063227
28 0.855657 0.776818 1.992121 -1.172225 -0.507240 0.353942
29 1.028100 0.000001 -0.000001 0.000000 -0.000000 0.297168
30 1.572820 -0.000001 0.000003 0.000000 -0.000000 0.039899
31 1.838197 0.000000 0.000000 0.000000 -0.000000 -3.141592
32 3.790161 0.417839 1.620308 -0.006171 -0.172661 0.254272
33 1.585167 -0.000000 0.000000 0.000000 -0.000000 0.638048
34 1.233719 0.000000 0.000000 0.000000 -0.000000 0.619033
35 1.455486 0.000001 0.000000 0.000000 -0.000000 -3.141592
36 3.790159 0.000254 -0.318445 0.003359 0.065758 0.456309
37 1.438409 0.000001 -0.000001 0.000000 -0.000000 0.236998
38 1.239885 0.000000 -0.000001 0.000000 -0.000000 0.672708
39 1.028099 0.000000 -0.000001 0.000000 -0.000000 -3.141592
40 -4.564204 0.291990 5.558979 3.129779 -0.084444 -3.111584
41 16.449585 -0.000000 0.000000 0.000000 -0.000000 -0.134487
42 15.566290 -0.000000 -0.000000 -0.283883 -0.030095 0.095474
43 4.082387 7.769351 0.000000 0.000005 -0.035954 1.570451
44 0.493488 0.000000 0.000000 0.000000 -0.000000 -3.141592
45 -5.069645 -1.198543 -4.642140 -2.944134 -0.076092 -3.030972
46 16.449585 -0.000000 0.000000 0.000000 -0.000000 -0.094033
47 15.566288 0.000000 0.000000 0.137378 -0.013717 0.139134
48 4.082387 7.769351 0.000001 0.000000 -0.000000 1.570796
49 0.493487 0.000000 0.000000 0.000000 -0.000000 0.000000
50 1.723507 0.620937 -6.894466 1.630667 0.254994 3.080734
51 10.575606 0.000060 0.000001 0.112933 0.005888 0.046551
52 10.205499 0.000000 -0.000000 0.105613 0.233514 -0.189919
53 9.258061 0.000003 0.000000 0.000000 -0.000000 0.000000
54 -1.170629 -6.100731 -3.876530 2.634588 0.119414 -2.973190
55 6.475055 0.000006 0.000000 0.171833 -0.105906 -0.040193
56 9.146826 0.000000 0.000000 0.216054 -0.001747 0.036365
57 8.841338 0.000001 0.000001 0.000000 -0.000000 0.000000
58 1.602073 0.620974 6.742609 1.629778 -0.351987 3.081062
59 10.011530 0.000000 0.000000 -0.178733 -0.112194 -0.010562
60 8.821380 -0.000000 0.000000 -0.206860 -0.035055 0.233643
61 12.678902 0.000000 0.000000 0.000000 -0.000000 0.000000
62 -1.167327 -6.143956 4.892939 -1.364861 -0.054721 -2.999372
63 6.573834 0.000003 -0.000000 0.010618 -0.033649 -0.076448
64 8.647153 0.000000 -0.000000 -0.078230 -0.066649 -0.108393
65 10.390687 -0.000001 0.000001 0.000000 -0.000000 0.000000
time 21
0 -1.347103 -0.192907 35.968327 0.036696 0.035306 -1.850997
1 1.269733 -1.318873 -35.924801 -0.023779 0.045027 1.851110
2 -0.000000 0.000000 -0.000001 3.141593 -1.539762 1.570798
3 4.857430 -0.006118 -0.151722 0.145648 -0.047283 -0.119106
4 7.817840 -0.007571 -0.000966 0.125583 0.062727 0.170491
5 9.710859 -0.001965 0.000000 0.000000 -0.000000 0.000000
6 2.467438 0.000000 0.000000 0.018847 -0.025291 -0.097662
7 7.731309 0.000000 0.000000 0.000000 -0.000000 0.000000
8 -0.763012 0.002566 3.049178 -0.000021 -1.436155 3.140817
9 4.276893 0.000000 0.000000 0.186298 1.115528 0.253114
10 13.216448 0.000000 0.000000 0.000000 -0.000000 -0.321642
11 10.099729 0.000000 -0.000001 -2.032409 0.250733 0.148582
12 0.855656 0.776818 -1.992121 1.137760 0.184775 0.490496
13 1.028100 -0.000000 -0.000001 0.000000 -0.000000 0.644065
14 1.572821 0.000000 0.000001 0.000000 -0.000000 0.386795
15 1.838195 0.000000 -0.000001 0.000000 -0.000000 0.000000
16 3.790160 0.417839 -1.620308 0.041656 0.167721 0.463043
17 1.585164 0.000000 0.000000 0.000000 -0.000000 0.843851
18 1.233718 0.000002 0.000000 0.000000 -0.000000 0.824835
19 1.455486 0.000000 0.000000 0.000000 -0.000000 0.000000
20 3.790161 0.000253 0.318445 -0.015773 -0.063929 0.647302
21 1.438407 -0.000000 0.000000 0.000000 -0.000000 0.427597
22 1.239884 0.000001 0.000000 0.000000 -0.000000 0.863307
23 1.028099 0.000000 0.000000 0.000000 -0.000000 0.000000
24 -0.763011 0.002583 -3.049178 -0.669513 1.488167 2.472945
25 4.276893 -0.000000 -0.000001 0.049231 -1.235886 0.014644
26 13.216452 0.000000 0.000000 0.000000 -0.000000 -0.458127
27 10.099728 -0.000000 -0.000001 2.168894 -0.361880 -0.066176
28 0.855656 0.776818 1.992121 -1.173275 -0.502723 0.356112
29 1.028099 0.000001 0.000000 0.000000 -0.000000 0.302068
30 1.572823 -0.000001 0.000000 0.000000 -0.000000 0.044799
31 1.838196 0.000000 -0.000001 0.000000 -0.000000 -3.141592
32 3.790160 0.417838 1.620308 -0.007026 -0.172628 0.259246
33 1.585166 0.000001 0.000001 0.000000 -0.000000 0.642948
34 1.233719 -0.000001 0.000000 0.000000 -0.000000 0.623932
35 1.455485 -0.000001 0.000000 0.000000 -0.000000 -3.141592
36 3.790160 0.000254 -0.318445 0.003682 0.065741 0.461219
37 1.438408 0.000000 -0.000001 0.000000 -0.000000 0.241898
38 1.239885 0.000001 -0.000001 0.000000 -0.000000 0.677608
39 1.028099 -0.000001 -0.000001 0.000000 -0.000000 -3.141592
40 -4.567251 0.238217 5.558978 3.129569 -0.083317 -3.098178
41 16.449585 -0.000000 0.000000 0.000000 -0.000000 -0.131540
42 15.566289 -0.000000 -0.000000 -0.283822 -0.029682 0.097645
43 4.082387 7.769351 -0.000001 0.000000 -0.035964 1.570796
44 0.493487 0.000000 0.000000 0.000000 -0.000000 -3.141592
45 -5.055107 -1.258165 -4.642140 -2.944769 -0.076484 -3.011475
46 16.449581 0.000000 0.000000 0.000000 -0.000000 -0.078311
47 15.566286 -0.000000 -0.000000 0.137573 -0.012373 0.134892
48 4.082387 7.769351 0.000000 0.000000 -0.000000 1.570796
49 0.493487 0.000000 0.000000 0.000000 -0.000000 0.000000
50 1.723512 0.620937 -6.894467 1.618303 0.242497 3.091663
51 10.575606 0.000059 0.000001 0.067077 0.035786 0.094841
52 10.205498 -0.000001 -0.000000 0.129652 0.205448 -0.214056
53 9.258062 0.000002 0.000001 0.000000 -0.000000 0.000000
54 -1.170630 -6.100731 -3.876530 2.624302 0.117811 -2.961185
55 6.475053 0.000006 -0.000000 0.090007 -0.073575 -0.094416
56 9.146826 0.000001 0.000000 0.291849 -0.018637 0.063437
57 8.841338 0.000003 0.000001 0.000000 -0.000000 0.000000
58 1.602076 0.620973 6.742610 1.645781 -0.346612 3.088492
59 10.011529 0.000000 0.000000 -0.122079 -0.058220 -0.063531
60 8.821378 0.000000 -0.000000 -0.240523 -0.052434 0.280698
61 12.678899 0.000002 0.000000 0.000000 -0.000000 0.000000
62 -1.167324 -6.143957 4.892939 -1.365574 -0.051711 -2.989942
63 6.573832 0.000004 0.000000 0.038354 -0.084256 -0.036156
64 8.647150 -0.000000 0.000001 -0.090525 -0.042030 -0.134633
65 10.390686 -0.000001 0.000000 0.000000 -0.000000 0.000000
time 22
0 -1.347103 -0.062816 35.968323 0.036691 0.031444 -1.851139
1 1.130904 -1.318873 -35.929424 -0.020062 0.043958 1.851275
2 0.000000 -0.000000 0.000002 3.141593 -1.539762 1.570798
3 4.857503 -0.006126 -0.151718 0.145087 -0.048990 -0.107439
4 7.817710 -0.007593 -0.000958 0.124461 0.064934 0.152891
5 9.710864 -0.001965 0.000000 0.000000 -0.000000 0.000000
6 2.467438 0.000000 0.000000 0.019882 -0.026657 -0.093421
7 7.731315 0.000000 0.000000 0.000000 -0.000000 0.000000
8 -0.763013 0.002566 3.049178 -0.000023 -1.450881 3.140819
9 4.276893 0.000000 -0.000003 0.208316 1.128242 0.274591
10 13.216449 0.000000 -0.000001 0.000000 -0.000000 -0.321642
11 10.099732 -0.000000 -0.000002 -2.032094 0.248245 0.149861
12 0.855658 0.776818 -1.992121 1.137540 0.187298 0.489310
13 1.028102 0.000000 0.000000 0.000000 -0.000000 0.641286
14 1.572821 -0.000001 0.000000 0.000000 -0.000000 0.384016
15 1.838196 0.000001 0.000000 0.000000 -0.000000 0.000000
16 3.790162 0.417839 -1.620308 0.041186 0.167836 0.460227
17 1.585165 0.000000 0.000000 0.000000 -0.000000 0.841072
18 1.233717 -0.000001 0.000000 0.000000 -0.000000 0.822056
19 1.455486 0.000000 0.000000 0.000000 -0.000000 0.000000
20 3.790162 0.000254 0.318445 -0.015595 -0.063973 0.644517
21 1.438406 -0.000000 0.000000 0.000000 -0.000000 0.424818
22 1.239885 -0.000001 0.000000 0.000000 -0.000000 0.860528
23 1.028099 -0.000001 0.000000 0.000000 -0.000000 0.000000
24 -0.763016 0.002583 -3.049178 -0.797115 1.499131 2.344966
25 4.276893 -0.000000 -0.000002 0.029246 -1.246301 0.033420
26 13.216451 0.000000 -0.000001 0.000000 -0.000000 -0.458127
27 10.099730 0.000001 0.000000 2.167856 -0.357831 -0.063227
28 0.855656 0.776818 1.992121 -1.172225 -0.507240 0.353942
29 1.028100 0.000001 -0.000001 0.000000 -0.000000 0.297168
30 1.572819 -0.000001 0.000002 0.000000 -0.000000 0.039899
31 1.838196 0.000000 0.000000 0.000000 -0.000000 -3.141592
32 3.790161 0.417839 1.620308 -0.006171 -0.172661 0.254272
33 1.585167 -0.000000 0.000000 0.000000 -0.000000 0.638048
34 1.233719 0.000000 0.000000 0.000000 -0.000000 0.619033
35 1.455486 0.000001 0.000000 0.000000 -0.000000 -3.141592
36 3.790159 0.000254 -0.318445 0.003359 0.065758 0.456309
37 1.438409 0.000001 -0.000001 0.000000 -0.000000 0.236998
38 1.239885 0.000000 -0.000001 0.000000 -0.000000 0.672708
39 1.028099 0.000000 -0.000001 0.000000 -0.000000 -3.141592
40 -4.564204 0.291989 5.558979 3.129779 -0.084444 -3.111584
41 16.449585 -0.000000 0.000000 0.000000 -0.000000 -0.134487
42 15.566290 -0.000000 -0.000000 -0.283883 -0.030095 0.095474
43 4.082387 7.769351 0.000000 0.000005 -0.035954 1.570451
44 0.493488 0.000000 0.000000 0.000000 -0.000000 -3.141592
45 -5.069645 -1.198543 -4.642140 -2.944134 -0.076092 -3.030972
46 16.449585 -0.000000 0.000000 0.000000 -0.000000 -0.094033
47 15.566288 0.000000 0.000000 0.137378 -0.013717 0.139134
48 4.082387 7.769351 0.000001 0.000000 -0.000000 1.570796
49 0.493487 0.000000 0.000000 0.000000 -0.000000 0.000000
50 1.723507 0.620937 -6.894466 1.630667 0.254994 3.080734
51 10.575606 0.000060 0.000001 0.021222 0.065684 0.143130
52 10.205496 -0.000000 -0.000000 0.105613 0.233514 -0.189919
53 9.258063 0.000003 0.000001 0.000000 -0.000000 0.000000
54 -1.170629 -6.100731 -3.876530 2.634588 0.119414 -2.973190
55 6.475055 0.000006 0.000000 0.008180 -0.041245 -0.148640
56 9.146826 -0.000001 0.000000 0.216054 -0.001747 0.036365
57 8.841338 0.000002 0.000000 0.000000 -0.000000 0.000000
58 1.602073 0.620974 6.742609 1.629778 -0.351987 3.081062
59 10.011530 -0.000001 0.000000 -0.065425 -0.004245 -0.116500
60 8.821379 -0.000001 0.000000 -0.206860 -0.035055 0.233643
61 12.678901 0.000001 0.000000 0.000000 -0.000000 0.000000
62 -1.167327 -6.143956 4.892939 -1.364861 -0.054721 -2.999372
63 6.573834 0.000003 -0.000000 0.066091 -0.134863 0.004136
64 8.647150 -0.000000 0.000001 -0.078230 -0.066649 -0.108393
65 10.390686 0.000000 0.000000 0.000000 -0.000000 0.000000
time 23
0 -1.347103 0.253119 35.968327 0.036682 0.022066 -1.851483
1 0.793684 -1.318873 -35.938465 -0.011037 0.041358 1.851660
2 0.000000 -0.000000 0.000001 3.141593 -1.539762 1.570798
3 4.857677 -0.006143 -0.151709 0.143640 -0.053105 -0.079098
4 7.817382 -0.007636 -0.000935 0.121573 0.070210 0.110129
5 9.710862 -0.001965 0.000000 0.000000 -0.000000 0.000000
6 2.467439 0.000000 -0.000000 0.022484 -0.029914 -0.083129
7 7.731307 0.000000 0.000000 0.000000 -0.000000 0.000000
8 -0.763014 0.002567 3.049178 -0.000033 -1.486646 3.140829
9 4.276894 0.000000 0.000004 0.267343 1.158104 0.332004
10 13.216449 0.000001 0.000000 0.000000 -0.000000 -0.321642
11 10.099729 -0.000000 -0.000000 -2.031341 0.242203 0.152960
12 0.855656 0.776818 -1.992121 1.136994 0.193422 0.486422
13 1.028097 0.000000 -0.000001 0.000000 -0.000000 0.634537
14 1.572825 -0.000001 0.000001 0.000000 -0.000000 0.377267
15 1.838195 -0.000001 0.000000 0.000000 -0.000000 0.000000
16 3.790160 0.417839 -1.620308 0.040043 0.168110 0.453387
17 1.585165 0.000001 0.000000 0.000000 -0.000000 0.834323
18 1.233719 -0.000001 0.000001 0.000000 -0.000000 0.815307
19 1.455486 -0.000001 0.000000 0.000000 -0.000000 0.000000
20 3.790159 0.000254 0.318446 -0.015162 -0.064076 0.637755
21 1.438407 0.000001 0.000000 0.000000 -0.000000 0.418069
22 1.239885 -0.000001 0.000000 0.000000 -0.000000 0.853779
23 1.028099 0.000000 0.000000 0.000000 -0.000000 0.000000
24 -0.763013 0.002583 -3.049178 -1.297852 1.517581 1.843313
25 4.276893 -0.000000 0.000000 -0.024695 -1.271095 0.083874
26 13.216448 -0.000000 0.000000 0.000000 -0.000000 -0.458127
27 10.099729 0.000001 0.000000 2.165393 -0.347987 -0.056102
28 0.855657 0.776817 1.992121 -1.169617 -0.518201 0.348625
29 1.028099 -0.000000 0.000000 0.000000 -0.000000 0.285269
30 1.572822 0.000000 0.000000 0.000000 -0.000000 0.027999
31 1.838196 0.000000 -0.000001 0.000000 -0.000000 -3.141592
32 3.790159 0.417840 1.620309 -0.004096 -0.172722 0.242193
33 1.585165 -0.000000 0.000001 0.000000 -0.000000 0.626149
34 1.233718 -0.000001 -0.000001 0.000000 -0.000000 0.607133
35 1.455486 0.000000 0.000000 0.000000 -0.000000 -3.141592
36 3.790161 0.000254 -0.318446 0.002575 0.065793 0.444383
37 1.438408 -0.000001 0.000001 0.000000 -0.000000 0.225099
38 1.239886 0.000001 0.000001 0.000000 -0.000000 0.660809
39 1.028099 0.000000 0.000001 0.000000 -0.000000 -3.141592
40 -4.554162 0.422401 5.558980 3.130210 -0.087172 3.140108
41 16.449581 0.000000 0.000000 0.000000 -0.000000 -0.139452
42 15.566289 -0.000000 -0.000000 -0.284002 -0.031419 0.087929
43 4.082387 7.769351 0.000000 0.000000 -0.035964 1.570796
44 0.493487 0.000000 0.000000 0.000000 -0.000000 -3.141592
45 -5.102028 -1.053067 -4.642139 -2.942937 -0.076105 -3.073432
46 16.449579 0.000000 0.000000 0.000000 -0.000000 -0.121961
47 15.566289 -0.000000 -0.000000 0.136942 -0.016990 0.144158
48 4.082387 7.769351 0.000000 0.000000 -0.000000 1.570796
49 0.493488 0.000000 0.000000 0.000000 -0.000000 0.000000
50 1.723508 0.620937 -6.894467 1.657868 0.282489 3.056692
51 10.575605 0.000060 0.000001 0.000378 0.079274 0.165080
52 10.205497 0.000000 0.000000 0.052726 0.295259 -0.136818
53 9.258061 0.000002 0.000001 0.000000 -0.000000 0.000000
54 -1.170631 -6.100733 -3.876530 2.657218 0.122942 -2.999601
55 6.475052 0.000006 -0.000000 -0.029014 -0.026550 -0.173286
56 9.146826 0.000000 0.000001 0.049307 0.035411 -0.023194
57 8.841338 0.000000 0.000001 0.000000 -0.000000 0.000000
58 1.602074 0.620974 6.742610 1.594570 -0.363812 3.064717
59 10.011529 0.000000 0.000000 -0.039673 0.020289 -0.140577
60 8.821377 -0.000000 -0.000000 -0.132802 0.003181 0.130122
61 12.678900 0.000003 0.000000 0.000000 -0.000000 0.000000
62 -1.167326 -6.143957 4.892939 -1.363293 -0.061344 -3.020119
63 6.573836 0.000004 0.000000 0.078699 -0.157866 0.022451
64 8.647151 -0.000000 -0.000000 -0.051180 -0.120812 -0.050664
65 10.390687 0.000000 0.000001 0.000000 -0.000000 0.000000
time 24
0 -1.347103 0.643391 35.968327 0.036675 0.010481 -1.851908
1 0.377023 -1.318873 -35.945240 0.000109 0.038142 1.852103
2 0.000000 -0.000000 0.000001 3.141593 -1.539762 1.570798
3 4.857897 -0.006156 -0.151697 0.141693 -0.058129 -0.044071
4 7.816976 -0.007670 -0.000905 0.117696 0.076550 0.057261
5 9.710858 -0.001965 0.000000 0.000000 -0.000000 0.000000
6 2.467441 0.000000 -0.000000 0.025866 -0.033819 -0.070429
7 7.731310 0.000000 0.000000 0.000000 -0.000000 0.000000
8 -0.763010 0.002566 3.049178 -0.000069 -1.530825 3.140866
9 4.276892 0.000000 0.000000 0.352659 1.192621 0.414734
10 13.216450 0.000000 -0.000001 0.000000 -0.000000 -0.321642
11 10.099729 0.000000 -0.000001 -2.030440 0.234736 0.156776
12 0.855655 0.776817 -1.992122 1.136293 0.200986 0.482846
13 1.028100 -0.000000 0.000001 0.000000 -0.000000 0.626200
14 1.572820 0.000001 -0.000001 0.000000 -0.000000 0.368930
15 1.838196 0.000001 -0.000001 0.000000 -0.000000 0.000000
16 3.790158 0.417839 -1.620309 0.038627 0.168438 0.444937
17 1.585165 0.000000 0.000001 0.000000 -0.000000 0.825986
18 1.233719 0.000001 0.000000 0.000000 -0.000000 0.806970
19 1.455486 0.000000 0.000000 0.000000 -0.000000 0.000000
20 3.790158 0.000253 0.318445 -0.014627 -0.064201 0.629402
21 1.438407 -0.000000 0.000000 0.000000 -0.000000 0.409732
22 1.239885 0.000000 0.000000 0.000000 -0.000000 0.845442
23 1.028100 0.000001 0.000000 0.000000 -0.000000 0.000000
24 -0.763009 0.002583 -3.049178 -2.097389 1.511513 1.042644
25 4.276893 -0.000000 -0.000001 -0.103829 -1.300523 0.157635
26 13.216450 0.000000 0.000000 0.000000 -0.000000 -0.458127
27 10.099727 -0.000001 0.000000 2.162466 -0.335805 -0.047371
28 0.855654 0.776818 1.992122 -1.166280 -0.531724 0.341966
29 1.028101 0.000000 -0.000003 0.000000 -0.000000 0.270569
30 1.572822 -0.000001 0.000000 0.000000 -0.000000 0.013300
31 1.838195 0.000000 0.000001 0.000000 -0.000000 -3.141592
32 3.790159 0.417839 1.620309 -0.001531 -0.172763 0.227272
33 1.585165 -0.000000 0.000000 0.000000 -0.000000 0.611449
34 1.233719 0.000000 0.000000 0.000000 -0.000000 0.592433
35 1.455486 -0.000001 0.000000 0.000000 -0.000000 -3.141592
36 3.790162 0.000254 -0.318446 0.001607 0.065824 0.429652
37 1.438408 0.000000 -0.000001 0.000000 -0.000000 0.210399
38 1.239885 -0.000001 0.000001 0.000000 -0.000000 0.646109
39 1.028098 -0.000001 0.000001 0.000000 -0.000000 -3.141592
40 -4.536617 0.583016 5.558980 3.130585 -0.090518 3.103147
41 16.449581 0.000000 0.000000 0.000000 -0.000000 -0.141596
42 15.566290 -0.000000 -0.000000 -0.284096 -0.032943 0.076965
43 4.082387 7.769351 0.000000 0.000000 -0.035964 1.570796
44 0.493487 0.000000 0.000000 0.000000 -0.000000 -3.141592
45 -5.136262 -0.872179 -4.642139 -2.941797 -0.077131 -3.120788
46 16.449583 -0.000000 0.000000 0.000000 -0.000000 -0.145766
47 15.566289 -0.000000 -0.000001 0.136481 -0.021050 0.144852
48 4.082387 7.769351 0.000001 0.000000 -0.000000 1.570796
49 0.493488 0.000000 0.000000 0.000000 -0.000000 0.000000
50 1.723509 0.620937 -6.894467 1.685069 0.309984 3.032649
51 10.575605 0.000060 0.000001 0.025391 0.062966 0.138740
52 10.205497 0.000000 0.000000 -0.000161 0.357003 -0.083717
53 9.258061 0.000002 0.000001 0.000000 -0.000000 0.000000
54 -1.170631 -6.100732 -3.876530 2.679847 0.126470 -3.026013
55 6.475054 0.000005 -0.000000 0.015619 -0.044184 -0.143710
56 9.146824 0.000001 0.000000 -0.117440 0.072569 -0.082754
57 8.841337 0.000001 0.000001 0.000000 -0.000000 0.000000
58 1.602074 0.620974 6.742610 1.559362 -0.375637 3.048372
59 10.011530 0.000000 0.000000 -0.070575 -0.009152 -0.111685
60 8.821378 -0.000001 0.000000 -0.058743 0.041416 0.026601
61 12.678900 0.000003 0.000000 0.000000 -0.000000 0.000000
62 -1.167324 -6.143957 4.892939 -1.361725 -0.067967 -3.040865
63 6.573833 0.000004 0.000000 0.063569 -0.130262 0.000473
64 8.647152 0.000000 0.000001 -0.024131 -0.174975 0.007065
65 10.390687 -0.000001 0.000000 0.000000 -0.000000 0.000000
time 25
0 -1.347103 0.996494 35.968327 0.036673 0.000000 -1.852293
1 0.000000 -1.318873 -35.947220 0.010192 0.035229 1.852473
2 0.000000 0.000000 0.000000 3.141593 -1.539762 1.570798
3 4.858097 -0.006162 -0.151685 0.139780 -0.062613 -0.012362
4 7.816597 -0.007683 -0.000875 0.113901 0.082103 0.009384
5 9.710861 -0.001965 0.000000 0.000000 -0.000000 0.000000
6 2.467438 0.000000 0.000000 0.029081 -0.037232 -0.058954
7 7.731307 0.000000 0.000000 0.000000 -0.000000 0.000000
8 -0.763014 0.002567 3.049178 3.140796 -1.570796 0.000000
9 4.276893 0.000000 0.000002 0.443569 1.221027 0.502738
10 13.216448 0.000000 -0.000001 0.000000 -0.000000 -0.321642
11 10.099730 0.000000 -0.000001 -2.029651 0.227977 0.160217
12 0.855657 0.776818 -1.992121 1.135635 0.207827 0.479601
13 1.028097 0.000000 0.000000 0.000000 -0.000000 0.618657
14 1.572822 0.000000 0.000000 0.000000 -0.000000 0.361387
15 1.838196 -0.000001 0.000001 0.000000 -0.000000 0.000000
16 3.790161 0.417838 -1.620308 0.037345 0.168725 0.437291
17 1.585165 0.000000 0.000000 0.000000 -0.000000 0.818443
18 1.233720 0.000000 0.000000 0.000000 -0.000000 0.799427
19 1.455486 0.000000 0.000000 0.000000 -0.000000 0.000000
20 3.790162 0.000253 0.318445 -0.014142 -0.064309 0.621844
21 1.438407 -0.000001 0.000000 0.000000 -0.000000 0.402189
22 1.239884 0.000002 0.000001 0.000000 -0.000000 0.837899
23 1.028098 -0.000001 0.000000 0.000000 -0.000000 0.000000
24 -0.763013 0.002583 -3.049178 -2.507453 1.484236 0.631554
25 4.276892 0.000000 -0.000003 -0.190162 -1.325664 0.238111
26 13.216450 0.000000 0.000001 0.000000 -0.000000 -0.458127
27 10.099728 0.000000 0.000001 2.159924 -0.324763 -0.039535
28 0.855654 0.776818 1.992121 -1.163146 -0.543942 0.335849
29 1.028100 0.000002 0.000000 0.000000 -0.000000 0.257269
30 1.572820 -0.000001 0.000002 0.000000 -0.000000 0.000000
31 1.838196 0.000001 0.000000 0.000000 -0.000000 -3.141592
32 3.790160 0.417838 1.620307 0.000790 -0.172768 0.213771
33 1.585166 0.000000 -0.000001 0.000000 -0.000000 0.598149
34 1.233719 0.000000 -0.000002 0.000000 -0.000000 0.579134
35 1.455486 0.000001 0.000001 0.000000 -0.000000 -3.141592
36 3.790160 0.000253 -0.318447 0.000730 0.065839 0.416323
37 1.438408 0.000000 0.000000 0.000000 -0.000000 0.197099
38 1.239886 0.000000 0.000000 0.000000 -0.000000 0.632809
39 1.028099 0.000001 0.000000 0.000000 -0.000000 -3.141592
40 -4.515870 0.727719 5.558980 3.130765 -0.093528 3.071478
41 16.449583 0.000000 0.000000 0.000000 -0.000000 -0.139904
42 15.566289 -0.000000 -0.000000 -0.284129 -0.034323 0.065178
43 4.082387 7.769351 0.000000 0.000000 -0.035964 1.570796
44 0.493488 0.000000 0.000000 0.000000 -0.000000 -3.141592
45 -5.161715 -0.707567 -4.642138 -2.940947 -0.078642 3.122456
46 16.449585 -0.000000 0.000000 0.000000 -0.000000 -0.161192
47 15.566288 0.000000 0.000000 0.136137 -0.024736 0.142326
48 4.082387 7.769351 0.000001 0.000000 -0.000000 1.570796
49 0.493488 0.000000 0.000000 0.000000 -0.000000 0.000000
50 1.723507 0.620937 -6.894467 1.697433 0.322482 3.021720
51 10.575605 0.000060 0.000001 0.067077 0.035786 0.094841
52 10.205497 0.000000 0.000000 -0.024201 0.385069 -0.059580
53 9.258061 0.000003 0.000001 0.000000 -0.000000 0.000000
54 -1.170632 -6.100732 -3.876530 2.690133 0.128074 -3.038018
55 6.475051 0.000005 0.000001 0.090007 -0.073576 -0.094416
56 9.146826 0.000001 0.000001 -0.193234 0.089460 -0.109826
57 8.841339 0.000003 0.000000 0.000000 -0.000000 0.000000
58 1.602071 0.620974 6.742610 1.543358 -0.381012 3.040943
59 10.011530 0.000000 0.000000 -0.122079 -0.058220 -0.063531
60 8.821379 0.000000 0.000000 -0.025080 0.058795 -0.020453
61 12.678901 0.000003 0.000000 0.000000 -0.000000 0.000000
62 -1.167326 -6.143956 4.892939 -1.361013 -0.070978 -3.050295
63 6.573833 0.000004 -0.000001 0.038354 -0.084256 -0.036156
64 8.647152 0.000000 0.000000 -0.011836 -0.199594 0.033305
65 10.390688 0.000000 -0.000001 0.000000 -0.000000 0.000000
time 26
0 -1.347103 1.046053 35.968327 0.036673 -0.001471 -1.852347
1 -0.052917 -1.318873 -35.947178 0.011607 0.034819 1.852522
2 0.000000 0.000000 0.000000 3.141593 -1.539762 1.570798
3 4.857954 -0.006160 -0.151681 0.138993 -0.042772 -0.033029
4 7.816374 -0.007661 -0.001025 0.133694 0.105579 -0.014950
5 9.710860 -0.001965 0.000000 0.000000 -0.000000 0.000000
6 2.467437 0.000000 0.000000 0.007772 -0.071799 -0.017973
7 7.731314 0.000000 0.000000 0.000000 -0.000000 0.000000
8 -0.763015 0.002566 3.049178 3.140796 -1.570796 0.000000
9 4.276893 0.000000 0.000003 -0.410270 1.088821 -0.717694
10 13.216451 0.000001 -0.000001 0.000000 -0.000000 -1.332509
11 10.099730 -0.000003 -0.000000 -1.683192 0.229334 0.015004
12 0.855656 0.776817 -1.992123 1.185256 0.117132 0.515210
13 1.028099 -0.000002 0.000000 0.000000 -0.000000 0.715898
14 1.572822 0.000002 0.000000 0.000000 -0.000000 0.458629
15 1.838195 -0.000001 0.000000 0.000000 -0.000000 0.000000
16 3.790160 0.417839 -1.620308 0.066158 0.159718 0.613096
17 1.585165 0.000000 0.000000 0.000000 -0.000000 0.992110
18 1.233718 0.000000 0.000000 0.000000 -0.000000 0.973094
19 1.455486 -0.000001 0.000001 0.000000 -0.000000 0.000000
20 3.790160 0.000254 0.318447 -0.025554 -0.060689 0.804067
21 1.438407 -0.000000 0.000001 0.000000 -0.000000 0.584091
22 1.239886 -0.000001 0.000004 0.000000 -0.000000 1.019802
23 1.028099 0.000000 -0.000001 0.000000 -0.000000 0.000000
24 -0.763012 0.002583 -3.049177 -2.701823 1.450189 0.436172
25 4.276893 -0.000000 0.000002 -0.442831 -1.401115 0.300803
26 13.216449 -0.000000 0.000001 0.000000 -0.000000 -0.915667
27 10.099729 -0.000002 -0.000002 2.390085 -0.091259 0.017288
28 0.855656 0.776818 1.992119 -1.152242 -0.583299 0.315443
29 1.028099 -0.000000 0.000002 0.000000 -0.000000 0.214299
30 1.572823 0.000000 -0.000001 0.000000 -0.000000 -0.042971
31 1.838196 0.000001 -0.000002 0.000000 -0.000000 -3.141592
32 3.790159 0.417839 1.620308 0.008285 -0.172573 0.170152
33 1.585166 0.000000 0.000000 0.000000 -0.000000 0.555178
34 1.233719 0.000002 0.000002 0.000000 -0.000000 0.536163
35 1.455486 0.000000 -0.000002 0.000000 -0.000000 -3.141592
36 3.790159 0.000255 -0.318446 -0.002103 0.065810 0.373259
37 1.438408 0.000001 0.000000 0.000000 -0.000000 0.154128
38 1.239887 -0.000000 0.000000 0.000000 -0.000000 0.589839
39 1.028098 -0.000001 -0.000001 0.000000 -0.000000 -3.141592
40 -4.623916 0.611358 5.483531 3.127918 -0.077306 3.095097
41 16.449583 0.000000 0.000000 0.000000 -0.000000 -0.139386
42 15.566287 0.000000 0.000000 -0.284116 -0.034433 0.063715
43 4.082387 7.769351 0.000000 0.000014 -0.035938 1.570452
44 0.493487 0.000000 0.000000 0.000000 -0.000000 -3.141592
45 -5.065248 -0.817392 -4.729395 -2.942860 -0.062123 -3.138344
46 16.449583 -0.000000 0.000000 0.000000 -0.000000 -0.163005
47 15.566291 -0.000000 -0.000000 0.136095 -0.025254 0.141789
48 4.082387 7.769351 0.000000 0.000000 -0.000000 1.570796
49 0.493487 0.000000 0.000000 0.000000 -0.000000 0.000000
50 1.723509 0.620937 -6.894467 1.689203 0.314163 3.028994
51 10.575608 0.000059 0.000001 0.100427 0.014042 0.059721
52 10.205496 -0.000000 -0.000000 -0.008200 0.366388 -0.075645
53 9.258062 0.000003 0.000002 0.000000 -0.000000 0.000000
54 -1.170629 -6.100732 -3.876530 2.683286 0.127006 -3.030028
55 6.475051 0.000005 -0.000000 0.149517 -0.097088 -0.054981
56 9.146826 0.000000 0.000000 -0.142785 0.078218 -0.091807
57 8.841339 0.000002 0.000001 0.000000 -0.000000 0.000000
58 1.602077 0.620974 6.742609 1.554010 -0.377435 3.045888
59 10.011527 0.000001 -0.000000 -0.163282 -0.097474 -0.025008
60 8.821377 -0.000001 0.000000 -0.047487 0.047228 0.010866
61 12.678899 0.000004 0.000000 0.000000 -0.000000 0.000000
62 -1.167324 -6.143957 4.892939 -1.361487 -0.068974 -3.044019
63 6.573836 0.000003 -0.000000 0.018182 -0.047451 -0.065459
64 8.647153 0.000000 -0.000000 -0.020019 -0.183207 0.015840
65 10.390688 -0.000001 0.000000 0.000000 -0.000000 0.000000
time 27
0 -1.347103 0.996494 35.968327 0.036673 0.000000 -1.852293
1 0.000000 -1.318873 -35.947216 0.010192 0.035229 1.852473
2 0.000000 0.000000 0.000000 3.141593 -1.539762 1.570798
3 4.857834 -0.006156 -0.151679 0.138532 -0.030211 -0.050149
4 7.816385 -0.007647 -0.001124 0.146948 0.114497 -0.010484
5 9.710856 -0.001965 0.000000 0.000000 -0.000000 0.000000
6 2.467438 0.000000 0.000000 -0.006568 -0.088634 0.002462
7 7.731308 0.000000 0.000000 0.000000 -0.000000 0.000000
8 -0.763013 0.002567 3.049178 3.140796 -1.570796 0.000000
9 4.276893 0.000000 0.000002 -0.611062 0.823656 -1.282392
10 13.216446 0.000001 0.000003 0.000000 0.000000 -2.114846
11 10.099727 0.000001 -0.000002 -1.435742 0.269176 -0.061138
12 0.855655 0.776818 -1.992121 1.224416 0.039148 0.541594
13 1.028099 0.000001 -0.000001 0.000000 -0.000000 0.798179
14 1.572822 0.000001 0.000000 0.000000 -0.000000 0.540910
15 1.838196 0.000000 0.000001 0.000000 -0.000000 0.000000
16 3.790160 0.417838 -1.620309 0.088944 0.148312 0.761361
17 1.585165 0.000000 0.000000 0.000000 -0.000000 1.139059
18 1.233719 0.000001 0.000001 0.000000 -0.000000 1.120043
19 1.455485 0.000002 0.000000 0.000000 -0.000000 0.000000
20 3.790160 0.000253 0.318445 -0.034563 -0.056054 0.958178
21 1.438407 -0.000001 -0.000001 0.000000 -0.000000 0.738009
22 1.239888 0.000002 0.000001 0.000000 -0.000000 1.173719
23 1.028097 0.000001 0.000000 0.000000 -0.000000 0.000000
24 -0.763012 0.002583 -3.049178 -2.795234 1.419333 0.341902
25 4.276893 -0.000000 -0.000003 -0.470898 -1.468433 0.158052
26 13.216453 0.000000 0.000000 0.000000 -0.000000 -1.349502
27 10.099729 -0.000005 0.000002 2.621508 0.035637 0.089212
28 0.855656 0.776818 1.992119 -1.147747 -0.598272 0.307375
29 1.028097 0.000000 -0.000003 0.000000 -0.000000 0.197895
30 1.572825 0.000001 0.000006 0.000000 -0.000000 -0.059374
31 1.838197 0.000000 -0.000002 0.000000 -0.000000 -3.141592
32 3.790160 0.417841 1.620308 0.011143 -0.172414 0.153502
33 1.585165 -0.000000 0.000000 0.000000 -0.000000 0.538775
34 1.233718 0.000000 0.000000 0.000000 -0.000000 0.519760
35 1.455486 -0.000001 -0.000001 0.000000 -0.000000 -3.141592
36 3.790159 0.000256 -0.318446 -0.003184 0.065767 0.356821
37 1.438409 -0.000002 -0.000001 0.000000 -0.000000 0.137725
38 1.239885 0.000002 0.000000 0.000000 -0.000000 0.573435
39 1.028099 0.000001 0.000001 0.000000 -0.000000 -3.141592
40 -4.689359 0.518433 5.437227 3.126439 -0.066860 3.113704
41 16.449583 0.000000 0.000000 0.000000 -0.000000 -0.139902
42 15.566287 0.000000 0.000000 -0.284129 -0.034323 0.065177
43 4.082387 7.769351 0.000000 0.000000 -0.035964 1.570796
44 0.493487 0.000000 0.000000 0.000000 -0.000000 -3.141592
45 -5.001126 -0.906263 -4.781041 -2.943903 -0.051789 -3.118658
46 16.449581 0.000000 0.000000 0.000000 -0.000000 -0.161193
47 15.566288 0.000000 0.000000 0.136137 -0.024736 0.142327
48 4.082387 7.769351 0.000000 0.000000 -0.000000 1.570796
49 0.493488 0.000000 0.000000 0.000000 -0.000000 0.000000
50 1.723507 0.620937 -6.894467 1.669579 0.294327 3.046340
51 10.575605 0.000060 0.000001 0.133777 -0.007702 0.024602
52 10.205498 0.000000 -0.000000 0.029955 0.321842 -0.113955
53 9.258062 0.000003 0.000000 0.000000 -0.000000 0.000000
54 -1.170632 -6.100732 -3.876530 2.666960 0.124461 -3.010973
55 6.475050 0.000005 -0.000000 0.209027 -0.120601 -0.015546
56 9.146827 0.000001 0.000000 -0.022485 0.051410 -0.048837
57 8.841337 0.000002 0.000001 0.000000 -0.000000 0.000000
58 1.602071 0.620974 6.742610 1.579411 -0.368904 3.057680
59 10.011529 -0.000001 0.000000 -0.204485 -0.136728 0.013515
60 8.821377 -0.000001 0.000000 -0.100916 0.019643 0.085552
61 12.678900 0.000001 -0.000001 0.000000 -0.000000 0.000000
62 -1.167326 -6.143956 4.892939 -1.362618 -0.064196 -3.029051
63 6.573834 0.000003 -0.000001 -0.001990 -0.010646 -0.094763
64 8.647152 0.000000 0.000000 -0.039534 -0.144131 -0.025809
65 10.390688 -0.000001 -0.000001 0.000000 -0.000000 0.000000
time 28
0 -1.347103 0.699144 35.968327 0.036674 0.008826 -1.851969
1 0.317495 -1.318873 -35.945816 0.001701 0.037682 1.852163
2 0.000000 -0.000000 0.000002 3.141593 -1.539762 1.570798
3 4.857799 -0.006153 -0.151690 0.140416 -0.041039 -0.057229
4 7.817227 -0.007633 -0.001063 0.138392 0.073537 0.092230
5 9.710860 -0.001965 0.000000 0.000000 -0.000000 0.000000
6 2.467440 0.000000 -0.000000 0.005839 -0.049973 -0.048054
7 7.731315 0.000000 0.000000 0.000000 -0.000000 0.000000
8 -0.763010 0.002566 3.049178 3.140796 -1.570796 0.000000
9 4.276893 0.000000 0.000000 -0.497066 1.035921 -1.465566
10 13.216449 0.000000 0.000000 0.000000 -0.000000 -1.640263
11 10.099729 0.000001 -0.000000 -1.722883 0.317604 0.199333
12 0.855656 0.776818 -1.992121 1.224416 0.039148 0.541594
13 1.028099 -0.000001 0.000000 0.000000 -0.000000 0.798179
14 1.572822 -0.000001 0.000000 0.000000 -0.000000 0.540910
15 1.838195 0.000000 0.000000 0.000000 -0.000000 0.000000
16 3.790160 0.417838 -1.620308 0.088944 0.148312 0.761361
17 1.585165 0.000001 0.000003 0.000000 -0.000000 1.139059
18 1.233718 -0.000001 -0.000002 0.000000 -0.000000 1.120043
19 1.455485 0.000001 0.000001 0.000000 -0.000000 0.000000
20 3.790160 0.000252 0.318444 -0.034563 -0.056054 0.958178
21 1.438410 -0.000000 0.000002 0.000000 -0.000000 0.738009
22 1.239883 0.000000 0.000002 0.000000 -0.000000 1.173719
23 1.028099 0.000000 -0.000003 0.000000 -0.000000 0.000000
24 -0.763010 0.002583 -3.049178 -2.795234 1.419333 0.341902
25 4.276893 0.000000 0.000001 0.259587 -1.305055 -0.642320
26 13.216448 -0.000000 0.000001 0.000000 -0.000000 -1.652960
27 10.099730 0.000002 -0.000001 2.824379 -0.313166 -0.060213
28 0.855656 0.776818 1.992119 -1.178529 -0.479144 0.367255
29 1.028099 -0.000000 0.000000 0.000000 -0.000000 0.327613
30 1.572824 -0.000003 0.000003 0.000000 -0.000000 0.070344
31 1.838194 0.000001 -0.000001 0.000000 -0.000000 -3.141592
32 3.790160 0.417839 1.620306 -0.011477 -0.172392 0.285175
33 1.585166 0.000001 0.000002 0.000000 -0.000000 0.668493
34 1.233717 -0.000001 -0.000004 0.000000 -0.000000 0.649477
35 1.455488 0.000000 0.000000 0.000000 -0.000000 -3.141592
36 3.790160 0.000255 -0.318445 0.005362 0.065625 0.486819
37 1.438409 0.000001 0.000001 0.000000 -0.000000 0.267443
38 1.239883 -0.000002 0.000000 0.000000 -0.000000 0.703153
39 1.028100 0.000000 0.000001 0.000000 -0.000000 -3.141592
40 -4.628162 0.501719 5.490941 3.128225 -0.075988 3.118703
41 16.449583 0.000000 0.000000 0.000000 -0.000000 -0.141551
42 15.566290 -0.000000 -0.000000 -0.284104 -0.033160 0.075220
43 4.082387 7.769351 0.000000 0.000000 -0.035964 1.570796
44 0.493488 0.000000 0.000000 0.000000 -0.000000 -3.141592
45 -5.051620 -0.941672 -4.720682 -2.943176 -0.062220 -3.106679
46 16.449583 -0.000000 0.000000 0.000000 -0.000000 -0.148524
47 15.566287 -0.000000 -0.000000 0.136422 -0.021631 0.144620
48 4.082387 7.769351 0.000000 0.000000 -0.000000 1.570796
49 0.493487 0.000000 0.000000 0.000000 -0.000000 0.000000
50 1.723510 0.620937 -6.894466 1.646156 0.270651 3.067043
51 10.575605 0.000060 0.000001 0.112933 0.005888 0.046551
52 10.205496 -0.000001 -0.000000 0.075496 0.268675 -0.159680
53 9.258062 0.000003 0.000001 0.000000 -0.000000 0.000000
54 -1.170633 -6.100731 -3.876529 2.647475 0.121423 -2.988230
55 6.475051 0.000006 0.000000 0.171833 -0.105906 -0.040193
56 9.146825 0.000000 0.000000 0.121100 0.019413 0.002448
57 8.841338 0.000001 0.000000 0.000000 -0.000000 0.000000
58 1.602072 0.620974 6.742609 1.609728 -0.358721 3.071755
59 10.011530 -0.000001 0.000000 -0.178733 -0.112194 -0.010562
60 8.821377 -0.000000 0.000001 -0.164687 -0.013281 0.174693
61 12.678900 0.000001 0.000000 0.000000 -0.000000 0.000000
62 -1.167326 -6.143956 4.892938 -1.363968 -0.058493 -3.011187
63 6.573833 0.000004 0.000000 0.010618 -0.033649 -0.076448
64 8.647151 0.000001 -0.000000 -0.062826 -0.097492 -0.075519
65 10.390687 -0.000001 -0.000001 0.000000 -0.000000 0.000000
time 29
0 -1.347103 0.302677 35.968323 0.036680 0.020595 -1.851537
1 0.740779 -1.318873 -35.939598 -0.009622 0.040950 1.851718
2 0.000000 -0.000000 0.000001 3.141593 -1.539762 1.570798
3 4.857801 -0.006151 -0.151703 0.142579 -0.055907 -0.059619
4 7.818081 -0.007532 -0.000934 0.121106 0.030050 0.197673
5 9.710862 -0.001965 0.000000 0.000000 -0.000000 0.000000
6 2.467438 0.000000 0.000000 0.024373 -0.004759 -0.105257
7 7.731313 0.000000 0.000000 0.000000 -0.000000 0.000000
8 -0.763012 0.002566 3.049178 3.140796 -1.570796 0.000000
9 4.276894 0.000000 -0.000002 -0.432095 0.933079 -1.394195
10 13.216449 0.000000 -0.000002 0.000000 -0.000000 -1.601960
11 10.099729 -0.000000 -0.000000 -1.772988 0.288797 0.031894
12 0.855656 0.776817 -1.992120 1.224416 0.039148 0.541594
13 1.028099 0.000001 0.000000 0.000000 -0.000000 0.798179
14 1.572820 -0.000002 -0.000001 0.000000 -0.000000 0.540910
15 1.838194 0.000000 0.000000 0.000000 -0.000000 0.000000
16 3.790160 0.417838 -1.620306 0.088944 0.148312 0.761361
17 1.585165 0.000001 0.000000 0.000000 -0.000000 1.139059
18 1.233719 -0.000000 -0.000001 0.000000 -0.000000 1.120043
19 1.455486 0.000000 0.000000 0.000000 -0.000000 0.000000
20 3.790160 0.000252 0.318448 -0.034563 -0.056054 0.958178
21 1.438408 -0.000000 -0.000003 0.000000 -0.000000 0.738009
22 1.239885 0.000000 0.000000 0.000000 -0.000000 1.173719
23 1.028099 0.000000 0.000000 0.000000 -0.000000 0.000000
24 -0.763013 0.002583 -3.049178 -2.795234 1.419333 0.341902
25 4.276893 0.000001 -0.000001 0.629917 -1.245430 -1.003505
26 13.216450 0.000000 0.000001 0.000000 -0.000000 -1.652960
27 10.099730 0.000001 0.000000 2.824379 -0.313166 -0.060213
28 0.855656 0.776818 1.992120 -1.178529 -0.479144 0.367255
29 1.028099 -0.000001 0.000001 0.000000 -0.000000 0.327613
30 1.572823 -0.000001 0.000001 0.000000 -0.000000 0.070344
31 1.838197 -0.000001 0.000002 0.000000 -0.000000 -3.141592
32 3.790161 0.417838 1.620308 -0.011477 -0.172392 0.285175
33 1.585164 -0.000000 -0.000001 0.000000 -0.000000 0.668493
34 1.233720 0.000001 0.000002 0.000000 -0.000000 0.649477
35 1.455486 0.000000 0.000001 0.000000 -0.000000 -3.141592
36 3.790160 0.000255 -0.318444 0.005362 0.065625 0.486819
37 1.438407 -0.000002 -0.000003 0.000000 -0.000000 0.267443
38 1.239887 0.000003 0.000004 0.000000 -0.000000 0.703153
39 1.028098 0.000000 0.000000 0.000000 -0.000000 -3.141592
40 -4.545109 0.511806 5.558979 3.130268 -0.087598 3.120134
41 16.449583 0.000000 0.000000 0.000000 -0.000000 -0.139965
42 15.566288 -0.000000 -0.000000 -0.284017 -0.031612 0.086660
43 4.082387 7.769351 0.000000 0.000000 -0.035964 1.570796
44 0.493487 0.000000 0.000000 0.000000 -0.000000 -3.141592
45 -5.121858 -0.952611 -4.642138 -2.942777 -0.076186 -3.094853
46 16.449581 0.000000 0.000000 0.000000 -0.000000 -0.125495
47 15.566288 0.000000 0.000000 0.136879 -0.017505 0.144509
48 4.082387 7.769351 -0.000001 0.000000 -0.000000 1.570796
49 0.493487 0.000000 0.000000 0.000000 -0.000000 0.000000
50 1.723508 0.620937 -6.894466 1.626532 0.250815 3.084389
51 10.575608 0.000060 0.000001 0.067077 0.035786 0.094841
52 10.205496 0.000001 -0.000000 0.113651 0.224129 -0.197990
53 9.258062 0.000001 0.000001 0.000000 -0.000000 0.000000
54 -1.170631 -6.100732 -3.876529 2.631149 0.118878 -2.969175
55 6.475052 0.000006 -0.000000 0.090007 -0.073576 -0.094416
56 9.146825 0.000002 0.000000 0.241400 -0.007395 0.045418
57 8.841337 0.000002 0.000000 0.000000 -0.000000 0.000000
58 1.602075 0.620974 6.742609 1.635129 -0.350190 3.083547
59 10.011531 -0.000002 -0.000000 -0.122079 -0.058220 -0.063531
60 8.821381 -0.000002 -0.000000 -0.218117 -0.040867 0.249378
61 12.678901 0.000000 0.000000 0.000000 -0.000000 0.000000
62 -1.167326 -6.143956 4.892938 -1.365099 -0.053715 -2.996219
63 6.573833 0.000003 -0.000000 0.038354 -0.084256 -0.036156
64 8.647154 -0.000000 -0.000001 -0.082341 -0.058417 -0.117167
65 10.390688 0.000000 -0.000001 0.000000 -0.000000 0.000000
time 30
0 -1.347103 -0.044231 35.968327 0.036690 0.030893 -1.851159
1 1.111070 -1.318873 -35.930042 -0.019532 0.043805 1.851298
2 -0.000000 0.000000 -0.000001 3.141593 -1.539762 1.570798
3 4.857799 -0.006151 -0.151706 0.143103 -0.059117 -0.060811
4 7.818287 -0.007493 -0.000900 0.116663 0.019925 0.223798
5 9.710856 -0.001965 0.000000 0.000000 -0.000000 0.000000
6 2.467438 0.000000 0.000000 0.028662 0.005722 -0.116862
7 7.731308 0.000000 0.000000 0.000000 -0.000000 0.000000
8 -0.763012 0.002566 3.049178 3.140796 -1.570796 0.000000
9 4.276893 0.000000 0.000002 -0.403327 0.910903 -1.352415
10 13.216451 0.000000 -0.000002 0.000000 -0.000000 -1.599542
11 10.099730 -0.000002 0.000001 -1.792275 0.292312 0.043749
12 0.855656 0.776817 -1.992123 1.224416 0.039148 0.541594
13 1.028099 0.000002 0.000000 0.000000 -0.000000 0.798179
14 1.572823 0.000002 0.000000 0.000000 -0.000000 0.540910
15 1.838196 0.000000 0.000000 0.000000 -0.000000 0.000000
16 3.790160 0.417838 -1.620311 0.088944 0.148312 0.761361
17 1.585165 0.000000 0.000003 0.000000 -0.000000 1.139059
18 1.233718 0.000000 -0.000003 0.000000 -0.000000 1.120043
19 1.455487 0.000000 0.000002 0.000000 -0.000000 0.000000
20 3.790160 0.000253 0.318444 -0.034563 -0.056054 0.958178
21 1.438408 -0.000000 0.000004 0.000000 -0.000000 0.738009
22 1.239885 0.000000 -0.000001 0.000000 -0.000000 1.173719
23 1.028099 0.000000 -0.000002 0.000000 -0.000000 0.000000
24 -0.763012 0.002583 -3.049178 -2.795234 1.419333 0.341902
25 4.276893 0.000001 -0.000002 0.676495 -1.217764 -1.051650
26 13.216449 -0.000000 0.000001 0.000000 -0.000000 -1.671926
27 10.099729 -0.000000 0.000001 2.839506 -0.333813 -0.072472
28 0.855656 0.776817 1.992119 -1.180121 -0.471650 0.370734
29 1.028098 -0.000001 -0.000002 0.000000 -0.000000 0.335720
30 1.572822 0.000001 0.000002 0.000000 -0.000000 0.078451
31 1.838197 -0.000001 -0.000001 0.000000 -0.000000 -3.141592
32 3.790161 0.417838 1.620307 -0.012888 -0.172293 0.293403
33 1.585163 0.000001 -0.000002 0.000000 -0.000000 0.676600
34 1.233718 -0.000001 -0.000001 0.000000 -0.000000 0.657585
35 1.455487 0.000000 -0.000001 0.000000 -0.000000 -3.141592
36 3.790160 0.000252 -0.318447 0.005895 0.065579 0.494944
37 1.438408 -0.000002 -0.000002 0.000000 -0.000000 0.275550
38 1.239886 0.000001 0.000003 0.000000 -0.000000 0.711261
39 1.028100 0.000000 0.000000 0.000000 -0.000000 -3.141592
40 -4.526850 0.511067 5.573927 3.130325 -0.087943 3.123807
41 16.449585 -0.000000 0.000000 0.000000 -0.000000 -0.134876
42 15.566289 -0.000000 -0.000000 -0.283890 -0.030260 0.094765
43 4.082387 7.769351 0.000000 0.000000 -0.035964 1.570796
44 0.493487 0.000000 0.000000 0.000000 -0.000000 -3.141592
45 -5.136669 -0.958418 -4.624538 -2.943804 -0.079429 -3.079500
46 16.449581 0.000000 0.000000 0.000000 -0.000000 -0.096014
47 15.566289 -0.000000 -0.000000 0.137351 -0.013909 0.139603
48 4.082387 7.769351 0.000000 0.000000 -0.000000 1.570796
49 0.493487 0.000000 0.000000 0.000000 -0.000000 0.000000
50 1.723508 0.620937 -6.894466 1.618303 0.242497 3.091663
51 10.575608 0.000061 0.000001 0.021222 0.065684 0.143130
52 10.205499 0.000001 -0.000000 0.129652 0.205448 -0.214056
53 9.258062 0.000003 0.000000 0.000000 -0.000000 0.000000
54 -1.170631 -6.100732 -3.876530 2.624302 0.117811 -2.961185
55 6.475051 0.000005 -0.000000 0.008180 -0.041245 -0.148640
56 9.146826 0.000000 0.000000 0.291849 -0.018637 0.063437
57 8.841338 0.000003 0.000000 0.000000 -0.000000 0.000000
58 1.602073 0.620974 6.742609 1.645781 -0.346612 3.088492
59 10.011531 -0.000000 -0.000000 -0.065425 -0.004245 -0.116500
60 8.821378 -0.000001 0.000001 -0.240523 -0.052434 0.280698
61 12.678900 0.000002 0.000000 0.000000 -0.000000 0.000000
62 -1.167328 -6.143957 4.892938 -1.365574 -0.051711 -2.989942
63 6.573834 0.000004 0.000000 0.066091 -0.134863 0.004136
64 8.647154 0.000000 0.000000 -0.090525 -0.042030 -0.134633
65 10.390688 0.000000 0.000000 0.000000 -0.000000 0.000000
time 31
0 -1.347103 -0.192907 35.968327 0.036696 0.035306 -1.850997
1 1.269733 -1.318873 -35.924786 -0.023779 0.045027 1.851110
2 -0.000000 0.000000 -0.000001 3.141593 -1.539762 1.570798
3 4.857801 -0.006151 -0.151703 0.142579 -0.055907 -0.059619
4 7.818081 -0.007533 -0.000934 0.121106 0.030050 0.197673
5 9.710859 -0.001964 0.000000 0.000000 -0.000000 0.000000
6 2.467440 0.000000 -0.000000 0.024373 -0.004759 -0.105257
7 7.731310 0.000000 0.000000 0.000000 -0.000000 0.000000
8 -0.763010 0.002567 3.049178 3.140796 -1.570796 0.000000
9 4.276894 0.000000 -0.000002 -0.416000 0.904448 -1.328519
10 13.216448 0.000001 -0.000001 0.000000 -0.000000 -1.658240
11 10.099730 0.000000 -0.000001 -1.763005 0.295457 0.066555
12 0.855656 0.776819 -1.992120 1.224416 0.039148 0.541594
13 1.028099 -0.000001 0.000000 0.000000 -0.000000 0.798179
14 1.572819 -0.000002 0.000000 0.000000 -0.000000 0.540910
15 1.838197 0.000000 0.000000 0.000000 -0.000000 0.000000
16 3.790160 0.417839 -1.620309 0.088944 0.148312 0.761361
17 1.585165 0.000000 -0.000003 0.000000 -0.000000 1.139059
18 1.233721 0.000001 0.000005 0.000000 -0.000000 1.120043
19 1.455486 0.000002 0.000000 0.000000 -0.000000 0.000000
20 3.790160 0.000253 0.318445 -0.034563 -0.056054 0.958178
21 1.438408 0.000001 0.000003 0.000000 -0.000000 0.738009
22 1.239884 0.000000 -0.000003 0.000000 -0.000000 1.173719
23 1.028099 0.000001 0.000000 0.000000 -0.000000 0.000000
24 -0.763011 0.002584 -3.049178 -2.795234 1.419333 0.341902
25 4.276893 -0.000000 -0.000001 0.629917 -1.245430 -1.003505
26 13.216448 -0.000000 0.000001 0.000000 -0.000000 -1.652960
27 10.099730 -0.000003 0.000000 2.824379 -0.313166 -0.060213
28 0.855656 0.776820 1.992123 -1.178529 -0.479144 0.367255
29 1.028097 0.000000 -0.000001 0.000000 -0.000000 0.327613
30 1.572823 -0.000002 -0.000001 0.000000 -0.000000 0.070344
31 1.838195 0.000000 -0.000001 0.000000 -0.000000 -3.141592
32 3.790161 0.417838 1.620310 -0.011477 -0.172392 0.285175
33 1.585164 0.000001 -0.000003 0.000000 -0.000000 0.668493
34 1.233718 -0.000003 0.000002 0.000000 -0.000000 0.649477
35 1.455487 0.000000 0.000002 0.000000 -0.000000 -3.141592
36 3.790160 0.000253 -0.318444 0.005362 0.065625 0.486819
37 1.438409 -0.000001 0.000000 0.000000 -0.000000 0.267443
38 1.239886 -0.000001 0.000000 0.000000 -0.000000 0.703153
39 1.028099 0.000000 0.000000 0.000000 -0.000000 -3.141592
40 -4.545105 0.511806 5.558980 3.129569 -0.083317 3.124978
41 16.449583 0.000000 0.000000 0.000000 -0.000000 -0.131540
42 15.566288 -0.000000 -0.000000 -0.283822 -0.029682 0.097645
43 4.082387 7.769350 -0.000001 0.000000 -0.035964 1.570796
44 0.493488 0.000000 0.000000 0.000000 -0.000000 -3.141592
45 -5.121859 -0.952611 -4.642138 -2.944769 -0.076484 -3.071505
46 16.449581 0.000000 0.000000 0.000000 -0.000000 -0.078311
47 15.566286 -0.000000 -0.000001 0.137573 -0.012373 0.134892
48 4.082387 7.769351 0.000000 0.000000 -0.000000 1.570796
49 0.493487 0.000000 0.000000 0.000000 -0.000000 0.000000
50 1.723512 0.620937 -6.894467 1.638818 0.263233 3.073530
51 10.575606 0.000061 0.000001 0.000378 0.079274 0.165080
52 10.205498 0.000000 -0.000000 0.089764 0.252017 -0.174006
53 9.258062 0.000003 0.000001 0.000000 -0.000000 0.000000
54 -1.170630 -6.100731 -3.876530 2.641370 0.120471 -2.981104
55 6.475054 0.000005 -0.000000 -0.029014 -0.026550 -0.173286
56 9.146825 -0.000001 0.000000 0.166087 0.009388 0.018517
57 8.841339 0.000001 0.000000 0.000000 -0.000000 0.000000
58 1.602076 0.620973 6.742610 1.619227 -0.355531 3.076164
59 10.011527 0.000000 0.000000 -0.039673 0.020289 -0.140577
60 8.821379 -0.000001 0.000000 -0.184668 -0.023597 0.202622
61 12.678899 0.000003 0.000000 0.000000 -0.000000 0.000000
62 -1.167324 -6.143957 4.892939 -1.364391 -0.056706 -3.005589
63 6.573835 0.000004 0.000000 0.078699 -0.157866 0.022451
64 8.647152 0.000000 0.000001 -0.070124 -0.082880 -0.091094
65 10.390686 -0.000001 -0.000001 0.000000 -0.000000 0.000000
time 32
0 -1.347103 -0.007063 35.968323 0.036689 0.029789 -1.851200
1 1.071401 -1.318873 -35.931248 -0.018470 0.043499 1.851344
2 -0.000000 0.000000 -0.000002 3.141593 -1.539762 1.570798
3 4.857821 -0.006154 -0.151689 0.140272 -0.041458 -0.054278
4 7.817133 -0.007641 -0.001059 0.137796 0.076900 0.080479
5 9.710859 -0.001965 0.000000 0.000000 -0.000000 0.000000
6 2.467436 0.000000 0.000000 0.007159 -0.051936 -0.062942
7 7.731310 0.000000 0.000000 0.000000 -0.000000 0.000000
8 -0.763014 0.002566 3.049178 3.140796 -1.570796 0.000000
9 4.276893 0.000000 -0.000001 -0.531465 0.854243 -1.305321
10 13.216445 -0.000000 0.000002 0.000000 0.000000 -1.920096
11 10.099729 -0.000001 -0.000003 -1.581644 0.274734 -0.013352
12 0.855655 0.776816 -1.992121 1.224416 0.039148 0.541594
13 1.028099 0.000004 0.000000 0.000000 -0.000000 0.798179
14 1.572820 -0.000004 0.000003 0.000000 -0.000000 0.540910
15 1.838197 0.000001 -0.000001 0.000000 -0.000000 0.000000
16 3.790161 0.417835 -1.620309 0.088944 0.148312 0.761361
17 1.585165 0.000001 0.000000 0.000000 -0.000000 1.139059
18 1.233719 -0.000000 -0.000001 0.000000 -0.000000 1.120043
19 1.455488 -0.000002 0.000002 0.000000 -0.000000 0.000000
20 3.790160 0.000252 0.318445 -0.034563 -0.056054 0.958178
21 1.438408 -0.000000 0.000001 0.000000 -0.000000 0.738009
22 1.239888 0.000000 0.000000 0.000000 -0.000000 1.173719
23 1.028098 0.000002 -0.000001 0.000000 -0.000000 0.000000
24 -0.763014 0.002583 -3.049178 -2.795234 1.419333 0.341902
25 4.276892 0.000000 -0.000001 0.347009 -1.397702 -0.690168
26 13.216448 -0.000000 0.000000 0.000000 -0.000000 -1.482265
27 10.099729 0.000004 0.000000 2.702667 -0.120565 0.033468
28 0.855656 0.776819 1.992124 -1.162515 -0.546349 0.334632
29 1.028099 -0.000000 -0.000002 0.000000 -0.000000 0.254647
30 1.572823 0.000000 0.000002 0.000000 -0.000000 -0.002622
31 1.838195 0.000000 -0.000002 0.000000 -0.000000 -3.141592
32 3.790160 0.417839 1.620311 0.001248 -0.172765 0.211109
33 1.585165 -0.000000 0.000000 0.000000 -0.000000 0.595527
34 1.233719 0.000000 0.000000 0.000000 -0.000000 0.576511
35 1.455487 0.000000 0.000000 0.000000 -0.000000 -3.141592
36 3.790160 0.000253 -0.318444 0.000557 0.065841 0.413695
37 1.438408 0.000001 0.000002 0.000000 -0.000000 0.194477
38 1.239885 -0.000002 0.000000 0.000000 -0.000000 0.630187
39 1.028100 0.000001 0.000001 0.000000 -0.000000 -3.141592
40 -4.626650 0.515377 5.490965 3.127503 -0.069915 3.119664
41 16.449581 0.000000 0.000000 0.000000 -0.000000 -0.135593
42 15.566285 -0.000000 0.000001 -0.283906 -0.030404 0.093986
43 4.082387 7.769351 0.000000 0.000000 -0.035964 1.570796
44 0.493487 0.000000 0.000000 0.000000 -0.000000 -3.141592
45 -5.054433 -0.926517 -4.720689 -2.945070 -0.060865 -3.085238
46 16.449583 -0.000000 0.000000 0.000000 -0.000000 -0.099806
47 15.566286 0.000001 -0.000000 0.137297 -0.014294 0.140456
48 4.082387 7.769350 0.000000 0.000000 -0.000000 1.570796
49 0.493488 0.000000 0.000000 0.000000 -0.000000 0.000000
50 1.723509 0.620937 -6.894466 1.676917 0.301745 3.039854
51 10.575604 0.000060 0.000001 0.025391 0.062966 0.138740
52 10.205498 0.000000 -0.000000 0.015687 0.338501 -0.099629
53 9.258062 0.000003 0.000001 0.000000 -0.000000 0.000000
54 -1.170629 -6.100731 -3.876530 2.673066 0.125413 -3.018098
55 6.475051 0.000005 -0.000000 0.015619 -0.044184 -0.143710
56 9.146825 0.000000 0.000000 -0.067472 0.061434 -0.064906
57 8.841338 0.000002 0.000000 0.000000 -0.000000 0.000000
58 1.602076 0.620974 6.742609 1.569912 -0.372094 3.053270
59 10.011529 0.000000 0.000000 -0.070575 -0.009152 -0.111685
60 8.821379 -0.000001 0.000000 -0.080936 0.029958 0.057623
61 12.678899 0.000003 0.000000 0.000000 -0.000000 0.000000
62 -1.167327 -6.143957 4.892938 -1.362195 -0.065982 -3.034648
63 6.573836 0.000004 -0.000001 0.063569 -0.130262 0.000473
64 8.647152 0.000000 0.000000 -0.032237 -0.158744 -0.010234
65 10.390687 0.000000 0.000000 0.000000 -0.000000 0.000000
time 33
0 -1.347103 0.401794 35.968327 0.036678 0.017653 -1.851645
1 0.634965 -1.318873 -35.941605 -0.006791 0.040134 1.851833
2 0.000000 -0.000000 0.000002 3.141593 -1.539762 1.570798
3 4.857831 -0.006156 -0.151679 0.138532 -0.030211 -0.050149
4 7.816389 -0.007647 -0.001124 0.146948 0.114497 -0.010484
5 9.710861 -0.001965 0.000000 0.000000 -0.000000 0.000000
6 2.467438 0.000000 0.000000 -0.004174 -0.088771 -0.023158
7 7.731316 0.000000 0.000000 0.000000 -0.000000 0.000000
8 -0.763010 0.002567 3.049178 3.140796 -1.570796 0.000000
9 4.276893 0.000000 -0.000001 -0.611062 0.823656 -1.282392
10 13.216448 -0.000001 0.000002 0.000000 0.000000 -2.114846
11 10.099730 0.000000 -0.000001 -1.435742 0.269176 -0.061138
12 0.855657 0.776818 -1.992122 1.224416 0.039148 0.541594
13 1.028099 0.000001 0.000000 0.000000 -0.000000 0.798179
14 1.572823 -0.000001 0.000002 0.000000 -0.000000 0.540910
15 1.838195 0.000000 0.000002 0.000000 -0.000000 0.000000
16 3.790162 0.417838 -1.620309 0.088944 0.148312 0.761361
17 1.585166 -0.000001 0.000000 0.000000 -0.000000 1.139059
18 1.233718 0.000000 0.000000 0.000000 -0.000000 1.120043
19 1.455487 -0.000001 0.000000 0.000000 -0.000000 0.000000
20 3.790161 0.000254 0.318445 -0.034563 -0.056054 0.958178
21 1.438407 -0.000002 0.000000 0.000000 -0.000000 0.738009
22 1.239887 0.000000 0.000000 0.000000 -0.000000 1.173719
23 1.028101 -0.000001 0.000001 0.000000 -0.000000 0.000000
24 -0.763009 0.002583 -3.049178 -2.795234 1.419333 0.341902
25 4.276893 0.000000 0.000003 -0.470898 -1.468433 0.158052
26 13.216448 -0.000000 0.000000 0.000000 -0.000000 -1.349502
27 10.099730 0.000002 0.000001 2.621508 0.035637 0.089212
28 0.855656 0.776818 1.992119 -1.147747 -0.598272 0.307375
29 1.028099 -0.000000 0.000001 0.000000 -0.000000 0.197895
30 1.572823 -0.000001 0.000001 0.000000 -0.000000 -0.059374
31 1.838195 0.000000 0.000000 0.000000 -0.000000 -3.141592
32 3.790160 0.417839 1.620306 0.011143 -0.172414 0.153502
33 1.585165 -0.000001 0.000000 0.000000 -0.000000 0.538775
34 1.233718 0.000001 0.000000 0.000000 -0.000000 0.519760
35 1.455485 0.000000 0.000000 0.000000 -0.000000 -3.141592
36 3.790161 0.000253 -0.318448 -0.003184 0.065767 0.356821
37 1.438408 0.000000 0.000000 0.000000 -0.000000 0.137725
38 1.239885 -0.000001 0.000000 0.000000 -0.000000 0.573435
39 1.028099 0.000001 0.000001 0.000000 -0.000000 -3.141592
40 -4.689351 0.518433 5.437227 3.126063 -0.061780 3.114136
41 16.449585 -0.000000 0.000000 0.000000 -0.000000 -0.140788
42 15.566287 0.000000 0.000000 -0.284045 -0.032000 0.084016
43 4.082387 7.769351 0.000000 0.000000 -0.035964 1.570796
44 0.493487 0.000000 0.000000 0.000000 -0.000000 -3.141592
45 -5.001122 -0.906263 -4.781041 -2.945025 -0.049504 -3.103762
46 16.449583 -0.000000 0.000000 0.000000 -0.000000 -0.132063
47 15.566289 0.000001 -0.000000 0.136757 -0.018535 0.144957
48 4.082387 7.769351 0.000000 0.000000 -0.000000 1.570796
49 0.493487 0.000000 0.000000 0.000000 -0.000000 0.000000
50 1.723510 0.620937 -6.894467 1.697433 0.322482 3.021720
51 10.575604 0.000060 0.000001 0.067077 0.035786 0.094841
52 10.205496 0.000001 -0.000000 -0.024201 0.385069 -0.059580
53 9.258062 0.000003 0.000000 0.000000 -0.000000 0.000000
54 -1.170632 -6.100732 -3.876530 2.690133 0.128074 -3.038018
55 6.475054 0.000006 0.000000 0.090007 -0.073575 -0.094416
56 9.146828 0.000000 0.000000 -0.193234 0.089460 -0.109826
57 8.841339 0.000002 0.000000 0.000000 -0.000000 0.000000
58 1.602073 0.620974 6.742610 1.543358 -0.381012 3.040943
59 10.011532 -0.000000 0.000000 -0.122079 -0.058220 -0.063531
60 8.821380 -0.000001 0.000000 -0.025080 0.058795 -0.020453
61 12.678901 0.000002 0.000000 0.000000 -0.000000 0.000000
62 -1.167326 -6.143956 4.892939 -1.361013 -0.070978 -3.050295
63 6.573835 0.000004 0.000000 0.038354 -0.084256 -0.036156
64 8.647153 -0.000000 -0.000001 -0.011836 -0.199594 0.033305
65 10.390689 0.000000 -0.000001 0.000000 -0.000000 0.000000
time 34
0 -1.347103 0.810650 35.968323 0.036673 0.005517 -1.852091
1 0.198436 -1.318872 -35.946651 0.004885 0.036763 1.852282
2 0.000000 -0.000000 0.000002 3.141593 -1.539762 1.570798
3 4.857818 -0.006154 -0.151689 0.140272 -0.041458 -0.054278
4 7.817133 -0.007641 -0.001059 0.137796 0.076900 0.080479
5 9.710858 -0.001965 0.000000 0.000000 -0.000000 0.000000
6 2.467441 0.000000 -0.000000 0.006241 -0.052237 -0.032057
7 7.731308 0.000000 0.000000 0.000000 -0.000000 0.000000
8 -0.763010 0.002566 3.049178 3.140796 -1.570796 0.000000
9 4.276894 0.000000 -0.000002 -0.499369 1.045223 -1.467593
10 13.216451 0.000001 0.000000 0.000000 -0.000000 -1.640263
11 10.099730 -0.000002 -0.000000 -1.722883 0.317603 0.199333
12 0.855656 0.776818 -1.992123 1.224416 0.039148 0.541594
13 1.028099 0.000001 0.000001 0.000000 -0.000000 0.798179
14 1.572825 0.000001 0.000000 0.000000 -0.000000 0.540910
15 1.838193 0.000000 0.000000 0.000000 -0.000000 0.000000
16 3.790160 0.417839 -1.620309 0.088944 0.148312 0.761361
17 1.585166 0.000001 0.000003 0.000000 -0.000000 1.139059
18 1.233716 -0.000000 -0.000006 0.000000 -0.000000 1.120043
19 1.455486 0.000000 0.000003 0.000000 -0.000000 0.000000
20 3.790160 0.000254 0.318445 -0.034563 -0.056054 0.958178
21 1.438409 0.000001 0.000000 0.000000 -0.000000 0.738009
22 1.239884 0.000000 0.000001 0.000000 -0.000000 1.173719
23 1.028099 0.000000 0.000000 0.000000 -0.000000 0.000000
24 -0.763009 0.002583 -3.049178 -2.795234 1.419333 0.341902
25 4.276893 -0.000000 0.000002 0.227477 -1.309081 -0.612592
26 13.216448 -0.000000 -0.000001 0.000000 -0.000000 -1.652960
27 10.099730 0.000000 0.000002 2.824379 -0.313166 -0.060213
28 0.855657 0.776817 1.992119 -1.178529 -0.479144 0.367255
29 1.028099 -0.000000 0.000001 0.000000 -0.000000 0.327613
30 1.572823 0.000000 -0.000001 0.000000 -0.000000 0.070344
31 1.838196 -0.000001 -0.000001 0.000000 -0.000000 -3.141592
32 3.790161 0.417840 1.620308 -0.011477 -0.172392 0.285175
33 1.585166 -0.000002 0.000001 0.000000 -0.000000 0.668493
34 1.233718 0.000001 0.000000 0.000000 -0.000000 0.649477
35 1.455487 0.000000 0.000000 0.000000 -0.000000 -3.141592
36 3.790161 0.000252 -0.318447 0.005362 0.065625 0.486819
37 1.438409 0.000001 0.000000 0.000000 -0.000000 0.267443
38 1.239886 0.000001 0.000000 0.000000 -0.000000 0.703153
39 1.028099 0.000000 0.000000 0.000000 -0.000000 -3.141592
40 -4.626653 0.515377 5.490965 3.128269 -0.076944 3.115711
41 16.449581 0.000000 0.000000 0.000000 -0.000000 -0.141235
42 15.566290 -0.000000 -0.000000 -0.284118 -0.033597 0.071606
43 4.082387 7.769351 0.000000 0.000000 -0.035964 1.570796
44 0.493487 0.000000 0.000000 0.000000 -0.000000 -3.141592
45 -5.054436 -0.926517 -4.720690 -2.942963 -0.062678 -3.112297
46 16.449583 -0.000000 0.000000 0.000000 -0.000000 -0.153661
47 15.566288 0.000000 0.000000 0.136310 -0.022795 0.143960
48 4.082387 7.769351 0.000000 0.000000 -0.000000 1.570796
49 0.493488 0.000000 -0.000001 0.000000 -0.000000 0.000000
50 1.723506 0.620937 -6.894467 1.689203 0.314163 3.028994
51 10.575605 0.000060 0.000001 0.108764 0.008606 0.050941
52 10.205498 0.000001 -0.000000 -0.008200 0.366388 -0.075645
53 9.258063 0.000002 0.000002 0.000000 -0.000000 0.000000
54 -1.170630 -6.100733 -3.876530 2.683286 0.127006 -3.030028
55 6.475053 0.000005 -0.000000 0.164395 -0.102967 -0.045122
56 9.146827 0.000000 0.000000 -0.142785 0.078218 -0.091807
57 8.841338 0.000001 0.000001 0.000000 -0.000000 0.000000
58 1.602074 0.620974 6.742610 1.554010 -0.377435 3.045888
59 10.011531 0.000001 -0.000000 -0.173583 -0.107287 -0.015377
60 8.821378 0.000000 -0.000000 -0.047487 0.047228 0.010866
61 12.678901 0.000003 0.000000 0.000000 -0.000000 0.000000
62 -1.167326 -6.143957 4.892939 -1.361487 -0.068974 -3.044019
63 6.573836 0.000003 -0.000000 0.013139 -0.038250 -0.072785
64 8.647151 -0.000000 -0.000000 -0.020019 -0.183207 0.015840
65 10.390688 0.000000 0.000000 0.000000 -0.000000 0.000000
time 35
0 -1.347103 0.996494 35.968327 0.036673 0.000000 -1.852293
1 -0.000000 -1.318872 -35.947208 0.010192 0.035229 1.852473
2 0.000000 0.000000 0.000000 3.141593 -1.539762 1.570798
3 4.857800 -0.006151 -0.151703 0.142579 -0.055907 -0.059619
4 7.818080 -0.007532 -0.000934 0.121106 0.030050 0.197673
5 9.710862 -0.001965 0.000000 0.000000 -0.000000 0.000000
6 2.467438 0.000001 -0.000000 0.025290 -0.006320 -0.050445
7 7.731311 0.000000 0.000000 0.000000 -0.000000 0.000000
8 -0.763013 0.002567 3.049178 3.140796 -1.570796 0.000000
9 4.276894 0.000000 -0.000002 -0.445609 0.919070 -1.399976
10 13.216447 0.000001 -0.000001 0.000000 -0.000000 -1.640263
11 10.099730 0.000002 -0.000001 -1.722883 0.317604 0.199333
12 0.855656 0.776817 -1.992121 1.224416 0.039148 0.541594
13 1.028099 -0.000002 -0.000001 0.000000 -0.000000 0.798179
14 1.572821 0.000000 0.000000 0.000000 -0.000000 0.540910
15 1.838196 0.000000 0.000001 0.000000 -0.000000 0.000000
16 3.790160 0.417838 -1.620308 0.088944 0.148312 0.761361
17 1.585166 0.000001 0.000003 0.000000 -0.000000 1.139059
18 1.233719 -0.000000 -0.000001 0.000000 -0.000000 1.120043
19 1.455485 0.000000 -0.000003 0.000000 -0.000000 0.000000
20 3.790160 0.000253 0.318447 -0.034563 -0.056054 0.958178
21 1.438408 -0.000001 -0.000002 0.000000 -0.000000 0.738009
22 1.239886 0.000000 -0.000001 0.000000 -0.000000 1.173719
23 1.028099 0.000000 0.000000 0.000000 -0.000000 0.000000
24 -0.763013 0.002584 -3.049178 -2.795234 1.419333 0.341902
25 4.276894 -0.000000 0.000002 0.629917 -1.245430 -1.003505
26 13.216449 -0.000000 0.000000 0.000000 -0.000000 -1.652960
27 10.099730 -0.000003 0.000000 2.835986 -0.324454 -0.097238
28 0.855656 0.776820 1.992120 -1.185501 -0.444972 0.382892
29 1.028101 0.000000 0.000003 0.000000 -0.000000 0.364540
30 1.572822 0.000001 -0.000003 0.000000 -0.000000 0.107271
31 1.838195 -0.000001 0.000002 0.000000 -0.000000 -3.141592
32 3.790160 0.417841 1.620308 -0.017896 -0.171850 0.322652
33 1.585167 -0.000000 0.000003 0.000000 -0.000000 0.705420
34 1.233717 -0.000001 -0.000003 0.000000 -0.000000 0.686404
35 1.455487 0.000000 0.000001 0.000000 -0.000000 -3.141592
36 3.790160 0.000254 -0.318447 0.007785 0.065382 0.523825
37 1.438407 -0.000000 -0.000002 0.000000 -0.000000 0.304370
38 1.239885 0.000000 0.000003 0.000000 -0.000000 0.740080
39 1.028099 0.000000 -0.000001 0.000000 -0.000000 -3.141592
40 -4.545109 0.511806 5.558979 3.130766 -0.093528 3.119121
41 16.449585 -0.000000 0.000000 0.000000 -0.000000 -0.139911
42 15.566287 0.000000 0.000000 -0.284129 -0.034324 0.065180
43 4.082387 7.769351 0.000000 0.000000 -0.035964 1.570796
44 0.493488 0.000000 0.000000 0.000000 -0.000000 -3.141592
45 -5.121857 -0.952611 -4.642139 -2.940948 -0.078642 -3.113081
46 16.449585 -0.000000 0.000000 0.000000 -0.000000 -0.161191
47 15.566287 -0.000000 -0.000000 0.136137 -0.024736 0.142325
48 4.082387 7.769351 0.000000 0.000000 -0.000000 1.570796
49 0.493487 0.000000 0.000000 0.000000 -0.000000 0.000000
50 1.723507 0.620937 -6.894467 1.669579 0.294327 3.046340
51 10.575605 0.000060 0.000001 0.133777 -0.007702 0.024602
52 10.205498 0.000000 -0.000000 0.029955 0.321842 -0.113955
53 9.258062 0.000003 0.000001 0.000000 -0.000000 0.000000
54 -1.170632 -6.100732 -3.876530 2.666960 0.124461 -3.010973
55 6.475050 0.000005 -0.000000 0.209027 -0.120601 -0.015546
56 9.146827 0.000001 0.000000 -0.022485 0.051410 -0.048837
57 8.841338 0.000002 0.000000 0.000000 -0.000000 0.000000
58 1.602071 0.620974 6.742610 1.579411 -0.368904 3.057680
59 10.011529 -0.000001 0.000000 -0.204485 -0.136728 0.013515
60 8.821377 -0.000001 0.000000 -0.100916 0.019643 0.085552
61 12.678900 0.000001 -0.000001 0.000000 -0.000000 0.000000
62 -1.167326 -6.143956 4.892939 -1.362618 -0.064196 -3.029051
63 6.573834 0.000003 -0.000001 -0.001990 -0.010646 -0.094763
64 8.647152 0.000000 0.000000 -0.039534 -0.144131 -0.025809
65 10.390688 -0.000001 0.000000 0.000000 -0.000000 0.000000
time 36
0 -1.347103 0.500911 35.968323 0.036677 0.014711 -1.851753
1 0.529146 -1.318872 -35.943310 -0.003960 0.039317 1.851945
2 0.000000 -0.000000 0.000002 3.141593 -1.539762 1.570798
3 4.857798 -0.006151 -0.151704 0.142840 -0.057512 -0.060215
4 7.818184 -0.007514 -0.000917 0.118917 0.024973 0.210731
5 9.710856 -0.001964 0.000000 0.000000 -0.000000 0.000000
6 2.467439 0.000000 -0.000000 0.027770 -0.001333 -0.052036
7 7.731307 0.000000 0.000000 0.000000 -0.000000 0.000000
8 -0.763012 0.002566 3.049178 3.140796 -1.570796 0.000000
9 4.276893 0.000000 0.000003 -0.426811 0.897726 -1.358422
10 13.216447 0.000000 0.000001 0.000000 -0.000000 -1.679019
11 10.099729 0.000002 -0.000001 -1.722883 0.317603 0.199333
12 0.855656 0.776817 -1.992122 1.224416 0.039148 0.541594
13 1.028099 -0.000002 -0.000001 0.000000 -0.000000 0.798179
14 1.572825 0.000003 0.000001 0.000000 -0.000000 0.540910
15 1.838194 0.000000 0.000000 0.000000 -0.000000 0.000000
16 3.790161 0.417839 -1.620308 0.088944 0.148312 0.761361
17 1.585166 -0.000001 -0.000002 0.000000 -0.000000 1.139059
18 1.233720 0.000000 0.000004 0.000000 -0.000000 1.120043
19 1.455485 0.000001 -0.000002 0.000000 -0.000000 0.000000
20 3.790160 0.000254 0.318446 -0.034563 -0.056054 0.958178
21 1.438408 -0.000000 -0.000002 0.000000 -0.000000 0.738009
22 1.239885 -0.000001 -0.000001 0.000000 -0.000000 1.173719
23 1.028099 0.000000 -0.000001 0.000000 -0.000000 0.000000
24 -0.763012 0.002583 -3.049178 -2.795234 1.419333 0.341902
25 4.276893 -0.000000 -0.000002 0.664184 -1.235945 -1.036606
26 13.216450 0.000000 0.000000 0.000000 -0.000000 -1.652960
27 10.099730 -0.000002 -0.000001 2.836975 -0.325376 -0.100336
28 0.855657 0.776816 1.992119 -1.186050 -0.442120 0.384171
29 1.028099 -0.000000 0.000002 0.000000 -0.000000 0.367617
30 1.572824 0.000000 -0.000001 0.000000 -0.000000 0.110348
31 1.838195 0.000000 -0.000002 0.000000 -0.000000 -3.141592
32 3.790160 0.417838 1.620306 -0.018430 -0.171794 0.325774
33 1.585167 -0.000000 0.000002 0.000000 -0.000000 0.708497
34 1.233717 -0.000001 0.000002 0.000000 -0.000000 0.689482
35 1.455488 0.000001 -0.000001 0.000000 -0.000000 -3.141592
36 3.790160 0.000252 -0.318448 0.007986 0.065358 0.526909
37 1.438410 -0.000000 0.000002 0.000000 -0.000000 0.307447
38 1.239883 -0.000001 -0.000004 0.000000 -0.000000 0.743158
39 1.028100 0.000000 0.000000 0.000000 -0.000000 -3.141592
40 -4.535981 0.511434 5.566462 3.130735 -0.090967 3.119513
41 16.449581 0.000000 0.000000 0.000000 -0.000000 -0.141318
42 15.566289 -0.000000 -0.000000 -0.284068 -0.032386 0.081226
43 4.082387 7.769352 -0.000000 0.000000 -0.035964 1.570796
44 0.493488 0.000000 0.000000 0.000000 -0.000000 -3.141592
45 -5.129270 -0.955515 -4.633345 -2.942023 -0.078342 -3.100845
46 16.449585 -0.000000 0.000000 0.000000 -0.000000 -0.138071
47 15.566286 -0.000000 -0.000000 0.136640 -0.019566 0.145109
48 4.082387 7.769351 -0.000001 0.000000 -0.000000 1.570796
49 0.493487 0.000000 0.000000 0.000000 -0.000000 0.000000
50 1.723510 0.620937 -6.894466 1.646156 0.270651 3.067043
51 10.575607 0.000060 0.000001 0.112933 0.005888 0.046551
52 10.205497 -0.000001 0.000000 0.075496 0.268675 -0.159680
53 9.258062 0.000002 0.000001 0.000000 -0.000000 0.000000
54 -1.170632 -6.100732 -3.876530 2.647475 0.121423 -2.988230
55 6.475051 0.000005 -0.000000 0.171833 -0.105906 -0.040193
56 9.146827 0.000000 0.000000 0.121100 0.019413 0.002448
57 8.841339 0.000002 0.000000 0.000000 -0.000000 0.000000
58 1.602073 0.620974 6.742610 1.609728 -0.358721 3.071755
59 10.011530 -0.000001 0.000000 -0.178733 -0.112194 -0.010562
60 8.821379 -0.000001 0.000001 -0.164687 -0.013282 0.174693
61 12.678899 0.000002 0.000000 0.000000 -0.000000 0.000000
62 -1.167327 -6.143956 4.892939 -1.363968 -0.058493 -3.011187
63 6.573832 0.000003 0.000000 0.010618 -0.033649 -0.076448
64 8.647152 0.000001 -0.000000 -0.062826 -0.097492 -0.075519
65 10.390687 -0.000001 0.000000 0.000000 -0.000000 0.000000
time 37
0 -1.347103 -0.192907 35.968327 0.036696 0.035306 -1.850997
1 1.269733 -1.318872 -35.924774 -0.023779 0.045027 1.851110
2 -0.000000 0.000000 -0.000001 3.141593 -1.539762 1.570798
3 4.857801 -0.006151 -0.151703 0.142579 -0.055907 -0.059619
4 7.818081 -0.007533 -0.000934 0.121106 0.030050 0.197673
5 9.710859 -0.001964 0.000000 0.000000 -0.000000 0.000000
6 2.467440 0.000000 -0.000000 0.025290 -0.006320 -0.050445
7 7.731315 -0.000001 0.000000 0.000000 -0.000000 0.000000
8 -0.763010 0.002567 3.049178 3.140796 -1.570796 0.000000
9 4.276894 0.000000 -0.000002 -0.416000 0.904448 -1.328519
10 13.216448 0.000001 -0.000001 0.000000 -0.000000 -1.717775
11 10.099730 0.000000 -0.000001 -1.722883 0.317603 0.199333
12 0.855656 0.776818 -1.992119 1.224416 0.039148 0.541594
13 1.028099 -0.000002 0.000001 0.000000 -0.000000 0.798179
14 1.572822 -0.000001 0.000000 0.000000 -0.000000 0.540910
15 1.838196 0.000000 0.000000 0.000000 -0.000000 0.000000
16 3.790160 0.417839 -1.620307 0.088944 0.148312 0.761361
17 1.585165 0.000000 0.000000 0.000000 -0.000000 1.139059
18 1.233719 -0.000000 -0.000001 0.000000 -0.000000 1.120043
19 1.455487 0.000000 0.000000 0.000000 -0.000000 0.000000
20 3.790160 0.000253 0.318444 -0.034563 -0.056054 0.958178
21 1.438409 0.000001 0.000001 0.000000 -0.000000 0.738009
22 1.239885 0.000000 0.000002 0.000000 -0.000000 1.173719
23 1.028098 0.000001 -0.000002 0.000000 -0.000000 0.000000
24 -0.763011 0.002584 -3.049178 -2.795234 1.419333 0.341902
25 4.276893 -0.000000 -0.000001 0.629917 -1.245430 -1.003505
26 13.216448 -0.000000 0.000001 0.000000 -0.000000 -1.652960
27 10.099730 -0.000003 0.000000 2.835986 -0.324454 -0.097238
28 0.855656 0.776820 1.992122 -1.185501 -0.444972 0.382892
29 1.028100 -0.000000 -0.000002 0.000000 -0.000000 0.364540
30 1.572822 0.000000 -0.000003 0.000000 -0.000000 0.107271
31 1.838196 0.000000 0.000002 0.000000 -0.000000 -3.141592
32 3.790160 0.417840 1.620308 -0.017896 -0.171850 0.322652
33 1.585166 0.000002 0.000000 0.000000 -0.000000 0.705420
34 1.233719 -0.000002 0.000000 0.000000 -0.000000 0.686404
35 1.455488 0.000000 0.000000 0.000000 -0.000000 -3.141592
36 3.790160 0.000254 -0.318446 0.007785 0.065382 0.523825
37 1.438409 0.000001 0.000000 0.000000 -0.000000 0.304370
38 1.239886 0.000000 0.000000 0.000000 -0.000000 0.740080
39 1.028100 0.000000 0.000000 0.000000 -0.000000 -3.141592
40 -4.545105 0.511806 5.558980 3.129569 -0.083317 3.124976
41 16.449587 -0.000000 0.000000 0.000000 -0.000000 -0.131546
42 15.566288 -0.000000 -0.000000 -0.283821 -0.029682 0.097648
43 4.082387 7.769351 0.000000 0.000000 -0.035964 1.570796
44 0.493487 0.000000 0.000000 0.000000 -0.000000 -3.141592
45 -5.121859 -0.952611 -4.642138 -2.944770 -0.076485 -3.071502
46 16.449583 -0.000000 0.000000 0.000000 -0.000000 -0.078305
47 15.566289 -0.000000 -0.000000 0.137573 -0.012373 0.134889
48 4.082387 7.769351 0.000000 0.000000 -0.000000 1.570796
49 0.493488 0.000000 0.000000 0.000000 -0.000000 0.000000
50 1.723512 0.620937 -6.894467 1.626532 0.250815 3.084389
51 10.575606 0.000059 0.000001 0.067077 0.035786 0.094841
52 10.205497 0.000000 0.000000 0.113652 0.224129 -0.197990
53 9.258062 0.000001 0.000001 0.000000 -0.000000 0.000000
54 -1.170630 -6.100731 -3.876530 2.631149 0.118878 -2.969175
55 6.475053 0.000006 -0.000000 0.090007 -0.073575 -0.094416
56 9.146827 0.000002 0.000000 0.241400 -0.007395 0.045418
57 8.841337 0.000003 0.000000 0.000000 -0.000000 0.000000
58 1.602076 0.620973 6.742610 1.635129 -0.350190 3.083547
59 10.011532 -0.000000 0.000000 -0.122079 -0.058220 -0.063531
60 8.821379 -0.000002 0.000001 -0.218117 -0.040867 0.249378
61 12.678902 0.000003 0.000000 0.000000 -0.000000 0.000000
62 -1.167324 -6.143957 4.892939 -1.365100 -0.053715 -2.996219
63 6.573835 0.000004 0.000000 0.038354 -0.084256 -0.036156
64 8.647152 0.000000 0.000000 -0.082341 -0.058417 -0.117168
65 10.390688 0.000000 0.000000 0.000000 -0.000000 0.000000
time 38
0 -1.347103 -0.192907 35.968327 0.036696 0.035306 -1.850997
1 1.269733 -1.318873 -35.924782 -0.023779 0.045027 1.851110
2 -0.000000 0.000000 -0.000001 3.141593 -1.539762 1.570798
3 4.857801 -0.006151 -0.151703 0.142579 -0.055907 -0.059619
4 7.818081 -0.007533 -0.000934 0.121106 0.030050 0.197673
5 9.710859 -0.001964 0.000000 0.000000 -0.000000 0.000000
6 2.467440 0.000000 -0.000000 0.025290 -0.006320 -0.050445
7 7.731315 -0.000001 0.000000 0.000000 -0.000000 0.000000
8 -0.763010 0.002567 3.049178 3.140796 -1.570796 0.000000
9 4.276894 0.000000 -0.000002 -0.416000 0.904448 -1.328519
10 13.216448 0.000001 -0.000001 0.000000 -0.000000 -1.717775
11 10.099730 0.000000 -0.000001 -1.722883 0.317603 0.199333
12 0.855656 0.776818 -1.992119 1.224416 0.039148 0.541594
13 1.028099 -0.000002 0.000001 0.000000 -0.000000 0.798179
14 1.572822 -0.000001 0.000000 0.000000 -0.000000 0.540910
15 1.838196 0.000000 0.000000 0.000000 -0.000000 0.000000
16 3.790160 0.417839 -1.620307 0.088944 0.148312 0.761361
17 1.585165 0.000000 0.000000 0.000000 -0.000000 1.139059
18 1.233719 -0.000000 -0.000001 0.000000 -0.000000 1.120043
19 1.455487 0.000000 0.000000 0.000000 -0.000000 0.000000
20 3.790160 0.000253 0.318444 -0.034563 -0.056054 0.958178
21 1.438409 0.000001 0.000001 0.000000 -0.000000 0.738009
22 1.239885 0.000000 0.000002 0.000000 -0.000000 1.173719
23 1.028098 0.000001 -0.000002 0.000000 -0.000000 0.000000
24 -0.763011 0.002584 -3.049178 -2.795234 1.419333 0.341902
25 4.276893 -0.000000 -0.000001 0.629917 -1.245430 -1.003505
26 13.216448 -0.000000 0.000001 0.000000 -0.000000 -1.652960
27 10.099730 -0.000003 0.000000 2.835986 -0.324454 -0.097238
28 0.855656 0.776820 1.992122 -1.185501 -0.444972 0.382892
29 1.028100 -0.000000 -0.000002 0.000000 -0.000000 0.364540
30 1.572822 0.000000 -0.000003 0.000000 -0.000000 0.107271
31 1.838196 0.000000 0.000002 0.000000 -0.000000 -3.141592
32 3.790160 0.417840 1.620308 -0.017896 -0.171850 0.322652
33 1.585166 0.000002 0.000000 0.000000 -0.000000 0.705420
34 1.233719 -0.000002 0.000000 0.000000 -0.000000 0.686404
35 1.455488 0.000000 0.000000 0.000000 -0.000000 -3.141592
36 3.790160 0.000254 -0.318446 0.007785 0.065382 0.523825
37 1.438409 0.000001 0.000000 0.000000 -0.000000 0.304370
38 1.239886 0.000000 0.000000 0.000000 -0.000000 0.740080
39 1.028100 0.000000 0.000000 0.000000 -0.000000 -3.141592
40 -4.545105 0.511806 5.558980 3.129568 -0.083317 3.124979
41 16.449581 0.000000 0.000000 0.000000 -0.000000 -0.131542
42 15.566287 0.000000 0.000000 -0.283821 -0.029681 0.097648
43 4.082387 7.769350 -0.000000 0.000000 -0.035964 1.570796
44 0.493488 0.000000 0.000000 0.000000 -0.000000 -3.141592
45 -5.121859 -0.952611 -4.642138 -2.944770 -0.076485 -3.071502
46 16.449581 0.000000 0.000000 0.000000 -0.000000 -0.078305
47 15.566289 -0.000000 -0.000000 0.137573 -0.012373 0.134889
48 4.082387 7.769351 0.000000 0.000000 -0.000000 1.570796
49 0.493487 0.000000 0.000000 0.000000 -0.000000 0.000000
50 1.723512 0.620937 -6.894467 1.618303 0.242497 3.091663
51 10.575606 0.000059 0.000001 0.021222 0.065684 0.143130
52 10.205497 0.000000 0.000000 0.129652 0.205448 -0.214056
53 9.258062 0.000003 0.000002 0.000000 -0.000000 0.000000
54 -1.170630 -6.100731 -3.876530 2.624302 0.117811 -2.961185
55 6.475053 0.000006 -0.000000 0.008180 -0.041245 -0.148639
56 9.146826 0.000000 0.000001 0.291849 -0.018637 0.063437
57 8.841338 0.000002 0.000000 0.000000 -0.000000 0.000000
58 1.602076 0.620973 6.742610 1.645781 -0.346612 3.088492
59 10.011529 0.000000 0.000000 -0.065425 -0.004245 -0.116500
60 8.821377 -0.000001 0.000000 -0.240523 -0.052434 0.280698
61 12.678900 0.000002 0.000001 0.000000 -0.000000 0.000000
62 -1.167324 -6.143957 4.892939 -1.365574 -0.051711 -2.989942
63 6.573832 0.000004 0.000000 0.066091 -0.134863 0.004136
64 8.647153 0.000000 -0.000000 -0.090525 -0.042030 -0.134633
65 10.390687 -0.000001 -0.000001 0.000000 -0.000000 0.000000
time 39
0 -1.347103 0.159509 35.968327 0.036684 0.024845 -1.851381
1 0.893609 -1.318873 -35.936104 -0.013711 0.042129 1.851548
2 0.000000 -0.000000 0.000001 3.141593 -1.539762 1.570798
3 4.857893 -0.006156 -0.151698 0.141783 -0.057908 -0.045621
4 7.817645 -0.007606 -0.000925 0.119999 0.045601 0.141973
5 9.710861 -0.001964 0.000000 0.000000 -0.000000 0.000000
6 2.467438 0.000000 0.000000 0.025628 -0.015580 -0.052958
7 7.731314 0.000000 0.000000 0.000000 -0.000000 0.000000
8 -0.763013 0.002567 3.049178 3.140796 -1.570796 0.000000
9 4.276893 0.000000 -0.000001 -0.386545 1.062721 -0.997901
10 13.216449 0.000000 0.000002 0.000000 -0.000000 -1.304106
11 10.099730 0.000001 -0.000000 -1.814993 0.292315 0.184665
12 0.855655 0.776818 -1.992120 1.199366 0.089680 0.524908
13 1.028100 0.000001 0.000001 0.000000 -0.000000 0.744987
14 1.572817 -0.000001 -0.000003 0.000000 -0.000000 0.487718
15 1.838196 0.000000 0.000001 0.000000 -0.000000 0.000000
16 3.790160 0.417838 -1.620308 0.074412 0.156068 0.665573
17 1.585165 0.000000 -0.000002 0.000000 -0.000000 1.044062
18 1.233719 -0.000000 0.000000 0.000000 -0.000000 1.025046
19 1.455486 0.000000 -0.000001 0.000000 -0.000000 0.000000
20 3.790161 0.000253 0.318448 -0.028820 -0.059209 0.858560
21 1.438408 -0.000000 0.000002 0.000000 -0.000000 0.638507
22 1.239885 0.000000 -0.000002 0.000000 -0.000000 1.074217
23 1.028100 0.000001 0.000000 0.000000 -0.000000 0.000000
24 -0.763014 0.002583 -3.049177 -2.739865 1.439420 0.397826
25 4.276893 0.000000 0.000001 0.465138 -1.304288 -0.716408
26 13.216448 -0.000000 0.000000 0.000000 -0.000000 -1.298936
27 10.099730 -0.000002 -0.000001 2.635757 -0.328427 -0.080359
28 0.855657 0.776818 1.992119 -1.179543 -0.474390 0.369465
29 1.028099 0.000001 -0.000001 0.000000 -0.000000 0.332756
30 1.572824 -0.000003 0.000002 0.000000 -0.000000 0.075487
31 1.838195 0.000001 0.000000 0.000000 -0.000000 -3.141592
32 3.790161 0.417840 1.620308 -0.012372 -0.172331 0.290395
33 1.585165 0.000003 0.000003 0.000000 -0.000000 0.673636
34 1.233719 0.000000 -0.000002 0.000000 -0.000000 0.654620
35 1.455484 0.000000 0.000001 0.000000 -0.000000 -3.141592
36 3.790161 0.000253 -0.318448 0.005700 0.065597 0.491973
37 1.438408 0.000000 0.000002 0.000000 -0.000000 0.272586
38 1.239885 0.000000 0.000002 0.000000 -0.000000 0.708296
39 1.028098 0.000000 -0.000002 0.000000 -0.000000 -3.141592
40 -4.537519 0.575922 5.558980 3.130095 -0.086366 3.107033
41 16.449581 0.000000 0.000000 0.000000 -0.000000 -0.138313
42 15.566286 0.000000 0.000000 -0.283970 -0.031054 0.090235
43 4.082387 7.769351 0.000000 0.000000 -0.035964 1.570796
44 0.493488 0.000000 0.000000 0.000000 -0.000000 -3.141592
45 -5.134884 -0.880208 -4.642138 -2.943258 -0.076001 -3.103598
46 16.449585 -0.000000 0.000000 0.000000 -0.000000 -0.114743
47 15.566287 -0.000000 -0.000000 0.137066 -0.016019 0.143214
48 4.082387 7.769351 0.000000 0.000000 -0.000000 1.570796
49 0.493487 0.000000 0.000000 0.000000 -0.000000 0.000000
50 1.723508 0.620937 -6.894466 1.638818 0.263233 3.073530
51 10.575604 0.000060 0.000001 0.000378 0.079274 0.165080
52 10.205496 -0.000000 -0.000000 0.089764 0.252017 -0.174006
53 9.258061 0.000002 0.000000 0.000000 -0.000000 0.000000
54 -1.170631 -6.100732 -3.876530 2.641370 0.120471 -2.981104
55 6.475051 0.000006 0.000000 -0.029014 -0.026550 -0.173286
56 9.146826 0.000001 0.000000 0.166087 0.009388 0.018517
57 8.841338 0.000001 0.000001 0.000000 -0.000000 0.000000
58 1.602076 0.620974 6.742609 1.619227 -0.355531 3.076164
59 10.011526 0.000001 -0.000000 -0.039673 0.020289 -0.140577
60 8.821378 0.000000 -0.000000 -0.184668 -0.023597 0.202622
61 12.678899 0.000001 0.000000 0.000000 -0.000000 0.000000
62 -1.167326 -6.143956 4.892939 -1.364391 -0.056706 -3.005589
63 6.573835 0.000004 0.000000 0.078699 -0.157866 0.022451
64 8.647153 -0.000000 -0.000001 -0.070124 -0.082880 -0.091094
65 10.390687 0.000000 0.000000 0.000000 -0.000000 0.000000
time 40
0 -1.347103 0.578001 35.968323 0.036676 0.012422 -1.851837
1 0.446839 -1.318872 -35.944420 -0.001758 0.038681 1.852031
2 0.000000 -0.000000 0.000001 3.141593 -1.539762 1.570798
3 4.857993 -0.006160 -0.151692 0.140801 -0.060269 -0.028994
4 7.817123 -0.007662 -0.000905 0.117558 0.063953 0.075745
5 9.710860 -0.001965 0.000000 0.000000 -0.000000 0.000000
6 2.467436 0.000000 0.000000 0.026891 -0.026489 -0.055949
7 7.731307 0.000000 0.000000 0.000000 -0.000000 0.000000
8 -0.763016 0.002567 3.049178 3.140796 -1.570796 0.000000
9 4.276893 0.000000 0.000000 -0.107856 1.211425 -0.379776
10 13.216449 0.000000 0.000000 0.000000 -0.000000 -0.812874
11 10.099730 0.000002 0.000000 -1.922986 0.260780 0.170600
12 0.855656 0.776818 -1.992123 1.168319 0.149110 0.503307
13 1.028097 -0.000002 -0.000002 0.000000 -0.000000 0.681822
14 1.572824 -0.000001 0.000001 0.000000 -0.000000 0.424552
15 1.838197 -0.000001 0.000002 0.000000 -0.000000 0.000000
16 3.790160 0.417839 -1.620311 0.056254 0.163441 0.551551
17 1.585163 0.000001 -0.000003 0.000000 -0.000000 0.931252
18 1.233719 -0.000004 0.000004 0.000000 -0.000000 0.912236
19 1.455487 0.000000 0.000000 0.000000 -0.000000 0.000000
20 3.790160 0.000254 0.318443 -0.021633 -0.062193 0.740221
21 1.438408 0.000001 -0.000002 0.000000 -0.000000 0.520348
22 1.239885 -0.000001 0.000001 0.000000 -0.000000 0.956058
23 1.028098 0.000000 0.000002 0.000000 -0.000000 0.000000
24 -0.763016 0.002583 -3.049178 -2.647705 1.462534 0.490645
25 4.276893 -0.000000 -0.000002 0.148236 -1.339375 -0.251695
26 13.216449 -0.000000 0.000000 0.000000 -0.000000 -0.878531
27 10.099732 0.000002 0.000001 2.397747 -0.328905 -0.059709
28 0.855655 0.776820 1.992121 -1.171759 -0.509226 0.352983
29 1.028098 0.000000 -0.000001 0.000000 -0.000000 0.295013
30 1.572823 0.000000 0.000001 0.000000 -0.000000 0.037743
31 1.838196 0.000000 0.000000 0.000000 -0.000000 -3.141592
32 3.790160 0.417839 1.620307 -0.005796 -0.172674 0.252084
33 1.585166 -0.000001 -0.000002 0.000000 -0.000000 0.635893
34 1.233719 0.000000 0.000002 0.000000 -0.000000 0.616877
35 1.455486 0.000000 -0.000001 0.000000 -0.000000 -3.141592
36 3.790160 0.000255 -0.318446 0.003217 0.065765 0.454149
37 1.438408 0.000000 -0.000002 0.000000 -0.000000 0.234843
38 1.239886 -0.000003 -0.000003 0.000000 -0.000000 0.670553
39 1.028099 0.000002 0.000002 0.000000 -0.000000 -3.141592
40 -4.527328 0.651911 5.558980 3.130534 -0.089959 3.088083
41 16.449585 -0.000000 0.000000 0.000000 -0.000000 -0.141519
42 15.566287 0.000000 0.000000 -0.284084 -0.032687 0.078950
43 4.082387 7.769351 0.000001 0.000000 -0.035964 1.570796
44 0.493487 0.000000 0.000000 0.000000 -0.000000 -3.141592
45 -5.149025 -0.794000 -4.642138 -2.941971 -0.076906 -3.134241
46 16.449581 0.000000 0.000000 0.000000 -0.000000 -0.142336
47 15.566287 -0.000000 -0.000001 0.136553 -0.020369 0.145024
48 4.082387 7.769351 0.000000 0.000000 -0.000000 1.570796
49 0.493487 0.000000 0.000000 0.000000 -0.000000 0.000000
50 1.723509 0.620937 -6.894466 1.676917 0.301745 3.039854
51 10.575604 0.000061 0.000001 0.033728 0.057530 0.129960
52 10.205497 0.000000 0.000000 0.015687 0.338501 -0.099629
53 9.258062 0.000002 0.000001 0.000000 -0.000000 0.000000
54 -1.170629 -6.100731 -3.876530 2.673066 0.125413 -3.018098
55 6.475051 0.000006 0.000000 0.030496 -0.050063 -0.133851
56 9.146826 -0.000001 0.000000 -0.067472 0.061435 -0.064906
57 8.841338 0.000000 0.000000 0.000000 -0.000000 0.000000
58 1.602073 0.620974 6.742609 1.569912 -0.372094 3.053270
59 10.011529 0.000001 0.000001 -0.080876 -0.018965 -0.102054
60 8.821377 -0.000001 0.000001 -0.080936 0.029958 0.057623
61 12.678899 0.000004 0.000001 0.000000 -0.000000 0.000000
62 -1.167328 -6.143957 4.892938 -1.362195 -0.065982 -3.034648
63 6.573835 0.000004 0.000000 0.058526 -0.121061 -0.006853
64 8.647152 0.000000 0.000001 -0.032237 -0.158744 -0.010234
65 10.390687 0.000000 0.000000 0.000000 -0.000000 0.000000
end
